node,label,label_name,degree,clustering,component_size,boundary,class_size,error,stable_error,cluster,degree_bin,boundary_bin,depth,kmer_distance_to_class_mean
0,7,7,2.0,0.0,5139.0,1.0,984.0,0,0,8,2 path,1 all neighbours foreign,65.84839630126953,18.349256448917902
1,8,8,2.0,0.0,5139.0,0.0,452.0,1,0,7,2 path,0 no foreign neighbour,64.88829803466797,41.67465238069153
2,2,2,2.0,0.0,5139.0,0.5,234.0,1,1,8,2 path,mixed,63.98400115966797,76.33990713908291
3,9,9,2.0,0.0,5139.0,0.5,373.0,1,1,8,2 path,mixed,63.94540023803711,53.64721323108343
4,7,7,2.0,0.0,5139.0,0.5,984.0,0,0,9,2 path,mixed,64.39559936523438,7.198413254489779
5,4,4,2.0,0.0,5139.0,0.0,543.0,1,1,0,2 path,0 no foreign neighbour,53.672698974609375,1.8149365919766454
6,3,3,2.0,0.0,5139.0,0.0,295.0,1,1,2,2 path,0 no foreign neighbour,66.24199676513672,18.294757490275757
7,7,7,4.0,0.0,5139.0,1.0,984.0,1,1,4,3+ branch,1 all neighbours foreign,1336.93994140625,2.5726276694375807
8,4,4,3.0,0.0,5139.0,0.0,543.0,1,1,6,3+ branch,0 no foreign neighbour,182.0780029296875,1.827037112876743
9,4,4,3.0,0.0,5139.0,0.3333333333333333,543.0,1,1,0,3+ branch,mixed,20.268299102783203,1.8663334064434625
10,2,2,1.0,0.0,5139.0,0.0,234.0,1,1,4,1 tip,0 no foreign neighbour,679.1959838867188,8.093804325101559
11,8,8,3.0,0.0,5139.0,0.3333333333333333,452.0,1,1,5,3+ branch,mixed,14.523099899291992,4.926304869793899
12,4,4,3.0,0.0,5139.0,0.3333333333333333,543.0,1,1,6,3+ branch,mixed,190.90699768066406,1.6414436864723732
13,6,6,3.0,0.0,5139.0,0.3333333333333333,733.0,1,1,6,3+ branch,mixed,195.72500610351562,3.4038128408753145
14,6,6,3.0,0.0,5139.0,1.0,733.0,0,0,4,3+ branch,1 all neighbours foreign,1332.75,3.232471944594527
15,3,3,2.0,0.0,5139.0,1.0,295.0,1,1,0,2 path,1 all neighbours foreign,56.72570037841797,5.540400685490258
16,0,0,3.0,0.0,5139.0,1.0,914.0,0,0,5,3+ branch,1 all neighbours foreign,10.741399765014648,1.075403698960671
17,0,0,3.0,0.0,5139.0,0.3333333333333333,914.0,0,0,6,3+ branch,mixed,107.13999938964844,1.025239995619272
18,0,0,4.0,0.0,5139.0,0.25,914.0,0,0,6,3+ branch,mixed,127.86000061035156,0.5879725035452547
19,6,6,4.0,0.0,5139.0,0.5,733.0,1,1,6,3+ branch,mixed,113.53900146484375,3.2633644073297936
20,7,7,3.0,0.0,5139.0,0.3333333333333333,984.0,1,1,4,3+ branch,mixed,326.6499938964844,2.7502158604640687
21,0,0,4.0,0.0,5139.0,0.5,914.0,0,0,2,3+ branch,mixed,133.0260009765625,3.069338421917885
22,0,0,4.0,0.0,5139.0,0.75,914.0,0,0,6,3+ branch,mixed,157.83700561523438,0.8010638676266453
23,7,7,4.0,0.0,5139.0,0.5,984.0,1,1,6,3+ branch,mixed,112.22100067138672,2.6580339256084766
24,5,5,4.0,0.0,5139.0,0.0,336.0,1,1,6,3+ branch,0 no foreign neighbour,272.25201416015625,10.240850985556278
25,9,9,4.0,0.0,5139.0,0.0,373.0,1,1,6,3+ branch,0 no foreign neighbour,118.21299743652344,3.122096440062283
26,8,8,3.0,0.0,5139.0,0.0,452.0,1,1,4,3+ branch,0 no foreign neighbour,648.9199829101562,4.162403409176735
27,6,6,4.0,0.0,5139.0,0.5,733.0,0,0,4,3+ branch,mixed,1192.0799560546875,3.201215190178446
28,4,4,3.0,0.0,5139.0,0.0,543.0,1,1,2,3+ branch,0 no foreign neighbour,271.1189880371094,1.8273537463106377
29,8,8,4.0,0.0,5139.0,0.0,452.0,1,0,6,3+ branch,0 no foreign neighbour,168.16000366210938,4.764837604311083
30,4,4,2.0,0.0,5139.0,0.5,543.0,1,1,2,2 path,mixed,128.98599243164062,8.859826271733091
31,8,8,3.0,0.0,5139.0,0.0,452.0,1,1,6,3+ branch,0 no foreign neighbour,111.1969985961914,4.758377618549828
32,4,4,2.0,0.0,5139.0,0.5,543.0,1,1,2,2 path,mixed,128.656005859375,1.176847322000722
33,4,4,1.0,0.0,5139.0,0.0,543.0,1,1,4,1 tip,0 no foreign neighbour,252.25799560546875,1.7891265093469089
34,4,4,4.0,0.0,5139.0,0.5,543.0,1,1,2,3+ branch,mixed,130.99000549316406,8.148888868291474
35,8,8,4.0,0.0,5139.0,0.0,452.0,1,1,6,3+ branch,0 no foreign neighbour,226.41200256347656,4.713894501679818
36,7,7,4.0,0.0,5139.0,0.5,984.0,0,0,0,3+ branch,mixed,98.8958969116211,2.698965884202456
37,6,6,4.0,0.0,5139.0,0.5,733.0,1,1,0,3+ branch,mixed,91.3843002319336,3.364913694916896
38,8,8,3.0,0.0,5139.0,0.0,452.0,1,1,6,3+ branch,0 no foreign neighbour,140.77699279785156,4.868817235223866
39,8,8,4.0,0.0,5139.0,0.0,452.0,1,1,6,3+ branch,0 no foreign neighbour,128.65699768066406,4.777528545581561
40,0,0,4.0,0.0,5139.0,0.75,914.0,0,0,6,3+ branch,mixed,166.2530059814453,0.8305231065306887
41,5,5,3.0,0.0,5139.0,0.0,336.0,1,1,6,3+ branch,0 no foreign neighbour,156.3719940185547,10.792971413661764
42,3,3,4.0,0.0,5139.0,0.0,295.0,1,1,6,3+ branch,0 no foreign neighbour,120.63800048828125,5.39153659898024
43,6,6,3.0,0.0,5139.0,0.3333333333333333,733.0,1,1,6,3+ branch,mixed,140.6790008544922,3.4230873892997944
44,4,4,4.0,0.0,5139.0,0.0,543.0,1,1,6,3+ branch,0 no foreign neighbour,213.2550048828125,1.839290985107453
45,4,4,4.0,0.0,5139.0,0.75,543.0,1,1,6,3+ branch,mixed,247.5019989013672,1.451141222554964
46,6,6,4.0,0.0,5139.0,0.5,733.0,1,1,6,3+ branch,mixed,118.5530014038086,3.2210951079075505
47,7,7,3.0,0.0,5139.0,0.3333333333333333,984.0,0,0,0,3+ branch,mixed,84.8759994506836,2.827382958729364
48,1,1,4.0,0.0,5139.0,0.0,276.0,1,1,6,3+ branch,0 no foreign neighbour,223.06900024414062,5.3227686288928355
49,0,0,4.0,0.0,5139.0,0.5,914.0,0,0,2,3+ branch,mixed,134.16700744628906,1.9443932574307345
50,0,0,2.0,0.0,5139.0,0.0,914.0,0,0,2,2 path,0 no foreign neighbour,132.68899536132812,12.446078297665823
51,0,0,3.0,0.0,5139.0,0.6666666666666666,914.0,0,0,6,3+ branch,mixed,190.23599243164062,1.0423277102632955
52,7,7,4.0,0.0,5139.0,0.5,984.0,0,0,0,3+ branch,mixed,117.31600189208984,2.7033205991355826
53,0,0,1.0,0.0,5139.0,1.0,914.0,0,0,2,1 tip,1 all neighbours foreign,172.39700317382812,1.0114629092325669
54,8,8,3.0,0.0,5139.0,0.6666666666666666,452.0,1,1,4,3+ branch,mixed,1386.47998046875,4.56212963985579
55,0,0,2.0,0.0,5139.0,0.5,914.0,0,0,2,2 path,mixed,133.3459930419922,16.72840652217419
56,0,0,4.0,0.0,5139.0,0.25,914.0,0,0,6,3+ branch,mixed,130.64300537109375,0.672538730327001
57,8,8,3.0,0.0,5139.0,0.3333333333333333,452.0,1,1,4,3+ branch,mixed,231.06500244140625,4.910094382578897
58,7,7,3.0,0.0,5139.0,0.3333333333333333,984.0,0,0,0,3+ branch,mixed,14.459500312805176,2.8413132066480924
59,7,7,2.0,0.0,5139.0,0.5,984.0,1,1,6,2 path,mixed,186.79200744628906,2.8196901233484395
60,7,7,2.0,0.0,5139.0,0.0,984.0,1,1,6,2 path,0 no foreign neighbour,20.368999481201172,2.8291162020637635
61,7,7,3.0,0.0,5139.0,0.0,984.0,1,1,4,3+ branch,0 no foreign neighbour,241.48800659179688,2.813114987565313
62,5,5,4.0,0.0,5139.0,0.0,336.0,1,1,0,3+ branch,0 no foreign neighbour,101.16500091552734,10.636932452559575
63,0,0,3.0,0.0,5139.0,0.3333333333333333,914.0,0,0,2,3+ branch,mixed,134.4429931640625,7.881946974088254
64,4,4,4.0,0.0,5139.0,0.5,543.0,1,1,2,3+ branch,mixed,134.08700561523438,7.206043282715351
65,1,1,3.0,0.0,5139.0,0.0,276.0,1,1,6,3+ branch,0 no foreign neighbour,116.61499786376953,5.152697296100452
66,7,7,4.0,0.0,5139.0,0.5,984.0,1,1,6,3+ branch,mixed,129.11300659179688,2.5209053227410148
67,0,0,3.0,0.0,5139.0,0.3333333333333333,914.0,0,0,2,3+ branch,mixed,135.04600524902344,1.2403031727042906
68,4,4,3.0,0.0,5139.0,0.6666666666666666,543.0,1,1,2,3+ branch,mixed,130.447998046875,9.887905982891507
69,7,7,4.0,0.0,5139.0,0.5,984.0,1,1,6,3+ branch,mixed,67.3031997680664,2.7254393406489217
70,6,6,4.0,0.0,5139.0,0.5,733.0,1,1,0,3+ branch,mixed,95.25440216064453,3.3003330146670056
71,2,2,4.0,0.0,5139.0,0.0,234.0,1,1,6,3+ branch,0 no foreign neighbour,88.09439849853516,8.105610693647849
72,8,8,4.0,0.0,5139.0,0.0,452.0,1,1,6,3+ branch,0 no foreign neighbour,120.55599975585938,4.305255858986795
73,0,0,3.0,0.0,5139.0,0.3333333333333333,914.0,0,0,2,3+ branch,mixed,129.16600036621094,1.4401619460851445
74,6,6,3.0,0.0,5139.0,0.3333333333333333,733.0,0,0,4,3+ branch,mixed,525.3839721679688,3.4348088837597985
75,6,6,3.0,0.0,5139.0,0.6666666666666666,733.0,0,0,4,3+ branch,mixed,90.76920318603516,3.4190686726360955
76,8,8,3.0,0.0,5139.0,0.3333333333333333,452.0,1,1,6,3+ branch,mixed,193.9040069580078,4.8557920687510014
77,8,8,3.0,0.0,5139.0,0.0,452.0,1,1,4,3+ branch,0 no foreign neighbour,225.90899658203125,4.886696198247531
78,8,8,2.0,0.0,5139.0,0.5,452.0,1,1,4,2 path,mixed,131.77999877929688,4.891396953417677
79,5,5,4.0,0.0,5139.0,0.0,336.0,1,1,0,3+ branch,0 no foreign neighbour,118.7040023803711,10.048974961047875
80,7,7,4.0,0.0,5139.0,0.0,984.0,0,0,9,3+ branch,0 no foreign neighbour,132.4080047607422,1.3408640667943061
81,8,8,3.0,0.0,5139.0,0.0,452.0,1,1,6,3+ branch,0 no foreign neighbour,103.81300354003906,4.835038755235967
82,6,6,2.0,0.0,5139.0,0.0,733.0,1,1,0,2 path,0 no foreign neighbour,101.91699981689453,3.3043860160228786
83,6,6,4.0,0.0,5139.0,0.5,733.0,1,1,6,3+ branch,mixed,98.92769622802734,3.309010485174095
84,0,0,3.0,0.0,5139.0,0.3333333333333333,914.0,1,1,4,3+ branch,mixed,838.9550170898438,0.7566611455383547
85,6,6,4.0,0.0,5139.0,0.5,733.0,1,1,6,3+ branch,mixed,123.39800262451172,3.014105554711579
86,4,4,4.0,0.0,5139.0,0.5,543.0,1,1,2,3+ branch,mixed,135.57400512695312,1.8548977357893954
87,2,2,3.0,0.0,5139.0,0.0,234.0,1,1,0,3+ branch,0 no foreign neighbour,104.65599822998047,8.03816464128371
88,4,4,3.0,0.0,5139.0,0.6666666666666666,543.0,1,1,6,3+ branch,mixed,129.56100463867188,1.6733548951849915
89,4,4,4.0,0.0,5139.0,1.0,543.0,1,1,4,3+ branch,1 all neighbours foreign,870.9810180664062,1.203947634284065
90,6,6,4.0,0.0,5139.0,0.5,733.0,1,1,0,3+ branch,mixed,96.6093978881836,3.2885499564040503
91,2,2,4.0,0.0,5139.0,0.0,234.0,1,1,0,3+ branch,0 no foreign neighbour,95.8584976196289,8.060518525842868
92,4,4,4.0,0.0,5139.0,0.5,543.0,1,1,2,3+ branch,mixed,131.20599365234375,3.6907119891043165
93,0,0,4.0,0.0,5139.0,0.5,914.0,0,0,2,3+ branch,mixed,131.9550018310547,4.111331728790272
94,0,0,3.0,0.0,5139.0,0.6666666666666666,914.0,0,0,2,3+ branch,mixed,124.9209976196289,0.7246021606135314
95,9,9,3.0,0.0,5139.0,0.0,373.0,1,1,0,3+ branch,0 no foreign neighbour,70.56600189208984,3.668301127164403
96,9,9,4.0,0.0,5139.0,0.0,373.0,1,1,0,3+ branch,0 no foreign neighbour,53.38460159301758,3.6717899277544603
97,9,9,3.0,0.0,5139.0,0.0,373.0,1,1,0,3+ branch,0 no foreign neighbour,58.444400787353516,3.6722984360172486
98,0,0,3.0,0.0,5139.0,0.6666666666666666,914.0,0,0,2,3+ branch,mixed,132.7969970703125,7.002989308521962
99,3,3,4.0,0.0,5139.0,0.0,295.0,1,1,0,3+ branch,0 no foreign neighbour,92.93499755859375,5.393592558751603
100,7,7,3.0,0.0,5139.0,0.6666666666666666,984.0,1,1,6,3+ branch,mixed,116.50499725341797,2.459674083820294
101,0,0,2.0,0.0,5139.0,0.0,914.0,0,0,2,2 path,0 no foreign neighbour,134.8419952392578,5.439753804452238
102,7,7,3.0,0.0,5139.0,0.0,984.0,0,0,0,3+ branch,0 no foreign neighbour,64.03520202636719,2.8120661211953455
103,6,6,4.0,0.0,5139.0,0.5,733.0,1,1,6,3+ branch,mixed,122.72200012207031,3.3072028628155024
104,4,4,3.0,0.0,5139.0,0.6666666666666666,543.0,1,1,2,3+ branch,mixed,130.68699645996094,1.8672822283463564
105,4,4,3.0,0.0,5139.0,0.6666666666666666,543.0,1,1,2,3+ branch,mixed,135.16600036621094,1.4133545191879704
106,1,1,4.0,0.0,5139.0,0.0,276.0,1,1,6,3+ branch,0 no foreign neighbour,98.47699737548828,5.386531127877944
107,7,7,3.0,0.0,5139.0,0.6666666666666666,984.0,1,1,6,3+ branch,mixed,132.47500610351562,2.6158996360203397
108,2,2,2.0,0.0,5139.0,0.0,234.0,1,1,4,2 path,0 no foreign neighbour,70.89469909667969,8.206560045206766
109,2,2,4.0,0.1666666716337204,5139.0,0.25,234.0,1,1,4,3+ branch,mixed,817.4550170898438,8.18603922063343
110,2,2,3.0,0.3333333432674408,5139.0,0.3333333333333333,234.0,1,1,4,3+ branch,mixed,653.8740234375,8.082060468848757
111,7,7,3.0,0.0,5139.0,0.6666666666666666,984.0,1,1,6,3+ branch,mixed,113.31700134277344,2.6270413249215
112,8,8,3.0,0.0,5139.0,0.0,452.0,1,1,6,3+ branch,0 no foreign neighbour,133.3769989013672,4.439187840163666
113,4,4,4.0,0.0,5139.0,0.5,543.0,1,1,6,3+ branch,mixed,135.3470001220703,0.843469385222965
114,6,6,4.0,0.0,5139.0,0.5,733.0,1,1,0,3+ branch,mixed,60.02840042114258,3.393565354150312
115,0,0,4.0,0.0,5139.0,0.5,914.0,0,0,6,3+ branch,mixed,135.41200256347656,1.5383773153747469
116,6,6,3.0,0.0,5139.0,0.6666666666666666,733.0,1,1,0,3+ branch,mixed,18.772199630737305,3.456153088779419
117,7,7,4.0,0.0,5139.0,0.5,984.0,1,1,6,3+ branch,mixed,221.2239990234375,2.664969784788635
118,7,7,3.0,0.0,5139.0,0.3333333333333333,984.0,1,1,6,3+ branch,mixed,85.62049865722656,2.8051301381330993
119,4,4,4.0,0.0,5139.0,0.5,543.0,1,1,6,3+ branch,mixed,130.79200744628906,1.7768949221521513
120,9,9,4.0,0.0,5139.0,0.0,373.0,1,1,6,3+ branch,0 no foreign neighbour,94.10399627685547,3.5555593167803554
121,7,7,4.0,0.0,5139.0,0.5,984.0,0,0,0,3+ branch,mixed,100.09400177001953,2.7505317423334255
122,6,6,2.0,0.0,5139.0,0.5,733.0,1,1,0,2 path,mixed,126.5,2.3774821516259155
123,6,6,3.0,0.0,5139.0,0.0,733.0,1,1,6,3+ branch,0 no foreign neighbour,131.16900634765625,2.697646398179883
124,4,4,4.0,0.0,5139.0,0.5,543.0,1,1,6,3+ branch,mixed,251.19200134277344,1.0173419732967217
125,4,4,3.0,0.0,5139.0,0.6666666666666666,543.0,1,1,2,3+ branch,mixed,129.36500549316406,0.8821745117792432
126,6,6,4.0,0.0,5139.0,0.5,733.0,1,1,6,3+ branch,mixed,127.80999755859375,3.076642325484144
127,4,4,4.0,0.0,5139.0,0.5,543.0,1,1,2,3+ branch,mixed,134.29800415039062,19.246124051373105
128,0,0,4.0,0.0,5139.0,0.5,914.0,0,0,2,3+ branch,mixed,133.093994140625,2.8781569535842726
129,4,4,4.0,0.0,5139.0,0.5,543.0,1,1,2,3+ branch,mixed,131.51100158691406,12.743521565876703
130,4,4,4.0,0.0,5139.0,0.5,543.0,1,1,2,3+ branch,mixed,132.4459991455078,1.2427809126508034
131,1,1,4.0,0.0,5139.0,0.0,276.0,1,1,6,3+ branch,0 no foreign neighbour,99.48629760742188,5.189350574653745
132,0,0,3.0,0.0,5139.0,0.6666666666666666,914.0,0,0,2,3+ branch,mixed,132.65499877929688,10.703963154320718
133,6,6,3.0,0.0,5139.0,0.3333333333333333,733.0,1,1,6,3+ branch,mixed,116.05400085449219,3.0925442371914356
134,7,7,2.0,0.0,5139.0,1.0,984.0,1,1,6,2 path,1 all neighbours foreign,120.67500305175781,2.5368181610650122
135,4,4,3.0,0.0,5139.0,1.0,543.0,1,1,2,3+ branch,1 all neighbours foreign,131.8070068359375,11.394617838462887
136,4,4,3.0,0.0,5139.0,0.6666666666666666,543.0,1,1,2,3+ branch,mixed,133.46600341796875,10.504078077714414
137,4,4,4.0,0.0,5139.0,0.5,543.0,1,1,2,3+ branch,mixed,131.37899780273438,3.6011723830222646
138,0,0,4.0,0.0,5139.0,0.5,914.0,0,0,2,3+ branch,mixed,132.82200622558594,12.189627272649586
139,6,6,3.0,0.0,5139.0,0.0,733.0,1,1,0,3+ branch,0 no foreign neighbour,120.9020004272461,2.9442486382093316
140,0,0,2.0,0.0,5139.0,0.0,914.0,0,0,2,2 path,0 no foreign neighbour,133.84800720214844,6.983740887915799
141,4,4,3.0,0.0,5139.0,0.3333333333333333,543.0,1,1,6,3+ branch,mixed,127.25800323486328,1.52301295630249
142,6,6,3.0,0.0,5139.0,0.3333333333333333,733.0,1,1,5,3+ branch,mixed,6.0,3.4589806291948046
143,6,6,2.0,0.0,5139.0,0.5,733.0,1,1,0,2 path,mixed,79.24620056152344,3.4268319190615566
144,6,6,2.0,0.0,5139.0,0.5,733.0,1,1,6,2 path,mixed,79.368896484375,3.437449199872564
145,0,0,4.0,0.0,5139.0,0.5,914.0,0,0,6,3+ branch,mixed,116.8489990234375,0.6781349482674067
146,4,4,4.0,0.0,5139.0,0.75,543.0,1,1,2,3+ branch,mixed,131.4949951171875,23.231680528006176
147,7,7,4.0,0.0,5139.0,0.0,984.0,1,1,6,3+ branch,0 no foreign neighbour,134.91400146484375,1.8255622574091097
148,7,7,4.0,0.0,5139.0,0.5,984.0,1,1,6,3+ branch,mixed,116.04100036621094,2.632347989375284
149,1,1,4.0,0.0,5139.0,0.0,276.0,1,1,6,3+ branch,0 no foreign neighbour,104.76300048828125,5.233044287127839
150,6,6,4.0,0.0,5139.0,0.0,733.0,1,1,6,3+ branch,0 no foreign neighbour,111.26499938964844,3.190501529219161
151,0,0,4.0,0.0,5139.0,0.5,914.0,0,0,2,3+ branch,mixed,133.41299438476562,21.590000632139315
152,4,4,4.0,0.0,5139.0,0.25,543.0,1,1,2,3+ branch,mixed,129.94700622558594,5.72718982610693
153,0,0,4.0,0.0,5139.0,0.0,914.0,0,0,6,3+ branch,0 no foreign neighbour,126.18599700927734,0.5709396090331573
154,0,0,4.0,0.0,5139.0,0.5,914.0,0,0,2,3+ branch,mixed,130.4499969482422,1.1823338061079263
155,0,0,4.0,0.0,5139.0,0.5,914.0,0,0,2,3+ branch,mixed,130.91900634765625,14.066072324604367
156,0,0,4.0,0.0,5139.0,0.0,914.0,0,0,6,3+ branch,0 no foreign neighbour,103.35700225830078,0.954045786575085
157,4,4,4.0,0.0,5139.0,0.5,543.0,1,1,2,3+ branch,mixed,129.65499877929688,6.209461292029811
158,0,0,4.0,0.0,5139.0,0.5,914.0,0,0,2,3+ branch,mixed,130.61399841308594,4.871113955054597
159,7,7,4.0,0.0,5139.0,0.5,984.0,1,1,6,3+ branch,mixed,110.87200164794922,2.5291566736368902
160,4,4,4.0,0.0,5139.0,0.25,543.0,1,1,2,3+ branch,mixed,134.71600341796875,4.90072195893991
161,0,0,3.0,0.0,5139.0,0.3333333333333333,914.0,0,0,2,3+ branch,mixed,131.89100646972656,4.194085418140218
162,0,0,4.0,0.0,5139.0,0.0,914.0,0,0,5,3+ branch,0 no foreign neighbour,1.0,1.0805289331289059
163,4,4,3.0,0.0,5139.0,0.6666666666666666,543.0,1,1,2,3+ branch,mixed,131.84500122070312,3.156231015095003
164,6,6,4.0,0.0,5139.0,0.5,733.0,1,1,6,3+ branch,mixed,90.74729919433594,3.31721774012229
165,4,4,3.0,0.0,5139.0,0.3333333333333333,543.0,1,1,2,3+ branch,mixed,132.3040008544922,7.996103060088583
166,6,6,4.0,0.0,5139.0,0.5,733.0,1,1,0,3+ branch,mixed,105.70800018310547,3.1917787151426076
167,1,1,4.0,0.0,5139.0,0.0,276.0,1,1,6,3+ branch,0 no foreign neighbour,109.02999877929688,5.339609959746161
168,0,0,4.0,0.0,5139.0,0.5,914.0,0,0,2,3+ branch,mixed,131.98800659179688,4.451648481322918
169,4,4,4.0,0.0,5139.0,0.5,543.0,1,1,2,3+ branch,mixed,130.49200439453125,13.929397799458291
170,0,0,2.0,0.0,5139.0,0.5,914.0,0,0,2,2 path,mixed,131.4739990234375,21.398164303877984
171,0,0,4.0,0.0,5139.0,0.5,914.0,0,0,6,3+ branch,mixed,120.98699951171875,0.5418324255101641
172,0,0,3.0,0.0,5139.0,0.3333333333333333,914.0,0,0,2,3+ branch,mixed,131.91799926757812,10.642469869565295
173,4,4,2.0,0.0,5139.0,0.5,543.0,1,1,2,2 path,mixed,131.468994140625,15.138022948502126
174,6,6,4.0,0.0,5139.0,0.0,733.0,1,1,6,3+ branch,0 no foreign neighbour,121.22100067138672,3.04994493007184
175,4,4,4.0,0.0,5139.0,0.5,543.0,1,1,2,3+ branch,mixed,131.30599975585938,2.469990158911697
176,4,4,3.0,0.0,5139.0,0.6666666666666666,543.0,1,1,2,3+ branch,mixed,131.85699462890625,13.302101505616928
177,0,0,3.0,0.0,5139.0,0.3333333333333333,914.0,0,0,2,3+ branch,mixed,131.1510009765625,17.967040022324305
178,4,4,4.0,0.0,5139.0,0.5,543.0,1,1,2,3+ branch,mixed,134.92300415039062,3.631112174657539
179,0,0,3.0,0.0,5139.0,0.3333333333333333,914.0,0,0,2,3+ branch,mixed,132.11500549316406,38.940228349046734
180,4,4,3.0,0.0,5139.0,0.6666666666666666,543.0,1,1,2,3+ branch,mixed,134.7050018310547,2.7791492222121015
181,4,4,3.0,0.0,5139.0,0.3333333333333333,543.0,1,1,8,3+ branch,mixed,132.01699829101562,15.536925327972238
182,4,4,4.0,0.0,5139.0,0.5,543.0,1,1,6,3+ branch,mixed,130.4510040283203,0.8205013582715048
183,4,4,4.0,0.0,5139.0,0.5,543.0,1,1,2,3+ branch,mixed,130.447998046875,8.819786134505636
184,0,0,4.0,0.0,5139.0,0.5,914.0,0,0,2,3+ branch,mixed,132.03199768066406,3.2106630772120015
185,4,4,4.0,0.0,5139.0,0.75,543.0,1,1,6,3+ branch,mixed,134.16900634765625,1.6263457054967034
186,4,4,4.0,0.0,5139.0,0.25,543.0,1,1,2,3+ branch,mixed,130.58200073242188,6.376208983640768
187,4,4,3.0,0.0,5139.0,0.3333333333333333,543.0,1,1,8,3+ branch,mixed,132.65899658203125,22.381352730097177
188,3,3,2.0,0.0,5139.0,0.5,295.0,1,1,4,2 path,mixed,348.0719909667969,5.367627951057524
189,0,0,2.0,0.0,5139.0,1.0,914.0,1,0,4,2 path,1 all neighbours foreign,460.1629943847656,0.9072922294867716
190,3,3,3.0,0.0,5139.0,0.6666666666666666,295.0,1,1,4,3+ branch,mixed,718.3079833984375,5.467839955119273
191,0,0,4.0,0.0,5139.0,0.5,914.0,0,0,6,3+ branch,mixed,118.81099700927734,0.6008716105445342
192,0,0,4.0,0.0,5139.0,0.5,914.0,0,0,6,3+ branch,mixed,127.32599639892578,1.8972883155831208
193,0,0,4.0,0.0,5139.0,0.5,914.0,0,0,6,3+ branch,mixed,124.53399658203125,0.519744929304236
194,4,4,2.0,0.0,5139.0,1.0,543.0,1,1,2,2 path,1 all neighbours foreign,133.25399780273438,19.21391954575645
195,0,0,3.0,0.0,5139.0,0.6666666666666666,914.0,0,0,6,3+ branch,mixed,132.48500061035156,2.670262678912171
196,4,4,4.0,0.0,5139.0,0.5,543.0,1,1,8,3+ branch,mixed,134.1529998779297,31.229961470631167
197,0,0,4.0,0.0,5139.0,0.25,914.0,0,0,2,3+ branch,mixed,133.11700439453125,38.595857702780634
198,4,4,4.0,0.0,5139.0,0.5,543.0,1,1,6,3+ branch,mixed,121.64399719238281,1.5013185793508332
199,4,4,4.0,0.0,5139.0,0.5,543.0,1,1,2,3+ branch,mixed,133.8699951171875,17.4745928170966
200,0,0,4.0,0.0,5139.0,0.5,914.0,0,0,2,3+ branch,mixed,133.90499877929688,8.023017008571788
201,0,0,4.0,0.0,5139.0,0.5,914.0,0,0,2,3+ branch,mixed,131.17300415039062,6.223600249887002
202,0,0,3.0,0.0,5139.0,0.6666666666666666,914.0,0,0,2,3+ branch,mixed,131.98500061035156,7.545742247482127
203,0,0,3.0,0.0,5139.0,0.3333333333333333,914.0,0,0,2,3+ branch,mixed,131.3489990234375,18.804490253445643
204,0,0,4.0,0.0,5139.0,0.5,914.0,0,0,2,3+ branch,mixed,131.51199340820312,11.82793844715096
205,0,0,4.0,0.0,5139.0,0.5,914.0,0,0,2,3+ branch,mixed,130.20899963378906,9.26117679566345
206,0,0,4.0,0.0,5139.0,0.5,914.0,0,0,2,3+ branch,mixed,131.84800720214844,11.948572400606384
207,0,0,4.0,0.0,5139.0,0.5,914.0,1,0,8,3+ branch,mixed,132.99200439453125,15.431738811473057
208,2,2,3.0,0.0,5139.0,0.0,234.0,1,1,6,3+ branch,0 no foreign neighbour,117.39600372314453,7.985620647994279
209,4,4,4.0,0.0,5139.0,0.5,543.0,1,1,6,3+ branch,mixed,133.35899353027344,1.5644070722084213
210,0,0,4.0,0.0,5139.0,0.5,914.0,0,0,2,3+ branch,mixed,131.14199829101562,6.000993227189445
211,0,0,4.0,0.0,5139.0,0.5,914.0,0,0,2,3+ branch,mixed,130.7429962158203,8.988976078262787
212,4,4,4.0,0.0,5139.0,0.5,543.0,1,1,6,3+ branch,mixed,129.4040069580078,1.1281263842054696
213,1,1,4.0,0.0,5139.0,0.0,276.0,1,1,6,3+ branch,0 no foreign neighbour,113.77300262451172,5.2927453772243425
214,4,4,4.0,0.0,5139.0,0.5,543.0,1,1,8,3+ branch,mixed,130.02499389648438,20.425417059317986
215,0,0,3.0,0.0,5139.0,0.3333333333333333,914.0,0,0,2,3+ branch,mixed,128.6020050048828,7.4428804704717315
216,4,4,4.0,0.0,5139.0,0.5,543.0,1,1,2,3+ branch,mixed,135.4530029296875,12.614641276431632
217,4,4,4.0,0.0,5139.0,0.5,543.0,1,1,2,3+ branch,mixed,132.80099487304688,12.591037665960794
218,0,0,3.0,0.0,5139.0,0.3333333333333333,914.0,0,0,2,3+ branch,mixed,132.28399658203125,28.957306454423257
219,0,0,4.0,0.0,5139.0,0.5,914.0,0,0,2,3+ branch,mixed,132.97500610351562,3.3624967713383067
220,0,0,2.0,0.0,5139.0,0.0,914.0,0,0,2,2 path,0 no foreign neighbour,133.64500427246094,6.74025224978472
221,0,0,4.0,0.0,5139.0,0.5,914.0,0,0,2,3+ branch,mixed,131.45199584960938,14.999039895066204
222,7,7,4.0,0.0,5139.0,0.5,984.0,0,0,0,3+ branch,mixed,113.50199890136719,2.4212532198742704
223,6,6,4.0,0.0,5139.0,0.0,733.0,1,1,6,3+ branch,0 no foreign neighbour,128.83700561523438,2.472166290744029
224,7,7,4.0,0.0,5139.0,0.5,984.0,1,1,6,3+ branch,mixed,103.1510009765625,2.6659525573778717
225,4,4,3.0,0.0,5139.0,0.6666666666666666,543.0,1,1,8,3+ branch,mixed,129.718994140625,4.1984026958746234
226,4,4,4.0,0.0,5139.0,0.5,543.0,1,1,0,3+ branch,mixed,131.59500122070312,7.4273827273111435
227,0,0,3.0,0.0,5139.0,0.6666666666666666,914.0,0,0,2,3+ branch,mixed,133.02200317382812,22.55197185996438
228,4,4,4.0,0.0,5139.0,0.5,543.0,1,1,2,3+ branch,mixed,132.33200073242188,8.94741550843933
229,2,2,4.0,0.0,5139.0,0.0,234.0,1,1,6,3+ branch,0 no foreign neighbour,113.61199951171875,7.882028719884905
230,7,7,4.0,0.0,5139.0,0.5,984.0,0,0,0,3+ branch,mixed,102.50700378417969,2.589087227327829
231,4,4,4.0,0.0,5139.0,0.5,543.0,1,1,2,3+ branch,mixed,131.697998046875,7.037973294514864
232,0,0,4.0,0.0,5139.0,0.5,914.0,0,0,2,3+ branch,mixed,134.64300537109375,2.96853597700365
233,4,4,3.0,0.0,5139.0,0.3333333333333333,543.0,1,1,2,3+ branch,mixed,133.20599365234375,8.606167343382685
234,0,0,4.0,0.0,5139.0,0.5,914.0,0,0,2,3+ branch,mixed,131.80099487304688,12.445384010564595
235,0,0,4.0,0.0,5139.0,0.5,914.0,1,0,8,3+ branch,mixed,132.72799682617188,48.84587055572369
236,0,0,3.0,0.0,5139.0,0.6666666666666666,914.0,0,0,5,3+ branch,mixed,31.100000381469727,1.0698980786096162
237,4,4,3.0,0.0,5139.0,0.6666666666666666,543.0,1,1,6,3+ branch,mixed,101.95099639892578,1.8329855047026764
238,4,4,4.0,0.0,5139.0,0.5,543.0,1,1,6,3+ branch,mixed,180.52999877929688,1.6127794450489843
239,7,7,4.0,0.0,5139.0,0.75,984.0,1,1,6,3+ branch,mixed,125.33799743652344,2.5461106566454266
240,6,6,3.0,0.0,5139.0,0.6666666666666666,733.0,1,1,5,3+ branch,mixed,1.9272700548171997,3.459686574377123
241,6,6,4.0,0.0,5139.0,0.75,733.0,1,1,6,3+ branch,mixed,156.99000549316406,3.1335328140911276
242,6,6,3.0,0.0,5139.0,0.3333333333333333,733.0,1,1,0,3+ branch,mixed,51.62910079956055,3.403888751522539
243,0,0,3.0,0.0,5139.0,0.0,914.0,0,0,6,3+ branch,0 no foreign neighbour,69.97000122070312,1.0514402277816952
244,0,0,2.0,0.0,5139.0,0.0,914.0,1,0,0,2 path,0 no foreign neighbour,37.69609832763672,1.0552258115217616
245,0,0,4.0,0.0,5139.0,0.5,914.0,0,0,6,3+ branch,mixed,163.20799255371094,1.011120709949874
246,2,2,4.0,0.0,5139.0,0.0,234.0,1,1,0,3+ branch,0 no foreign neighbour,74.42250061035156,8.14481722590735
247,7,7,4.0,0.0,5139.0,0.0,984.0,1,1,4,3+ branch,0 no foreign neighbour,487.26800537109375,2.0855506812367928
248,7,7,3.0,0.0,5139.0,0.0,984.0,1,1,6,3+ branch,0 no foreign neighbour,138.2550048828125,2.746075101513184
249,5,5,3.0,0.0,5139.0,0.0,336.0,1,1,6,3+ branch,0 no foreign neighbour,232.92799377441406,10.718319696613536
250,5,5,4.0,0.0,5139.0,0.0,336.0,1,1,6,3+ branch,0 no foreign neighbour,279.91900634765625,10.714372979156668
251,0,0,4.0,0.0,5139.0,1.0,914.0,0,0,6,3+ branch,1 all neighbours foreign,168.69900512695312,0.6738673559794939
252,7,7,4.0,0.0,5139.0,0.5,984.0,0,0,0,3+ branch,mixed,81.693603515625,2.7592975985155306
253,0,0,2.0,0.0,5139.0,0.0,914.0,0,0,6,2 path,0 no foreign neighbour,171.43699645996094,0.9907827296657927
254,0,0,3.0,0.0,5139.0,0.0,914.0,0,0,5,3+ branch,0 no foreign neighbour,1.9814800024032593,1.0832827404991463
255,5,5,4.0,0.0,5139.0,0.75,336.0,1,1,5,3+ branch,mixed,5.0,10.922672055573715
256,0,0,3.0,0.0,5139.0,0.6666666666666666,914.0,0,0,5,3+ branch,mixed,22.91670036315918,1.07814382865659
257,0,0,4.0,0.0,5139.0,0.75,914.0,0,0,5,3+ branch,mixed,1.0,1.0798570596349921
258,7,7,2.0,0.0,5139.0,1.0,984.0,1,0,5,2 path,1 all neighbours foreign,46.75,2.7841216751746973
259,0,0,3.0,0.0,5139.0,1.0,914.0,0,0,5,3+ branch,1 all neighbours foreign,5.0,1.0786196726748774
260,8,8,3.0,0.0,5139.0,0.6666666666666666,452.0,1,1,5,3+ branch,mixed,7.789470195770264,4.931860352539225
261,8,8,3.0,0.0,5139.0,0.3333333333333333,452.0,1,1,2,3+ branch,mixed,324.6719970703125,4.89565066003677
262,0,0,4.0,0.0,5139.0,0.75,914.0,1,0,4,3+ branch,mixed,22.267900466918945,1.0758331566592525
263,0,0,2.0,0.0,5139.0,0.5,914.0,0,0,6,2 path,mixed,5.897439956665039,1.0747982716741864
264,6,6,3.0,0.0,5139.0,0.6666666666666666,733.0,0,0,4,3+ branch,mixed,1451.6800537109375,3.1848223621233256
265,7,7,4.0,0.0,5139.0,0.75,984.0,1,1,4,3+ branch,mixed,1205.06005859375,2.581740454614081
266,4,4,3.0,0.0,5139.0,0.3333333333333333,543.0,1,1,0,3+ branch,mixed,69.92939758300781,1.8729988098044097
267,4,4,4.0,0.0,5139.0,0.25,543.0,1,1,0,3+ branch,mixed,73.0562973022461,1.875719937047096
268,4,4,3.0,0.0,5139.0,0.3333333333333333,543.0,1,1,0,3+ branch,mixed,58.13999938964844,1.8558136171990436
269,5,5,4.0,0.0,5139.0,0.0,336.0,1,1,0,3+ branch,0 no foreign neighbour,61.10919952392578,10.890809912823608
270,6,6,4.0,0.0,5139.0,0.5,733.0,1,1,0,3+ branch,mixed,85.26390075683594,3.3912511925939888
271,4,4,3.0,0.0,5139.0,0.6666666666666666,543.0,1,1,6,3+ branch,mixed,110.32599639892578,1.8651781727325618
272,0,0,4.0,0.0,5139.0,0.5,914.0,0,0,6,3+ branch,mixed,127.30400085449219,0.4614087465996972
273,7,7,1.0,0.0,5139.0,0.0,984.0,1,1,6,1 tip,0 no foreign neighbour,93.35459899902344,2.8011798865114
274,8,8,2.0,0.0,5139.0,0.0,452.0,1,1,0,2 path,0 no foreign neighbour,51.23809814453125,4.878066442717969
275,8,8,3.0,0.0,5139.0,0.3333333333333333,452.0,1,1,5,3+ branch,mixed,1.0,4.935168092492122
276,8,8,4.0,0.0,5139.0,0.25,452.0,1,1,5,3+ branch,mixed,26.603200912475586,4.924939650855138
277,0,0,3.0,0.0,5139.0,1.0,914.0,1,1,0,3+ branch,1 all neighbours foreign,30.313400268554688,1.0790047100282292
278,7,7,2.0,0.0,5139.0,0.0,984.0,0,0,0,2 path,0 no foreign neighbour,65.31670379638672,2.809373853426556
279,7,7,4.0,0.0,5139.0,0.0,984.0,1,1,6,3+ branch,0 no foreign neighbour,97.44550323486328,2.818077881955341
280,2,2,4.0,0.0,5139.0,0.0,234.0,1,1,0,3+ branch,0 no foreign neighbour,30.211299896240234,8.21026010744838
281,2,2,3.0,0.0,5139.0,0.0,234.0,1,1,0,3+ branch,0 no foreign neighbour,5.71875,8.218935915698241
282,2,2,3.0,0.0,5139.0,0.0,234.0,1,1,0,3+ branch,0 no foreign neighbour,86.63710021972656,8.185640827782555
283,2,2,2.0,0.0,5139.0,0.0,234.0,1,1,8,2 path,0 no foreign neighbour,71.95559692382812,8.182327195255853
284,6,6,4.0,0.0,5139.0,0.5,733.0,1,1,0,3+ branch,mixed,89.10449981689453,3.3868148626302657
285,4,4,3.0,0.0,5139.0,0.3333333333333333,543.0,1,1,2,3+ branch,mixed,107.75700378417969,1.6264386101392292
286,3,3,4.0,0.0,5139.0,0.0,295.0,1,1,6,3+ branch,0 no foreign neighbour,124.58100128173828,4.9894281520526835
287,4,4,4.0,0.0,5139.0,0.5,543.0,1,1,6,3+ branch,mixed,117.53700256347656,1.4151725312011678
288,2,2,1.0,0.0,5139.0,0.0,234.0,1,1,6,1 tip,0 no foreign neighbour,95.54329681396484,8.086487090753593
289,8,8,3.0,0.0,5139.0,0.3333333333333333,452.0,1,0,0,3+ branch,mixed,26.49329948425293,4.9073235073939525
290,0,0,4.0,0.0,5139.0,1.0,914.0,1,1,0,3+ branch,1 all neighbours foreign,22.253999710083008,1.0678174624741297
291,8,8,3.0,0.0,5139.0,0.3333333333333333,452.0,1,1,0,3+ branch,mixed,27.605300903320312,4.910312078908778
292,8,8,3.0,0.0,5139.0,0.0,452.0,1,1,0,3+ branch,0 no foreign neighbour,41.53850173950195,4.897633007707264
293,8,8,3.0,0.0,5139.0,0.0,452.0,1,1,0,3+ branch,0 no foreign neighbour,53.33760070800781,4.865242089499271
294,2,2,3.0,0.0,5139.0,0.0,234.0,1,1,6,3+ branch,0 no foreign neighbour,97.98729705810547,8.015132539022261
295,1,1,3.0,0.0,5139.0,0.3333333333333333,276.0,1,1,6,3+ branch,mixed,72.75559997558594,5.486787535200667
296,4,4,4.0,0.0,5139.0,0.25,543.0,1,1,6,3+ branch,mixed,133.48399353027344,1.0713561572762431
297,5,5,3.0,0.3333333432674408,5139.0,0.0,336.0,1,1,0,3+ branch,0 no foreign neighbour,105.56099700927734,10.718498754469326
298,8,8,4.0,0.0,5139.0,0.0,452.0,1,1,5,3+ branch,0 no foreign neighbour,1.0,4.910700053248377
299,8,8,2.0,0.0,5139.0,0.0,452.0,1,1,2,2 path,0 no foreign neighbour,54.85060119628906,4.870855741349914
300,2,2,4.0,0.0,5139.0,0.25,234.0,1,1,0,3+ branch,mixed,81.7072982788086,8.162395250689102
301,0,0,3.0,0.0,5139.0,1.0,914.0,0,0,5,3+ branch,1 all neighbours foreign,1.0,1.074174663138348
302,6,6,3.0,0.0,5139.0,0.3333333333333333,733.0,1,1,5,3+ branch,mixed,6.037970066070557,3.4612834226690876
303,6,6,4.0,0.0,5139.0,0.5,733.0,1,1,0,3+ branch,mixed,72.13040161132812,3.4148472973651374
304,9,9,3.0,0.0,5139.0,0.0,373.0,1,1,0,3+ branch,0 no foreign neighbour,97.68419647216797,3.5739254383862873
305,7,7,4.0,0.0,5139.0,0.5,984.0,0,0,0,3+ branch,mixed,77.49739837646484,2.782855156698147
306,7,7,3.0,0.0,5139.0,0.6666666666666666,984.0,1,0,5,3+ branch,mixed,11.968799591064453,2.848723402000957
307,6,6,2.0,0.0,5139.0,1.0,733.0,1,1,0,2 path,1 all neighbours foreign,73.76689910888672,3.4324288023231193
308,6,6,2.0,0.0,5139.0,0.5,733.0,1,1,9,2 path,mixed,60.70589828491211,3.4197556287973545
309,2,2,4.0,0.0,5139.0,0.0,234.0,1,1,6,3+ branch,0 no foreign neighbour,85.09030151367188,8.145520861503536
310,8,8,3.0,0.3333333432674408,5139.0,0.0,452.0,1,1,6,3+ branch,0 no foreign neighbour,123.10199737548828,4.902990503373638
311,9,9,3.0,0.0,5139.0,0.0,373.0,1,1,5,3+ branch,0 no foreign neighbour,1.0,3.6833823622450557
312,9,9,3.0,0.0,5139.0,0.0,373.0,1,1,0,3+ branch,0 no foreign neighbour,70.28279876708984,3.637973596180484
313,4,4,4.0,0.0,5139.0,0.0,543.0,1,1,0,3+ branch,0 no foreign neighbour,71.4751968383789,1.8263004333660824
314,0,0,3.0,0.0,5139.0,0.0,914.0,0,0,5,3+ branch,0 no foreign neighbour,1.980389952659607,1.0711600277537574
315,0,0,3.0,0.0,5139.0,0.3333333333333333,914.0,0,0,5,3+ branch,mixed,1.0,1.0658613708439046
316,0,0,2.0,0.0,5139.0,0.0,914.0,1,0,0,2 path,0 no foreign neighbour,68.1365966796875,0.9706229819061291
317,0,0,2.0,0.0,5139.0,0.5,914.0,0,0,6,2 path,mixed,130.04400634765625,0.941675192154466
318,0,0,1.0,0.0,5139.0,1.0,914.0,0,0,2,1 tip,1 all neighbours foreign,92.31939697265625,0.9828731122122288
319,2,2,4.0,0.0,5139.0,0.0,234.0,1,1,0,3+ branch,0 no foreign neighbour,80.62539672851562,8.066644518151781
320,9,9,1.0,0.0,5139.0,0.0,373.0,1,1,9,1 tip,0 no foreign neighbour,12.44159984588623,3.7056781988568015
321,9,9,3.0,0.0,5139.0,0.0,373.0,1,1,0,3+ branch,0 no foreign neighbour,67.62770080566406,3.6979833185807953
322,1,1,4.0,0.0,5139.0,0.0,276.0,1,1,0,3+ branch,0 no foreign neighbour,75.72579956054688,5.49546963328759
323,9,9,3.0,0.0,5139.0,0.0,373.0,1,1,0,3+ branch,0 no foreign neighbour,89.35669708251953,3.650037418695933
324,5,5,4.0,0.0,5139.0,0.0,336.0,1,1,0,3+ branch,0 no foreign neighbour,104.4010009765625,10.834105919638732
325,5,5,1.0,0.0,5139.0,0.0,336.0,1,1,0,1 tip,0 no foreign neighbour,129.4929962158203,10.708292395643864
326,6,6,3.0,0.0,5139.0,0.6666666666666666,733.0,1,1,6,3+ branch,mixed,93.01519775390625,3.3235380642336922
327,2,2,3.0,0.0,5139.0,0.0,234.0,1,1,0,3+ branch,0 no foreign neighbour,63.5182991027832,8.140890409060123
328,6,6,4.0,0.0,5139.0,0.5,733.0,1,1,0,3+ branch,mixed,95.20469665527344,3.385252952614895
329,5,5,3.0,0.0,5139.0,0.0,336.0,1,1,0,3+ branch,0 no foreign neighbour,72.03230285644531,10.86038637801097
330,4,4,3.0,0.0,5139.0,0.3333333333333333,543.0,1,1,2,3+ branch,mixed,99.71330261230469,1.6971372387515846
331,6,6,4.0,0.0,5139.0,0.5,733.0,1,1,6,3+ branch,mixed,64.05879974365234,3.4400715456963495
332,7,7,4.0,0.0,5139.0,0.5,984.0,1,1,6,3+ branch,mixed,103.88999938964844,2.7202378576768464
333,1,1,3.0,0.0,5139.0,0.0,276.0,1,1,6,3+ branch,0 no foreign neighbour,110.927001953125,5.3377255150456575
334,7,7,3.0,0.0,5139.0,0.6666666666666666,984.0,0,0,9,3+ branch,mixed,83.77269744873047,2.759421132972031
335,3,3,2.0,0.0,5139.0,0.5,295.0,1,1,6,2 path,mixed,83.04129791259766,5.53060871516892
336,9,9,4.0,0.0,5139.0,0.0,373.0,1,1,0,3+ branch,0 no foreign neighbour,128.52499389648438,3.0068062092291914
337,7,7,4.0,0.0,5139.0,0.5,984.0,1,1,6,3+ branch,mixed,98.8948974609375,2.7479366982918627
338,2,2,3.0,0.0,5139.0,0.0,234.0,1,1,6,3+ branch,0 no foreign neighbour,110.51399993896484,7.869897187279833
339,0,0,4.0,0.0,5139.0,0.25,914.0,0,0,6,3+ branch,mixed,109.47000122070312,0.7890707750238315
340,8,8,3.0,0.0,5139.0,0.0,452.0,1,1,0,3+ branch,0 no foreign neighbour,67.33580017089844,4.877742212983725
341,6,6,4.0,0.0,5139.0,0.0,733.0,1,1,6,3+ branch,0 no foreign neighbour,91.38510131835938,3.433094491137591
342,6,6,4.0,0.0,5139.0,0.5,733.0,1,1,0,3+ branch,mixed,98.1063003540039,3.3096551163191545
343,6,6,4.0,0.0,5139.0,0.0,733.0,1,1,6,3+ branch,0 no foreign neighbour,87.7218017578125,3.3562290946571642
344,7,7,2.0,0.0,5139.0,1.0,984.0,1,1,6,2 path,1 all neighbours foreign,88.59480285644531,2.770590552114425
345,7,7,3.0,0.3333333432674408,5139.0,0.6666666666666666,984.0,1,1,5,3+ branch,mixed,65.34619903564453,2.7945951147603836
346,8,8,3.0,0.0,5139.0,0.0,452.0,1,1,6,3+ branch,0 no foreign neighbour,128.40899658203125,4.227733548510106
347,2,2,3.0,0.0,5139.0,0.0,234.0,1,1,0,3+ branch,0 no foreign neighbour,78.52940368652344,8.181658720188633
348,0,0,4.0,0.0,5139.0,0.0,914.0,1,0,0,3+ branch,0 no foreign neighbour,85.2123031616211,1.0596342241267755
349,6,6,4.0,0.0,5139.0,0.5,733.0,1,1,0,3+ branch,mixed,84.06670379638672,3.403665608056332
350,4,4,3.0,0.0,5139.0,0.0,543.0,1,1,0,3+ branch,0 no foreign neighbour,37.63949966430664,1.801079239081946
351,4,4,4.0,0.0,5139.0,0.25,543.0,1,1,0,3+ branch,mixed,1.0,1.8581461445779264
352,6,6,3.0,0.0,5139.0,0.6666666666666666,733.0,1,1,0,3+ branch,mixed,93.43319702148438,3.3682576824444284
353,6,6,4.0,0.0,5139.0,0.0,733.0,1,1,0,3+ branch,0 no foreign neighbour,94.40409851074219,3.3779244741242387
354,1,1,4.0,0.0,5139.0,0.0,276.0,1,1,6,3+ branch,0 no foreign neighbour,112.34700012207031,5.267213087494061
355,4,4,4.0,0.0,5139.0,0.5,543.0,1,1,6,3+ branch,mixed,104.07499694824219,1.713810861369279
356,6,6,3.0,0.0,5139.0,0.0,733.0,1,1,6,3+ branch,0 no foreign neighbour,106.7969970703125,3.215680954836367
357,0,0,3.0,0.0,5139.0,0.3333333333333333,914.0,0,0,6,3+ branch,mixed,87.65840148925781,1.022821736797666
358,7,7,2.0,0.0,5139.0,0.5,984.0,0,0,0,2 path,mixed,54.222198486328125,2.820066310870222
359,0,0,3.0,0.0,5139.0,0.6666666666666666,914.0,0,0,5,3+ branch,mixed,3.5740699768066406,1.0804304449229094
360,1,1,3.0,0.0,5139.0,0.3333333333333333,276.0,1,1,6,3+ branch,mixed,124.23500061035156,4.9508407711308875
361,8,8,4.0,0.0,5139.0,0.0,452.0,1,1,6,3+ branch,0 no foreign neighbour,100.5530014038086,4.827655272139725
362,5,5,3.0,0.0,5139.0,0.3333333333333333,336.0,1,1,6,3+ branch,mixed,116.91100311279297,10.55828784550774
363,9,9,4.0,0.0,5139.0,0.0,373.0,1,1,6,3+ branch,0 no foreign neighbour,109.62699890136719,3.4942195353269008
364,7,7,4.0,0.0,5139.0,0.0,984.0,1,1,6,3+ branch,0 no foreign neighbour,111.67900085449219,2.661485172962061
365,9,9,4.0,0.0,5139.0,0.0,373.0,1,1,6,3+ branch,0 no foreign neighbour,97.55269622802734,3.576214034578789
366,7,7,3.0,0.0,5139.0,0.0,984.0,1,0,5,3+ branch,0 no foreign neighbour,4.840000152587891,2.8288100870092747
367,7,7,3.0,0.0,5139.0,0.0,984.0,1,0,5,3+ branch,0 no foreign neighbour,30.947399139404297,2.838726503074491
368,6,6,4.0,0.0,5139.0,0.0,733.0,1,1,0,3+ branch,0 no foreign neighbour,93.26129913330078,3.3970752379772264
369,3,3,3.0,0.0,5139.0,0.0,295.0,1,1,0,3+ branch,0 no foreign neighbour,63.953800201416016,5.513661743038553
370,0,0,3.0,0.0,5139.0,0.6666666666666666,914.0,0,0,5,3+ branch,mixed,1.0,1.0807769606014008
371,6,6,2.0,0.0,5139.0,0.5,733.0,1,1,0,2 path,mixed,63.59149932861328,3.4093350460114946
372,6,6,4.0,0.0,5139.0,0.5,733.0,1,1,0,3+ branch,mixed,74.80709838867188,3.4124064148141073
373,2,2,4.0,0.1666666716337204,5139.0,0.0,234.0,1,1,0,3+ branch,0 no foreign neighbour,19.837799072265625,8.19491410755295
374,2,2,3.0,0.0,5139.0,0.0,234.0,1,1,0,3+ branch,0 no foreign neighbour,67.53369903564453,8.143008996297755
375,1,1,4.0,0.0,5139.0,0.0,276.0,1,1,6,3+ branch,0 no foreign neighbour,106.17500305175781,5.394775515159059
376,5,5,3.0,0.0,5139.0,0.0,336.0,1,1,0,3+ branch,0 no foreign neighbour,76.72000122070312,10.87247478531461
377,5,5,4.0,0.1666666716337204,5139.0,0.0,336.0,1,1,0,3+ branch,0 no foreign neighbour,64.48889923095703,10.908743097183407
378,8,8,3.0,0.0,5139.0,0.0,452.0,1,1,0,3+ branch,0 no foreign neighbour,82.43229675292969,4.821964284139736
379,4,4,4.0,0.0,5139.0,0.5,543.0,1,1,2,3+ branch,mixed,127.22000122070312,1.084157574081233
380,6,6,4.0,0.0,5139.0,0.5,733.0,1,1,6,3+ branch,mixed,95.28260040283203,3.3647428065488127
381,2,2,3.0,0.0,5139.0,0.0,234.0,1,1,0,3+ branch,0 no foreign neighbour,76.77539825439453,8.178700448119425
382,7,7,4.0,0.0,5139.0,0.5,984.0,0,0,0,3+ branch,mixed,91.83660125732422,2.7963965235748667
383,7,7,4.0,0.0,5139.0,0.5,984.0,0,0,0,3+ branch,mixed,73.46849822998047,2.7902934879444783
384,9,9,3.0,0.0,5139.0,0.0,373.0,1,1,0,3+ branch,0 no foreign neighbour,90.19619750976562,3.6085310775465
385,3,3,3.0,0.0,5139.0,0.0,295.0,1,1,5,3+ branch,0 no foreign neighbour,1.0,5.541204298556705
386,7,7,4.0,0.0,5139.0,0.5,984.0,1,1,6,3+ branch,mixed,91.31320190429688,2.7837635096572084
387,2,2,3.0,0.0,5139.0,0.3333333333333333,234.0,1,1,6,3+ branch,mixed,128.18299865722656,7.52989149320015
388,8,8,4.0,0.0,5139.0,0.0,452.0,1,1,6,3+ branch,0 no foreign neighbour,83.88169860839844,4.917702683587305
389,8,8,2.0,0.0,5139.0,0.0,452.0,1,1,6,2 path,0 no foreign neighbour,101.02400207519531,4.799747835637352
390,8,8,3.0,0.0,5139.0,0.0,452.0,1,1,0,3+ branch,0 no foreign neighbour,37.385398864746094,4.9156321650785095
391,0,0,4.0,0.0,5139.0,0.0,914.0,0,0,6,3+ branch,0 no foreign neighbour,94.59549713134766,1.0189426452901633
392,5,5,2.0,0.0,5139.0,0.0,336.0,1,1,6,2 path,0 no foreign neighbour,42.08000183105469,10.899128162198384
393,5,5,3.0,0.0,5139.0,0.0,336.0,1,1,0,3+ branch,0 no foreign neighbour,106.44200134277344,10.915376661114108
394,5,5,3.0,0.0,5139.0,0.0,336.0,1,1,0,3+ branch,0 no foreign neighbour,1.0,10.922076810051493
395,4,4,3.0,0.0,5139.0,0.3333333333333333,543.0,1,1,6,3+ branch,mixed,126.26399993896484,1.5113778355955623
396,0,0,4.0,0.0,5139.0,0.5,914.0,0,0,6,3+ branch,mixed,131.10800170898438,0.5098572021698711
397,7,7,4.0,0.0,5139.0,0.5,984.0,1,1,6,3+ branch,mixed,97.47889709472656,2.805383748213156
398,6,6,3.0,0.0,5139.0,0.0,733.0,1,1,6,3+ branch,0 no foreign neighbour,110.99199676513672,3.2914000339602785
399,3,3,3.0,0.0,5139.0,0.0,295.0,1,1,6,3+ branch,0 no foreign neighbour,79.68949890136719,5.473850498810291
400,7,7,4.0,0.0,5139.0,0.5,984.0,0,0,0,3+ branch,mixed,90.62419891357422,2.8135892093133616
401,6,6,4.0,0.0,5139.0,0.0,733.0,1,1,6,3+ branch,0 no foreign neighbour,116.03600311279297,3.0468191274710485
402,5,5,2.0,0.0,5139.0,0.0,336.0,1,1,6,2 path,0 no foreign neighbour,96.02269744873047,10.832838524536454
403,9,9,3.0,0.0,5139.0,0.3333333333333333,373.0,1,1,6,3+ branch,mixed,183.9770050048828,3.0838958357915094
404,8,8,3.0,0.0,5139.0,0.0,452.0,1,1,0,3+ branch,0 no foreign neighbour,51.45100021362305,4.9051581204748524
405,8,8,4.0,0.0,5139.0,0.0,452.0,1,1,6,3+ branch,0 no foreign neighbour,114.0770034790039,4.8971229178593365
406,9,9,3.0,0.0,5139.0,0.0,373.0,1,1,6,3+ branch,0 no foreign neighbour,110.06199645996094,3.646924238715286
407,4,4,4.0,0.0,5139.0,0.5,543.0,1,1,6,3+ branch,mixed,106.85600280761719,1.7364673948047007
408,7,7,4.0,0.0,5139.0,0.0,984.0,0,0,0,3+ branch,0 no foreign neighbour,93.02629852294922,2.7720545702140305
409,8,8,4.0,0.0,5139.0,0.5,452.0,1,1,0,3+ branch,mixed,1.0,4.93172924447786
410,0,0,4.0,0.0,5139.0,0.25,914.0,1,0,0,3+ branch,mixed,1.0,1.07314669318712
411,4,4,3.0,0.0,5139.0,0.3333333333333333,543.0,1,1,2,3+ branch,mixed,69.05979919433594,1.8394818543769733
412,0,0,3.0,0.0,5139.0,0.6666666666666666,914.0,1,1,0,3+ branch,mixed,1.0,1.063225954834435
413,7,7,4.0,0.0,5139.0,0.0,984.0,1,1,6,3+ branch,0 no foreign neighbour,122.9739990234375,2.2472998206569934
414,5,5,3.0,0.0,5139.0,0.0,336.0,1,1,0,3+ branch,0 no foreign neighbour,71.52660369873047,10.847936011718222
415,7,7,4.0,0.0,5139.0,0.5,984.0,0,0,0,3+ branch,mixed,107.37200164794922,2.6822330442245885
416,0,0,3.0,0.0,5139.0,0.0,914.0,0,0,6,3+ branch,0 no foreign neighbour,116.72599792480469,0.6591095733039483
417,6,6,4.0,0.0,5139.0,0.5,733.0,1,1,6,3+ branch,mixed,99.27320098876953,3.317966266677794
418,0,0,4.0,0.0,5139.0,0.5,914.0,0,0,6,3+ branch,mixed,132.59800720214844,0.7356048780501432
419,1,1,4.0,0.0,5139.0,0.0,276.0,1,1,6,3+ branch,0 no foreign neighbour,107.17500305175781,5.334409933494441
420,5,5,4.0,0.0,5139.0,0.0,336.0,1,1,0,3+ branch,0 no foreign neighbour,100.87699890136719,10.726471908002631
421,8,8,2.0,0.0,5139.0,0.0,452.0,1,1,2,2 path,0 no foreign neighbour,124.97699737548828,4.5929474878689405
422,7,7,3.0,0.0,5139.0,0.0,984.0,0,0,0,3+ branch,0 no foreign neighbour,129.0229949951172,2.793361700083615
423,9,9,4.0,0.0,5139.0,0.0,373.0,1,1,0,3+ branch,0 no foreign neighbour,117.11299896240234,2.946599351081238
424,8,8,3.0,0.0,5139.0,0.0,452.0,1,1,6,3+ branch,0 no foreign neighbour,121.33000183105469,4.048289465694584
425,7,7,4.0,0.0,5139.0,0.5,984.0,0,0,0,3+ branch,mixed,91.1061019897461,2.754020376829218
426,4,4,3.0,0.0,5139.0,0.3333333333333333,543.0,1,1,2,3+ branch,mixed,55.85110092163086,1.8429156396787625
427,7,7,4.0,0.0,5139.0,0.5,984.0,1,1,6,3+ branch,mixed,117.27400207519531,2.655168567833489
428,4,4,2.0,0.0,5139.0,0.5,543.0,1,1,6,2 path,mixed,66.6144027709961,1.8176475052754446
429,9,9,3.0,0.0,5139.0,0.3333333333333333,373.0,1,1,0,3+ branch,mixed,110.78900146484375,3.6963893966643946
430,9,9,2.0,0.0,5139.0,0.0,373.0,1,1,6,2 path,0 no foreign neighbour,97.25299835205078,3.6641184225067067
431,1,1,4.0,0.0,5139.0,0.0,276.0,1,1,6,3+ branch,0 no foreign neighbour,116.697998046875,5.307393453995772
432,6,6,4.0,0.0,5139.0,0.0,733.0,1,1,6,3+ branch,0 no foreign neighbour,121.95800018310547,3.32582793407041
433,8,8,3.0,0.0,5139.0,0.0,452.0,1,1,0,3+ branch,0 no foreign neighbour,1.0,4.919644677131052
434,7,7,2.0,0.0,5139.0,0.5,984.0,1,1,6,2 path,mixed,96.06629943847656,2.8026571818706043
435,0,0,4.0,0.0,5139.0,0.0,914.0,0,0,2,3+ branch,0 no foreign neighbour,96.33769989013672,1.0718960842123932
436,4,4,2.0,0.0,5139.0,0.5,543.0,1,1,6,2 path,mixed,113.61599731445312,1.6414703795483583
437,2,2,3.0,0.0,5139.0,0.3333333333333333,234.0,1,1,6,3+ branch,mixed,86.625,8.170632845822805
438,8,8,3.0,0.0,5139.0,0.0,452.0,1,1,0,3+ branch,0 no foreign neighbour,1.0,4.935379791937328
439,3,3,4.0,0.0,5139.0,0.0,295.0,1,1,6,3+ branch,0 no foreign neighbour,121.23300170898438,5.200144074406852
440,8,8,4.0,0.0,5139.0,0.0,452.0,1,1,6,3+ branch,0 no foreign neighbour,108.74700164794922,4.80943930416016
441,4,4,4.0,0.0,5139.0,0.5,543.0,1,1,0,3+ branch,mixed,114.54299926757812,1.539058110987502
442,0,0,2.0,0.0,5139.0,1.0,914.0,0,0,5,2 path,1 all neighbours foreign,21.36590003967285,1.0542260404229455
443,4,4,2.0,0.0,5139.0,0.5,543.0,1,1,0,2 path,mixed,72.9457015991211,1.829678615402515
444,6,6,4.0,0.0,5139.0,0.5,733.0,1,1,6,3+ branch,mixed,117.04299926757812,3.276189302911642
445,8,8,4.0,0.0,5139.0,0.0,452.0,1,1,0,3+ branch,0 no foreign neighbour,7.020830154418945,4.920079029080091
446,8,8,3.0,0.0,5139.0,0.0,452.0,1,1,0,3+ branch,0 no foreign neighbour,42.074501037597656,4.902751143950465
447,8,8,2.0,0.0,5139.0,0.0,452.0,1,1,0,2 path,0 no foreign neighbour,115.197998046875,4.844361721113312
448,5,5,3.0,0.0,5139.0,0.0,336.0,1,1,6,3+ branch,0 no foreign neighbour,106.0530014038086,10.836188375645401
449,0,0,4.0,0.0,5139.0,0.5,914.0,0,0,6,3+ branch,mixed,129.6790008544922,0.46354904120372287
450,6,6,4.0,0.0,5139.0,0.5,733.0,1,1,6,3+ branch,mixed,103.0719985961914,3.3594341786237094
451,6,6,4.0,0.0,5139.0,0.5,733.0,1,1,0,3+ branch,mixed,109.11799621582031,3.280686507147674
452,7,7,4.0,0.0,5139.0,0.5,984.0,1,1,6,3+ branch,mixed,105.5780029296875,2.714795550105134
453,2,2,4.0,0.0,5139.0,0.0,234.0,1,1,6,3+ branch,0 no foreign neighbour,119.43499755859375,7.610467121776268
454,7,7,2.0,0.0,5139.0,0.5,984.0,1,1,6,2 path,mixed,121.21600341796875,2.5938897842108144
455,9,9,3.0,0.0,5139.0,0.0,373.0,1,1,6,3+ branch,0 no foreign neighbour,104.375,3.5957190772887015
456,4,4,4.0,0.0,5139.0,0.5,543.0,1,1,6,3+ branch,mixed,120.05899810791016,1.2718250893635612
457,7,7,4.0,0.1666666716337204,5139.0,0.0,984.0,0,0,0,3+ branch,0 no foreign neighbour,79.06800079345703,2.792334151901143
458,8,8,3.0,0.0,5139.0,0.0,452.0,1,0,2,3+ branch,0 no foreign neighbour,34.480499267578125,4.9146189127293
459,4,4,4.0,0.0,5139.0,0.5,543.0,1,1,6,3+ branch,mixed,120.26300048828125,1.4635906480042946
460,8,8,3.0,0.0,5139.0,0.3333333333333333,452.0,1,1,6,3+ branch,mixed,92.63099670410156,4.875986970654026
461,5,5,4.0,0.0,5139.0,0.0,336.0,1,1,0,3+ branch,0 no foreign neighbour,77.75,10.851740699563452
462,7,7,4.0,0.0,5139.0,0.5,984.0,1,1,6,3+ branch,mixed,114.1520004272461,2.697727187463391
463,7,7,4.0,0.0,5139.0,0.75,984.0,1,1,6,3+ branch,mixed,101.67400360107422,2.690194440826139
464,7,7,2.0,0.0,5139.0,0.5,984.0,1,1,2,2 path,mixed,99.14569854736328,2.8092430261480112
465,0,0,3.0,0.0,5139.0,0.0,914.0,0,0,6,3+ branch,0 no foreign neighbour,117.91699981689453,0.8777632960695227
466,6,6,4.0,0.0,5139.0,0.0,733.0,1,1,0,3+ branch,0 no foreign neighbour,103.06600189208984,3.312831345618871
467,7,7,4.0,0.0,5139.0,0.5,984.0,1,1,6,3+ branch,mixed,100.68599700927734,2.7268673203558187
468,4,4,4.0,0.0,5139.0,0.5,543.0,1,1,0,3+ branch,mixed,128.0919952392578,1.415493272537569
469,6,6,4.0,0.0,5139.0,0.5,733.0,1,1,0,3+ branch,mixed,87.37419891357422,3.4053230652542
470,0,0,2.0,0.0,5139.0,1.0,914.0,1,1,0,2 path,1 all neighbours foreign,1.0,1.0944454887346526
471,1,1,4.0,0.0,5139.0,0.0,276.0,1,1,5,3+ branch,0 no foreign neighbour,2.0,5.52616270234865
472,1,1,2.0,0.0,5139.0,0.5,276.0,1,1,0,2 path,mixed,54.29690170288086,5.481491525065494
473,0,0,4.0,0.0,5139.0,1.0,914.0,0,0,5,3+ branch,1 all neighbours foreign,1.0,1.0732558083851502
474,1,1,2.0,0.0,5139.0,0.5,276.0,1,1,2,2 path,mixed,84.59459686279297,5.497665089612657
475,1,1,3.0,0.0,5139.0,0.0,276.0,1,1,5,3+ branch,0 no foreign neighbour,7.0,5.5078005712013685
476,1,1,4.0,0.0,5139.0,0.0,276.0,1,1,5,3+ branch,0 no foreign neighbour,18.14859962463379,5.515326729485207
477,8,8,3.0,0.0,5139.0,0.0,452.0,1,1,6,3+ branch,0 no foreign neighbour,91.5,4.915281318727898
478,8,8,1.0,0.0,5139.0,0.0,452.0,1,1,8,1 tip,0 no foreign neighbour,111.7239990234375,4.666475986404592
479,2,2,4.0,0.0,5139.0,0.0,234.0,1,1,6,3+ branch,0 no foreign neighbour,92.9302978515625,8.126522387496461
480,6,6,4.0,0.0,5139.0,0.5,733.0,1,1,6,3+ branch,mixed,107.39800262451172,3.3482933970196567
481,8,8,3.0,0.3333333432674408,5139.0,0.0,452.0,1,0,5,3+ branch,0 no foreign neighbour,6.561399936676025,4.930148224557196
482,0,0,4.0,0.0,5139.0,0.5,914.0,0,0,6,3+ branch,mixed,114.71800231933594,0.8890173355031994
483,1,1,3.0,0.0,5139.0,0.0,276.0,1,1,2,3+ branch,0 no foreign neighbour,77.53009796142578,5.48395495210769
484,6,6,2.0,0.0,5139.0,0.5,733.0,1,1,6,2 path,mixed,94.4364013671875,3.430051725279803
485,8,8,4.0,0.0,5139.0,0.5,452.0,1,1,0,3+ branch,mixed,48.02560043334961,4.925189512511313
486,0,0,2.0,0.0,5139.0,0.5,914.0,0,0,6,2 path,mixed,116.08999633789062,1.0467467849074485
487,6,6,4.0,0.0,5139.0,0.0,733.0,1,1,6,3+ branch,0 no foreign neighbour,93.1572036743164,3.407599192180259
488,0,0,3.0,0.0,5139.0,0.6666666666666666,914.0,1,1,9,3+ branch,mixed,1.0,1.0872559780812763
489,6,6,4.0,0.0,5139.0,0.0,733.0,1,1,6,3+ branch,0 no foreign neighbour,138.09300231933594,3.384972115179651
490,5,5,5.0,0.0,5139.0,0.0,336.0,1,1,9,3+ branch,0 no foreign neighbour,185.79100036621094,9.557784867517702
491,7,7,3.0,0.0,5139.0,0.6666666666666666,984.0,1,1,6,3+ branch,mixed,114.68800354003906,2.7524230180096074
492,1,1,3.0,0.0,5139.0,0.0,276.0,1,1,0,3+ branch,0 no foreign neighbour,104.5790023803711,5.465969642419214
493,7,7,4.0,0.0,5139.0,0.5,984.0,0,0,0,3+ branch,mixed,87.627197265625,2.78755200397764
494,4,4,2.0,0.0,5139.0,0.5,543.0,1,1,2,2 path,mixed,131.64599609375,1.4881951817827535
495,9,9,3.0,0.0,5139.0,0.0,373.0,1,1,6,3+ branch,0 no foreign neighbour,105.32599639892578,3.60847607436644
496,4,4,2.0,0.0,5139.0,1.0,543.0,1,1,6,2 path,1 all neighbours foreign,132.69000244140625,0.9777202805066935
497,3,3,4.0,0.0,5139.0,0.0,295.0,1,1,6,3+ branch,0 no foreign neighbour,92.70240020751953,5.520920070557747
498,2,2,4.0,0.0,5139.0,0.0,234.0,1,1,6,3+ branch,0 no foreign neighbour,108.89600372314453,8.127031795631636
499,1,1,3.0,0.0,5139.0,0.3333333333333333,276.0,1,1,6,3+ branch,mixed,126.60199737548828,4.520600785481414
500,4,4,4.0,0.0,5139.0,0.0,543.0,1,1,6,3+ branch,0 no foreign neighbour,158.99200439453125,1.7520232544738388
501,6,6,4.0,0.0,5139.0,0.5,733.0,1,1,6,3+ branch,mixed,111.96399688720703,3.2882406747075987
502,8,8,1.0,0.0,5139.0,0.0,452.0,1,1,0,1 tip,0 no foreign neighbour,65.32209777832031,4.868401714400187
503,4,4,4.0,0.0,5139.0,0.5,543.0,1,1,6,3+ branch,mixed,121.78199768066406,1.5280989775028821
504,0,0,3.0,0.0,5139.0,0.3333333333333333,914.0,0,0,5,3+ branch,mixed,1.0,1.0736553646474618
505,4,4,3.0,0.0,5139.0,1.0,543.0,1,1,0,3+ branch,1 all neighbours foreign,1.0,1.8776815420250823
506,0,0,4.0,0.0,5139.0,0.5,914.0,0,0,2,3+ branch,mixed,124.70899963378906,1.0991846487522665
507,1,1,4.0,0.0,5139.0,0.0,276.0,1,1,6,3+ branch,0 no foreign neighbour,125.61699676513672,4.826015852545974
508,6,6,4.0,0.0,5139.0,0.5,733.0,1,1,0,3+ branch,mixed,101.75900268554688,3.378656899726719
509,7,7,4.0,0.0,5139.0,0.5,984.0,1,1,6,3+ branch,mixed,81.27400207519531,2.7947837599457728
510,0,0,4.0,0.0,5139.0,0.5,914.0,0,0,6,3+ branch,mixed,134.2169952392578,0.479838649622894
511,7,7,3.0,0.0,5139.0,0.0,984.0,0,0,0,3+ branch,0 no foreign neighbour,87.57430267333984,2.809439971702433
512,9,9,4.0,0.0,5139.0,0.0,373.0,1,1,6,3+ branch,0 no foreign neighbour,113.91200256347656,3.499122053154847
513,0,0,4.0,0.0,5139.0,0.0,914.0,1,1,0,3+ branch,0 no foreign neighbour,4.728809833526611,1.0779613549041462
514,0,0,2.0,0.0,5139.0,0.5,914.0,0,0,5,2 path,mixed,31.512800216674805,1.069584051008277
515,0,0,3.0,0.0,5139.0,0.0,914.0,0,0,5,3+ branch,0 no foreign neighbour,2.5753400325775146,1.0774783743789895
516,0,0,4.0,0.0,5139.0,0.5,914.0,0,0,5,3+ branch,mixed,20.890199661254883,1.0584865264183787
517,5,5,4.0,0.0,5139.0,0.0,336.0,1,1,9,3+ branch,0 no foreign neighbour,125.88600158691406,10.276371356007617
518,0,0,3.0,0.0,5139.0,0.3333333333333333,914.0,0,0,5,3+ branch,mixed,16.5802001953125,1.0599744621730183
519,7,7,3.0,0.0,5139.0,0.3333333333333333,984.0,0,0,0,3+ branch,mixed,79.58039855957031,2.7992357502867526
520,0,0,3.0,0.0,5139.0,0.6666666666666666,914.0,1,1,9,3+ branch,mixed,5.672729969024658,1.0874481898011337
521,4,4,4.0,0.0,5139.0,0.5,543.0,1,1,6,3+ branch,mixed,124.1050033569336,1.5301922866118363
522,0,0,4.0,0.0,5139.0,0.5,914.0,0,0,6,3+ branch,mixed,126.5999984741211,0.4610607017208975
523,4,4,4.0,0.0,5139.0,0.5,543.0,1,1,2,3+ branch,mixed,113.37899780273438,1.641145155703849
524,3,3,4.0,0.0,5139.0,0.0,295.0,1,1,6,3+ branch,0 no foreign neighbour,98.82450103759766,5.481941992637054
525,8,8,1.0,0.0,5139.0,0.0,452.0,1,0,6,1 tip,0 no foreign neighbour,103.83899688720703,4.7972468927839325
526,0,0,3.0,0.0,5139.0,0.0,914.0,0,0,6,3+ branch,0 no foreign neighbour,127.68000030517578,0.6030508530693058
527,7,7,4.0,0.0,5139.0,0.5,984.0,0,0,0,3+ branch,mixed,83.50980377197266,2.797897451133582
528,7,7,4.0,0.0,5139.0,0.5,984.0,1,1,6,3+ branch,mixed,111.57499694824219,2.7182929845982375
529,8,8,4.0,0.0,5139.0,0.0,452.0,1,1,6,3+ branch,0 no foreign neighbour,112.46299743652344,4.766686175615879
530,4,4,3.0,0.0,5139.0,0.0,543.0,1,1,6,3+ branch,0 no foreign neighbour,104.39700317382812,1.826691420577429
531,7,7,4.0,0.0,5139.0,0.0,984.0,0,0,0,3+ branch,0 no foreign neighbour,112.86299896240234,2.611673027773196
532,7,7,2.0,0.0,5139.0,0.0,984.0,0,0,0,2 path,0 no foreign neighbour,56.993900299072266,2.798904013985621
533,4,4,4.0,0.0,5139.0,0.5,543.0,1,1,2,3+ branch,mixed,118.06400299072266,1.5332645590400598
534,4,4,4.0,0.0,5139.0,0.5,543.0,1,1,2,3+ branch,mixed,132.1199951171875,0.9669546900090447
535,4,4,4.0,0.0,5139.0,0.5,543.0,1,1,2,3+ branch,mixed,127.51200103759766,1.4689087675447725
536,0,0,4.0,0.0,5139.0,0.5,914.0,0,0,2,3+ branch,mixed,128.2949981689453,1.315719773590768
537,0,0,3.0,0.0,5139.0,0.6666666666666666,914.0,0,0,2,3+ branch,mixed,131.95599365234375,1.4227380688162319
538,7,7,4.0,0.0,5139.0,0.5,984.0,1,1,6,3+ branch,mixed,106.65699768066406,2.6302957191675933
539,6,6,4.0,0.0,5139.0,0.5,733.0,1,1,6,3+ branch,mixed,109.49400329589844,3.4150038316686295
540,9,9,2.0,0.0,5139.0,0.5,373.0,1,1,6,2 path,mixed,193.92799377441406,2.660301409170096
541,6,6,2.0,0.0,5139.0,0.5,733.0,1,1,2,2 path,mixed,98.56490325927734,3.4177480767774666
542,7,7,4.0,0.0,5139.0,0.75,984.0,1,1,6,3+ branch,mixed,99.45050048828125,2.8246875420943582
543,7,7,3.0,0.0,5139.0,0.3333333333333333,984.0,1,1,2,3+ branch,mixed,74.93550109863281,2.8083321913770045
544,3,3,4.0,0.0,5139.0,0.0,295.0,1,1,6,3+ branch,0 no foreign neighbour,81.14199829101562,5.494793122519522
545,4,4,3.0,0.0,5139.0,0.3333333333333333,543.0,1,1,6,3+ branch,mixed,132.3820037841797,1.3174032413922847
546,4,4,2.0,0.0,5139.0,0.0,543.0,1,1,6,2 path,0 no foreign neighbour,115.7750015258789,1.750668271921561
547,4,4,4.0,0.0,5139.0,0.5,543.0,1,1,2,3+ branch,mixed,129.49000549316406,0.8030926688897991
548,6,6,4.0,0.0,5139.0,0.5,733.0,1,1,0,3+ branch,mixed,94.2030029296875,3.39823179110373
549,4,4,4.0,0.0,5139.0,0.5,543.0,1,1,2,3+ branch,mixed,128.093994140625,1.550522060326155
550,0,0,3.0,0.0,5139.0,0.3333333333333333,914.0,0,0,5,3+ branch,mixed,3.573770046234131,1.0667926903187634
551,0,0,4.0,0.0,5139.0,0.25,914.0,0,0,5,3+ branch,mixed,1.0,1.0719506066910294
552,0,0,3.0,0.0,5139.0,0.3333333333333333,914.0,0,0,5,3+ branch,mixed,1.0,1.0683651027859526
553,6,6,3.0,0.0,5139.0,0.6666666666666666,733.0,1,1,6,3+ branch,mixed,133.20899963378906,3.0455989323047343
554,0,0,4.0,0.0,5139.0,0.75,914.0,1,1,0,3+ branch,mixed,1.0,1.068495469282624
555,4,4,3.0,0.0,5139.0,0.6666666666666666,543.0,1,1,0,3+ branch,mixed,24.47559928894043,1.8586927992076079
556,4,4,3.0,0.0,5139.0,0.6666666666666666,543.0,1,1,0,3+ branch,mixed,70.14399719238281,1.846200251682078
557,1,1,4.0,0.0,5139.0,0.0,276.0,0,0,7,3+ branch,0 no foreign neighbour,1.0,5.525084714343027
558,1,1,3.0,0.0,5139.0,0.0,276.0,1,1,0,3+ branch,0 no foreign neighbour,59.63949966430664,5.475519270468659
559,1,1,3.0,0.0,5139.0,0.0,276.0,1,1,6,3+ branch,0 no foreign neighbour,61.5625,5.4915673379622065
560,8,8,3.0,0.0,5139.0,0.0,452.0,1,1,6,3+ branch,0 no foreign neighbour,132.26199340820312,4.461769686693305
561,6,6,3.0,0.0,5139.0,0.3333333333333333,733.0,1,1,0,3+ branch,mixed,37.56760025024414,3.445961839485323
562,6,6,2.0,0.0,5139.0,0.0,733.0,1,1,0,2 path,0 no foreign neighbour,111.95999908447266,3.4046545098052294
563,0,0,4.0,0.0,5139.0,0.5,914.0,0,0,2,3+ branch,mixed,124.80999755859375,2.509344050671632
564,0,0,4.0,0.0,5139.0,0.5,914.0,0,0,2,3+ branch,mixed,131.14199829101562,3.9849781593282745
565,7,7,3.0,0.0,5139.0,0.0,984.0,0,0,0,3+ branch,0 no foreign neighbour,79.58550262451172,2.771456376192219
566,7,7,4.0,0.0,5139.0,0.0,984.0,0,0,9,3+ branch,0 no foreign neighbour,51.400001525878906,2.8313969042127205
567,0,0,1.0,0.0,5139.0,0.0,914.0,0,0,2,1 tip,0 no foreign neighbour,126.86299896240234,0.8471992816386258
568,6,6,2.0,0.0,5139.0,0.5,733.0,1,1,6,2 path,mixed,123.45099639892578,3.1940361813984115
569,0,0,4.0,0.0,5139.0,0.25,914.0,0,0,2,3+ branch,mixed,131.2689971923828,1.3787465336894686
570,7,7,3.0,0.0,5139.0,0.6666666666666666,984.0,1,1,6,3+ branch,mixed,116.03900146484375,2.7167265190007006
571,0,0,3.0,0.0,5139.0,0.0,914.0,1,0,0,3+ branch,0 no foreign neighbour,88.63690185546875,1.0041707247303444
572,0,0,4.0,0.0,5139.0,0.5,914.0,0,0,5,3+ branch,mixed,6.380280017852783,1.0704039906953824
573,0,0,4.0,0.0,5139.0,0.5,914.0,0,0,2,3+ branch,mixed,119.48999786376953,0.832108670910185
574,1,1,4.0,0.0,5139.0,0.0,276.0,1,1,6,3+ branch,0 no foreign neighbour,130.34800720214844,5.2087367043136865
575,0,0,4.0,0.0,5139.0,0.75,914.0,0,0,5,3+ branch,mixed,1.0,1.0744871034761585
576,4,4,2.0,0.0,5139.0,1.0,543.0,1,1,6,2 path,1 all neighbours foreign,127.09400177001953,0.9572983333764447
577,0,0,4.0,0.0,5139.0,0.75,914.0,0,0,6,3+ branch,mixed,109.90699768066406,1.0417763454092304
578,0,0,4.0,0.0,5139.0,0.75,914.0,0,0,5,3+ branch,mixed,1.0,1.0659961053167852
579,0,0,2.0,0.0,5139.0,0.5,914.0,0,0,6,2 path,mixed,119.01699829101562,0.9139353879018683
580,4,4,2.0,0.0,5139.0,0.5,543.0,1,1,2,2 path,mixed,112.2020034790039,1.7148677812498117
581,9,9,4.0,0.0,5139.0,0.0,373.0,1,1,6,3+ branch,0 no foreign neighbour,127.46099853515625,3.40025966923094
582,4,4,3.0,0.0,5139.0,0.6666666666666666,543.0,1,1,2,3+ branch,mixed,129.63299560546875,3.243264990713229
583,4,4,4.0,0.0,5139.0,0.5,543.0,1,1,2,3+ branch,mixed,132.1820068359375,2.7743860614138467
584,6,6,3.0,0.0,5139.0,0.3333333333333333,733.0,1,1,6,3+ branch,mixed,115.63200378417969,3.2387667414357812
585,4,4,3.0,0.0,5139.0,0.3333333333333333,543.0,1,1,6,3+ branch,mixed,126.11199951171875,0.9453089062432432
586,0,0,4.0,0.0,5139.0,0.75,914.0,0,0,2,3+ branch,mixed,136.09100341796875,3.1664966745001566
587,5,5,4.0,0.0,5139.0,0.0,336.0,1,1,9,3+ branch,0 no foreign neighbour,129.82400512695312,9.434015105870927
588,7,7,3.0,0.0,5139.0,0.0,984.0,1,1,6,3+ branch,0 no foreign neighbour,127.7959976196289,2.5605051810257304
589,4,4,4.0,0.0,5139.0,0.75,543.0,1,1,2,3+ branch,mixed,132.44400024414062,1.8573107368706707
590,4,4,3.0,0.0,5139.0,0.3333333333333333,543.0,1,1,5,3+ branch,mixed,1.0,1.8611576912857624
591,4,4,2.0,0.0,5139.0,1.0,543.0,1,1,6,2 path,1 all neighbours foreign,131.42799377441406,0.6932213942469169
592,9,9,4.0,0.0,5139.0,0.0,373.0,1,1,6,3+ branch,0 no foreign neighbour,209.6320037841797,3.6629398700164733
593,9,9,2.0,0.0,5139.0,0.0,373.0,1,1,6,2 path,0 no foreign neighbour,170.45799255371094,3.511598879740635
594,0,0,4.0,0.0,5139.0,0.5,914.0,0,0,2,3+ branch,mixed,129.4530029296875,4.943240405540588
595,0,0,3.0,0.0,5139.0,0.3333333333333333,914.0,0,0,2,3+ branch,mixed,132.0850067138672,9.520971696805464
596,7,7,3.0,0.3333333432674408,5139.0,0.0,984.0,0,0,0,3+ branch,0 no foreign neighbour,5.777780055999756,2.839992610952068
597,7,7,2.0,1.0,5139.0,0.0,984.0,0,0,0,2 path,0 no foreign neighbour,68.15689849853516,2.7995556414542664
598,7,7,2.0,0.0,5139.0,0.0,984.0,0,0,0,2 path,0 no foreign neighbour,1.0,2.84093284353253
599,4,4,4.0,0.0,5139.0,0.5,543.0,1,1,2,3+ branch,mixed,131.23800659179688,1.2958976638187227
600,7,7,4.0,0.0,5139.0,0.0,984.0,0,0,0,3+ branch,0 no foreign neighbour,119.15499877929688,2.601478693607822
601,0,0,4.0,0.0,5139.0,0.5,914.0,0,0,6,3+ branch,mixed,132.1439971923828,0.49869348988705553
602,0,0,4.0,0.0,5139.0,0.0,914.0,0,0,6,3+ branch,0 no foreign neighbour,166.14700317382812,0.9702070495972733
603,0,0,2.0,0.0,5139.0,0.0,914.0,0,0,2,2 path,0 no foreign neighbour,130.8939971923828,5.500747154438708
604,0,0,3.0,0.0,5139.0,0.6666666666666666,914.0,0,0,2,3+ branch,mixed,129.23699951171875,1.2781790323949798
605,4,4,3.0,0.0,5139.0,0.3333333333333333,543.0,1,1,2,3+ branch,mixed,135.7169952392578,3.740471951984433
606,4,4,4.0,0.0,5139.0,0.5,543.0,1,1,6,3+ branch,mixed,134.62399291992188,0.9898205301507
607,0,0,3.0,0.0,5139.0,0.3333333333333333,914.0,1,1,0,3+ branch,mixed,5.55072021484375,1.0754030575417397
608,0,0,3.0,0.0,5139.0,0.0,914.0,0,0,5,3+ branch,0 no foreign neighbour,2.0,1.0747428268487422
609,4,4,4.0,0.0,5139.0,1.0,543.0,1,1,6,3+ branch,1 all neighbours foreign,161.36700439453125,1.8723527201688384
610,0,0,2.0,0.0,5139.0,0.0,914.0,1,0,0,2 path,0 no foreign neighbour,104.53600311279297,1.0456565052383564
611,0,0,4.0,0.0,5139.0,0.5,914.0,0,0,6,3+ branch,mixed,153.89700317382812,0.9771943320687876
612,8,8,2.0,0.0,5139.0,0.0,452.0,1,1,0,2 path,0 no foreign neighbour,20.879600524902344,4.906976236442441
613,8,8,3.0,0.0,5139.0,0.0,452.0,1,1,6,3+ branch,0 no foreign neighbour,62.0,4.899024223963543
614,8,8,4.0,0.0,5139.0,0.0,452.0,1,1,6,3+ branch,0 no foreign neighbour,117.29299926757812,4.905344018660829
615,7,7,4.0,0.0,5139.0,0.0,984.0,1,1,6,3+ branch,0 no foreign neighbour,170.96099853515625,2.6503251784738393
616,8,8,3.0,0.0,5139.0,0.0,452.0,1,1,6,3+ branch,0 no foreign neighbour,175.66900634765625,4.884431612880548
617,8,8,3.0,0.0,5139.0,0.0,452.0,1,1,6,3+ branch,0 no foreign neighbour,97.04170227050781,4.9199645514284525
618,5,5,3.0,0.0,5139.0,0.3333333333333333,336.0,1,1,6,3+ branch,mixed,127.60399627685547,10.884558855508542
619,9,9,3.0,0.0,5139.0,0.3333333333333333,373.0,1,1,6,3+ branch,mixed,195.53900146484375,3.007191086827422
620,7,7,3.0,0.0,5139.0,0.0,984.0,0,0,0,3+ branch,0 no foreign neighbour,105.6259994506836,2.805450713727733
621,7,7,3.0,0.0,5139.0,0.0,984.0,0,0,0,3+ branch,0 no foreign neighbour,39.48649978637695,2.8070347858519606
622,7,7,3.0,0.0,5139.0,0.0,984.0,0,0,0,3+ branch,0 no foreign neighbour,48.417598724365234,2.8202067656370335
623,6,6,3.0,0.3333333432674408,5139.0,0.0,733.0,1,1,0,3+ branch,0 no foreign neighbour,98.58300018310547,3.3640971861445186
624,6,6,4.0,0.1666666716337204,5139.0,0.0,733.0,1,1,0,3+ branch,0 no foreign neighbour,101.30899810791016,3.443787667860382
625,7,7,4.0,0.0,5139.0,0.0,984.0,0,0,0,3+ branch,0 no foreign neighbour,76.75,2.82527213858
626,2,2,3.0,0.0,5139.0,0.0,234.0,1,1,6,3+ branch,0 no foreign neighbour,122.87000274658203,7.980196864541266
627,7,7,3.0,0.0,5139.0,0.3333333333333333,984.0,0,0,0,3+ branch,mixed,151.11500549316406,2.749068026177059
628,0,0,3.0,0.0,5139.0,0.3333333333333333,914.0,0,0,2,3+ branch,mixed,134.91600036621094,1.2035793093164329
629,4,4,2.0,0.0,5139.0,0.5,543.0,1,1,8,2 path,mixed,132.88699340820312,7.3941588083651935
630,7,7,4.0,0.0,5139.0,0.75,984.0,1,0,5,3+ branch,mixed,58.870601654052734,2.8385965327389058
631,6,6,3.0,0.0,5139.0,0.6666666666666666,733.0,1,1,0,3+ branch,mixed,96.51390075683594,3.412302657627
632,4,4,3.0,0.0,5139.0,0.6666666666666666,543.0,1,1,2,3+ branch,mixed,128.7949981689453,3.455408628645516
633,0,0,3.0,0.0,5139.0,0.6666666666666666,914.0,0,0,5,3+ branch,mixed,1.0,1.090615213886392
634,0,0,4.0,0.0,5139.0,0.5,914.0,0,0,5,3+ branch,mixed,1.0,1.090615213886392
635,4,4,2.0,0.0,5139.0,1.0,543.0,1,1,6,2 path,1 all neighbours foreign,98.89659881591797,1.8657856039549179
636,4,4,2.0,0.0,5139.0,1.0,543.0,1,1,6,2 path,1 all neighbours foreign,126.96399688720703,1.8013803382337736
637,4,4,1.0,0.0,5139.0,0.0,543.0,1,1,6,1 tip,0 no foreign neighbour,123.29900360107422,1.7688948326842895
638,0,0,3.0,0.0,5139.0,0.6666666666666666,914.0,0,0,2,3+ branch,mixed,132.21800231933594,1.4823245370508553
639,4,4,4.0,0.0,5139.0,0.5,543.0,1,1,2,3+ branch,mixed,135.4149932861328,0.7436813515397986
640,4,4,3.0,0.0,5139.0,0.3333333333333333,543.0,1,1,2,3+ branch,mixed,131.95799255371094,6.092376755964563
641,4,4,3.0,0.0,5139.0,0.3333333333333333,543.0,1,1,2,3+ branch,mixed,132.04800415039062,4.939605776650353
642,0,0,4.0,0.0,5139.0,0.25,914.0,0,0,2,3+ branch,mixed,132.83599853515625,5.279119220301781
643,4,4,4.0,0.0,5139.0,0.5,543.0,1,1,2,3+ branch,mixed,132.2209930419922,12.43720066106686
644,4,4,3.0,0.0,5139.0,0.3333333333333333,543.0,1,1,2,3+ branch,mixed,133.1540069580078,6.082955264356466
645,4,4,4.0,0.0,5139.0,0.75,543.0,1,1,6,3+ branch,mixed,132.0469970703125,0.7617464592384944
646,0,0,4.0,0.0,5139.0,0.5,914.0,0,0,2,3+ branch,mixed,129.50100708007812,1.528076648612156
647,3,3,4.0,0.0,5139.0,0.0,295.0,1,1,6,3+ branch,0 no foreign neighbour,181.2259979248047,5.275419480985055
648,4,4,4.0,0.0,5139.0,0.5,543.0,1,1,2,3+ branch,mixed,130.4429931640625,2.651106234504367
649,3,3,4.0,0.0,5139.0,0.0,295.0,1,1,6,3+ branch,0 no foreign neighbour,101.43900299072266,5.468259619330703
650,0,0,4.0,0.0,5139.0,0.75,914.0,0,0,2,3+ branch,mixed,131.18800354003906,6.24414732982913
651,0,0,4.0,0.0,5139.0,0.5,914.0,0,0,6,3+ branch,mixed,127.8270034790039,0.48878460496278914
652,0,0,4.0,0.0,5139.0,1.0,914.0,0,0,5,3+ branch,1 all neighbours foreign,1.0,1.0695313511657163
653,7,7,3.0,0.0,5139.0,0.6666666666666666,984.0,1,1,6,3+ branch,mixed,111.6719970703125,2.759859038569548
654,6,6,4.0,0.0,5139.0,0.5,733.0,1,1,5,3+ branch,mixed,1.0,3.459478191972548
655,6,6,2.0,0.0,5139.0,0.5,733.0,1,1,6,2 path,mixed,116.35399627685547,3.3642055384187803
656,6,6,3.0,0.0,5139.0,0.3333333333333333,733.0,1,1,0,3+ branch,mixed,32.049198150634766,3.4584471440388715
657,0,0,4.0,0.0,5139.0,0.5,914.0,0,0,2,3+ branch,mixed,134.13099670410156,2.8845319739819706
658,4,4,3.0,0.0,5139.0,0.6666666666666666,543.0,1,1,2,3+ branch,mixed,133.03799438476562,8.140001614268705
659,7,7,3.0,0.0,5139.0,0.0,984.0,0,0,0,3+ branch,0 no foreign neighbour,96.74099731445312,2.7758036778040673
660,0,0,4.0,0.0,5139.0,0.5,914.0,0,0,2,3+ branch,mixed,133.62399291992188,7.691436480433199
661,4,4,3.0,0.0,5139.0,0.6666666666666666,543.0,1,1,6,3+ branch,mixed,130.3520050048828,0.7480655241871828
662,0,0,4.0,0.0,5139.0,0.5,914.0,0,0,6,3+ branch,mixed,133.8470001220703,0.9053548536247178
663,3,3,3.0,0.0,5139.0,0.0,295.0,1,1,0,3+ branch,0 no foreign neighbour,92.16670227050781,5.53516703078689
664,3,3,4.0,0.0,5139.0,0.0,295.0,1,1,0,3+ branch,0 no foreign neighbour,82.53009796142578,5.546735130773913
665,8,8,3.0,0.0,5139.0,0.0,452.0,1,1,0,3+ branch,0 no foreign neighbour,19.378400802612305,4.910048785323511
666,8,8,4.0,0.0,5139.0,0.0,452.0,1,1,6,3+ branch,0 no foreign neighbour,157.28900146484375,4.908465455785883
667,8,8,2.0,0.0,5139.0,0.0,452.0,1,1,2,2 path,0 no foreign neighbour,130.52099609375,4.56300251432346
668,1,1,3.0,0.0,5139.0,0.0,276.0,1,1,6,3+ branch,0 no foreign neighbour,92.05780029296875,5.441893822728065
669,4,4,2.0,0.0,5139.0,1.0,543.0,1,1,2,2 path,1 all neighbours foreign,131.16099548339844,6.151854485417878
670,4,4,2.0,0.0,5139.0,1.0,543.0,1,1,8,2 path,1 all neighbours foreign,132.20899963378906,17.908955533966882
671,9,9,3.0,0.0,5139.0,0.0,373.0,1,1,0,3+ branch,0 no foreign neighbour,109.35299682617188,3.545995630405412
672,3,3,4.0,0.0,5139.0,0.0,295.0,1,1,6,3+ branch,0 no foreign neighbour,120.29399871826172,5.100285693665369
673,4,4,4.0,0.0,5139.0,0.5,543.0,1,1,2,3+ branch,mixed,132.4340057373047,12.887467034208711
674,4,4,4.0,0.0,5139.0,0.5,543.0,1,1,2,3+ branch,mixed,133.44200134277344,6.4061264509143045
675,4,4,3.0,0.0,5139.0,0.3333333333333333,543.0,1,1,2,3+ branch,mixed,131.03199768066406,4.260309196298329
676,4,4,4.0,0.0,5139.0,0.5,543.0,1,1,6,3+ branch,mixed,128.90199279785156,1.049135262292835
677,4,4,4.0,0.0,5139.0,0.5,543.0,1,1,2,3+ branch,mixed,134.1540069580078,2.5306632379361687
678,0,0,4.0,0.0,5139.0,0.25,914.0,0,0,2,3+ branch,mixed,130.77999877929688,7.111038923802353
679,4,4,4.0,0.0,5139.0,0.0,543.0,1,1,0,3+ branch,0 no foreign neighbour,1.0,1.871377670304571
680,4,4,3.0,0.0,5139.0,0.3333333333333333,543.0,1,1,6,3+ branch,mixed,123.58000183105469,1.5994400035683354
681,4,4,2.0,0.0,5139.0,0.5,543.0,1,1,6,2 path,mixed,101.96099853515625,1.8394590427195316
682,4,4,4.0,0.0,5139.0,0.5,543.0,1,1,2,3+ branch,mixed,134.156005859375,9.969343637379906
683,0,0,3.0,0.0,5139.0,0.3333333333333333,914.0,0,0,2,3+ branch,mixed,131.50100708007812,17.660197822811586
684,4,4,2.0,0.0,5139.0,0.0,543.0,1,1,0,2 path,0 no foreign neighbour,55.507198333740234,1.811277164029371
685,4,4,3.0,0.0,5139.0,0.6666666666666666,543.0,1,1,2,3+ branch,mixed,135.093994140625,1.33864468247702
686,6,6,4.0,0.0,5139.0,0.5,733.0,1,1,6,3+ branch,mixed,128.34300231933594,3.2888755880850016
687,0,0,3.0,0.0,5139.0,0.0,914.0,0,0,6,3+ branch,0 no foreign neighbour,165.64199829101562,1.0123115451730629
688,0,0,3.0,0.0,5139.0,0.3333333333333333,914.0,0,0,2,3+ branch,mixed,133.03500366210938,7.73728487585456
689,0,0,1.0,0.0,5139.0,1.0,914.0,0,0,2,1 tip,1 all neighbours foreign,131.7949981689453,9.837070901038643
690,0,0,4.0,0.0,5139.0,0.5,914.0,0,0,2,3+ branch,mixed,132.20599365234375,8.512916872273122
691,4,4,3.0,0.0,5139.0,0.6666666666666666,543.0,1,1,2,3+ branch,mixed,132.0330047607422,2.5852071459747816
692,4,4,2.0,0.0,5139.0,0.5,543.0,1,1,0,2 path,mixed,29.846200942993164,1.866679895446885
693,0,0,3.0,0.0,5139.0,0.3333333333333333,914.0,0,0,6,3+ branch,mixed,129.34800720214844,1.0063954101907089
694,7,7,2.0,1.0,5139.0,0.0,984.0,1,1,6,2 path,0 no foreign neighbour,187.9810028076172,2.802975304474393
695,7,7,4.0,0.3333333432674408,5139.0,0.0,984.0,0,0,9,3+ branch,0 no foreign neighbour,20.343799591064453,2.8433190398775365
696,7,7,3.0,0.3333333432674408,5139.0,0.0,984.0,0,0,9,3+ branch,0 no foreign neighbour,32.38890075683594,2.8442948476206142
697,8,8,4.0,0.0,5139.0,0.5,452.0,1,1,5,3+ branch,mixed,1.0,4.9260535160365615
698,7,7,3.0,0.0,5139.0,0.6666666666666666,984.0,1,1,6,3+ branch,mixed,118.28399658203125,2.710362666834589
699,0,0,3.0,0.0,5139.0,0.3333333333333333,914.0,0,0,6,3+ branch,mixed,89.75469970703125,1.0642037396518969
700,1,1,3.0,0.0,5139.0,0.0,276.0,1,1,2,3+ branch,0 no foreign neighbour,82.72589874267578,5.4906557243486
701,1,1,3.0,0.0,5139.0,0.0,276.0,1,1,2,3+ branch,0 no foreign neighbour,133.8280029296875,5.479257733308258
702,8,8,3.0,0.0,5139.0,0.0,452.0,1,1,6,3+ branch,0 no foreign neighbour,157.3560028076172,4.732649392287202
703,3,3,4.0,0.0,5139.0,0.5,295.0,1,1,0,3+ branch,mixed,1.0,5.566366786415383
704,0,0,3.0,0.0,5139.0,0.6666666666666666,914.0,0,0,6,3+ branch,mixed,129.0399932861328,0.6294325248088599
705,0,0,2.0,0.0,5139.0,0.5,914.0,0,0,2,2 path,mixed,130.44700622558594,2.095109974817876
706,7,7,4.0,0.0,5139.0,0.0,984.0,0,0,0,3+ branch,0 no foreign neighbour,80.21369934082031,2.82039088311129
707,7,7,2.0,0.0,5139.0,0.5,984.0,0,0,0,2 path,mixed,32.704498291015625,2.8385043117671365
708,6,6,3.0,0.0,5139.0,0.3333333333333333,733.0,1,1,5,3+ branch,mixed,5.425529956817627,3.4674823842456792
709,7,7,3.0,0.0,5139.0,0.0,984.0,1,0,5,3+ branch,0 no foreign neighbour,33.242401123046875,2.8174609610169234
710,6,6,3.0,0.0,5139.0,0.3333333333333333,733.0,1,1,5,3+ branch,mixed,2.0,3.4648094565392844
711,6,6,3.0,0.0,5139.0,0.0,733.0,1,1,6,3+ branch,0 no foreign neighbour,172.46600341796875,3.40444768826544
712,4,4,3.0,0.0,5139.0,0.3333333333333333,543.0,1,1,6,3+ branch,mixed,201.4739990234375,1.6958486628509946
713,4,4,3.0,0.0,5139.0,0.3333333333333333,543.0,1,1,6,3+ branch,mixed,91.34510040283203,1.8265719494613257
714,8,8,4.0,0.0,5139.0,0.5,452.0,1,1,0,3+ branch,mixed,1.0,4.910318248346562
715,6,6,3.0,0.0,5139.0,0.6666666666666666,733.0,1,1,6,3+ branch,mixed,149.072998046875,3.426259231967495
716,6,6,4.0,0.0,5139.0,0.25,733.0,1,1,0,3+ branch,mixed,69.01709747314453,3.431244338525559
717,6,6,3.0,0.0,5139.0,0.0,733.0,1,1,5,3+ branch,0 no foreign neighbour,11.5,3.45132439785108
718,7,7,4.0,0.0,5139.0,0.75,984.0,0,0,0,3+ branch,mixed,91.8853988647461,2.7824299475320253
719,0,0,4.0,0.0,5139.0,1.0,914.0,0,0,5,3+ branch,1 all neighbours foreign,1.0,1.08696947600183
720,7,7,3.0,0.0,5139.0,0.3333333333333333,984.0,1,0,5,3+ branch,mixed,2.8474600315093994,2.8377447473625135
721,7,7,3.0,0.0,5139.0,0.3333333333333333,984.0,1,1,6,3+ branch,mixed,159.79299926757812,2.8153071476299494
722,7,7,3.0,0.0,5139.0,0.0,984.0,1,0,5,3+ branch,0 no foreign neighbour,7.253729820251465,2.8332264645773035
723,7,7,3.0,0.0,5139.0,0.6666666666666666,984.0,1,1,6,3+ branch,mixed,158.74000549316406,2.8290677191732425
724,0,0,4.0,0.1666666716337204,5139.0,0.0,914.0,0,0,6,3+ branch,0 no foreign neighbour,243.96600341796875,0.5410066544310498
725,3,3,3.0,0.0,5139.0,0.3333333333333333,295.0,1,1,2,3+ branch,mixed,158.27099609375,5.491223494472508
726,5,5,3.0,0.0,5139.0,0.3333333333333333,336.0,1,1,0,3+ branch,mixed,37.96200180053711,10.925145252248193
727,8,8,5.0,0.10000000149011612,5139.0,0.0,452.0,1,1,6,3+ branch,0 no foreign neighbour,91.341796875,4.9191897854542965
728,8,8,2.0,1.0,5139.0,0.0,452.0,1,0,8,2 path,0 no foreign neighbour,38.51850128173828,4.893480135761028
729,9,9,3.0,0.0,5139.0,0.0,373.0,1,1,5,3+ branch,0 no foreign neighbour,1.0,3.713323792675797
730,9,9,1.0,0.0,5139.0,0.0,373.0,1,1,9,1 tip,0 no foreign neighbour,161.20399475097656,3.6854767825118526
731,0,0,4.0,0.0,5139.0,0.25,914.0,1,0,4,3+ branch,mixed,251.7969970703125,0.732024723625936
732,7,7,3.0,0.0,5139.0,0.3333333333333333,984.0,1,1,4,3+ branch,mixed,265.6050109863281,2.7366872977318137
733,0,0,4.0,0.0,5139.0,0.75,914.0,1,0,4,3+ branch,mixed,331.0849914550781,0.9385983837864057
734,7,7,4.0,0.0,5139.0,0.0,984.0,1,0,5,3+ branch,0 no foreign neighbour,1.0,2.8509666225765278
735,7,7,3.0,0.0,5139.0,0.3333333333333333,984.0,0,0,0,3+ branch,mixed,1.0,2.8489416291345977
736,4,4,3.0,0.0,5139.0,0.3333333333333333,543.0,1,1,6,3+ branch,mixed,205.33700561523438,1.7777341182803228
737,0,0,4.0,0.0,5139.0,0.5,914.0,0,0,6,3+ branch,mixed,201.20199584960938,1.0070032397834716
738,3,3,5.0,0.0,5139.0,0.0,295.0,1,1,6,3+ branch,0 no foreign neighbour,254.01300048828125,4.817748028190512
739,3,3,4.0,0.0,5139.0,1.0,295.0,1,1,6,3+ branch,1 all neighbours foreign,255.83299255371094,5.534911213652272
740,7,7,2.0,0.0,5139.0,0.0,984.0,0,0,9,2 path,0 no foreign neighbour,135.75,2.8036031202073968
741,7,7,5.0,0.0,5139.0,0.2,984.0,1,1,4,3+ branch,mixed,293.4159851074219,2.623888898799054
742,7,7,4.0,0.0,5139.0,0.25,984.0,1,1,4,3+ branch,mixed,319.343994140625,2.3633724888928147
743,0,0,4.0,0.0,5139.0,0.5,914.0,1,0,0,3+ branch,mixed,1.0,1.0793668726569834
744,4,4,3.0,0.0,5139.0,1.0,543.0,1,1,6,3+ branch,1 all neighbours foreign,197.55499267578125,1.7891363106445077
745,0,0,3.0,0.0,5139.0,0.3333333333333333,914.0,0,0,6,3+ branch,mixed,206.9199981689453,0.9920403816485643
746,0,0,3.0,0.0,5139.0,0.6666666666666666,914.0,0,0,5,3+ branch,mixed,4.666669845581055,1.0794361071139156
747,0,0,2.0,0.0,5139.0,0.0,914.0,0,0,6,2 path,0 no foreign neighbour,149.4029998779297,0.961247887524965
748,3,3,3.0,0.0,5139.0,0.6666666666666666,295.0,1,1,4,3+ branch,mixed,358.1470031738281,5.373621085000903
749,9,9,4.0,0.0,5139.0,0.0,373.0,1,1,4,3+ branch,0 no foreign neighbour,271.2820129394531,3.5414944850192676
750,9,9,3.0,0.0,5139.0,0.0,373.0,1,1,6,3+ branch,0 no foreign neighbour,240.35800170898438,3.5573563821554326
751,3,3,2.0,0.0,5139.0,0.0,295.0,1,1,6,2 path,0 no foreign neighbour,179.96499633789062,5.509015910874073
752,4,4,4.0,0.0,5139.0,0.5,543.0,1,1,5,3+ branch,mixed,32.71229934692383,1.8744466319368163
753,4,4,3.0,0.0,5139.0,0.3333333333333333,543.0,1,1,6,3+ branch,mixed,164.50399780273438,1.8397507444698047
754,0,0,3.0,0.0,5139.0,0.0,914.0,0,0,2,3+ branch,0 no foreign neighbour,296.85101318359375,1.0246134845838821
755,6,6,3.0,0.0,5139.0,1.0,733.0,0,0,4,3+ branch,1 all neighbours foreign,333.43701171875,3.3440867469485513
756,8,8,3.0,0.0,5139.0,0.6666666666666666,452.0,1,1,5,3+ branch,mixed,2.0,4.929063567587888
757,8,8,2.0,0.0,5139.0,0.0,452.0,1,1,6,2 path,0 no foreign neighbour,177.4409942626953,4.891051574725403
758,8,8,3.0,0.0,5139.0,0.3333333333333333,452.0,1,1,4,3+ branch,mixed,390.4429931640625,4.707571784397422
759,0,0,3.0,0.0,5139.0,0.3333333333333333,914.0,0,0,6,3+ branch,mixed,441.8949890136719,0.9541370906939564
760,6,6,2.0,0.0,5139.0,0.5,733.0,1,1,6,2 path,mixed,236.7100067138672,3.417834007708545
761,4,4,3.0,0.0,5139.0,0.0,543.0,1,1,5,3+ branch,0 no foreign neighbour,2.0,1.8861714880347886
762,4,4,4.0,0.0,5139.0,0.0,543.0,1,1,4,3+ branch,0 no foreign neighbour,37.58489990234375,1.8869265867067253
763,4,4,2.0,0.0,5139.0,0.0,543.0,1,1,6,2 path,0 no foreign neighbour,103.427001953125,1.8807010176948968
764,4,4,3.0,0.0,5139.0,0.0,543.0,1,1,6,3+ branch,0 no foreign neighbour,91.84040069580078,1.8720014089897816
765,4,4,4.0,0.0,5139.0,0.0,543.0,1,1,6,3+ branch,0 no foreign neighbour,226.98699951171875,1.8792295751616233
766,7,7,4.0,0.0,5139.0,0.0,984.0,0,0,0,3+ branch,0 no foreign neighbour,45.181800842285156,2.8246800435237884
767,4,4,3.0,0.0,5139.0,0.0,543.0,1,1,4,3+ branch,0 no foreign neighbour,327.5589904785156,1.8507826165738779
768,6,6,3.0,0.0,5139.0,0.6666666666666666,733.0,0,0,4,3+ branch,mixed,350.6650085449219,3.3995590564676985
769,6,6,3.0,0.0,5139.0,0.0,733.0,1,1,0,3+ branch,0 no foreign neighbour,1.0,3.465508853205146
770,0,0,3.0,0.0,5139.0,0.6666666666666666,914.0,1,0,4,3+ branch,mixed,266.13800048828125,1.0583354359759358
771,4,4,2.0,0.0,5139.0,1.0,543.0,1,1,6,2 path,1 all neighbours foreign,178.5500030517578,1.8410529339339687
772,7,7,4.0,0.0,5139.0,1.0,984.0,1,1,4,3+ branch,1 all neighbours foreign,385.0060119628906,2.7868248596749345
773,7,7,8.0,0.0,5139.0,0.625,984.0,1,1,4,3+ branch,mixed,886.4979858398438,2.4562062106534146
774,4,4,2.0,0.0,5139.0,1.0,543.0,1,1,4,2 path,1 all neighbours foreign,759.3170166015625,1.8092456233198833
775,0,0,2.0,0.0,5139.0,0.5,914.0,1,1,4,2 path,mixed,864.0040283203125,0.906406246501675
776,0,0,2.0,0.0,5139.0,0.0,914.0,1,1,4,2 path,0 no foreign neighbour,712.593017578125,1.0200250323901927
777,4,4,3.0,0.0,5139.0,0.6666666666666666,543.0,1,1,4,3+ branch,mixed,891.1630249023438,1.5169491201388206
778,4,4,4.0,0.0,5139.0,0.0,543.0,1,1,4,3+ branch,0 no foreign neighbour,875.4429931640625,1.8162059269117588
779,7,7,3.0,0.0,5139.0,0.6666666666666666,984.0,1,1,4,3+ branch,mixed,591.0700073242188,2.8022287521675735
780,0,0,4.0,0.0,5139.0,0.5,914.0,0,0,6,3+ branch,mixed,1.0,1.07869202014314
781,6,6,2.0,0.0,5139.0,0.5,733.0,0,0,4,2 path,mixed,701.4550170898438,3.411529505961143
782,6,6,3.0,0.0,5139.0,1.0,733.0,0,0,4,3+ branch,1 all neighbours foreign,862.969970703125,3.390194732657894
783,8,8,4.0,0.0,5139.0,0.5,452.0,1,1,6,3+ branch,mixed,1.0,4.916495374143579
784,7,7,2.0,0.0,5139.0,1.0,984.0,1,1,4,2 path,1 all neighbours foreign,948.9349975585938,2.6678801399405825
785,6,6,2.0,0.0,5139.0,0.5,733.0,0,0,4,2 path,mixed,907.1190185546875,3.324511454653594
786,6,6,2.0,0.0,5139.0,1.0,733.0,0,0,4,2 path,1 all neighbours foreign,597.47802734375,3.4342795703819404
787,1,1,1.0,0.0,5139.0,0.0,276.0,1,1,2,1 tip,0 no foreign neighbour,2.9512200355529785,5.528852354459219
788,0,0,2.0,0.0,5139.0,0.0,914.0,1,1,0,2 path,0 no foreign neighbour,34.14149856567383,1.0456113202835657
789,0,0,3.0,0.0,5139.0,1.0,914.0,0,0,5,3+ branch,1 all neighbours foreign,1.0,1.0837864982276242
790,6,6,4.0,0.0,5139.0,0.5,733.0,1,1,5,3+ branch,mixed,1.0,3.4649956332129754
791,0,0,4.0,0.0,5139.0,0.75,914.0,1,1,0,3+ branch,mixed,1.0,1.069130022193376
792,7,7,4.0,0.0,5139.0,0.0,984.0,0,0,0,3+ branch,0 no foreign neighbour,1.0,2.8439586158432704
793,9,9,3.0,0.6666666865348816,5139.0,0.3333333333333333,373.0,1,1,9,3+ branch,mixed,13.0,3.6818747278031903
794,5,5,4.0,0.0,5139.0,0.0,336.0,1,1,9,3+ branch,0 no foreign neighbour,1.0,10.93490628532831
795,7,7,4.0,0.0,5139.0,0.5,984.0,1,0,5,3+ branch,mixed,1.0,2.8366627777583293
796,6,6,4.0,0.0,5139.0,0.5,733.0,1,1,5,3+ branch,mixed,1.0,3.469896718694516
797,0,0,2.0,0.0,5139.0,0.0,914.0,0,0,5,2 path,0 no foreign neighbour,1.0,1.0595952993341353
798,7,7,4.0,0.0,5139.0,0.5,984.0,1,0,5,3+ branch,mixed,1.0,2.838320847381242
799,0,0,3.0,0.0,5139.0,1.0,914.0,1,1,9,3+ branch,1 all neighbours foreign,1.0,1.0713045459551123
800,7,7,3.0,0.0,5139.0,0.3333333333333333,984.0,1,0,5,3+ branch,mixed,1.0,2.8475088398284583
801,0,0,3.0,0.0,5139.0,0.6666666666666666,914.0,0,0,5,3+ branch,mixed,7.053569793701172,1.0917735280341632
802,7,7,3.0,0.0,5139.0,0.0,984.0,1,0,5,3+ branch,0 no foreign neighbour,1.0,2.8439586158432704
803,7,7,3.0,0.0,5139.0,0.0,984.0,1,0,5,3+ branch,0 no foreign neighbour,1.0,2.8439586158432704
804,6,6,4.0,0.0,5139.0,1.0,733.0,1,1,5,3+ branch,1 all neighbours foreign,1.0,3.467942915125073
805,3,3,3.0,0.0,5139.0,0.0,295.0,1,1,2,3+ branch,0 no foreign neighbour,1.0,5.540017180514945
806,7,7,3.0,0.0,5139.0,0.6666666666666666,984.0,0,0,9,3+ branch,mixed,2.851059913635254,2.847960221008366
807,0,0,3.0,0.0,5139.0,0.0,914.0,0,0,5,3+ branch,0 no foreign neighbour,1.0,1.0853847048110419
808,2,2,3.0,0.0,5139.0,0.0,234.0,1,1,5,3+ branch,0 no foreign neighbour,3.7541000843048096,8.195367091271049
809,0,0,4.0,0.0,5139.0,1.0,914.0,0,0,5,3+ branch,1 all neighbours foreign,1.0,1.082027693118296
810,9,9,3.0,0.0,5139.0,0.0,373.0,1,1,5,3+ branch,0 no foreign neighbour,1.0,3.688304214370634
811,2,2,4.0,0.0,5139.0,0.0,234.0,1,1,5,3+ branch,0 no foreign neighbour,1.0,8.20453987718731
812,0,0,3.0,0.0,5139.0,1.0,914.0,0,0,5,3+ branch,1 all neighbours foreign,1.0,1.082673741991348
813,0,0,2.0,0.0,5139.0,1.0,914.0,0,0,5,2 path,1 all neighbours foreign,1.0,1.0736251755363417
814,0,0,4.0,0.0,5139.0,0.75,914.0,0,0,5,3+ branch,mixed,1.0,1.0828195442960091
815,4,4,4.0,0.0,5139.0,0.0,543.0,1,1,5,3+ branch,0 no foreign neighbour,13.907999992370605,1.8584316331170887
816,5,5,3.0,0.0,5139.0,0.0,336.0,1,1,5,3+ branch,0 no foreign neighbour,1.0,10.941893121586006
817,9,9,4.0,0.0,5139.0,0.0,373.0,1,1,5,3+ branch,0 no foreign neighbour,1.0,3.701910218687877
818,8,8,3.0,0.0,5139.0,0.0,452.0,1,1,0,3+ branch,0 no foreign neighbour,1.0,4.926071321672632
819,5,5,1.0,0.0,5139.0,0.0,336.0,1,1,5,1 tip,0 no foreign neighbour,1.0,10.909243579020044
820,0,0,4.0,0.0,5139.0,1.0,914.0,1,1,9,3+ branch,1 all neighbours foreign,1.0,1.0719590699624082
821,0,0,4.0,0.0,5139.0,1.0,914.0,0,0,5,3+ branch,1 all neighbours foreign,1.0,1.0810913512808353
822,7,7,2.0,0.0,5139.0,0.5,984.0,0,0,0,2 path,mixed,37.058101654052734,2.8236118620870565
823,8,8,4.0,0.0,5139.0,0.0,452.0,1,1,0,3+ branch,0 no foreign neighbour,1.0,4.935437971447658
824,7,7,4.0,0.0,5139.0,0.5,984.0,1,0,5,3+ branch,mixed,1.0,2.8412463953876452
825,0,0,3.0,0.0,5139.0,0.6666666666666666,914.0,0,0,5,3+ branch,mixed,1.0,1.0841088834502148
826,7,7,3.0,0.0,5139.0,0.3333333333333333,984.0,1,0,5,3+ branch,mixed,1.0,2.850313397884177
827,0,0,3.0,0.0,5139.0,0.6666666666666666,914.0,0,0,5,3+ branch,mixed,1.0,1.091076216916886
828,6,6,4.0,0.0,5139.0,0.5,733.0,1,1,5,3+ branch,mixed,1.0,3.4580475910718036
829,9,9,3.0,0.0,5139.0,0.0,373.0,1,1,5,3+ branch,0 no foreign neighbour,1.0,3.693514661825258
830,7,7,3.0,0.0,5139.0,0.3333333333333333,984.0,1,0,5,3+ branch,mixed,1.9259300231933594,2.8357742506746475
831,0,0,4.0,0.0,5139.0,1.0,914.0,0,0,5,3+ branch,1 all neighbours foreign,1.0,1.10208882454902
832,5,5,3.0,0.0,5139.0,0.0,336.0,1,1,5,3+ branch,0 no foreign neighbour,1.0,10.91302151083854
833,7,7,4.0,0.0,5139.0,0.5,984.0,0,0,0,3+ branch,mixed,47.39080047607422,2.830650917613741
834,9,9,3.0,0.0,5139.0,0.0,373.0,1,1,5,3+ branch,0 no foreign neighbour,7.535709857940674,3.7177154591788657
835,0,0,3.0,0.0,5139.0,0.6666666666666666,914.0,0,0,5,3+ branch,mixed,1.0,1.0766218996314236
836,0,0,4.0,0.0,5139.0,1.0,914.0,0,0,5,3+ branch,1 all neighbours foreign,1.0,1.0637281055789767
837,3,3,3.0,0.0,5139.0,0.0,295.0,1,1,5,3+ branch,0 no foreign neighbour,2.9411799907684326,5.55828489766921
838,2,2,3.0,0.0,5139.0,0.0,234.0,1,1,5,3+ branch,0 no foreign neighbour,1.0,8.198975895654561
839,5,5,3.0,0.0,5139.0,0.0,336.0,1,1,5,3+ branch,0 no foreign neighbour,1.0,10.925751340510287
840,0,0,4.0,0.0,5139.0,1.0,914.0,0,0,5,3+ branch,1 all neighbours foreign,1.0,1.0788380421183839
841,1,1,3.0,0.0,5139.0,0.0,276.0,1,1,5,3+ branch,0 no foreign neighbour,1.0,5.540350842645047
842,8,8,3.0,0.0,5139.0,0.0,452.0,1,1,5,3+ branch,0 no foreign neighbour,1.0,4.93907985632379
843,0,0,3.0,0.0,5139.0,1.0,914.0,0,0,5,3+ branch,1 all neighbours foreign,1.0,1.099709941523506
844,0,0,3.0,0.0,5139.0,0.3333333333333333,914.0,1,1,9,3+ branch,mixed,1.0,1.088961584536404
845,0,0,3.0,0.0,5139.0,0.6666666666666666,914.0,0,0,5,3+ branch,mixed,1.0,1.0695113800362916
846,5,5,2.0,0.0,5139.0,0.5,336.0,1,1,0,2 path,mixed,49.459999084472656,10.880511451325386
847,7,7,3.0,0.0,5139.0,0.3333333333333333,984.0,1,0,5,3+ branch,mixed,1.0,2.846476370821725
848,5,5,1.0,0.0,5139.0,0.0,336.0,1,1,9,1 tip,0 no foreign neighbour,1.0,10.941893121586006
849,1,1,4.0,0.0,5139.0,0.0,276.0,1,1,5,3+ branch,0 no foreign neighbour,5.982140064239502,5.540276908352044
850,0,0,2.0,0.0,5139.0,0.0,914.0,1,0,0,2 path,0 no foreign neighbour,40.638099670410156,1.0586678120254953
851,1,1,4.0,0.0,5139.0,0.0,276.0,1,1,5,3+ branch,0 no foreign neighbour,1.0,5.52420832299695
852,0,0,2.0,0.0,5139.0,1.0,914.0,1,0,0,2 path,1 all neighbours foreign,94.08760070800781,1.0518171460343513
853,0,0,4.0,0.0,5139.0,1.0,914.0,0,0,5,3+ branch,1 all neighbours foreign,1.0,1.0850344006595303
854,0,0,3.0,0.0,5139.0,0.3333333333333333,914.0,0,0,5,3+ branch,mixed,14.587300300598145,1.0681628180421006
855,4,4,2.0,0.0,5139.0,0.5,543.0,1,1,2,2 path,mixed,40.43840026855469,1.8458530095461594
856,0,0,2.0,0.0,5139.0,0.0,914.0,1,1,0,2 path,0 no foreign neighbour,40.382999420166016,1.0829909334501944
857,7,7,4.0,0.0,5139.0,0.5,984.0,1,0,5,3+ branch,mixed,8.987339973449707,2.8273771895353583
858,6,6,4.0,0.0,5139.0,0.5,733.0,1,1,5,3+ branch,mixed,1.0,3.4633185712963086
859,9,9,1.0,0.0,5139.0,0.0,373.0,1,1,5,1 tip,0 no foreign neighbour,9.481929779052734,3.665740375432535
860,7,7,4.0,0.0,5139.0,0.5,984.0,1,0,5,3+ branch,mixed,1.0,2.8387323402611924
861,0,0,4.0,0.0,5139.0,1.0,914.0,0,0,5,3+ branch,1 all neighbours foreign,3.0,1.077253083175167
862,9,9,3.0,0.0,5139.0,0.0,373.0,1,1,5,3+ branch,0 no foreign neighbour,1.0,3.712002289359774
863,0,0,3.0,0.0,5139.0,1.0,914.0,1,1,0,3+ branch,1 all neighbours foreign,1.0,1.065220420981069
864,0,0,4.0,0.0,5139.0,1.0,914.0,1,1,9,3+ branch,1 all neighbours foreign,1.0,1.0835109183965872
865,0,0,3.0,0.3333333432674408,5139.0,0.0,914.0,0,0,5,3+ branch,0 no foreign neighbour,1.0,1.0765096962273586
866,7,7,3.0,0.0,5139.0,0.3333333333333333,984.0,1,0,5,3+ branch,mixed,1.0,2.8426416375784602
867,7,7,4.0,0.0,5139.0,0.5,984.0,1,0,5,3+ branch,mixed,1.0,2.8482265809990874
868,5,5,4.0,0.0,5139.0,0.0,336.0,1,1,5,3+ branch,0 no foreign neighbour,1.0,10.91705154310074
869,4,4,2.0,1.0,5139.0,0.5,543.0,1,1,0,2 path,mixed,3.9206299781799316,1.8922229862505808
870,0,0,4.0,0.0,5139.0,0.5,914.0,1,1,0,3+ branch,mixed,1.0,1.071538429775077
871,6,6,4.0,0.0,5139.0,0.5,733.0,1,1,5,3+ branch,mixed,1.0,3.4595735197561157
872,0,0,4.0,0.0,5139.0,1.0,914.0,1,0,0,3+ branch,1 all neighbours foreign,1.0,1.0756636275819282
873,8,8,3.0,0.0,5139.0,0.0,452.0,1,1,5,3+ branch,0 no foreign neighbour,1.0,4.935437971447658
874,1,1,3.0,0.0,5139.0,0.0,276.0,1,1,5,3+ branch,0 no foreign neighbour,13.430399894714355,5.516566325040458
875,6,6,3.0,0.0,5139.0,0.0,733.0,1,1,5,3+ branch,0 no foreign neighbour,7.984129905700684,3.4627530650801543
876,0,0,4.0,0.0,5139.0,1.0,914.0,0,0,5,3+ branch,1 all neighbours foreign,1.0,1.0741223697412798
877,0,0,3.0,0.0,5139.0,0.6666666666666666,914.0,0,0,2,3+ branch,mixed,1.0,1.070709969695202
878,2,2,2.0,0.0,5139.0,0.0,234.0,1,1,0,2 path,0 no foreign neighbour,46.00669860839844,8.148011114520738
879,0,0,3.0,0.0,5139.0,0.6666666666666666,914.0,0,0,5,3+ branch,mixed,1.0,1.0700101513071871
880,3,3,1.0,0.0,5139.0,0.0,295.0,1,1,2,1 tip,0 no foreign neighbour,1.0,5.542210732449038
881,8,8,2.0,0.0,5139.0,0.0,452.0,1,1,5,2 path,0 no foreign neighbour,25.252300262451172,4.908684033781636
882,0,0,4.0,0.0,5139.0,1.0,914.0,0,0,5,3+ branch,1 all neighbours foreign,1.0,1.081823398286436
883,4,4,3.0,0.0,5139.0,0.0,543.0,1,1,0,3+ branch,0 no foreign neighbour,6.973680019378662,1.8585166719140034
884,5,5,3.0,0.0,5139.0,0.0,336.0,1,1,5,3+ branch,0 no foreign neighbour,1.0,10.912704938020896
885,0,0,3.0,0.0,5139.0,0.6666666666666666,914.0,1,1,0,3+ branch,mixed,1.0,1.076235218321679
886,8,8,4.0,0.0,5139.0,0.5,452.0,1,1,5,3+ branch,mixed,1.0,4.9257199232084306
887,6,6,3.0,0.0,5139.0,0.6666666666666666,733.0,1,1,5,3+ branch,mixed,1.0,3.451717713974871
888,2,2,4.0,0.0,5139.0,0.0,234.0,1,1,5,3+ branch,0 no foreign neighbour,1.0,8.189960554714059
889,7,7,4.0,0.0,5139.0,0.5,984.0,1,0,5,3+ branch,mixed,1.0,2.8466369292166176
890,0,0,4.0,0.0,5139.0,1.0,914.0,0,0,5,3+ branch,1 all neighbours foreign,1.0,1.0775218599402037
891,1,1,3.0,0.0,5139.0,0.0,276.0,1,1,5,3+ branch,0 no foreign neighbour,1.7083300352096558,5.55794017809967
892,8,8,3.0,0.0,5139.0,0.0,452.0,1,1,5,3+ branch,0 no foreign neighbour,3.403510093688965,4.918573324277355
893,9,9,3.0,0.0,5139.0,0.0,373.0,1,1,0,3+ branch,0 no foreign neighbour,1.0,3.6923004860162996
894,1,1,2.0,0.0,5139.0,0.0,276.0,1,1,0,2 path,0 no foreign neighbour,48.64970016479492,5.465492316843057
895,0,0,3.0,0.0,5139.0,1.0,914.0,0,0,5,3+ branch,1 all neighbours foreign,1.0,1.0818183775669379
896,8,8,3.0,0.0,5139.0,0.0,452.0,1,1,5,3+ branch,0 no foreign neighbour,1.0,4.936527608008974
897,4,4,2.0,0.0,5139.0,0.5,543.0,1,1,0,2 path,mixed,50.14360046386719,1.8591463414025775
898,5,5,3.0,0.0,5139.0,0.0,336.0,1,1,5,3+ branch,0 no foreign neighbour,1.0,10.920964217587215
899,0,0,4.0,0.0,5139.0,0.5,914.0,0,0,5,3+ branch,mixed,1.0,1.0858994065691876
900,0,0,4.0,0.0,5139.0,1.0,914.0,0,0,5,3+ branch,1 all neighbours foreign,1.0,1.0721393333351632
901,8,8,3.0,0.0,5139.0,0.0,452.0,1,1,0,3+ branch,0 no foreign neighbour,9.483329772949219,4.913563168082978
902,0,0,3.0,0.0,5139.0,1.0,914.0,0,0,5,3+ branch,1 all neighbours foreign,1.0,1.0757700714630765
903,9,9,2.0,0.0,5139.0,0.0,373.0,1,1,0,2 path,0 no foreign neighbour,35.06959915161133,3.6722269095376787
904,7,7,2.0,1.0,5139.0,0.5,984.0,1,0,5,2 path,mixed,7.830190181732178,2.8449022785691045
905,1,1,3.0,0.0,5139.0,0.0,276.0,1,1,5,3+ branch,0 no foreign neighbour,6.7258100509643555,5.554998706446039
906,7,7,3.0,0.0,5139.0,0.0,984.0,0,0,9,3+ branch,0 no foreign neighbour,1.0,2.8501178078434375
907,0,0,3.0,0.3333333432674408,5139.0,0.6666666666666666,914.0,0,0,5,3+ branch,mixed,1.0,1.0776244514598865
908,8,8,1.0,0.0,5139.0,0.0,452.0,1,1,5,1 tip,0 no foreign neighbour,1.0,4.932327655199176
909,2,2,2.0,0.0,5139.0,0.5,234.0,1,1,0,2 path,mixed,40.06449890136719,8.114342880630083
910,5,5,4.0,0.0,5139.0,0.0,336.0,1,1,5,3+ branch,0 no foreign neighbour,1.0,10.923526074065197
911,0,0,4.0,0.0,5139.0,1.0,914.0,0,0,5,3+ branch,1 all neighbours foreign,1.0,1.08730809524348
912,8,8,3.0,0.0,5139.0,0.0,452.0,1,1,2,3+ branch,0 no foreign neighbour,9.0,4.919348773382297
913,6,6,3.0,0.0,5139.0,0.6666666666666666,733.0,1,1,5,3+ branch,mixed,1.0,3.469892582263373
914,4,4,2.0,0.0,5139.0,0.5,543.0,1,1,0,2 path,mixed,28.881799697875977,1.8501146245050653
915,0,0,3.0,0.0,5139.0,1.0,914.0,0,0,5,3+ branch,1 all neighbours foreign,2.526319980621338,1.0817963668793154
916,7,7,4.0,0.0,5139.0,0.5,984.0,1,0,5,3+ branch,mixed,6.0,2.8377974767607035
917,2,2,2.0,0.0,5139.0,0.0,234.0,1,1,0,2 path,0 no foreign neighbour,37.04880142211914,8.16287904067646
918,8,8,2.0,0.0,5139.0,0.0,452.0,1,0,8,2 path,0 no foreign neighbour,1.0,4.921687728517291
919,9,9,4.0,0.0,5139.0,0.0,373.0,1,1,5,3+ branch,0 no foreign neighbour,1.0,3.717522148092501
920,9,9,1.0,0.0,5139.0,0.0,373.0,1,1,0,1 tip,0 no foreign neighbour,46.21390151977539,3.6724150100094173
921,7,7,4.0,0.0,5139.0,0.5,984.0,1,0,5,3+ branch,mixed,1.0,2.837627075576723
922,7,7,4.0,0.0,5139.0,0.5,984.0,1,0,5,3+ branch,mixed,1.0,2.838929620641961
923,1,1,2.0,0.0,5139.0,0.0,276.0,1,1,8,2 path,0 no foreign neighbour,38.4286003112793,5.487025030704948
924,0,0,2.0,0.0,5139.0,0.5,914.0,1,1,0,2 path,mixed,28.118799209594727,1.0522958169895194
925,7,7,2.0,0.0,5139.0,0.5,984.0,0,0,0,2 path,mixed,29.406999588012695,2.822166721393389
926,0,0,2.0,0.0,5139.0,1.0,914.0,0,0,2,2 path,1 all neighbours foreign,1.0,1.0670533231825854
927,9,9,3.0,0.0,5139.0,0.3333333333333333,373.0,1,1,5,3+ branch,mixed,11.859199523925781,3.6992966754284855
928,8,8,1.0,0.0,5139.0,0.0,452.0,1,1,5,1 tip,0 no foreign neighbour,2.2982499599456787,4.900826346467532
929,4,4,2.0,0.0,5139.0,1.0,543.0,1,1,0,2 path,1 all neighbours foreign,63.04389953613281,1.7855203746481343
930,1,1,4.0,0.0,5139.0,0.0,276.0,1,1,5,3+ branch,0 no foreign neighbour,15.0,5.533292595606789
931,7,7,4.0,0.0,5139.0,0.5,984.0,1,0,5,3+ branch,mixed,1.0,2.8429257591314996
932,0,0,4.0,0.0,5139.0,1.0,914.0,0,0,5,3+ branch,1 all neighbours foreign,1.0,1.0777603471045332
933,6,6,3.0,0.0,5139.0,0.0,733.0,1,1,5,3+ branch,0 no foreign neighbour,1.9642900228500366,3.4432856904166527
934,1,1,4.0,0.0,5139.0,0.0,276.0,1,1,5,3+ branch,0 no foreign neighbour,1.0,5.534840665328795
935,7,7,4.0,0.0,5139.0,0.0,984.0,1,0,5,3+ branch,0 no foreign neighbour,31.296300888061523,2.8345614055887784
936,7,7,4.0,0.0,5139.0,0.0,984.0,1,0,5,3+ branch,0 no foreign neighbour,1.0,2.8429065457211244
937,0,0,4.0,0.0,5139.0,0.5,914.0,0,0,5,3+ branch,mixed,1.0,1.0674750691832973
938,6,6,2.0,0.0,5139.0,0.5,733.0,1,1,0,2 path,mixed,44.25709915161133,3.434956827083873
939,7,7,4.0,0.0,5139.0,0.5,984.0,1,0,5,3+ branch,mixed,1.0,2.840668299536783
940,0,0,1.0,0.0,5139.0,1.0,914.0,0,0,5,1 tip,1 all neighbours foreign,1.0,1.0950937038621162
941,8,8,2.0,1.0,5139.0,0.0,452.0,1,1,5,2 path,0 no foreign neighbour,1.0,4.938461707160465
942,4,4,2.0,0.0,5139.0,0.0,543.0,1,1,2,2 path,0 no foreign neighbour,46.7135009765625,1.7957982262347276
943,1,1,1.0,0.0,5139.0,0.0,276.0,1,1,5,1 tip,0 no foreign neighbour,1.0,5.558437031255766
944,8,8,1.0,0.0,5139.0,0.0,452.0,1,1,5,1 tip,0 no foreign neighbour,10.372900009155273,4.944612396413722
945,0,0,2.0,0.0,5139.0,0.5,914.0,1,1,0,2 path,mixed,1.0,1.0838948950750202
946,0,0,2.0,0.0,5139.0,0.0,914.0,1,1,0,2 path,0 no foreign neighbour,1.0,1.0844360978155623
947,3,3,3.0,0.0,5139.0,0.0,295.0,1,1,5,3+ branch,0 no foreign neighbour,1.0,5.557137136249633
948,0,0,4.0,0.0,5139.0,1.0,914.0,0,0,5,3+ branch,1 all neighbours foreign,1.0,1.0759460889448846
949,7,7,4.0,0.0,5139.0,0.5,984.0,1,0,5,3+ branch,mixed,1.0,2.8520334978854915
950,7,7,3.0,0.0,5139.0,0.0,984.0,1,0,5,3+ branch,0 no foreign neighbour,1.0,2.842597710095917
951,7,7,2.0,0.0,5139.0,0.5,984.0,0,0,9,2 path,mixed,83.02330017089844,2.8061102210853455
952,1,1,2.0,0.0,5139.0,0.5,276.0,1,1,0,2 path,mixed,39.29130172729492,5.517412334489962
953,5,5,4.0,0.0,5139.0,0.0,336.0,1,1,9,3+ branch,0 no foreign neighbour,1.0,10.925767746404173
954,0,0,2.0,0.0,5139.0,0.5,914.0,1,0,0,2 path,mixed,36.80830001831055,1.0771983195008494
955,9,9,2.0,0.0,5139.0,0.0,373.0,1,1,9,2 path,0 no foreign neighbour,38.94929885864258,3.6796308286963884
956,2,2,4.0,0.0,5139.0,0.0,234.0,1,1,5,3+ branch,0 no foreign neighbour,1.0,8.196064908845347
957,4,4,2.0,0.0,5139.0,0.5,543.0,1,1,0,2 path,mixed,44.68659973144531,1.8670367604761804
958,6,6,4.0,0.0,5139.0,0.75,733.0,1,1,5,3+ branch,mixed,1.0,3.4653462054484345
959,9,9,3.0,0.0,5139.0,0.0,373.0,1,1,5,3+ branch,0 no foreign neighbour,1.0,3.6933987242694672
960,4,4,2.0,0.0,5139.0,1.0,543.0,1,1,0,2 path,1 all neighbours foreign,39.13330078125,1.8561210079332844
961,2,2,2.0,0.0,5139.0,0.5,234.0,1,1,0,2 path,mixed,26.16670036315918,8.188583866475117
962,7,7,1.0,0.0,5139.0,0.0,984.0,0,0,9,1 tip,0 no foreign neighbour,18.69230079650879,2.8124065016793574
963,0,0,3.0,0.0,5139.0,0.6666666666666666,914.0,1,1,9,3+ branch,mixed,1.0,1.0840184684941558
964,0,0,3.0,0.0,5139.0,1.0,914.0,1,1,0,3+ branch,1 all neighbours foreign,14.49209976196289,1.073867197997811
965,0,0,2.0,0.0,5139.0,0.0,914.0,1,0,0,2 path,0 no foreign neighbour,1.0,1.0757928190205432
966,5,5,3.0,0.0,5139.0,0.3333333333333333,336.0,1,1,9,3+ branch,mixed,9.619050025939941,10.923535204213088
967,5,5,3.0,0.0,5139.0,0.6666666666666666,336.0,1,1,9,3+ branch,mixed,1.0,10.921209437724901
968,0,0,1.0,0.0,5139.0,0.0,914.0,0,0,2,1 tip,0 no foreign neighbour,90.42310333251953,1.0566373219320928
969,8,8,4.0,0.0,5139.0,0.25,452.0,1,1,0,3+ branch,mixed,52.945098876953125,4.905693052031142
970,8,8,3.0,0.0,5139.0,0.0,452.0,1,1,5,3+ branch,0 no foreign neighbour,1.0,4.9235467216543425
971,8,8,2.0,0.0,5139.0,0.5,452.0,1,1,8,2 path,mixed,34.585201263427734,4.897648854959624
972,5,5,3.0,0.0,5139.0,0.0,336.0,1,1,5,3+ branch,0 no foreign neighbour,1.0,10.946233931382741
973,0,0,2.0,0.0,5139.0,0.5,914.0,1,0,0,2 path,mixed,55.67720031738281,1.047029361424585
974,4,4,3.0,0.0,5139.0,0.0,543.0,1,1,6,3+ branch,0 no foreign neighbour,115.22000122070312,1.873401513682102
975,5,5,4.0,0.0,5139.0,0.0,336.0,1,1,5,3+ branch,0 no foreign neighbour,1.0,10.92497828077475
976,9,9,3.0,0.0,5139.0,0.0,373.0,1,1,5,3+ branch,0 no foreign neighbour,24.790700912475586,3.6961610736968074
977,8,8,2.0,0.0,5139.0,0.0,452.0,1,1,0,2 path,0 no foreign neighbour,65.9260025024414,4.795226627341198
978,6,6,4.0,0.0,5139.0,0.5,733.0,1,1,0,3+ branch,mixed,64.29290008544922,3.44266639443521
979,8,8,3.0,0.0,5139.0,0.0,452.0,1,1,5,3+ branch,0 no foreign neighbour,1.0,4.918478857357379
980,7,7,4.0,0.0,5139.0,0.5,984.0,0,0,9,3+ branch,mixed,1.0,2.845765349845972
981,6,6,2.0,0.0,5139.0,0.5,733.0,1,1,0,2 path,mixed,54.26279830932617,3.421547514791952
982,9,9,3.0,0.0,5139.0,0.0,373.0,1,1,0,3+ branch,0 no foreign neighbour,6.099999904632568,3.7153363164316024
983,4,4,4.0,0.0,5139.0,0.5,543.0,1,1,2,3+ branch,mixed,3.5302999019622803,1.8675279377305765
984,3,3,1.0,0.0,5139.0,0.0,295.0,1,1,2,1 tip,0 no foreign neighbour,5.473680019378662,5.536907459870653
985,4,4,4.0,0.0,5139.0,0.0,543.0,1,1,5,3+ branch,0 no foreign neighbour,1.0,1.8881586683330112
986,0,0,2.0,0.0,5139.0,1.0,914.0,0,0,6,2 path,1 all neighbours foreign,102.51200103759766,1.043573709219791
987,5,5,4.0,0.0,5139.0,0.0,336.0,1,1,5,3+ branch,0 no foreign neighbour,30.819299697875977,10.911202133295722
988,9,9,1.0,0.0,5139.0,0.0,373.0,1,1,9,1 tip,0 no foreign neighbour,33.906700134277344,3.6781752658560682
989,4,4,4.0,0.0,5139.0,0.5,543.0,1,1,0,3+ branch,mixed,15.0,1.8551218362638913
990,0,0,2.0,0.0,5139.0,0.5,914.0,1,0,0,2 path,mixed,43.17919921875,1.0118022084645943
991,9,9,3.0,0.0,5139.0,0.0,373.0,1,1,0,3+ branch,0 no foreign neighbour,40.04710006713867,3.682814785731454
992,2,2,2.0,0.0,5139.0,0.5,234.0,1,1,0,2 path,mixed,50.24620056152344,8.170124571146635
993,0,0,3.0,0.0,5139.0,0.3333333333333333,914.0,1,1,0,3+ branch,mixed,16.946699142456055,1.0811875848624832
994,3,3,2.0,0.0,5139.0,0.5,295.0,1,1,5,2 path,mixed,31.556499481201172,5.513975384322028
995,0,0,3.0,0.0,5139.0,0.3333333333333333,914.0,1,1,3,3+ branch,mixed,1.0,1.0846252531039764
996,0,0,4.0,0.0,5139.0,1.0,914.0,0,0,5,3+ branch,1 all neighbours foreign,1.0,1.0716335709742362
997,7,7,3.0,0.0,5139.0,0.0,984.0,0,0,0,3+ branch,0 no foreign neighbour,1.0,2.8468487367284685
998,4,4,1.0,0.0,5139.0,1.0,543.0,1,1,2,1 tip,1 all neighbours foreign,48.57809829711914,1.8412290211226292
999,0,0,4.0,0.0,5139.0,1.0,914.0,0,0,5,3+ branch,1 all neighbours foreign,1.0,1.0743522382697213
1000,8,8,2.0,0.0,5139.0,0.0,452.0,1,1,0,2 path,0 no foreign neighbour,46.880699157714844,4.816998248883762
1001,6,6,2.0,0.0,5139.0,1.0,733.0,1,1,8,2 path,1 all neighbours foreign,32.374000549316406,3.4019968090384762
1002,0,0,4.0,0.0,5139.0,1.0,914.0,0,0,5,3+ branch,1 all neighbours foreign,1.0,1.0770373740969386
1003,2,2,3.0,0.0,5139.0,0.0,234.0,1,1,5,3+ branch,0 no foreign neighbour,1.0,8.201032505960097
1004,6,6,4.0,0.0,5139.0,0.5,733.0,1,1,5,3+ branch,mixed,1.0,3.4568593041554494
1005,4,4,2.0,0.0,5139.0,0.5,543.0,1,1,0,2 path,mixed,27.321399688720703,1.8296175771960088
1006,5,5,4.0,0.0,5139.0,0.0,336.0,1,1,5,3+ branch,0 no foreign neighbour,1.0,10.924739447777082
1007,7,7,2.0,0.0,5139.0,0.0,984.0,0,0,0,2 path,0 no foreign neighbour,46.93989944458008,2.774228694362072
1008,8,8,4.0,0.0,5139.0,0.0,452.0,1,1,5,3+ branch,0 no foreign neighbour,1.0,4.910538347471281
1009,4,4,2.0,0.0,5139.0,0.5,543.0,1,1,0,2 path,mixed,22.670700073242188,1.8377503404997564
1010,7,7,3.0,0.0,5139.0,0.3333333333333333,984.0,1,0,5,3+ branch,mixed,30.040000915527344,2.831328891825036
1011,5,5,3.0,0.0,5139.0,0.0,336.0,1,1,5,3+ branch,0 no foreign neighbour,1.0,10.917008002140118
1012,9,9,3.0,0.0,5139.0,0.0,373.0,1,1,5,3+ branch,0 no foreign neighbour,13.949999809265137,3.7024480701607665
1013,9,9,1.0,0.0,5139.0,0.0,373.0,1,1,9,1 tip,0 no foreign neighbour,10.703700065612793,3.6957098381949454
1014,1,1,2.0,0.0,5139.0,0.5,276.0,1,1,0,2 path,mixed,37.36130142211914,5.517604975589455
1015,0,0,4.0,0.0,5139.0,0.75,914.0,0,0,5,3+ branch,mixed,1.0,1.0907974069127866
1016,0,0,4.0,0.0,5139.0,0.5,914.0,1,1,3,3+ branch,mixed,1.0,1.0891326117537203
1017,5,5,4.0,0.0,5139.0,0.0,336.0,1,1,6,3+ branch,0 no foreign neighbour,45.61949920654297,10.892908581427593
1018,4,4,2.0,0.0,5139.0,0.5,543.0,1,1,0,2 path,mixed,18.346200942993164,1.863002859467905
1019,9,9,3.0,0.0,5139.0,0.0,373.0,1,1,5,3+ branch,0 no foreign neighbour,4.338240146636963,3.7023579450263413
1020,6,6,4.0,0.0,5139.0,0.5,733.0,1,1,0,3+ branch,mixed,1.0,3.4597672120978533
1021,3,3,3.0,0.0,5139.0,0.3333333333333333,295.0,1,1,0,3+ branch,mixed,44.9286003112793,5.492492037412611
1022,9,9,3.0,0.0,5139.0,0.0,373.0,1,1,5,3+ branch,0 no foreign neighbour,1.0,3.7019457714565336
1023,2,2,2.0,1.0,5139.0,0.0,234.0,1,1,0,2 path,0 no foreign neighbour,20.10059928894043,8.166034435240373
1024,4,4,2.0,0.0,5139.0,0.5,543.0,1,1,0,2 path,mixed,35.77539825439453,1.8232309013815053
1025,0,0,3.0,0.0,5139.0,1.0,914.0,0,0,5,3+ branch,1 all neighbours foreign,1.0,1.0813048759192427
1026,0,0,2.0,0.0,5139.0,0.5,914.0,1,0,0,2 path,mixed,63.09479904174805,1.0171085696953377
1027,0,0,4.0,0.0,5139.0,0.75,914.0,1,1,0,3+ branch,mixed,1.0,1.0746348697742045
1028,6,6,4.0,0.0,5139.0,1.0,733.0,1,1,5,3+ branch,1 all neighbours foreign,1.0,3.457452060467435
1029,0,0,4.0,0.0,5139.0,1.0,914.0,0,0,5,3+ branch,1 all neighbours foreign,1.0,1.0782979115980371
1030,8,8,3.0,0.0,5139.0,0.0,452.0,1,1,6,3+ branch,0 no foreign neighbour,1.0,4.929915683065762
1031,9,9,2.0,0.0,5139.0,0.0,373.0,1,1,0,2 path,0 no foreign neighbour,29.059499740600586,3.6869905810705017
1032,9,9,1.0,0.0,5139.0,0.0,373.0,1,1,5,1 tip,0 no foreign neighbour,19.252300262451172,3.689583580038263
1033,7,7,3.0,0.0,5139.0,0.3333333333333333,984.0,1,0,5,3+ branch,mixed,1.0,2.8363658125447233
1034,9,9,1.0,0.0,5139.0,0.0,373.0,1,1,5,1 tip,0 no foreign neighbour,13.33329963684082,3.669326007622028
1035,4,4,2.0,0.0,5139.0,0.0,543.0,1,1,2,2 path,0 no foreign neighbour,41.54240036010742,1.8524368837319374
1036,9,9,3.0,0.0,5139.0,0.0,373.0,1,1,5,3+ branch,0 no foreign neighbour,9.0,3.7118479920017275
1037,8,8,2.0,0.0,5139.0,0.5,452.0,1,0,2,2 path,mixed,57.087100982666016,4.8304086303343725
1038,8,8,2.0,1.0,5139.0,0.0,452.0,1,1,8,2 path,0 no foreign neighbour,37.83330154418945,4.888863426406963
1039,2,2,2.0,0.0,5139.0,0.0,234.0,1,1,0,2 path,0 no foreign neighbour,35.38209915161133,8.173341912495998
1040,0,0,4.0,0.0,5139.0,0.0,914.0,1,0,0,3+ branch,0 no foreign neighbour,1.0,1.0700621100907344
1041,7,7,3.0,0.0,5139.0,0.3333333333333333,984.0,1,0,5,3+ branch,mixed,1.9836100339889526,2.8334595853660685
1042,7,7,4.0,0.0,5139.0,0.5,984.0,1,0,5,3+ branch,mixed,1.0,2.8419873627897267
1043,3,3,4.0,0.0,5139.0,0.5,295.0,1,1,5,3+ branch,mixed,1.0,5.559123208729673
1044,0,0,4.0,0.0,5139.0,1.0,914.0,0,0,5,3+ branch,1 all neighbours foreign,1.0,1.0738533286924705
1045,3,3,1.0,0.0,5139.0,0.0,295.0,1,1,2,1 tip,0 no foreign neighbour,40.870601654052734,5.49638865390494
1046,9,9,1.0,0.0,5139.0,0.0,373.0,1,1,9,1 tip,0 no foreign neighbour,1.6376800537109375,3.6893158278258076
1047,0,0,4.0,0.0,5139.0,1.0,914.0,0,0,5,3+ branch,1 all neighbours foreign,1.0,1.0739601919893036
1048,1,1,2.0,0.0,5139.0,0.0,276.0,0,0,7,2 path,0 no foreign neighbour,90.53929901123047,5.5139499867932615
1049,7,7,4.0,0.0,5139.0,0.5,984.0,1,0,5,3+ branch,mixed,1.0,2.8358393381381277
1050,8,8,2.0,0.0,5139.0,0.0,452.0,1,0,0,2 path,0 no foreign neighbour,36.27619934082031,4.884676487847079
1051,8,8,2.0,0.0,5139.0,0.5,452.0,1,1,0,2 path,mixed,1.0,4.925625081254684
1052,6,6,2.0,0.0,5139.0,0.5,733.0,1,1,9,2 path,mixed,1.0,3.4563730948836806
1053,2,2,4.0,0.0,5139.0,0.0,234.0,1,1,5,3+ branch,0 no foreign neighbour,1.6615400314331055,8.211204532750665
1054,7,7,3.0,0.0,5139.0,0.0,984.0,1,0,5,3+ branch,0 no foreign neighbour,1.0,2.8364585084276706
1055,8,8,2.0,0.0,5139.0,0.0,452.0,1,1,5,2 path,0 no foreign neighbour,4.657529830932617,4.928380346631956
1056,9,9,1.0,0.0,5139.0,0.0,373.0,1,1,9,1 tip,0 no foreign neighbour,1.0,3.6651490735420906
1057,3,3,1.0,0.0,5139.0,0.0,295.0,1,1,0,1 tip,0 no foreign neighbour,42.054500579833984,5.492777694226379
1058,9,9,1.0,0.0,5139.0,0.0,373.0,1,1,9,1 tip,0 no foreign neighbour,20.530099868774414,3.627835809238724
1059,4,4,2.0,0.0,5139.0,0.5,543.0,1,1,6,2 path,mixed,43.287601470947266,1.8046710222850992
1060,7,7,0.0,0.0,1.0,,984.0,1,0,5,0 isolated,,1.0,2.709439691351255
1061,8,8,3.0,0.0,5139.0,0.0,452.0,1,1,0,3+ branch,0 no foreign neighbour,1.0,4.933889849586742
1062,8,8,3.0,0.0,5139.0,0.0,452.0,1,1,0,3+ branch,0 no foreign neighbour,2.25,4.91282981708479
1063,7,7,2.0,0.0,5139.0,0.0,984.0,0,0,0,2 path,0 no foreign neighbour,13.523300170898438,2.819090850794321
1064,3,3,2.0,0.0,5139.0,0.0,295.0,1,1,2,2 path,0 no foreign neighbour,44.24440002441406,5.492034733612361
1065,2,2,2.0,0.0,5139.0,0.0,234.0,1,1,0,2 path,0 no foreign neighbour,35.00979995727539,8.200414472232003
1066,5,5,3.0,0.0,5139.0,0.0,336.0,1,1,5,3+ branch,0 no foreign neighbour,1.0,10.936731849509222
1067,8,8,3.0,0.0,5139.0,0.0,452.0,1,1,5,3+ branch,0 no foreign neighbour,1.8196699619293213,4.900032126058318
1068,9,9,1.0,0.0,5139.0,1.0,373.0,1,1,9,1 tip,1 all neighbours foreign,18.556400299072266,3.6598877175902067
1069,9,9,3.0,0.0,5139.0,0.0,373.0,1,1,0,3+ branch,0 no foreign neighbour,49.315799713134766,3.686772932352989
1070,0,0,4.0,0.0,5139.0,1.0,914.0,0,0,5,3+ branch,1 all neighbours foreign,1.0,1.0723364821103754
1071,1,1,4.0,0.0,5139.0,0.0,276.0,1,1,0,3+ branch,0 no foreign neighbour,57.46670150756836,5.505945342408805
1072,0,0,3.0,0.0,5139.0,1.0,914.0,0,0,5,3+ branch,1 all neighbours foreign,1.0,1.0800496665221224
1073,7,7,4.0,0.0,5139.0,0.5,984.0,1,0,5,3+ branch,mixed,1.0,2.8205349609427945
1074,1,1,4.0,0.0,5139.0,0.0,276.0,1,1,5,3+ branch,0 no foreign neighbour,1.0,5.525431543499078
1075,8,8,2.0,0.0,5139.0,0.0,452.0,1,1,0,2 path,0 no foreign neighbour,34.4911994934082,4.875478287596549
1076,5,5,3.0,0.0,5139.0,0.6666666666666666,336.0,1,1,9,3+ branch,mixed,1.0,10.933437279505902
1077,3,3,2.0,0.0,5139.0,0.0,295.0,1,1,5,2 path,0 no foreign neighbour,43.38890075683594,5.535225590979543
1078,6,6,1.0,0.0,5139.0,0.0,733.0,1,1,9,1 tip,0 no foreign neighbour,52.67279815673828,3.4151062905300194
1079,2,2,3.0,0.0,5139.0,0.3333333333333333,234.0,1,1,5,3+ branch,mixed,32.390201568603516,8.19076727134014
1080,2,2,2.0,0.0,5139.0,0.5,234.0,1,1,0,2 path,mixed,55.06370162963867,8.141758430890018
1081,4,4,2.0,0.0,5139.0,0.5,543.0,1,1,0,2 path,mixed,1.0,1.8840379164714032
1082,7,7,4.0,0.0,5139.0,0.5,984.0,0,0,0,3+ branch,mixed,56.189998626708984,2.828035307811405
1083,0,0,3.0,0.0,5139.0,0.6666666666666666,914.0,1,1,0,3+ branch,mixed,30.58209991455078,1.0646643939525946
1084,3,3,4.0,0.0,5139.0,0.0,295.0,1,1,0,3+ branch,0 no foreign neighbour,77.78569793701172,5.523863433858794
1085,7,7,2.0,0.0,5139.0,0.0,984.0,1,0,5,2 path,0 no foreign neighbour,17.604400634765625,2.827944498464804
1086,0,0,4.0,0.0,5139.0,1.0,914.0,0,0,5,3+ branch,1 all neighbours foreign,1.0,1.0837189562935334
1087,9,9,3.0,0.0,5139.0,0.0,373.0,1,1,5,3+ branch,0 no foreign neighbour,3.700000047683716,3.705234391410124
1088,5,5,3.0,0.0,5139.0,0.0,336.0,1,1,0,3+ branch,0 no foreign neighbour,65.802001953125,10.894799296304637
1089,9,9,1.0,0.0,5139.0,0.0,373.0,1,1,8,1 tip,0 no foreign neighbour,22.08970069885254,3.6468239819821484
1090,5,5,1.0,0.0,5139.0,0.0,336.0,1,1,9,1 tip,0 no foreign neighbour,38.7130012512207,10.903883201028808
1091,6,6,2.0,0.0,5139.0,0.5,733.0,1,1,0,2 path,mixed,1.0,3.4346445785599373
1092,7,7,2.0,0.0,5139.0,0.0,984.0,1,0,5,2 path,0 no foreign neighbour,19.989700317382812,2.826268892329903
1093,0,0,2.0,0.0,5139.0,0.5,914.0,1,0,0,2 path,mixed,33.57320022583008,1.0537112722978106
1094,4,4,4.0,0.0,5139.0,0.0,543.0,1,1,5,3+ branch,0 no foreign neighbour,1.0,1.8849253153563854
1095,0,0,2.0,0.0,5139.0,0.0,914.0,1,0,0,2 path,0 no foreign neighbour,56.662899017333984,1.0169757410784137
1096,0,0,2.0,0.0,5139.0,0.0,914.0,0,0,2,2 path,0 no foreign neighbour,51.07460021972656,1.0243892637524452
1097,5,5,2.0,0.0,5139.0,0.0,336.0,1,1,9,2 path,0 no foreign neighbour,1.0,10.917427409062968
1098,9,9,1.0,0.0,5139.0,0.0,373.0,1,1,0,1 tip,0 no foreign neighbour,11.118200302124023,3.679036649997866
1099,9,9,1.0,0.0,5139.0,0.0,373.0,1,1,9,1 tip,0 no foreign neighbour,47.75360107421875,3.6703931991152388
1100,7,7,3.0,0.0,5139.0,0.0,984.0,1,0,5,3+ branch,0 no foreign neighbour,1.0,2.845862999432319
1101,6,6,4.0,0.0,5139.0,0.5,733.0,1,1,5,3+ branch,mixed,1.0,3.4609398209152578
1102,0,0,4.0,0.0,5139.0,1.0,914.0,1,1,0,3+ branch,1 all neighbours foreign,1.0,1.0705614452511025
1103,0,0,4.0,0.0,5139.0,1.0,914.0,0,0,5,3+ branch,1 all neighbours foreign,1.0,1.0689723476911983
1104,6,6,3.0,0.0,5139.0,0.6666666666666666,733.0,1,1,5,3+ branch,mixed,2.5970098972320557,3.459071374162451
1105,0,0,4.0,0.0,5139.0,1.0,914.0,1,1,9,3+ branch,1 all neighbours foreign,1.0,1.0893906155971442
1106,7,7,2.0,0.0,5139.0,0.5,984.0,0,0,8,2 path,mixed,34.15840148925781,2.82997596760435
1107,5,5,1.0,0.0,5139.0,0.0,336.0,1,1,0,1 tip,0 no foreign neighbour,64.03489685058594,10.835223649852109
1108,1,1,2.0,0.0,5139.0,0.0,276.0,1,1,2,2 path,0 no foreign neighbour,62.3932991027832,5.514309415954681
1109,0,0,2.0,0.0,5139.0,0.5,914.0,0,0,2,2 path,mixed,53.10390090942383,0.9877078328799022
1110,0,0,2.0,0.0,5139.0,0.0,914.0,1,0,0,2 path,0 no foreign neighbour,37.83549880981445,1.0051636120114706
1111,4,4,2.0,0.0,5139.0,0.5,543.0,1,1,0,2 path,mixed,41.036800384521484,1.825501841369591
1112,4,4,2.0,0.0,5139.0,0.0,543.0,1,1,5,2 path,0 no foreign neighbour,43.596900939941406,1.7942250394277415
1113,8,8,2.0,0.0,5139.0,0.0,452.0,1,1,0,2 path,0 no foreign neighbour,55.70069885253906,4.795511688513787
1114,3,3,4.0,0.0,5139.0,0.0,295.0,1,1,0,3+ branch,0 no foreign neighbour,54.13330078125,5.514206289273279
1115,4,4,4.0,0.0,5139.0,0.5,543.0,1,1,2,3+ branch,mixed,5.75,1.8703153377914705
1116,0,0,2.0,0.0,5139.0,1.0,914.0,0,0,6,2 path,1 all neighbours foreign,1.0,1.0781216980237125
1117,0,0,2.0,0.0,5139.0,0.5,914.0,1,0,0,2 path,mixed,32.59880065917969,1.075114253901616
1118,7,7,2.0,0.0,5139.0,0.5,984.0,0,0,0,2 path,mixed,40.045101165771484,2.7909561804267202
1119,4,4,1.0,0.0,5139.0,0.0,543.0,1,1,0,1 tip,0 no foreign neighbour,32.96770095825195,1.8448704176814557
1120,4,4,2.0,0.0,5139.0,1.0,543.0,1,1,0,2 path,1 all neighbours foreign,57.967498779296875,1.8375634713126336
1121,9,9,1.0,0.0,5139.0,0.0,373.0,1,1,9,1 tip,0 no foreign neighbour,51.1775016784668,3.657756103826019
1122,7,7,2.0,0.0,5139.0,0.5,984.0,0,0,0,2 path,mixed,43.60329818725586,2.8121739042344127
1123,4,4,2.0,0.0,5139.0,0.5,543.0,1,1,5,2 path,mixed,1.0,1.8877790042995823
1124,7,7,4.0,0.0,5139.0,0.5,984.0,1,0,5,3+ branch,mixed,1.0,2.840811403262609
1125,7,7,3.0,0.0,5139.0,0.0,984.0,1,0,5,3+ branch,0 no foreign neighbour,1.0,2.8342055860173265
1126,5,5,3.0,0.0,5139.0,0.0,336.0,0,0,3,3+ branch,0 no foreign neighbour,7.0,10.914759585962027
1127,9,9,1.0,0.0,5139.0,0.0,373.0,1,1,9,1 tip,0 no foreign neighbour,13.976699829101562,3.711170929916117
1128,8,8,2.0,0.0,5139.0,0.0,452.0,1,1,2,2 path,0 no foreign neighbour,40.66999816894531,4.913973767974869
1129,2,2,4.0,0.0,5139.0,0.0,234.0,1,1,5,3+ branch,0 no foreign neighbour,15.903599739074707,8.174767903493656
1130,8,8,2.0,0.0,5139.0,0.0,452.0,1,0,2,2 path,0 no foreign neighbour,34.135101318359375,4.90249951500932
1131,2,2,1.0,0.0,5139.0,0.0,234.0,1,1,0,1 tip,0 no foreign neighbour,45.96179962158203,8.083514697166189
1132,9,9,1.0,0.0,5139.0,0.0,373.0,1,1,9,1 tip,0 no foreign neighbour,8.388239860534668,3.6729582515603503
1133,8,8,2.0,0.0,5139.0,0.5,452.0,1,0,8,2 path,mixed,29.98509979248047,4.884302667594686
1134,9,9,1.0,0.0,5139.0,1.0,373.0,1,1,9,1 tip,1 all neighbours foreign,12.510000228881836,3.708912188096114
1135,1,1,1.0,0.0,5139.0,0.0,276.0,1,1,5,1 tip,0 no foreign neighbour,1.0,5.531256845322433
1136,0,0,4.0,0.3333333432674408,5139.0,1.0,914.0,0,0,5,3+ branch,1 all neighbours foreign,2.8813600540161133,1.080417875479686
1137,7,7,4.0,0.0,5139.0,0.5,984.0,1,0,5,3+ branch,mixed,1.0,2.851588382146812
1138,0,0,2.0,0.0,5139.0,0.5,914.0,1,1,0,2 path,mixed,45.66899871826172,1.0341824768753956
1139,3,3,4.0,0.0,5139.0,0.0,295.0,1,1,0,3+ branch,0 no foreign neighbour,64.01020050048828,5.528811202812207
1140,7,7,2.0,0.0,5139.0,0.0,984.0,0,0,9,2 path,0 no foreign neighbour,31.04669952392578,2.8270504347962726
1141,7,7,4.0,0.0,5139.0,0.5,984.0,1,0,5,3+ branch,mixed,1.0,2.837809258259903
1142,0,0,3.0,0.3333333432674408,5139.0,1.0,914.0,0,0,5,3+ branch,1 all neighbours foreign,1.8780499696731567,1.093359381133863
1143,8,8,2.0,0.0,5139.0,0.0,452.0,1,1,8,2 path,0 no foreign neighbour,1.0,4.932929209907509
1144,7,7,2.0,0.0,5139.0,0.5,984.0,0,0,0,2 path,mixed,72.7155990600586,2.8177410886297656
1145,4,4,4.0,0.0,5139.0,0.5,543.0,1,1,0,3+ branch,mixed,1.0,1.8626297142519563
1146,5,5,2.0,0.0,5139.0,0.0,336.0,1,1,9,2 path,0 no foreign neighbour,1.0,10.917579684154711
1147,8,8,2.0,0.0,5139.0,0.0,452.0,1,1,0,2 path,0 no foreign neighbour,44.56909942626953,4.911274781532314
1148,7,7,4.0,0.0,5139.0,0.5,984.0,1,0,5,3+ branch,mixed,1.0,2.8359132196247545
1149,7,7,4.0,0.0,5139.0,0.5,984.0,1,0,5,3+ branch,mixed,15.0,2.8261011809041596
1150,9,9,2.0,0.0,5139.0,1.0,373.0,1,1,9,2 path,1 all neighbours foreign,51.277801513671875,3.7226503381918516
1151,6,6,3.0,0.0,5139.0,0.6666666666666666,733.0,1,1,5,3+ branch,mixed,1.9600000381469727,3.4584760059072597
1152,3,3,4.0,0.0,5139.0,0.0,295.0,1,1,5,3+ branch,0 no foreign neighbour,1.0,5.551323481966292
1153,3,3,3.0,0.0,5139.0,0.0,295.0,1,1,5,3+ branch,0 no foreign neighbour,1.0,5.549911092551792
1154,7,7,4.0,0.0,5139.0,0.5,984.0,0,0,0,3+ branch,mixed,54.95790100097656,2.8262095250462846
1155,9,9,3.0,0.0,5139.0,0.0,373.0,1,1,0,3+ branch,0 no foreign neighbour,57.8036003112793,3.691910831416189
1156,5,5,3.0,0.0,5139.0,0.0,336.0,1,1,0,3+ branch,0 no foreign neighbour,100.2030029296875,10.877461830102462
1157,9,9,2.0,0.0,5139.0,0.0,373.0,1,1,5,2 path,0 no foreign neighbour,41.78919982910156,3.635145953036253
1158,6,6,4.0,0.0,5139.0,0.5,733.0,1,1,0,3+ branch,mixed,69.7332992553711,3.4350094933691335
1159,4,4,2.0,0.0,5139.0,0.0,543.0,1,1,0,2 path,0 no foreign neighbour,37.285701751708984,1.8385614826259198
1160,0,0,3.0,0.0,5139.0,1.0,914.0,1,1,9,3+ branch,1 all neighbours foreign,1.0,1.081312294105108
1161,4,4,2.0,0.0,5139.0,0.0,543.0,1,1,5,2 path,0 no foreign neighbour,24.621999740600586,1.8514140917909585
1162,2,2,4.0,0.0,5139.0,0.0,234.0,1,1,5,3+ branch,0 no foreign neighbour,2.9729700088500977,8.208688739304641
1163,1,1,2.0,0.0,5139.0,0.5,276.0,1,1,2,2 path,mixed,47.11970138549805,5.504372646244282
1164,4,4,2.0,0.0,5139.0,0.5,543.0,1,1,0,2 path,mixed,37.81610107421875,1.7910121573499245
1165,1,1,2.0,0.0,5139.0,0.5,276.0,1,1,0,2 path,mixed,45.937198638916016,5.457673234792922
1166,2,2,4.0,0.0,5139.0,0.0,234.0,1,1,5,3+ branch,0 no foreign neighbour,1.0,8.198579524122794
1167,8,8,2.0,0.0,5139.0,0.0,452.0,1,0,0,2 path,0 no foreign neighbour,52.08470153808594,4.842725432860785
1168,6,6,3.0,0.0,5139.0,0.3333333333333333,733.0,1,1,0,3+ branch,mixed,10.735300064086914,3.460835310013063
1169,5,5,2.0,0.0,5139.0,0.0,336.0,1,1,0,2 path,0 no foreign neighbour,42.92110061645508,10.845222100213423
1170,0,0,2.0,0.0,5139.0,0.5,914.0,1,0,0,2 path,mixed,54.33509826660156,0.994847885368957
1171,3,3,3.0,0.0,5139.0,0.0,295.0,1,1,6,3+ branch,0 no foreign neighbour,98.49710083007812,5.4896579588615735
1172,5,5,2.0,1.0,5139.0,0.0,336.0,1,0,0,2 path,0 no foreign neighbour,43.82170104980469,10.889348742361236
1173,7,7,4.0,0.0,5139.0,0.5,984.0,1,0,5,3+ branch,mixed,1.0,2.8378285162901706
1174,9,9,1.0,0.0,5139.0,0.0,373.0,1,1,0,1 tip,0 no foreign neighbour,50.6609001159668,3.6441688058856943
1175,6,6,4.0,0.0,5139.0,0.5,733.0,1,1,0,3+ branch,mixed,64.03119659423828,3.4467746791945637
1176,5,5,3.0,0.0,5139.0,0.0,336.0,1,1,5,3+ branch,0 no foreign neighbour,1.3650799989700317,10.945106599311433
1177,0,0,2.0,0.0,5139.0,0.0,914.0,1,1,0,2 path,0 no foreign neighbour,62.007198333740234,0.973049438893679
1178,7,7,4.0,0.0,5139.0,0.0,984.0,1,0,5,3+ branch,0 no foreign neighbour,1.0,2.841837820710619
1179,1,1,4.0,0.0,5139.0,0.0,276.0,1,1,0,3+ branch,0 no foreign neighbour,33.732601165771484,5.504695269733936
1180,0,0,4.0,0.0,5139.0,0.5,914.0,1,1,0,3+ branch,mixed,9.98717975616455,1.065582142049917
1181,9,9,2.0,1.0,5139.0,0.0,373.0,1,1,0,2 path,0 no foreign neighbour,42.44380187988281,3.6743736733297916
1182,9,9,1.0,0.0,5139.0,0.0,373.0,1,1,9,1 tip,0 no foreign neighbour,29.376800537109375,3.625336324987894
1183,6,6,2.0,0.0,5139.0,0.0,733.0,1,1,0,2 path,0 no foreign neighbour,43.10449981689453,3.4184218815895293
1184,5,5,4.0,0.0,5139.0,0.0,336.0,1,1,0,3+ branch,0 no foreign neighbour,80.7677001953125,10.864201499639886
1185,6,6,4.0,0.0,5139.0,0.5,733.0,1,1,5,3+ branch,mixed,1.0,3.459198892097508
1186,3,3,3.0,0.0,5139.0,0.6666666666666666,295.0,1,1,5,3+ branch,mixed,1.0,5.565565513104456
1187,7,7,2.0,0.0,5139.0,0.0,984.0,0,0,9,2 path,0 no foreign neighbour,65.19139862060547,2.7668441977633766
1188,7,7,2.0,0.0,5139.0,0.0,984.0,0,0,0,2 path,0 no foreign neighbour,5.287670135498047,2.82983985312022
1189,6,6,4.0,0.0,5139.0,0.5,733.0,1,1,5,3+ branch,mixed,38.83330154418945,3.450005107480835
1190,7,7,4.0,0.0,5139.0,0.5,984.0,1,0,5,3+ branch,mixed,1.0,2.83410947118013
1191,7,7,1.0,0.0,5139.0,0.0,984.0,1,0,5,1 tip,0 no foreign neighbour,10.83329963684082,2.8321066859720427
1192,6,6,2.0,1.0,5139.0,0.0,733.0,1,1,5,2 path,0 no foreign neighbour,3.6984100341796875,3.489317145321024
1193,0,0,2.0,0.0,5139.0,0.0,914.0,1,1,0,2 path,0 no foreign neighbour,37.07809829711914,1.0491439127512132
1194,8,8,1.0,0.0,5139.0,0.0,452.0,1,1,8,1 tip,0 no foreign neighbour,41.32279968261719,4.85326941426973
1195,0,0,3.0,0.0,5139.0,0.6666666666666666,914.0,0,0,5,3+ branch,mixed,1.0,1.087029427162605
1196,9,9,2.0,0.0,5139.0,0.0,373.0,1,1,0,2 path,0 no foreign neighbour,48.38010025024414,3.6621578701095383
1197,0,0,2.0,0.0,5139.0,1.0,914.0,1,1,0,2 path,1 all neighbours foreign,41.92940139770508,0.9915463300933467
1198,6,6,2.0,0.0,5139.0,1.0,733.0,1,1,0,2 path,1 all neighbours foreign,2.0,3.462971485159434
1199,0,0,2.0,0.0,5139.0,1.0,914.0,1,0,0,2 path,1 all neighbours foreign,43.44029998779297,1.0257475831920126
1200,0,0,2.0,0.0,5139.0,0.0,914.0,0,0,5,2 path,0 no foreign neighbour,41.74549865722656,1.0456156391239728
1201,2,2,2.0,0.0,5139.0,0.0,234.0,1,1,0,2 path,0 no foreign neighbour,56.838199615478516,8.064873454565937
1202,0,0,3.0,0.0,5139.0,0.6666666666666666,914.0,1,1,0,3+ branch,mixed,28.47760009765625,1.0665979025506398
1203,8,8,3.0,0.0,5139.0,0.0,452.0,1,1,0,3+ branch,0 no foreign neighbour,53.299400329589844,4.863359828966989
1204,0,0,4.0,0.0,5139.0,1.0,914.0,0,0,5,3+ branch,1 all neighbours foreign,1.0,1.0646191685684459
1205,6,6,3.0,0.0,5139.0,0.6666666666666666,733.0,1,1,0,3+ branch,mixed,80.53260040283203,3.4397259627848658
1206,2,2,3.0,0.0,5139.0,0.0,234.0,1,1,0,3+ branch,0 no foreign neighbour,64.71430206298828,8.140480186410802
1207,5,5,2.0,0.0,5139.0,0.0,336.0,1,0,9,2 path,0 no foreign neighbour,41.937198638916016,10.854840219139648
1208,7,7,2.0,0.0,5139.0,0.0,984.0,0,0,0,2 path,0 no foreign neighbour,34.19269943237305,2.809709431480199
1209,7,7,4.0,0.0,5139.0,0.5,984.0,1,0,5,3+ branch,mixed,24.752899169921875,2.8193313904366732
1210,7,7,2.0,0.0,5139.0,0.0,984.0,0,0,9,2 path,0 no foreign neighbour,29.20560073852539,2.8150787419135064
1211,7,7,4.0,0.0,5139.0,0.0,984.0,1,0,5,3+ branch,0 no foreign neighbour,1.0,2.8381739912649175
1212,7,7,4.0,0.0,5139.0,0.5,984.0,0,0,0,3+ branch,mixed,19.78569984436035,2.8333132647893433
1213,3,3,3.0,0.0,5139.0,0.3333333333333333,295.0,1,1,0,3+ branch,mixed,53.38199996948242,5.5414914803336615
1214,1,1,2.0,0.0,5139.0,0.0,276.0,1,1,0,2 path,0 no foreign neighbour,61.54399871826172,5.450703563954605
1215,4,4,2.0,0.0,5139.0,1.0,543.0,1,1,0,2 path,1 all neighbours foreign,39.89440155029297,1.84950158742744
1216,8,8,2.0,0.0,5139.0,0.5,452.0,1,1,0,2 path,mixed,54.29949951171875,4.844400690820678
1217,2,2,3.0,0.0,5139.0,0.0,234.0,1,1,5,3+ branch,0 no foreign neighbour,1.0,8.203612341946904
1218,0,0,2.0,0.0,5139.0,0.5,914.0,1,1,0,2 path,mixed,42.790199279785156,0.997369760188984
1219,1,1,2.0,0.0,5139.0,0.5,276.0,1,1,2,2 path,mixed,52.11709976196289,5.496947723039016
1220,7,7,2.0,0.0,5139.0,0.5,984.0,0,0,0,2 path,mixed,42.28150177001953,2.7938062324624453
1221,8,8,4.0,0.0,5139.0,0.0,452.0,1,1,6,3+ branch,0 no foreign neighbour,92.21179962158203,4.843175509398175
1222,0,0,2.0,0.0,5139.0,0.5,914.0,1,0,0,2 path,mixed,54.95109939575195,1.0036935227077008
1223,6,6,3.0,0.0,5139.0,0.0,733.0,1,1,5,3+ branch,0 no foreign neighbour,1.0,3.4695050200381687
1224,6,6,2.0,0.0,5139.0,1.0,733.0,1,1,0,2 path,1 all neighbours foreign,32.52899932861328,3.4205493952869332
1225,4,4,3.0,0.0,5139.0,0.0,543.0,1,1,5,3+ branch,0 no foreign neighbour,1.0,1.8661033526519255
1226,2,2,4.0,0.0,5139.0,0.0,234.0,1,1,5,3+ branch,0 no foreign neighbour,1.0,8.20503704866054
1227,2,2,2.0,0.0,5139.0,0.5,234.0,1,1,0,2 path,mixed,50.870601654052734,8.116845741661958
1228,3,3,2.0,0.0,5139.0,0.5,295.0,1,1,8,2 path,mixed,43.52830123901367,5.531071680343538
1229,8,8,3.0,0.0,5139.0,0.0,452.0,1,1,5,3+ branch,0 no foreign neighbour,18.114299774169922,4.919082504676297
1230,9,9,1.0,0.0,5139.0,0.0,373.0,1,1,5,1 tip,0 no foreign neighbour,13.71619987487793,3.6989218742728287
1231,3,3,2.0,0.0,5139.0,1.0,295.0,1,1,0,2 path,1 all neighbours foreign,61.523799896240234,5.39776326757772
1232,1,1,2.0,0.0,5139.0,0.0,276.0,1,1,8,2 path,0 no foreign neighbour,11.240500450134277,5.508558843535586
1233,8,8,2.0,0.0,5139.0,0.0,452.0,1,1,0,2 path,0 no foreign neighbour,71.55069732666016,4.850890083247452
1234,4,4,2.0,0.0,5139.0,0.0,543.0,1,1,5,2 path,0 no foreign neighbour,1.0,1.8688385929118247
1235,2,2,1.0,0.0,5139.0,0.0,234.0,1,1,8,1 tip,0 no foreign neighbour,48.84400177001953,8.069881873798655
1236,5,5,2.0,0.0,5139.0,0.0,336.0,0,0,3,2 path,0 no foreign neighbour,46.58430099487305,10.872817791845048
1237,7,7,4.0,0.0,5139.0,0.5,984.0,1,0,5,3+ branch,mixed,1.0,2.8432305056993545
1238,6,6,3.0,0.0,5139.0,0.6666666666666666,733.0,1,1,5,3+ branch,mixed,25.716400146484375,3.451449826988196
1239,9,9,1.0,0.0,5139.0,0.0,373.0,1,1,8,1 tip,0 no foreign neighbour,28.069000244140625,3.676540331618665
1240,0,0,2.0,0.0,5139.0,0.0,914.0,1,1,0,2 path,0 no foreign neighbour,46.46039962768555,1.0574941514181895
1241,7,7,2.0,0.0,5139.0,0.0,984.0,0,0,0,2 path,0 no foreign neighbour,61.848201751708984,2.771814957933719
1242,0,0,2.0,0.0,5139.0,1.0,914.0,0,0,5,2 path,1 all neighbours foreign,40.467498779296875,1.0341844454246811
1243,4,4,2.0,0.0,5139.0,0.0,543.0,1,1,0,2 path,0 no foreign neighbour,58.68259811401367,1.7522184453120127
1244,8,8,3.0,0.0,5139.0,0.0,452.0,1,1,0,3+ branch,0 no foreign neighbour,18.0,4.904956587037692
1245,7,7,2.0,0.0,5139.0,0.5,984.0,0,0,0,2 path,mixed,53.56869888305664,2.663327181221605
1246,0,0,2.0,0.0,5139.0,0.5,914.0,0,0,5,2 path,mixed,12.855400085449219,1.0726436821364667
1247,1,1,3.0,0.0,5139.0,0.0,276.0,1,1,0,3+ branch,0 no foreign neighbour,40.91460037231445,5.521125737561154
1248,4,4,3.0,0.0,5139.0,0.0,543.0,1,1,0,3+ branch,0 no foreign neighbour,69.34339904785156,1.8406072076718505
1249,2,2,2.0,0.0,5139.0,0.5,234.0,1,1,0,2 path,mixed,45.52170181274414,8.177823519565191
1250,0,0,2.0,0.0,5139.0,0.0,914.0,1,1,0,2 path,0 no foreign neighbour,47.71969985961914,1.0171696274266808
1251,4,4,2.0,0.0,5139.0,0.0,543.0,1,1,0,2 path,0 no foreign neighbour,46.247798919677734,1.8495863189211683
1252,0,0,4.0,0.0,5139.0,0.5,914.0,1,0,0,3+ branch,mixed,1.0,1.0768768023273936
1253,4,4,2.0,0.0,5139.0,1.0,543.0,1,1,0,2 path,1 all neighbours foreign,62.60820007324219,1.8605469503936318
1254,1,1,2.0,0.0,5139.0,0.0,276.0,0,0,7,2 path,0 no foreign neighbour,51.17129898071289,5.371829132181301
1255,0,0,3.0,0.0,5139.0,1.0,914.0,0,0,5,3+ branch,1 all neighbours foreign,1.0,1.074843654809061
1256,8,8,4.0,0.0,5139.0,0.5,452.0,1,0,0,3+ branch,mixed,9.91802978515625,4.92116281640102
1257,6,6,2.0,1.0,5139.0,0.0,733.0,1,1,9,2 path,0 no foreign neighbour,53.52579879760742,3.289001620181114
1258,8,8,3.0,0.3333333432674408,5139.0,0.0,452.0,1,1,5,3+ branch,0 no foreign neighbour,1.0,4.924832144530018
1259,6,6,3.0,0.0,5139.0,0.3333333333333333,733.0,1,1,5,3+ branch,mixed,3.75,3.4639870954605683
1260,9,9,2.0,0.0,5139.0,0.5,373.0,1,1,0,2 path,mixed,50.893798828125,3.6832613381193897
1261,7,7,1.0,0.0,5139.0,0.0,984.0,0,0,0,1 tip,0 no foreign neighbour,51.99420166015625,2.777568185156867
1262,7,7,3.0,0.0,5139.0,0.0,984.0,0,0,0,3+ branch,0 no foreign neighbour,55.819000244140625,2.8150137894431997
1263,8,8,4.0,0.0,5139.0,0.0,452.0,1,1,5,3+ branch,0 no foreign neighbour,1.0,4.915901972933733
1264,8,8,2.0,0.0,5139.0,0.0,452.0,1,1,5,2 path,0 no foreign neighbour,1.0,4.922559207964636
1265,0,0,4.0,0.0,5139.0,1.0,914.0,0,0,5,3+ branch,1 all neighbours foreign,3.5999999046325684,1.0700618702907445
1266,9,9,4.0,0.0,5139.0,0.0,373.0,1,1,5,3+ branch,0 no foreign neighbour,5.0,3.677745709184972
1267,4,4,2.0,0.0,5139.0,0.5,543.0,1,1,0,2 path,mixed,46.17060089111328,1.7996185141210217
1268,0,0,2.0,0.0,5139.0,1.0,914.0,1,1,8,2 path,1 all neighbours foreign,1.0,1.080770333728753
1269,0,0,3.0,0.0,5139.0,1.0,914.0,0,0,5,3+ branch,1 all neighbours foreign,1.0,1.0822166557059323
1270,2,2,3.0,0.3333333432674408,5139.0,0.0,234.0,1,1,0,3+ branch,0 no foreign neighbour,80.37100219726562,8.166557535047827
1271,0,0,2.0,0.0,5139.0,0.5,914.0,0,0,5,2 path,mixed,2.3508799076080322,1.0741693018502958
1272,7,7,4.0,0.0,5139.0,0.5,984.0,1,0,5,3+ branch,mixed,1.0,2.84594606692683
1273,0,0,4.0,0.0,5139.0,0.0,914.0,0,0,2,3+ branch,0 no foreign neighbour,1.0,1.0758945582175155
1274,0,0,2.0,0.0,5139.0,0.0,914.0,0,0,5,2 path,0 no foreign neighbour,1.0,1.0765101337982121
1275,5,5,4.0,0.0,5139.0,0.0,336.0,1,1,9,3+ branch,0 no foreign neighbour,17.541200637817383,10.911052643034187
1276,4,4,2.0,0.0,5139.0,0.5,543.0,1,1,0,2 path,mixed,38.73939895629883,1.8191407790679808
1277,1,1,4.0,0.0,5139.0,0.0,276.0,1,1,5,3+ branch,0 no foreign neighbour,1.0,5.533527525825502
1278,7,7,4.0,0.0,5139.0,0.5,984.0,1,0,5,3+ branch,mixed,1.0,2.8423979929601715
1279,4,4,2.0,0.0,5139.0,1.0,543.0,1,1,0,2 path,1 all neighbours foreign,48.39459991455078,1.8266994005139021
1280,0,0,3.0,0.0,5139.0,0.3333333333333333,914.0,0,0,5,3+ branch,mixed,32.18519973754883,1.0621878701434635
1281,0,0,3.0,0.3333333432674408,5139.0,0.0,914.0,0,0,5,3+ branch,0 no foreign neighbour,1.0,1.0777429113587287
1282,0,0,2.0,0.0,5139.0,0.5,914.0,1,0,0,2 path,mixed,53.15850067138672,1.0244506574038925
1283,8,8,4.0,0.0,5139.0,0.0,452.0,1,1,5,3+ branch,0 no foreign neighbour,5.769229888916016,4.925495738408566
1284,8,8,3.0,0.0,5139.0,0.0,452.0,1,1,0,3+ branch,0 no foreign neighbour,18.5625,4.917681389221098
1285,0,0,2.0,0.0,5139.0,0.5,914.0,1,1,0,2 path,mixed,38.85639953613281,0.9886578281104427
1286,0,0,2.0,0.0,5139.0,0.5,914.0,0,0,2,2 path,mixed,25.86240005493164,1.0264478170120066
1287,6,6,2.0,0.0,5139.0,1.0,733.0,1,1,0,2 path,1 all neighbours foreign,39.1614990234375,3.417681543050947
1288,0,0,3.0,0.0,5139.0,1.0,914.0,0,0,2,3+ branch,1 all neighbours foreign,1.0,1.0791492675394667
1289,8,8,4.0,0.0,5139.0,0.0,452.0,1,1,0,3+ branch,0 no foreign neighbour,1.0,4.9130135521319245
1290,6,6,2.0,0.0,5139.0,1.0,733.0,1,1,6,2 path,1 all neighbours foreign,56.07500076293945,3.3775762920914967
1291,6,6,4.0,0.0,5139.0,0.5,733.0,1,1,5,3+ branch,mixed,1.0,3.473145037900885
1292,1,1,3.0,0.0,5139.0,0.0,276.0,1,1,5,3+ branch,0 no foreign neighbour,1.0,5.541440223097457
1293,1,1,4.0,0.0,5139.0,0.25,276.0,1,1,5,3+ branch,mixed,1.0,5.541006281144049
1294,0,0,2.0,0.0,5139.0,0.5,914.0,0,0,6,2 path,mixed,1.0,1.067761065941045
1295,4,4,2.0,0.0,5139.0,1.0,543.0,1,1,6,2 path,1 all neighbours foreign,100.07499694824219,1.859891656541625
1296,0,0,3.0,0.0,5139.0,0.3333333333333333,914.0,0,0,5,3+ branch,mixed,3.9523799419403076,1.07971131165316
1297,0,0,2.0,0.0,5139.0,0.0,914.0,1,1,0,2 path,0 no foreign neighbour,1.0,1.0759940294522912
1298,0,0,3.0,0.0,5139.0,0.3333333333333333,914.0,0,0,5,3+ branch,mixed,1.0,1.0812054778283955
1299,7,7,2.0,0.0,5139.0,0.5,984.0,0,0,9,2 path,mixed,67.44400024414062,2.5007038062440325
1300,1,1,2.0,0.0,5139.0,0.5,276.0,1,1,2,2 path,mixed,33.29169845581055,5.508851373786454
1301,7,7,4.0,0.0,5139.0,0.75,984.0,1,0,5,3+ branch,mixed,1.0,2.8291854206210343
1302,0,0,3.0,0.0,5139.0,0.0,914.0,1,0,8,3+ branch,0 no foreign neighbour,1.0,1.076064147323511
1303,0,0,2.0,0.0,5139.0,0.5,914.0,1,0,0,2 path,mixed,55.90230178833008,1.04781824478386
1304,1,1,3.0,0.0,5139.0,0.0,276.0,1,1,2,3+ branch,0 no foreign neighbour,49.96820068359375,5.458994169623678
1305,0,0,3.0,0.3333333432674408,5139.0,0.0,914.0,0,0,5,3+ branch,0 no foreign neighbour,1.0,1.0686425623160491
1306,7,7,4.0,0.0,5139.0,0.5,984.0,0,0,0,3+ branch,mixed,1.0,2.8469647550844854
1307,2,2,2.0,0.0,5139.0,0.5,234.0,1,1,0,2 path,mixed,47.152801513671875,8.129414225094493
1308,9,9,3.0,0.0,5139.0,0.0,373.0,1,1,0,3+ branch,0 no foreign neighbour,38.95399856567383,3.673702900303681
1309,9,9,1.0,0.0,5139.0,0.0,373.0,1,1,9,1 tip,0 no foreign neighbour,8.65116024017334,3.673346441162498
1310,2,2,2.0,0.0,5139.0,0.0,234.0,1,1,8,2 path,0 no foreign neighbour,48.60049819946289,8.028934444900921
1311,7,7,3.0,0.0,5139.0,0.0,984.0,1,0,5,3+ branch,0 no foreign neighbour,1.0,2.846876003277944
1312,7,7,1.0,0.0,5139.0,0.0,984.0,0,0,0,1 tip,0 no foreign neighbour,36.50590133666992,2.7860899203638114
1313,6,6,4.0,0.0,5139.0,0.5,733.0,1,1,5,3+ branch,mixed,1.0,3.461191922647296
1314,0,0,3.0,0.0,5139.0,1.0,914.0,0,0,5,3+ branch,1 all neighbours foreign,5.295080184936523,1.0702909371985734
1315,9,9,1.0,0.0,5139.0,1.0,373.0,1,1,5,1 tip,1 all neighbours foreign,8.951809883117676,3.685289256471587
1316,4,4,3.0,0.0,5139.0,0.6666666666666666,543.0,1,1,0,3+ branch,mixed,1.0,1.8752721070292604
1317,4,4,2.0,0.0,5139.0,0.5,543.0,1,1,0,2 path,mixed,39.28300094604492,1.8430093553705138
1318,9,9,1.0,0.0,5139.0,0.0,373.0,1,1,8,1 tip,0 no foreign neighbour,14.869600296020508,3.7006317564058477
1319,6,6,4.0,0.0,5139.0,0.5,733.0,1,1,5,3+ branch,mixed,1.0,3.4596384948492362
1320,6,6,4.0,0.0,5139.0,0.5,733.0,1,1,5,3+ branch,mixed,13.954500198364258,3.431122867856553
1321,6,6,2.0,0.0,5139.0,0.0,733.0,1,1,5,2 path,0 no foreign neighbour,19.36440086364746,3.4355046532421873
1322,8,8,3.0,0.0,5139.0,0.0,452.0,1,1,5,3+ branch,0 no foreign neighbour,9.95121955871582,4.914567781367318
1323,0,0,2.0,0.0,5139.0,0.5,914.0,1,0,0,2 path,mixed,39.22610092163086,1.0477488520866263
1324,2,2,4.0,0.1666666716337204,5139.0,0.0,234.0,1,1,8,3+ branch,0 no foreign neighbour,1.0,8.194331246252862
1325,9,9,3.0,0.0,5139.0,0.0,373.0,1,1,0,3+ branch,0 no foreign neighbour,73.09089660644531,3.6864529620037287
1326,4,4,2.0,0.0,5139.0,0.5,543.0,1,1,2,2 path,mixed,43.38460159301758,1.8217258276425465
1327,6,6,4.0,0.0,5139.0,0.5,733.0,1,1,5,3+ branch,mixed,1.0,3.463441286848562
1328,7,7,4.0,0.0,5139.0,0.5,984.0,1,0,5,3+ branch,mixed,1.0,2.838351452055609
1329,8,8,3.0,0.0,5139.0,0.0,452.0,1,0,0,3+ branch,0 no foreign neighbour,68.69770050048828,4.8994018207487455
1330,3,3,4.0,0.0,5139.0,0.0,295.0,1,1,5,3+ branch,0 no foreign neighbour,1.0,5.546670752223949
1331,6,6,3.0,0.0,5139.0,0.0,733.0,1,1,9,3+ branch,0 no foreign neighbour,31.70240020751953,3.4542248898945296
1332,2,2,2.0,0.0,5139.0,0.5,234.0,1,1,0,2 path,mixed,58.0,8.165662000488132
1333,0,0,4.0,0.0,5139.0,1.0,914.0,0,0,5,3+ branch,1 all neighbours foreign,1.0,1.0794450156604949
1334,4,4,4.0,0.0,5139.0,0.0,543.0,1,1,5,3+ branch,0 no foreign neighbour,1.0,1.8722420607427777
1335,4,4,2.0,0.0,5139.0,0.5,543.0,1,1,0,2 path,mixed,28.972200393676758,1.848152947200693
1336,0,0,4.0,0.0,5139.0,0.0,914.0,1,1,0,3+ branch,0 no foreign neighbour,1.0,1.049106372350546
1337,3,3,2.0,0.0,5139.0,0.5,295.0,1,1,6,2 path,mixed,94.36219787597656,5.521341696387229
1338,4,4,2.0,0.0,5139.0,0.0,543.0,1,1,0,2 path,0 no foreign neighbour,16.975299835205078,1.8731982661522515
1339,4,4,4.0,0.0,5139.0,0.5,543.0,1,1,0,3+ branch,mixed,2.0,1.8827836379258236
1340,0,0,2.0,0.0,5139.0,0.5,914.0,1,1,0,2 path,mixed,3.8604700565338135,1.0792301303090455
1341,0,0,3.0,0.0,5139.0,0.6666666666666666,914.0,0,0,5,3+ branch,mixed,1.0,1.0866700647343732
1342,0,0,3.0,0.0,5139.0,0.6666666666666666,914.0,0,0,5,3+ branch,mixed,1.0,1.085673708053263
1343,0,0,3.0,0.0,5139.0,0.6666666666666666,914.0,1,1,0,3+ branch,mixed,1.0,1.0868826793366344
1344,7,7,4.0,0.0,5139.0,0.5,984.0,1,0,5,3+ branch,mixed,1.0,2.8347136397175263
1345,7,7,4.0,0.0,5139.0,0.5,984.0,0,0,0,3+ branch,mixed,1.0,2.825801970073875
1346,6,6,2.0,0.0,5139.0,1.0,733.0,1,1,0,2 path,1 all neighbours foreign,100.25,3.4358209774641852
1347,4,4,2.0,0.0,5139.0,1.0,543.0,1,1,0,2 path,1 all neighbours foreign,48.46969985961914,1.797439786829926
1348,1,1,2.0,0.0,5139.0,0.0,276.0,1,1,2,2 path,0 no foreign neighbour,47.03010177612305,5.42437879154499
1349,3,3,4.0,0.0,5139.0,0.0,295.0,1,1,5,3+ branch,0 no foreign neighbour,1.0,5.529123374026494
1350,1,1,3.0,0.0,5139.0,0.0,276.0,1,1,5,3+ branch,0 no foreign neighbour,1.0,5.5294621517740605
1351,5,5,4.0,0.0,5139.0,0.0,336.0,0,0,3,3+ branch,0 no foreign neighbour,1.0,10.918363917954533
1352,0,0,3.0,0.0,5139.0,1.0,914.0,0,0,5,3+ branch,1 all neighbours foreign,7.0,1.0832051014521298
1353,9,9,1.0,0.0,5139.0,0.0,373.0,1,1,9,1 tip,0 no foreign neighbour,41.7234992980957,3.6668587280777176
1354,9,9,3.0,0.0,5139.0,0.0,373.0,1,1,5,3+ branch,0 no foreign neighbour,1.0,3.7082855159066543
1355,7,7,3.0,0.0,5139.0,0.0,984.0,1,0,5,3+ branch,0 no foreign neighbour,20.96150016784668,2.827637856501157
1356,7,7,1.0,0.0,5139.0,0.0,984.0,0,0,0,1 tip,0 no foreign neighbour,50.45830154418945,2.7859914831331074
1357,7,7,4.0,0.0,5139.0,0.5,984.0,1,0,5,3+ branch,mixed,1.0,2.8422498292546625
1358,8,8,3.0,0.0,5139.0,0.6666666666666666,452.0,1,1,5,3+ branch,mixed,2.894740104675293,4.938538010936446
1359,6,6,5.0,0.0,5139.0,0.8,733.0,1,1,6,3+ branch,mixed,110.88800048828125,3.4558168936786036
1360,8,8,2.0,0.0,5139.0,0.0,452.0,1,1,0,2 path,0 no foreign neighbour,44.035701751708984,4.900056871136846
1361,0,0,3.0,0.0,5139.0,0.6666666666666666,914.0,0,0,5,3+ branch,mixed,1.0,1.0783881678470593
1362,2,2,2.0,0.0,5139.0,0.0,234.0,1,1,0,2 path,0 no foreign neighbour,54.009498596191406,8.118438166112167
1363,8,8,2.0,0.0,5139.0,0.0,452.0,1,1,0,2 path,0 no foreign neighbour,55.484798431396484,4.869341053624875
1364,7,7,4.0,0.0,5139.0,0.5,984.0,1,0,5,3+ branch,mixed,41.272701263427734,2.827768577742038
1365,0,0,4.0,0.0,5139.0,0.0,914.0,0,0,5,3+ branch,0 no foreign neighbour,1.0,1.0858797241164175
1366,0,0,2.0,0.0,5139.0,0.0,914.0,0,0,5,2 path,0 no foreign neighbour,35.768001556396484,1.0544224102988242
1367,0,0,2.0,0.0,5139.0,0.5,914.0,1,1,0,2 path,mixed,51.25,1.0307387112625068
1368,0,0,4.0,0.0,5139.0,1.0,914.0,0,0,5,3+ branch,1 all neighbours foreign,1.0,1.0888301522443036
1369,6,6,3.0,0.0,5139.0,0.0,733.0,1,1,0,3+ branch,0 no foreign neighbour,51.927101135253906,3.4321404815234025
1370,2,2,3.0,0.0,5139.0,0.3333333333333333,234.0,1,1,5,3+ branch,mixed,10.565199851989746,8.195052097964137
1371,7,7,3.0,0.0,5139.0,0.6666666666666666,984.0,1,0,5,3+ branch,mixed,1.0,2.845793120250487
1372,7,7,3.0,0.0,5139.0,0.3333333333333333,984.0,1,0,5,3+ branch,mixed,1.0,2.8468944822353035
1373,7,7,4.0,0.0,5139.0,0.5,984.0,1,0,5,3+ branch,mixed,1.0,2.837483561141807
1374,0,0,3.0,0.0,5139.0,1.0,914.0,0,0,5,3+ branch,1 all neighbours foreign,3.607140064239502,1.0764234695284727
1375,6,6,2.0,0.0,5139.0,0.5,733.0,1,1,5,2 path,mixed,11.314000129699707,3.441112205492455
1376,6,6,4.0,0.0,5139.0,0.5,733.0,1,1,0,3+ branch,mixed,50.25,3.4377042231271906
1377,6,6,2.0,0.0,5139.0,0.0,733.0,1,1,0,2 path,0 no foreign neighbour,85.614501953125,3.4642746962595528
1378,0,0,4.0,0.0,5139.0,0.5,914.0,0,0,5,3+ branch,mixed,1.0,1.088603819141304
1379,6,6,4.0,0.0,5139.0,0.5,733.0,1,1,0,3+ branch,mixed,69.05449676513672,3.4320086360925592
1380,6,6,4.0,0.0,5139.0,0.5,733.0,1,1,5,3+ branch,mixed,13.975299835205078,3.447998446670289
1381,7,7,4.0,0.0,5139.0,0.5,984.0,1,0,5,3+ branch,mixed,20.820199966430664,2.825563920276898
1382,7,7,4.0,0.0,5139.0,0.5,984.0,1,0,5,3+ branch,mixed,1.0,2.834949731204318
1383,0,0,3.0,0.0,5139.0,1.0,914.0,0,0,5,3+ branch,1 all neighbours foreign,1.0,1.0833431148704449
1384,8,8,4.0,0.0,5139.0,0.25,452.0,1,1,5,3+ branch,mixed,24.1033992767334,4.922818204174734
1385,0,0,3.0,0.0,5139.0,0.6666666666666666,914.0,0,0,5,3+ branch,mixed,1.0,1.0784318522575682
1386,4,4,2.0,0.0,5139.0,0.5,543.0,1,1,0,2 path,mixed,32.194000244140625,1.822174140251301
1387,9,9,2.0,1.0,5139.0,0.0,373.0,1,1,5,2 path,0 no foreign neighbour,3.352940082550049,3.7101508028691086
1388,2,2,4.0,0.0,5139.0,0.0,234.0,1,1,0,3+ branch,0 no foreign neighbour,74.96150207519531,8.173705662718946
1389,8,8,3.0,0.0,5139.0,0.0,452.0,1,1,0,3+ branch,0 no foreign neighbour,1.0,4.918086577418103
1390,5,5,4.0,0.0,5139.0,0.0,336.0,1,1,9,3+ branch,0 no foreign neighbour,3.9753100872039795,10.911852509701996
1391,6,6,2.0,0.0,5139.0,1.0,733.0,1,1,9,2 path,1 all neighbours foreign,63.45669937133789,3.2335940776269942
1392,9,9,3.0,0.0,5139.0,0.0,373.0,1,1,5,3+ branch,0 no foreign neighbour,1.0,3.7110896459769287
1393,9,9,1.0,0.0,5139.0,0.0,373.0,1,1,5,1 tip,0 no foreign neighbour,1.0,3.7063369325684987
1394,0,0,4.0,0.0,5139.0,1.0,914.0,1,1,9,3+ branch,1 all neighbours foreign,1.0,1.0848618460792139
1395,7,7,4.0,0.0,5139.0,0.5,984.0,1,0,5,3+ branch,mixed,13.963899612426758,2.83381995023771
1396,0,0,4.0,0.0,5139.0,0.5,914.0,0,0,6,3+ branch,mixed,81.71029663085938,1.0467442631298585
1397,7,7,2.0,0.0,5139.0,0.0,984.0,1,0,5,2 path,0 no foreign neighbour,1.0,2.8388910716666316
1398,0,0,4.0,0.0,5139.0,0.75,914.0,1,1,0,3+ branch,mixed,1.0,1.0690683873774636
1399,4,4,2.0,0.0,5139.0,0.5,543.0,1,1,5,2 path,mixed,31.541099548339844,1.829058077812308
1400,7,7,2.0,0.0,5139.0,0.0,984.0,0,0,0,2 path,0 no foreign neighbour,60.33549880981445,2.6128282716014573
1401,0,0,2.0,0.0,5139.0,0.0,914.0,0,0,5,2 path,0 no foreign neighbour,6.214290142059326,1.0746403316899178
1402,4,4,2.0,0.0,5139.0,0.0,543.0,1,1,0,2 path,0 no foreign neighbour,53.04859924316406,1.8399656809375398
1403,5,5,2.0,0.0,5139.0,0.5,336.0,1,1,9,2 path,mixed,39.06779861450195,10.904141353359757
1404,8,8,2.0,0.0,5139.0,0.0,452.0,1,1,0,2 path,0 no foreign neighbour,61.1525993347168,4.852942686018851
1405,0,0,2.0,0.0,5139.0,0.0,914.0,1,0,0,2 path,0 no foreign neighbour,21.670499801635742,1.061326303375058
1406,7,7,2.0,0.0,5139.0,0.5,984.0,0,0,0,2 path,mixed,24.755800247192383,2.828016853737099
1407,0,0,4.0,0.0,5139.0,1.0,914.0,1,1,0,3+ branch,1 all neighbours foreign,1.0,1.0688954768830632
1408,7,7,2.0,0.0,5139.0,0.5,984.0,0,0,0,2 path,mixed,59.04090118408203,2.6885160231949516
1409,0,0,2.0,0.0,5139.0,0.0,914.0,1,0,0,2 path,0 no foreign neighbour,66.55560302734375,1.0250180662685866
1410,4,4,3.0,0.0,5139.0,0.0,543.0,1,1,5,3+ branch,0 no foreign neighbour,1.0,1.8624242730891165
1411,1,1,2.0,0.0,5139.0,0.0,276.0,0,0,7,2 path,0 no foreign neighbour,116.0,5.405488455437436
1412,0,0,2.0,0.0,5139.0,1.0,914.0,1,0,0,2 path,1 all neighbours foreign,61.731998443603516,0.9167340696948125
1413,6,6,4.0,0.0,5139.0,0.5,733.0,1,1,5,3+ branch,mixed,1.0,3.454907403369149
1414,4,4,2.0,0.0,5139.0,0.5,543.0,1,1,0,2 path,mixed,45.09489822387695,1.8233470599557589
1415,7,7,4.0,0.0,5139.0,0.5,984.0,1,0,5,3+ branch,mixed,1.0,2.8438883530349863
1416,0,0,3.0,0.0,5139.0,1.0,914.0,0,0,5,3+ branch,1 all neighbours foreign,1.0,1.0792493589375738
1417,4,4,2.0,0.0,5139.0,1.0,543.0,1,1,0,2 path,1 all neighbours foreign,29.97249984741211,1.8338829163418766
1418,7,7,4.0,0.0,5139.0,0.5,984.0,0,0,0,3+ branch,mixed,72.33329772949219,2.818994790378347
1419,4,4,2.0,0.0,5139.0,0.5,543.0,1,1,0,2 path,mixed,3.852940082550049,1.8412999955739864
1420,6,6,4.0,0.0,5139.0,0.5,733.0,1,1,5,3+ branch,mixed,1.0,3.469467387014433
1421,0,0,4.0,0.0,5139.0,0.75,914.0,0,0,5,3+ branch,mixed,1.0,1.0736268253957522
1422,0,0,2.0,0.0,5139.0,0.5,914.0,1,1,0,2 path,mixed,1.0,1.0740271190980033
1423,4,4,2.0,1.0,5139.0,0.5,543.0,1,1,0,2 path,mixed,51.26340103149414,1.7634316357189093
1424,6,6,3.0,0.0,5139.0,0.6666666666666666,733.0,1,1,8,3+ branch,mixed,1.0,3.4509171723195666
1425,0,0,4.0,0.0,5139.0,1.0,914.0,0,0,5,3+ branch,1 all neighbours foreign,3.416670083999634,1.0804507431304127
1426,1,1,2.0,0.0,5139.0,1.0,276.0,1,1,5,2 path,1 all neighbours foreign,10.853699684143066,5.525236617282811
1427,0,0,4.0,0.0,5139.0,0.75,914.0,0,0,5,3+ branch,mixed,1.0,1.0748565060570248
1428,1,1,2.0,0.0,5139.0,0.5,276.0,1,1,5,2 path,mixed,21.936899185180664,5.510005468533589
1429,7,7,2.0,0.0,5139.0,0.0,984.0,0,0,0,2 path,0 no foreign neighbour,57.05759811401367,2.702508940586118
1430,7,7,2.0,0.0,5139.0,0.5,984.0,0,0,0,2 path,mixed,50.136600494384766,2.7938383975429524
1431,3,3,3.0,0.0,5139.0,0.0,295.0,1,1,2,3+ branch,0 no foreign neighbour,1.0,5.543510408423748
1432,0,0,2.0,0.0,5139.0,0.5,914.0,1,1,0,2 path,mixed,35.00699996948242,1.0427715583227053
1433,0,0,2.0,0.0,5139.0,0.5,914.0,1,0,0,2 path,mixed,43.228599548339844,1.0054932939105512
1434,4,4,2.0,0.0,5139.0,0.5,543.0,1,1,2,2 path,mixed,53.538700103759766,1.7147287914876752
1435,5,5,4.0,0.0,5139.0,0.0,336.0,1,1,5,3+ branch,0 no foreign neighbour,1.0,10.917494166948766
1436,3,3,4.0,0.0,5139.0,0.0,295.0,1,1,0,3+ branch,0 no foreign neighbour,73.09380340576172,5.5310841381821945
1437,7,7,3.0,0.0,5139.0,0.3333333333333333,984.0,1,0,5,3+ branch,mixed,2.9000000953674316,2.8365739578402205
1438,7,7,4.0,0.0,5139.0,0.5,984.0,1,0,5,3+ branch,mixed,1.0,2.83582866823105
1439,6,6,3.0,0.0,5139.0,0.6666666666666666,733.0,1,1,8,3+ branch,mixed,24.868900299072266,3.4666523669203095
1440,7,7,2.0,0.0,5139.0,1.0,984.0,0,0,0,2 path,1 all neighbours foreign,56.74140167236328,2.6029533896768156
1441,8,8,3.0,0.0,5139.0,0.0,452.0,1,0,2,3+ branch,0 no foreign neighbour,48.012901306152344,4.7845340867025445
1442,9,9,2.0,0.0,5139.0,0.5,373.0,1,1,9,2 path,mixed,52.87779998779297,3.685287575960268
1443,0,0,3.0,0.0,5139.0,0.3333333333333333,914.0,1,0,0,3+ branch,mixed,1.0,1.08075027900116
1444,0,0,3.0,0.0,5139.0,1.0,914.0,1,0,0,3+ branch,1 all neighbours foreign,1.0,1.0781613107391428
1445,0,0,3.0,0.0,5139.0,0.6666666666666666,914.0,0,0,5,3+ branch,mixed,1.0,1.0719099972244415
1446,0,0,4.0,0.0,5139.0,0.75,914.0,0,0,5,3+ branch,mixed,1.0,1.0727543288795487
1447,3,3,2.0,0.0,5139.0,0.5,295.0,1,1,2,2 path,mixed,34.48910140991211,5.53063288225044
1448,7,7,4.0,0.0,5139.0,0.5,984.0,0,0,0,3+ branch,mixed,66.37760162353516,2.827293540617316
1449,0,0,3.0,0.0,5139.0,0.6666666666666666,914.0,0,0,5,3+ branch,mixed,1.0,1.0745112383212545
1450,9,9,3.0,0.0,5139.0,0.0,373.0,1,1,0,3+ branch,0 no foreign neighbour,64.91089630126953,3.6233898949025747
1451,0,0,3.0,0.0,5139.0,1.0,914.0,1,1,0,3+ branch,1 all neighbours foreign,1.0,1.0896611240422613
1452,4,4,2.0,0.0,5139.0,1.0,543.0,1,1,5,2 path,1 all neighbours foreign,30.277799606323242,1.8361297118407525
1453,6,6,4.0,0.0,5139.0,0.5,733.0,1,1,0,3+ branch,mixed,1.0,3.4539701584549545
1454,3,3,1.0,0.0,5139.0,0.0,295.0,1,1,5,1 tip,0 no foreign neighbour,12.679200172424316,5.539853470826738
1455,8,8,4.0,0.0,5139.0,0.5,452.0,1,1,5,3+ branch,mixed,1.0,4.9319698960474625
1456,1,1,3.0,0.0,5139.0,0.0,276.0,1,1,2,3+ branch,0 no foreign neighbour,43.73099899291992,5.480221655060859
1457,0,0,2.0,0.0,5139.0,0.5,914.0,1,1,0,2 path,mixed,40.710899353027344,1.0347537091675192
1458,7,7,4.0,0.0,5139.0,0.5,984.0,1,0,5,3+ branch,mixed,1.0,2.838821038157792
1459,0,0,2.0,0.0,5139.0,1.0,914.0,1,0,0,2 path,1 all neighbours foreign,55.68880081176758,1.0473093382049403
1460,0,0,1.0,0.0,5139.0,0.0,914.0,0,0,2,1 tip,0 no foreign neighbour,21.901100158691406,1.0677246604036188
1461,9,9,3.0,0.0,5139.0,0.0,373.0,1,1,5,3+ branch,0 no foreign neighbour,3.4745800495147705,3.694675326610961
1462,4,4,2.0,0.0,5139.0,1.0,543.0,1,1,2,2 path,1 all neighbours foreign,36.760398864746094,1.8596190292383468
1463,0,0,4.0,0.0,5139.0,1.0,914.0,1,1,0,3+ branch,1 all neighbours foreign,1.0,1.0753824884342686
1464,9,9,3.0,0.3333333432674408,5139.0,0.3333333333333333,373.0,1,1,0,3+ branch,mixed,3.6333301067352295,3.6940901630022256
1465,5,5,3.0,0.0,5139.0,0.0,336.0,1,1,9,3+ branch,0 no foreign neighbour,1.0,10.931167240438969
1466,6,6,3.0,0.0,5139.0,0.3333333333333333,733.0,1,1,5,3+ branch,mixed,1.0,3.4525167400978156
1467,7,7,3.0,0.0,5139.0,0.0,984.0,0,0,0,3+ branch,0 no foreign neighbour,2.872730016708374,2.8375687655481454
1468,7,7,3.0,0.0,5139.0,0.0,984.0,1,0,5,3+ branch,0 no foreign neighbour,1.0,2.83799951442506
1469,7,7,3.0,0.0,5139.0,0.0,984.0,1,0,5,3+ branch,0 no foreign neighbour,2.0,2.833465462660919
1470,0,0,4.0,0.0,5139.0,1.0,914.0,0,0,5,3+ branch,1 all neighbours foreign,1.0,1.0732930791580237
1471,6,6,4.0,0.0,5139.0,0.5,733.0,1,1,0,3+ branch,mixed,72.24749755859375,3.4440024810901013
1472,2,2,2.0,0.0,5139.0,0.0,234.0,1,1,0,2 path,0 no foreign neighbour,58.60609817504883,7.950418301293605
1473,3,3,4.0,0.0,5139.0,0.0,295.0,1,1,0,3+ branch,0 no foreign neighbour,79.70890045166016,5.536820105536951
1474,3,3,2.0,0.0,5139.0,0.5,295.0,1,1,0,2 path,mixed,65.94779968261719,5.529432707439243
1475,4,4,2.0,0.0,5139.0,0.5,543.0,1,1,2,2 path,mixed,56.7661018371582,1.7409291285485473
1476,7,7,4.0,0.0,5139.0,0.0,984.0,1,0,5,3+ branch,0 no foreign neighbour,1.0,2.8282874777390115
1477,8,8,4.0,0.0,5139.0,0.0,452.0,1,1,5,3+ branch,0 no foreign neighbour,1.0,4.91784252049537
1478,2,2,3.0,0.0,5139.0,0.0,234.0,1,1,0,3+ branch,0 no foreign neighbour,65.9811019897461,8.189020106773608
1479,0,0,2.0,0.0,5139.0,0.5,914.0,1,0,0,2 path,mixed,64.1958999633789,0.9074723943973421
1480,7,7,4.0,0.0,5139.0,0.5,984.0,0,0,0,3+ branch,mixed,1.0,2.8312010884031285
1481,2,2,3.0,0.3333333432674408,5139.0,0.0,234.0,1,1,5,3+ branch,0 no foreign neighbour,9.399999618530273,8.202875848138754
1482,0,0,3.0,0.0,5139.0,1.0,914.0,0,0,5,3+ branch,1 all neighbours foreign,1.0,1.0672782584343925
1483,0,0,3.0,0.0,5139.0,0.6666666666666666,914.0,0,0,5,3+ branch,mixed,1.7719299793243408,1.074974617558323
1484,0,0,3.0,0.0,5139.0,0.6666666666666666,914.0,1,0,0,3+ branch,mixed,5.839290142059326,1.0744291758322042
1485,0,0,4.0,0.0,5139.0,1.0,914.0,1,1,8,3+ branch,1 all neighbours foreign,1.0,1.0775253738711852
1486,4,4,2.0,0.0,5139.0,0.0,543.0,1,1,0,2 path,0 no foreign neighbour,43.03450012207031,1.845022862681905
1487,9,9,2.0,0.0,5139.0,0.5,373.0,1,1,0,2 path,mixed,44.44240188598633,3.686692911801139
1488,8,8,4.0,0.0,5139.0,0.0,452.0,1,1,5,3+ branch,0 no foreign neighbour,17.0,4.915780223966021
1489,8,8,2.0,0.0,5139.0,0.5,452.0,1,1,0,2 path,mixed,42.397098541259766,4.871652280340667
1490,9,9,1.0,0.0,5139.0,0.0,373.0,1,1,8,1 tip,0 no foreign neighbour,2.7297298908233643,3.70204710409634
1491,5,5,2.0,0.0,5139.0,0.0,336.0,1,1,6,2 path,0 no foreign neighbour,90.32620239257812,10.8849495726353
1492,0,0,3.0,0.0,5139.0,1.0,914.0,0,0,5,3+ branch,1 all neighbours foreign,1.0,1.080546620922241
1493,2,2,2.0,0.0,5139.0,0.5,234.0,1,1,0,2 path,mixed,39.64910125732422,8.180810111939678
1494,5,5,2.0,0.0,5139.0,0.0,336.0,1,1,5,2 path,0 no foreign neighbour,1.0,10.945106599311433
1495,6,6,3.0,0.0,5139.0,1.0,733.0,1,1,5,3+ branch,1 all neighbours foreign,5.8095197677612305,3.4648862718806273
1496,0,0,4.0,0.0,5139.0,1.0,914.0,0,0,5,3+ branch,1 all neighbours foreign,1.0,1.0817669556512501
1497,8,8,3.0,0.0,5139.0,0.3333333333333333,452.0,1,1,5,3+ branch,mixed,14.753600120544434,4.925898243457314
1498,6,6,3.0,0.0,5139.0,0.0,733.0,1,1,5,3+ branch,0 no foreign neighbour,13.861499786376953,3.456506590372026
1499,6,6,4.0,0.0,5139.0,0.0,733.0,1,1,5,3+ branch,0 no foreign neighbour,1.0,3.45241471590644
1500,6,6,3.0,0.0,5139.0,0.0,733.0,1,1,5,3+ branch,0 no foreign neighbour,3.0,3.454058534518951
1501,9,9,3.0,0.0,5139.0,0.0,373.0,1,1,6,3+ branch,0 no foreign neighbour,81.69869995117188,3.618466486224107
1502,5,5,4.0,0.0,5139.0,0.0,336.0,1,1,5,3+ branch,0 no foreign neighbour,1.0,10.916307037535573
1503,6,6,2.0,0.0,5139.0,0.5,733.0,1,1,8,2 path,mixed,40.49470138549805,3.4444276832582625
1504,0,0,3.0,0.0,5139.0,0.6666666666666666,914.0,0,0,5,3+ branch,mixed,1.0,1.0683662244215402
1505,0,0,4.0,0.1666666716337204,5139.0,0.5,914.0,0,0,5,3+ branch,mixed,1.0,1.0684686173926206
1506,0,0,3.0,0.3333333432674408,5139.0,0.6666666666666666,914.0,0,0,5,3+ branch,mixed,1.0,1.068085016066738
1507,6,6,4.0,0.0,5139.0,0.5,733.0,1,1,5,3+ branch,mixed,1.0,3.4513726528422177
1508,7,7,2.0,0.0,5139.0,0.0,984.0,0,0,0,2 path,0 no foreign neighbour,66.44830322265625,2.8206450445913465
1509,9,9,1.0,0.0,5139.0,0.0,373.0,1,1,9,1 tip,0 no foreign neighbour,9.734379768371582,3.6725096486579702
1510,5,5,1.0,0.0,5139.0,0.0,336.0,1,1,0,1 tip,0 no foreign neighbour,52.57229995727539,10.80140849528958
1511,2,2,2.0,1.0,5139.0,0.0,234.0,1,1,8,2 path,0 no foreign neighbour,1.0,8.204763634873686
1512,8,8,4.0,0.0,5139.0,0.75,452.0,1,1,5,3+ branch,mixed,1.0,4.91590967621005
1513,7,7,2.0,0.0,5139.0,1.0,984.0,1,0,2,2 path,1 all neighbours foreign,48.75320053100586,2.7803447778796047
1514,6,6,4.0,0.0,5139.0,0.5,733.0,1,1,5,3+ branch,mixed,1.0,3.4632174382716254
1515,1,1,2.0,0.0,5139.0,0.0,276.0,1,1,5,2 path,0 no foreign neighbour,26.829599380493164,5.4880050943482495
1516,4,4,3.0,0.0,5139.0,0.6666666666666666,543.0,1,1,0,3+ branch,mixed,1.0,1.8786341869186922
1517,0,0,2.0,0.0,5139.0,0.0,914.0,1,0,0,2 path,0 no foreign neighbour,46.74319839477539,1.0396462179290782
1518,4,4,4.0,0.0,5139.0,0.0,543.0,1,1,0,3+ branch,0 no foreign neighbour,76.79280090332031,1.8444064224558563
1519,0,0,2.0,0.0,5139.0,1.0,914.0,1,1,0,2 path,1 all neighbours foreign,40.41740036010742,1.0402531781465105
1520,0,0,3.0,0.0,5139.0,1.0,914.0,0,0,5,3+ branch,1 all neighbours foreign,1.0,1.0693709577608304
1521,8,8,1.0,0.0,5139.0,0.0,452.0,1,1,8,1 tip,0 no foreign neighbour,1.0,4.911329550798585
1522,0,0,3.0,0.0,5139.0,0.0,914.0,0,0,5,3+ branch,0 no foreign neighbour,29.0,1.0806480455030234
1523,0,0,3.0,0.0,5139.0,0.3333333333333333,914.0,0,0,5,3+ branch,mixed,3.892859935760498,1.0819510598260356
1524,0,0,2.0,0.0,5139.0,0.5,914.0,0,0,6,2 path,mixed,84.54239654541016,1.0620320896007232
1525,3,3,2.0,0.0,5139.0,0.5,295.0,1,1,0,2 path,mixed,47.30160140991211,5.475599769708896
1526,7,7,4.0,0.0,5139.0,0.5,984.0,1,0,5,3+ branch,mixed,1.0,2.8413236035308467
1527,7,7,4.0,0.0,5139.0,0.5,984.0,1,0,5,3+ branch,mixed,1.0,2.8411689324499134
1528,2,2,2.0,0.0,5139.0,0.5,234.0,1,1,0,2 path,mixed,28.787900924682617,8.171550498602599
1529,2,2,3.0,0.0,5139.0,0.0,234.0,1,1,5,3+ branch,0 no foreign neighbour,14.705900192260742,8.179729440507407
1530,5,5,4.0,0.0,5139.0,0.0,336.0,1,0,9,3+ branch,0 no foreign neighbour,13.93019962310791,10.912860451725994
1531,4,4,2.0,0.0,5139.0,0.0,543.0,1,1,2,2 path,0 no foreign neighbour,53.05839920043945,1.7424649202734712
1532,7,7,2.0,0.0,5139.0,0.0,984.0,0,0,0,2 path,0 no foreign neighbour,58.073001861572266,2.6765736169367513
1533,6,6,4.0,0.0,5139.0,0.5,733.0,1,1,0,3+ branch,mixed,48.45349884033203,3.4528315701229237
1534,6,6,4.0,0.0,5139.0,0.5,733.0,1,1,0,3+ branch,mixed,75.99140167236328,3.430271250339724
1535,8,8,2.0,0.0,5139.0,0.0,452.0,1,1,8,2 path,0 no foreign neighbour,29.356300354003906,4.912091752464137
1536,1,1,2.0,0.0,5139.0,0.5,276.0,1,1,2,2 path,mixed,56.91669845581055,5.416331789800872
1537,8,8,3.0,0.0,5139.0,0.0,452.0,1,1,5,3+ branch,0 no foreign neighbour,1.0,4.923287956236665
1538,7,7,2.0,0.0,5139.0,0.5,984.0,0,0,0,2 path,mixed,69.2488021850586,2.763897615245624
1539,8,8,2.0,0.0,5139.0,0.0,452.0,1,1,0,2 path,0 no foreign neighbour,47.22359848022461,4.894040113289604
1540,1,1,2.0,0.0,5139.0,0.5,276.0,1,1,2,2 path,mixed,60.459800720214844,5.377588358887402
1541,3,3,3.0,0.0,5139.0,0.0,295.0,1,1,5,3+ branch,0 no foreign neighbour,10.93589973449707,5.518921490915103
1542,7,7,3.0,0.0,5139.0,0.3333333333333333,984.0,0,0,0,3+ branch,mixed,53.42190170288086,2.651008081351411
1543,4,4,2.0,0.0,5139.0,0.5,543.0,1,1,0,2 path,mixed,54.97589874267578,1.6720835955855304
1544,2,2,2.0,0.0,5139.0,0.0,234.0,1,1,0,2 path,0 no foreign neighbour,61.18579864501953,8.052504146315545
1545,0,0,2.0,0.0,5139.0,0.5,914.0,1,0,0,2 path,mixed,41.81340026855469,1.0008702467333161
1546,0,0,2.0,0.0,5139.0,0.5,914.0,1,0,0,2 path,mixed,18.722200393676758,1.0582309266864647
1547,7,7,4.0,0.0,5139.0,0.0,984.0,0,0,0,3+ branch,0 no foreign neighbour,41.38949966430664,2.82577324248533
1548,7,7,2.0,0.0,5139.0,0.0,984.0,0,0,0,2 path,0 no foreign neighbour,23.370399475097656,2.8200701003050406
1549,7,7,2.0,0.0,5139.0,0.0,984.0,0,0,9,2 path,0 no foreign neighbour,24.65489959716797,2.817526900671351
1550,1,1,2.0,0.0,5139.0,0.5,276.0,0,0,7,2 path,mixed,34.674598693847656,5.496504764994814
1551,3,3,4.0,0.0,5139.0,0.0,295.0,1,1,5,3+ branch,0 no foreign neighbour,3.859149932861328,5.545541758647831
1552,1,1,4.0,0.0,5139.0,0.0,276.0,1,1,2,3+ branch,0 no foreign neighbour,60.72380065917969,5.514894544080892
1553,2,2,2.0,0.0,5139.0,0.0,234.0,1,1,0,2 path,0 no foreign neighbour,53.355098724365234,7.767981109012932
1554,5,5,4.0,0.0,5139.0,0.0,336.0,1,1,9,3+ branch,0 no foreign neighbour,1.0,10.935557513131924
1555,6,6,3.0,0.0,5139.0,0.0,733.0,1,1,5,3+ branch,0 no foreign neighbour,4.619050025939941,3.4567211007592906
1556,6,6,3.0,0.0,5139.0,0.3333333333333333,733.0,1,1,0,3+ branch,mixed,1.0,3.4523884568251355
1557,6,6,4.0,0.1666666716337204,5139.0,0.75,733.0,1,1,6,3+ branch,mixed,158.447998046875,3.4395080306573007
1558,0,0,4.0,0.0,5139.0,0.75,914.0,0,0,5,3+ branch,mixed,1.0,1.079628282624276
1559,6,6,4.0,0.0,5139.0,0.5,733.0,1,1,0,3+ branch,mixed,55.0989990234375,3.434538390413585
1560,8,8,3.0,0.0,5139.0,0.0,452.0,1,1,5,3+ branch,0 no foreign neighbour,4.583330154418945,4.927166847894418
1561,3,3,4.0,0.0,5139.0,0.0,295.0,1,1,6,3+ branch,0 no foreign neighbour,88.12220001220703,5.468296774404874
1562,5,5,2.0,0.0,5139.0,0.0,336.0,1,1,5,2 path,0 no foreign neighbour,46.69329833984375,10.878583423728333
1563,5,5,2.0,0.0,5139.0,0.0,336.0,0,0,3,2 path,0 no foreign neighbour,55.191200256347656,10.728414203637898
1564,5,5,2.0,0.0,5139.0,0.0,336.0,1,1,0,2 path,0 no foreign neighbour,34.36940002441406,10.902657708423353
1565,0,0,3.0,0.0,5139.0,0.6666666666666666,914.0,1,1,0,3+ branch,mixed,1.0,1.076444583486934
1566,0,0,3.0,0.0,5139.0,0.3333333333333333,914.0,0,0,5,3+ branch,mixed,1.0,1.0755007930250193
1567,9,9,2.0,0.0,5139.0,0.0,373.0,1,1,5,2 path,0 no foreign neighbour,32.323299407958984,3.6597298688202593
1568,4,4,2.0,0.0,5139.0,0.0,543.0,1,1,0,2 path,0 no foreign neighbour,4.91802978515625,1.8709807850893094
1569,0,0,2.0,0.0,5139.0,1.0,914.0,1,0,0,2 path,1 all neighbours foreign,4.717390060424805,1.0758380173630058
1570,6,6,3.0,0.0,5139.0,0.0,733.0,1,1,5,3+ branch,0 no foreign neighbour,2.6933300495147705,3.461225684268302
1571,0,0,4.0,0.0,5139.0,0.75,914.0,1,1,3,3+ branch,mixed,1.0,1.0889271439119763
1572,6,6,4.0,0.0,5139.0,0.5,733.0,1,1,0,3+ branch,mixed,39.558101654052734,3.4582608862372504
1573,7,7,2.0,0.0,5139.0,0.5,984.0,0,0,0,2 path,mixed,45.79629898071289,2.816845745669796
1574,5,5,3.0,0.0,5139.0,0.0,336.0,1,1,9,3+ branch,0 no foreign neighbour,1.0,10.921352249659602
1575,5,5,4.0,0.0,5139.0,0.0,336.0,1,0,9,3+ branch,0 no foreign neighbour,1.0,10.922238762254551
1576,6,6,4.0,0.0,5139.0,0.5,733.0,1,1,0,3+ branch,mixed,50.31629943847656,3.434696185647416
1577,5,5,3.0,0.0,5139.0,0.0,336.0,1,1,5,3+ branch,0 no foreign neighbour,1.0,10.92291301136961
1578,3,3,3.0,0.0,5139.0,0.0,295.0,1,1,5,3+ branch,0 no foreign neighbour,10.0,5.54774509954216
1579,7,7,2.0,0.0,5139.0,0.0,984.0,1,0,5,2 path,0 no foreign neighbour,5.555560111999512,2.835402241388943
1580,7,7,3.0,0.3333333432674408,5139.0,0.0,984.0,1,0,5,3+ branch,0 no foreign neighbour,21.884199142456055,2.8271340475912283
1581,8,8,3.0,0.0,5139.0,0.0,452.0,1,1,5,3+ branch,0 no foreign neighbour,1.0,4.9290728550906255
1582,4,4,3.0,0.0,5139.0,0.3333333333333333,543.0,1,1,0,3+ branch,mixed,49.846900939941406,1.7928380164050006
1583,7,7,2.0,0.0,5139.0,0.5,984.0,0,0,0,2 path,mixed,49.47269821166992,2.798764172356148
1584,5,5,2.0,0.0,5139.0,0.0,336.0,1,1,0,2 path,0 no foreign neighbour,5.70212984085083,10.926196099436371
1585,5,5,3.0,0.3333333432674408,5139.0,0.0,336.0,1,1,5,3+ branch,0 no foreign neighbour,1.0,10.927413627192431
1586,5,5,4.0,0.1666666716337204,5139.0,0.0,336.0,1,1,5,3+ branch,0 no foreign neighbour,18.0,10.91513870360098
1587,6,6,3.0,0.0,5139.0,0.6666666666666666,733.0,1,1,2,3+ branch,mixed,61.7849006652832,3.440787495161109
1588,7,7,3.0,0.3333333432674408,5139.0,0.0,984.0,1,0,5,3+ branch,0 no foreign neighbour,30.349599838256836,2.804415047150726
1589,4,4,2.0,0.0,5139.0,0.0,543.0,1,1,0,2 path,0 no foreign neighbour,76.46240234375,1.824114147838098
1590,7,7,2.0,0.0,5139.0,0.5,984.0,0,0,0,2 path,mixed,64.28980255126953,2.7854256048153
1591,0,0,4.0,0.0,5139.0,1.0,914.0,1,1,0,3+ branch,1 all neighbours foreign,1.0,1.070359424580826
1592,9,9,3.0,0.0,5139.0,0.0,373.0,1,1,0,3+ branch,0 no foreign neighbour,1.0,3.699175047896406
1593,9,9,1.0,0.0,5139.0,0.0,373.0,1,1,5,1 tip,0 no foreign neighbour,24.009899139404297,3.682423708510054
1594,7,7,4.0,0.0,5139.0,0.5,984.0,1,0,5,3+ branch,mixed,1.0,2.844097123626327
1595,9,9,1.0,0.0,5139.0,0.0,373.0,1,1,5,1 tip,0 no foreign neighbour,9.036589622497559,3.6790100074451964
1596,8,8,4.0,0.0,5139.0,0.0,452.0,1,1,0,3+ branch,0 no foreign neighbour,72.40619659423828,4.887431446456175
1597,9,9,3.0,0.0,5139.0,0.0,373.0,1,1,5,3+ branch,0 no foreign neighbour,1.0,3.677336579553209
1598,5,5,4.0,0.0,5139.0,0.25,336.0,1,1,5,3+ branch,mixed,1.0,10.921638758046349
1599,0,0,4.0,0.0,5139.0,0.5,914.0,1,1,9,3+ branch,mixed,1.0,1.0858994065691876
1600,6,6,4.0,0.0,5139.0,0.5,733.0,1,1,0,3+ branch,mixed,66.3727035522461,3.43235452037494
1601,6,6,4.0,0.1666666716337204,5139.0,0.0,733.0,1,1,5,3+ branch,0 no foreign neighbour,1.0,3.465536918072532
1602,6,6,3.0,0.3333333432674408,5139.0,0.0,733.0,1,1,5,3+ branch,0 no foreign neighbour,1.0,3.464635707629376
1603,9,9,2.0,0.0,5139.0,0.0,373.0,1,1,6,2 path,0 no foreign neighbour,99.10449981689453,3.6356228052147945
1604,9,9,3.0,0.0,5139.0,0.0,373.0,1,1,5,3+ branch,0 no foreign neighbour,1.9032299518585205,3.703340178551483
1605,4,4,2.0,0.0,5139.0,0.0,543.0,1,1,0,2 path,0 no foreign neighbour,56.47600173950195,1.7867989414785486
1606,7,7,3.0,0.3333333432674408,5139.0,0.0,984.0,1,0,5,3+ branch,0 no foreign neighbour,19.170900344848633,2.80390471135613
1607,9,9,1.0,0.0,5139.0,0.0,373.0,1,1,5,1 tip,0 no foreign neighbour,19.33329963684082,3.7098514169769152
1608,7,7,2.0,0.0,5139.0,0.0,984.0,0,0,0,2 path,0 no foreign neighbour,55.42770004272461,2.690250463916488
1609,3,3,1.0,0.0,5139.0,0.0,295.0,1,1,2,1 tip,0 no foreign neighbour,13.767900466918945,5.525547983252659
1610,8,8,2.0,0.0,5139.0,0.0,452.0,1,1,0,2 path,0 no foreign neighbour,60.220001220703125,4.867436925027149
1611,8,8,3.0,0.0,5139.0,0.0,452.0,1,1,5,3+ branch,0 no foreign neighbour,8.074629783630371,4.9234495492784225
1612,7,7,3.0,0.0,5139.0,0.3333333333333333,984.0,0,0,0,3+ branch,mixed,44.681800842285156,2.8190097575304107
1613,3,3,2.0,0.0,5139.0,0.0,295.0,1,1,2,2 path,0 no foreign neighbour,48.82870101928711,5.465572941847065
1614,6,6,4.0,0.0,5139.0,0.5,733.0,1,1,5,3+ branch,mixed,1.0,3.453304000744361
1615,7,7,4.0,0.0,5139.0,0.0,984.0,1,0,5,3+ branch,0 no foreign neighbour,1.0,2.826948444191068
1616,5,5,3.0,0.0,5139.0,0.0,336.0,1,1,5,3+ branch,0 no foreign neighbour,1.0,10.944337726699041
1617,7,7,3.0,0.0,5139.0,0.6666666666666666,984.0,1,1,6,3+ branch,mixed,61.431800842285156,2.8228080507698547
1618,5,5,4.0,0.0,5139.0,0.0,336.0,0,0,3,3+ branch,0 no foreign neighbour,1.0,10.925010811352859
1619,0,0,3.0,0.0,5139.0,1.0,914.0,0,0,5,3+ branch,1 all neighbours foreign,1.0,1.0761763975539023
1620,9,9,1.0,0.0,5139.0,1.0,373.0,1,1,5,1 tip,1 all neighbours foreign,23.942100524902344,3.6609307923898107
1621,0,0,2.0,0.0,5139.0,0.5,914.0,0,0,6,2 path,mixed,17.75309944152832,1.081617040765177
1622,4,4,4.0,0.0,5139.0,0.0,543.0,1,1,5,3+ branch,0 no foreign neighbour,1.0,1.878219106206049
1623,6,6,4.0,0.0,5139.0,0.5,733.0,1,1,0,3+ branch,mixed,1.0,3.460916666483617
1624,6,6,4.0,0.0,5139.0,0.5,733.0,1,1,5,3+ branch,mixed,1.0,3.4662236489872362
1625,2,2,4.0,0.0,5139.0,0.0,234.0,1,1,5,3+ branch,0 no foreign neighbour,1.0,8.203178788315526
1626,0,0,4.0,0.0,5139.0,1.0,914.0,1,0,0,3+ branch,1 all neighbours foreign,1.0,1.0717312717964274
1627,6,6,4.0,0.0,5139.0,0.5,733.0,1,1,0,3+ branch,mixed,79.64910125732422,3.4352093916054818
1628,8,8,2.0,0.0,5139.0,0.0,452.0,1,1,2,2 path,0 no foreign neighbour,47.25320053100586,4.867834845453219
1629,5,5,2.0,0.0,5139.0,0.5,336.0,1,1,9,2 path,mixed,55.95719909667969,10.840160370596784
1630,4,4,2.0,0.0,5139.0,0.0,543.0,1,1,0,2 path,0 no foreign neighbour,32.545501708984375,1.8384611343338744
1631,0,0,4.0,0.0,5139.0,0.75,914.0,0,0,5,3+ branch,mixed,1.0,1.0888287832857007
1632,1,1,2.0,0.0,5139.0,0.0,276.0,1,1,2,2 path,0 no foreign neighbour,38.075599670410156,5.495803757591432
1633,6,6,4.0,0.0,5139.0,0.5,733.0,1,1,5,3+ branch,mixed,1.0,3.4731191239403585
1634,2,2,2.0,0.0,5139.0,0.5,234.0,1,1,0,2 path,mixed,43.563899993896484,8.080193871910621
1635,0,0,3.0,0.0,5139.0,0.6666666666666666,914.0,0,0,5,3+ branch,mixed,1.0,1.0851400965794558
1636,0,0,3.0,0.0,5139.0,0.3333333333333333,914.0,1,1,9,3+ branch,mixed,1.0,1.0868666586274225
1637,0,0,3.0,0.0,5139.0,0.3333333333333333,914.0,0,0,5,3+ branch,mixed,1.0,1.0867948431732677
1638,4,4,2.0,0.0,5139.0,0.0,543.0,1,1,2,2 path,0 no foreign neighbour,52.33700180053711,1.6465430272825068
1639,0,0,3.0,0.0,5139.0,0.0,914.0,1,0,0,3+ branch,0 no foreign neighbour,1.0,1.0735044269264487
1640,9,9,4.0,0.0,5139.0,0.0,373.0,1,1,5,3+ branch,0 no foreign neighbour,6.327270030975342,3.704313280849949
1641,9,9,1.0,0.0,5139.0,0.0,373.0,1,1,5,1 tip,0 no foreign neighbour,21.103900909423828,3.6971889358731955
1642,0,0,2.0,0.0,5139.0,0.5,914.0,1,0,0,2 path,mixed,53.84389877319336,0.9686313841295909
1643,5,5,1.0,0.0,5139.0,0.0,336.0,0,0,3,1 tip,0 no foreign neighbour,41.6255989074707,10.826970451047238
1644,2,2,2.0,0.0,5139.0,0.0,234.0,1,1,0,2 path,0 no foreign neighbour,61.20610046386719,8.134416993748564
1645,7,7,3.0,0.0,5139.0,0.0,984.0,1,0,5,3+ branch,0 no foreign neighbour,1.0,2.8372868793763586
1646,9,9,3.0,0.0,5139.0,0.0,373.0,1,1,5,3+ branch,0 no foreign neighbour,5.0,3.7071864502586256
1647,9,9,1.0,0.0,5139.0,0.0,373.0,1,1,8,1 tip,0 no foreign neighbour,22.98259925842285,3.6942831226988275
1648,7,7,4.0,0.0,5139.0,0.5,984.0,0,0,9,3+ branch,mixed,1.0,2.85017977417149
1649,0,0,4.0,0.0,5139.0,1.0,914.0,0,0,5,3+ branch,1 all neighbours foreign,1.0,1.066917633730175
1650,9,9,1.0,0.0,5139.0,0.0,373.0,1,1,5,1 tip,0 no foreign neighbour,4.678160190582275,3.7065080083962667
1651,9,9,3.0,0.0,5139.0,0.0,373.0,1,1,5,3+ branch,0 no foreign neighbour,34.73030090332031,3.7031535802789954
1652,0,0,3.0,0.0,5139.0,1.0,914.0,0,0,5,3+ branch,1 all neighbours foreign,4.531909942626953,1.0642366140140858
1653,0,0,2.0,0.0,5139.0,0.5,914.0,1,0,0,2 path,mixed,26.00909996032715,1.035324319983151
1654,7,7,4.0,0.0,5139.0,0.0,984.0,1,0,5,3+ branch,0 no foreign neighbour,32.722198486328125,2.829783327623308
1655,7,7,4.0,0.0,5139.0,0.5,984.0,1,0,5,3+ branch,mixed,1.0,2.82082177401573
1656,6,6,4.0,0.0,5139.0,0.5,733.0,1,1,5,3+ branch,mixed,1.0,3.4615683387757166
1657,0,0,4.0,0.0,5139.0,1.0,914.0,0,0,5,3+ branch,1 all neighbours foreign,1.0,1.084697497243996
1658,0,0,3.0,0.0,5139.0,1.0,914.0,0,0,5,3+ branch,1 all neighbours foreign,1.0,1.0765975392950882
1659,0,0,4.0,0.0,5139.0,1.0,914.0,0,0,5,3+ branch,1 all neighbours foreign,1.0,1.0819395263637892
1660,7,7,4.0,0.0,5139.0,0.5,984.0,0,0,0,3+ branch,mixed,101.2760009765625,2.7984811626052806
1661,3,3,4.0,0.0,5139.0,0.0,295.0,1,1,0,3+ branch,0 no foreign neighbour,17.0,5.551825715007697
1662,3,3,2.0,0.0,5139.0,0.0,295.0,1,1,2,2 path,0 no foreign neighbour,56.982200622558594,5.415824841199313
1663,7,7,4.0,0.0,5139.0,0.5,984.0,1,0,5,3+ branch,mixed,1.0,2.838738334057156
1664,6,6,4.0,0.0,5139.0,0.5,733.0,1,1,5,3+ branch,mixed,1.0,3.466559553312611
1665,3,3,3.0,0.0,5139.0,0.0,295.0,1,1,5,3+ branch,0 no foreign neighbour,28.951200485229492,5.538887233338478
1666,7,7,2.0,0.0,5139.0,0.0,984.0,0,0,0,2 path,0 no foreign neighbour,52.54309844970703,2.8058819010126292
1667,7,7,3.0,0.0,5139.0,0.3333333333333333,984.0,1,0,5,3+ branch,mixed,1.0,2.832086841389573
1668,0,0,4.0,0.0,5139.0,1.0,914.0,0,0,5,3+ branch,1 all neighbours foreign,1.0,1.0748820888515
1669,3,3,2.0,0.0,5139.0,0.0,295.0,1,1,8,2 path,0 no foreign neighbour,1.0,5.560071669126623
1670,3,3,4.0,0.0,5139.0,0.0,295.0,1,1,5,3+ branch,0 no foreign neighbour,1.9041099548339844,5.551477168662892
1671,0,0,4.0,0.0,5139.0,1.0,914.0,0,0,5,3+ branch,1 all neighbours foreign,1.0,1.05657478174173
1672,0,0,2.0,0.0,5139.0,0.5,914.0,0,0,2,2 path,mixed,57.710899353027344,0.9439204350202278
1673,6,6,4.0,0.0,5139.0,0.5,733.0,1,1,0,3+ branch,mixed,47.11830139160156,3.4442119830532936
1674,2,2,3.0,0.0,5139.0,0.0,234.0,1,1,5,3+ branch,0 no foreign neighbour,21.962499618530273,8.18036063646322
1675,2,2,1.0,0.0,5139.0,0.0,234.0,1,1,8,1 tip,0 no foreign neighbour,35.4463005065918,8.163838709367433
1676,8,8,1.0,0.0,5139.0,0.0,452.0,1,0,8,1 tip,0 no foreign neighbour,7.5,4.923279271221731
1677,6,6,4.0,0.0,5139.0,0.75,733.0,1,1,5,3+ branch,mixed,1.0,3.4596805302081073
1678,7,7,4.0,0.0,5139.0,0.5,984.0,1,0,5,3+ branch,mixed,1.0,2.8439173742737185
1679,0,0,2.0,0.0,5139.0,0.5,914.0,1,0,0,2 path,mixed,51.70539855957031,0.8924991586169493
1680,5,5,2.0,0.0,5139.0,0.0,336.0,0,0,3,2 path,0 no foreign neighbour,47.805999755859375,10.853516747695412
1681,6,6,4.0,0.0,5139.0,0.5,733.0,1,1,5,3+ branch,mixed,1.0,3.4570226395199155
1682,0,0,2.0,0.0,5139.0,0.5,914.0,1,0,0,2 path,mixed,42.55780029296875,1.0262509675635112
1683,5,5,3.0,0.0,5139.0,0.0,336.0,1,1,5,3+ branch,0 no foreign neighbour,1.0,10.934053132568206
1684,0,0,2.0,0.0,5139.0,0.5,914.0,1,0,0,2 path,mixed,54.77429962158203,0.9203844374569421
1685,9,9,3.0,0.0,5139.0,0.0,373.0,1,1,9,3+ branch,0 no foreign neighbour,76.99220275878906,3.690990787828837
1686,6,6,4.0,0.0,5139.0,0.5,733.0,1,1,0,3+ branch,mixed,1.0,3.461344772061738
1687,4,4,2.0,0.0,5139.0,0.5,543.0,1,1,0,2 path,mixed,48.50979995727539,1.7924716457822063
1688,8,8,2.0,0.0,5139.0,0.0,452.0,1,1,5,2 path,0 no foreign neighbour,27.37969970703125,4.921508020064302
1689,8,8,3.0,0.0,5139.0,0.0,452.0,1,1,5,3+ branch,0 no foreign neighbour,5.742859840393066,4.917538130215234
1690,7,7,4.0,0.0,5139.0,0.5,984.0,0,0,0,3+ branch,mixed,72.45449829101562,2.816764505981497
1691,4,4,4.0,0.0,5139.0,0.5,543.0,1,1,5,3+ branch,mixed,1.0,1.8702738131424894
1692,0,0,2.0,0.0,5139.0,1.0,914.0,1,1,0,2 path,1 all neighbours foreign,1.0,1.0610195326653185
1693,9,9,3.0,0.0,5139.0,0.0,373.0,1,1,5,3+ branch,0 no foreign neighbour,3.0,3.6690771427877693
1694,0,0,4.0,0.0,5139.0,0.5,914.0,0,0,2,3+ branch,mixed,108.4800033569336,1.034647143717932
1695,6,6,4.0,0.0,5139.0,0.5,733.0,1,1,5,3+ branch,mixed,18.963899612426758,3.451243073710793
1696,5,5,4.0,0.0,5139.0,0.0,336.0,1,1,9,3+ branch,0 no foreign neighbour,1.0,10.920194202609812
1697,7,7,4.0,0.0,5139.0,0.5,984.0,0,0,0,3+ branch,mixed,63.990699768066406,2.8209732629968896
1698,5,5,4.0,0.0,5139.0,0.0,336.0,1,1,5,3+ branch,0 no foreign neighbour,1.0,10.934467353031355
1699,4,4,3.0,0.0,5139.0,0.3333333333333333,543.0,1,1,5,3+ branch,mixed,1.0,1.866206275282489
1700,0,0,3.0,0.0,5139.0,0.6666666666666666,914.0,1,0,8,3+ branch,mixed,1.0,1.0695687951114226
1701,0,0,3.0,0.0,5139.0,0.6666666666666666,914.0,0,0,5,3+ branch,mixed,1.0,1.0702599172107568
1702,4,4,2.0,0.0,5139.0,0.0,543.0,1,1,6,2 path,0 no foreign neighbour,65.88729858398438,1.7891698672070049
1703,0,0,3.0,0.0,5139.0,0.6666666666666666,914.0,0,0,5,3+ branch,mixed,1.0,1.0774848219302235
1704,6,6,4.0,0.0,5139.0,0.0,733.0,1,1,0,3+ branch,0 no foreign neighbour,1.0,3.459103387715518
1705,4,4,3.0,0.0,5139.0,0.3333333333333333,543.0,1,1,5,3+ branch,mixed,1.0,1.883806839768687
1706,5,5,2.0,0.0,5139.0,0.0,336.0,0,0,3,2 path,0 no foreign neighbour,56.23540115356445,10.657784488209359
1707,8,8,3.0,0.0,5139.0,0.0,452.0,1,1,5,3+ branch,0 no foreign neighbour,9.710530281066895,4.917743926139452
1708,8,8,5.0,0.0,5139.0,0.0,452.0,1,1,5,3+ branch,0 no foreign neighbour,14.208999633789062,4.926604876090195
1709,4,4,2.0,0.0,5139.0,1.0,543.0,1,1,0,2 path,1 all neighbours foreign,35.25619888305664,1.8356309879276071
1710,6,6,3.0,0.0,5139.0,0.3333333333333333,733.0,1,1,0,3+ branch,mixed,59.35710144042969,3.4534095976526595
1711,5,5,3.0,0.0,5139.0,0.0,336.0,1,1,5,3+ branch,0 no foreign neighbour,12.0,10.925595121565483
1712,9,9,3.0,0.0,5139.0,0.0,373.0,1,1,5,3+ branch,0 no foreign neighbour,1.0,3.7054718046378587
1713,9,9,1.0,0.0,5139.0,0.0,373.0,1,1,5,1 tip,0 no foreign neighbour,23.018299102783203,3.6927925622398505
1714,7,7,3.0,0.0,5139.0,0.0,984.0,1,0,5,3+ branch,0 no foreign neighbour,2.0,2.8358279812195857
1715,7,7,4.0,0.0,5139.0,0.0,984.0,0,0,0,3+ branch,0 no foreign neighbour,3.0,2.8315003547453803
1716,6,6,2.0,0.0,5139.0,0.0,733.0,1,1,0,2 path,0 no foreign neighbour,62.09769821166992,3.2642758427142526
1717,0,0,3.0,0.0,5139.0,0.3333333333333333,914.0,1,1,9,3+ branch,mixed,1.0,1.0885256098522
1718,5,5,3.0,0.0,5139.0,0.6666666666666666,336.0,1,1,0,3+ branch,mixed,58.99250030517578,10.88820591154174
1719,0,0,2.0,0.0,5139.0,0.0,914.0,1,1,9,2 path,0 no foreign neighbour,1.0,1.0867694797967657
1720,1,1,3.0,0.0,5139.0,0.0,276.0,1,1,5,3+ branch,0 no foreign neighbour,1.0,5.522094049183649
1721,4,4,2.0,0.0,5139.0,1.0,543.0,1,1,0,2 path,1 all neighbours foreign,56.001399993896484,1.5237943700994847
1722,0,0,4.0,0.0,5139.0,0.5,914.0,1,0,0,3+ branch,mixed,43.50559997558594,1.0641199285923224
1723,8,8,3.0,0.0,5139.0,0.0,452.0,1,1,8,3+ branch,0 no foreign neighbour,51.84619903564453,4.895418146905405
1724,0,0,2.0,0.0,5139.0,0.5,914.0,1,0,0,2 path,mixed,70.5999984741211,0.999186380840749
1725,0,0,3.0,0.0,5139.0,0.6666666666666666,914.0,0,0,5,3+ branch,mixed,1.0,1.0799980756920728
1726,6,6,3.0,0.3333333432674408,5139.0,0.0,733.0,1,1,0,3+ branch,0 no foreign neighbour,54.29970169067383,3.337002620534603
1727,7,7,4.0,0.0,5139.0,0.5,984.0,1,0,5,3+ branch,mixed,1.0,2.833381504467719
1728,0,0,3.0,0.0,5139.0,1.0,914.0,1,1,0,3+ branch,1 all neighbours foreign,1.0,1.0782562478214404
1729,5,5,3.0,0.0,5139.0,0.0,336.0,0,0,3,3+ branch,0 no foreign neighbour,1.0,10.941964951368274
1730,0,0,3.0,0.0,5139.0,1.0,914.0,0,0,5,3+ branch,1 all neighbours foreign,1.0,1.084728699184935
1731,6,6,1.0,0.0,5139.0,1.0,733.0,1,1,9,1 tip,1 all neighbours foreign,42.22359848022461,3.4198509966795894
1732,0,0,3.0,0.0,5139.0,1.0,914.0,0,0,5,3+ branch,1 all neighbours foreign,1.0,1.088083983473799
1733,7,7,2.0,0.0,5139.0,0.5,984.0,1,0,5,2 path,mixed,51.672698974609375,2.765588510447233
1734,3,3,4.0,0.0,5139.0,0.25,295.0,1,1,0,3+ branch,mixed,1.0,5.563901893615434
1735,3,3,2.0,0.0,5139.0,0.5,295.0,1,1,6,2 path,mixed,76.3936996459961,5.5245697833096505
1736,7,7,4.0,0.0,5139.0,0.0,984.0,1,0,5,3+ branch,0 no foreign neighbour,1.0,2.842181693732357
1737,7,7,4.0,0.0,5139.0,0.5,984.0,1,0,5,3+ branch,mixed,1.0,2.841828500922262
1738,9,9,4.0,0.0,5139.0,0.0,373.0,1,1,5,3+ branch,0 no foreign neighbour,1.0,3.7043991947749793
1739,0,0,2.0,0.0,5139.0,1.0,914.0,1,1,9,2 path,1 all neighbours foreign,1.0,1.0858227350915473
1740,3,3,4.0,0.0,5139.0,0.0,295.0,1,1,0,3+ branch,0 no foreign neighbour,51.85260009765625,5.53171159222138
1741,3,3,3.0,0.0,5139.0,0.0,295.0,1,1,8,3+ branch,0 no foreign neighbour,4.857140064239502,5.556012343282577
1742,3,3,2.0,0.0,5139.0,0.0,295.0,1,1,0,2 path,0 no foreign neighbour,55.12950134277344,5.514081187253811
1743,1,1,1.0,0.0,5139.0,0.0,276.0,1,1,0,1 tip,0 no foreign neighbour,69.08979797363281,5.394938716439926
1744,6,6,4.0,0.0,5139.0,0.5,733.0,1,1,5,3+ branch,mixed,9.0,3.4567123804233018
1745,4,4,2.0,0.0,5139.0,1.0,543.0,1,1,0,2 path,1 all neighbours foreign,34.69160079956055,1.8498250459542365
1746,6,6,4.0,0.0,5139.0,0.5,733.0,1,1,0,3+ branch,mixed,1.0,3.4494808284542047
1747,9,9,1.0,0.0,5139.0,0.0,373.0,1,1,9,1 tip,0 no foreign neighbour,18.690099716186523,3.6762737964598142
1748,0,0,4.0,0.0,5139.0,0.5,914.0,0,0,5,3+ branch,mixed,1.0,1.0531851289348209
1749,7,7,2.0,0.0,5139.0,0.0,984.0,0,0,9,2 path,0 no foreign neighbour,53.981300354003906,2.669732103875874
1750,7,7,3.0,0.0,5139.0,0.3333333333333333,984.0,1,0,5,3+ branch,mixed,12.9443998336792,2.828253786353131
1751,9,9,3.0,0.0,5139.0,0.0,373.0,1,1,0,3+ branch,0 no foreign neighbour,73.75579833984375,3.653110243855235
1752,7,7,2.0,0.0,5139.0,0.0,984.0,0,0,8,2 path,0 no foreign neighbour,41.71049880981445,2.819997177790541
1753,8,8,2.0,0.0,5139.0,0.5,452.0,1,0,8,2 path,mixed,4.0,4.927225425734676
1754,7,7,3.0,0.0,5139.0,1.0,984.0,1,0,5,3+ branch,1 all neighbours foreign,2.799999952316284,2.83868868187511
1755,7,7,4.0,0.0,5139.0,0.0,984.0,0,0,0,3+ branch,0 no foreign neighbour,78.9395980834961,2.794687279047557
1756,5,5,4.0,0.0,5139.0,0.0,336.0,1,1,5,3+ branch,0 no foreign neighbour,48.45349884033203,10.907572681578461
1757,7,7,4.0,0.0,5139.0,0.5,984.0,1,0,5,3+ branch,mixed,1.0,2.838807889585956
1758,9,9,2.0,0.0,5139.0,0.0,373.0,1,1,5,2 path,0 no foreign neighbour,8.05797004699707,3.697443175001209
1759,9,9,3.0,0.0,5139.0,0.3333333333333333,373.0,1,1,5,3+ branch,mixed,17.828100204467773,3.700116294873189
1760,5,5,4.0,0.0,5139.0,0.0,336.0,1,1,5,3+ branch,0 no foreign neighbour,1.0,10.916662560625518
1761,7,7,3.0,0.0,5139.0,0.0,984.0,0,0,0,3+ branch,0 no foreign neighbour,61.51810073852539,2.3928319701787744
1762,6,6,2.0,0.0,5139.0,0.5,733.0,1,1,0,2 path,mixed,2.0,3.4659280394756635
1763,4,4,3.0,0.0,5139.0,0.0,543.0,1,1,2,3+ branch,0 no foreign neighbour,1.0,1.8847883387509157
1764,4,4,3.0,0.0,5139.0,0.0,543.0,1,1,5,3+ branch,0 no foreign neighbour,1.0,1.8839465561158526
1765,4,4,1.0,0.0,5139.0,0.0,543.0,1,1,0,1 tip,0 no foreign neighbour,54.777801513671875,1.875093799094199
1766,0,0,4.0,0.0,5139.0,1.0,914.0,1,1,0,3+ branch,1 all neighbours foreign,1.0,1.0786209435553196
1767,5,5,2.0,0.0,5139.0,0.0,336.0,1,1,0,2 path,0 no foreign neighbour,1.0,10.914301105540362
1768,6,6,2.0,0.0,5139.0,1.0,733.0,1,1,0,2 path,1 all neighbours foreign,64.94439697265625,3.29184228984163
1769,5,5,2.0,0.0,5139.0,0.0,336.0,1,1,0,2 path,0 no foreign neighbour,61.58980178833008,10.42998790289986
1770,7,7,3.0,0.0,5139.0,0.0,984.0,1,0,5,3+ branch,0 no foreign neighbour,33.522701263427734,2.830556239593197
1771,7,7,2.0,0.0,5139.0,0.0,984.0,0,0,0,2 path,0 no foreign neighbour,38.33060073852539,2.814075956242324
1772,6,6,2.0,0.0,5139.0,0.5,733.0,1,1,0,2 path,mixed,40.78179931640625,3.4049570214699614
1773,0,0,4.0,0.0,5139.0,1.0,914.0,0,0,5,3+ branch,1 all neighbours foreign,1.0,1.0782935916258845
1774,7,7,2.0,0.0,5139.0,0.0,984.0,1,1,5,2 path,0 no foreign neighbour,46.95130157470703,2.7357278100839784
1775,0,0,2.0,0.0,5139.0,0.0,914.0,1,0,0,2 path,0 no foreign neighbour,63.97700119018555,0.762586392720122
1776,7,7,2.0,0.0,5139.0,0.5,984.0,0,0,0,2 path,mixed,66.07759857177734,2.3337903722843074
1777,5,5,4.0,0.0,5139.0,0.0,336.0,1,1,5,3+ branch,0 no foreign neighbour,1.0,10.926710428979336
1778,6,6,4.0,0.0,5139.0,0.5,733.0,1,1,5,3+ branch,mixed,1.0,3.459251664937014
1779,6,6,2.0,0.0,5139.0,0.5,733.0,1,1,0,2 path,mixed,51.48899841308594,3.2435604868035357
1780,0,0,2.0,0.0,5139.0,0.5,914.0,1,0,0,2 path,mixed,60.430301666259766,0.891299371282519
1781,5,5,1.0,0.0,5139.0,1.0,336.0,1,0,0,1 tip,1 all neighbours foreign,55.914398193359375,10.72194325056825
1782,6,6,4.0,0.0,5139.0,0.0,733.0,1,1,0,3+ branch,0 no foreign neighbour,89.44120025634766,3.4322765018438206
1783,6,6,3.0,0.0,5139.0,0.6666666666666666,733.0,1,1,5,3+ branch,mixed,14.048399925231934,3.4671162003645244
1784,5,5,3.0,0.0,5139.0,0.0,336.0,1,1,5,3+ branch,0 no foreign neighbour,21.85540008544922,10.909045063515292
1785,5,5,1.0,0.0,5139.0,0.0,336.0,1,1,5,1 tip,0 no foreign neighbour,17.545499801635742,10.891795417158106
1786,8,8,2.0,0.0,5139.0,0.5,452.0,1,1,0,2 path,mixed,50.57500076293945,4.901363984920295
1787,7,7,3.0,0.0,5139.0,0.3333333333333333,984.0,1,0,5,3+ branch,mixed,7.38332986831665,2.83931661023193
1788,0,0,3.0,0.0,5139.0,0.6666666666666666,914.0,0,0,5,3+ branch,mixed,3.7750000953674316,1.0793929705835401
1789,0,0,3.0,0.0,5139.0,1.0,914.0,0,0,5,3+ branch,1 all neighbours foreign,7.904759883880615,1.0777106604354312
1790,6,6,3.0,0.0,5139.0,1.0,733.0,1,1,5,3+ branch,1 all neighbours foreign,2.0,3.451310130770865
1791,6,6,4.0,0.0,5139.0,0.5,733.0,1,1,5,3+ branch,mixed,1.0,3.461719146428576
1792,7,7,2.0,0.0,5139.0,1.0,984.0,0,0,0,2 path,1 all neighbours foreign,62.79840087890625,2.7377184006682938
1793,5,5,2.0,0.0,5139.0,0.0,336.0,1,1,0,2 path,0 no foreign neighbour,55.18220138549805,10.828856132058485
1794,7,7,3.0,0.0,5139.0,0.3333333333333333,984.0,0,0,0,3+ branch,mixed,35.08110046386719,2.815708832366948
1795,0,0,4.0,0.0,5139.0,1.0,914.0,0,0,5,3+ branch,1 all neighbours foreign,1.0,1.068967194906457
1796,7,7,2.0,0.0,5139.0,0.0,984.0,0,0,9,2 path,0 no foreign neighbour,57.72800064086914,2.664195952212637
1797,0,0,3.0,0.0,5139.0,1.0,914.0,1,0,0,3+ branch,1 all neighbours foreign,1.0,1.0712167312175085
1798,0,0,2.0,0.0,5139.0,1.0,914.0,0,0,2,2 path,1 all neighbours foreign,56.21329879760742,0.9128197539080306
1799,3,3,3.0,0.0,5139.0,0.0,295.0,1,1,0,3+ branch,0 no foreign neighbour,65.8488998413086,5.515864968228475
1800,2,2,4.0,0.0,5139.0,0.0,234.0,1,1,5,3+ branch,0 no foreign neighbour,1.0,8.207321008963577
1801,2,2,2.0,0.0,5139.0,0.5,234.0,1,1,0,2 path,mixed,52.78329849243164,8.151882899918558
1802,4,4,2.0,0.0,5139.0,0.5,543.0,1,1,2,2 path,mixed,52.27000045776367,1.798560422983333
1803,7,7,4.0,0.0,5139.0,0.0,984.0,0,0,0,3+ branch,0 no foreign neighbour,72.26000213623047,2.828679287892903
1804,5,5,2.0,0.0,5139.0,0.0,336.0,0,0,3,2 path,0 no foreign neighbour,57.93410110473633,10.722226916665646
1805,4,4,3.0,0.0,5139.0,0.0,543.0,1,1,0,3+ branch,0 no foreign neighbour,4.758619785308838,1.8654837386914438
1806,7,7,3.0,0.0,5139.0,1.0,984.0,1,0,5,3+ branch,1 all neighbours foreign,13.075499534606934,2.8416360696217207
1807,9,9,2.0,0.0,5139.0,0.0,373.0,1,1,0,2 path,0 no foreign neighbour,49.731998443603516,3.622597442043651
1808,7,7,2.0,0.0,5139.0,0.0,984.0,0,0,9,2 path,0 no foreign neighbour,53.304901123046875,2.7689476698748696
1809,4,4,2.0,0.0,5139.0,1.0,543.0,1,1,0,2 path,1 all neighbours foreign,42.95830154418945,1.805635295447989
1810,5,5,2.0,0.0,5139.0,0.5,336.0,1,1,9,2 path,mixed,8.0,10.925963546267315
1811,0,0,4.0,0.0,5139.0,1.0,914.0,1,1,9,3+ branch,1 all neighbours foreign,1.9800000190734863,1.080433132098484
1812,0,0,4.0,0.0,5139.0,1.0,914.0,0,0,5,3+ branch,1 all neighbours foreign,1.0,1.0766118105895752
1813,0,0,4.0,0.0,5139.0,1.0,914.0,0,0,5,3+ branch,1 all neighbours foreign,1.0,1.0640218598775215
1814,7,7,4.0,0.0,5139.0,0.0,984.0,1,0,5,3+ branch,0 no foreign neighbour,1.0,2.84494982879937
1815,5,5,1.0,0.0,5139.0,0.0,336.0,0,0,3,1 tip,0 no foreign neighbour,55.85879898071289,10.869221146876916
1816,5,5,3.0,0.0,5139.0,0.0,336.0,1,1,5,3+ branch,0 no foreign neighbour,13.0,10.917246581463088
1817,7,7,3.0,0.0,5139.0,0.3333333333333333,984.0,1,0,5,3+ branch,mixed,2.0,2.837517047303315
1818,4,4,2.0,0.0,5139.0,0.0,543.0,1,1,6,2 path,0 no foreign neighbour,132.68800354003906,1.865043994913874
1819,2,2,1.0,0.0,5139.0,0.0,234.0,1,1,2,1 tip,0 no foreign neighbour,1.0,8.196734284989349
1820,5,5,4.0,0.0,5139.0,0.0,336.0,1,1,5,3+ branch,0 no foreign neighbour,1.0,10.930791254617787
1821,7,7,4.0,0.0,5139.0,0.5,984.0,1,0,5,3+ branch,mixed,1.0,2.8440906867874083
1822,0,0,3.0,0.0,5139.0,1.0,914.0,0,0,5,3+ branch,1 all neighbours foreign,1.6666699647903442,1.077123901031648
1823,6,6,2.0,0.0,5139.0,1.0,733.0,1,1,0,2 path,1 all neighbours foreign,67.94550323486328,3.433375385729347
1824,0,0,3.0,0.0,5139.0,0.3333333333333333,914.0,0,0,5,3+ branch,mixed,2.6600000858306885,1.0866606342471614
1825,0,0,2.0,0.0,5139.0,0.0,914.0,0,0,5,2 path,0 no foreign neighbour,33.38460159301758,1.0138930620577988
1826,7,7,2.0,0.0,5139.0,0.5,984.0,0,0,0,2 path,mixed,61.13859939575195,2.695028363483087
1827,7,7,4.0,0.0,5139.0,0.5,984.0,1,0,5,3+ branch,mixed,1.0,2.8392202124258983
1828,8,8,4.0,0.0,5139.0,0.0,452.0,1,1,5,3+ branch,0 no foreign neighbour,1.0,4.922691670251109
1829,2,2,4.0,0.0,5139.0,0.0,234.0,1,1,5,3+ branch,0 no foreign neighbour,1.0,8.198211372219323
1830,7,7,4.0,0.0,5139.0,0.5,984.0,0,0,0,3+ branch,mixed,64.625,2.8207628277669206
1831,8,8,4.0,0.1666666716337204,5139.0,0.0,452.0,1,1,5,3+ branch,0 no foreign neighbour,1.0,4.925730901115642
1832,0,0,3.0,0.0,5139.0,1.0,914.0,1,1,0,3+ branch,1 all neighbours foreign,5.6909098625183105,1.0774301803045192
1833,2,2,3.0,0.0,5139.0,0.0,234.0,1,1,0,3+ branch,0 no foreign neighbour,36.743900299072266,8.196529440944701
1834,2,2,1.0,0.0,5139.0,0.0,234.0,1,1,0,1 tip,0 no foreign neighbour,46.13100051879883,8.153530274445222
1835,4,4,2.0,0.0,5139.0,0.5,543.0,1,1,0,2 path,mixed,45.233001708984375,1.860968943439713
1836,5,5,3.0,0.0,5139.0,0.3333333333333333,336.0,1,0,9,3+ branch,mixed,60.71760177612305,10.369888840550605
1837,7,7,2.0,0.0,5139.0,1.0,984.0,0,0,0,2 path,1 all neighbours foreign,60.81949996948242,2.651906339287418
1838,7,7,4.0,0.1666666716337204,5139.0,0.0,984.0,1,0,5,3+ branch,0 no foreign neighbour,1.0,2.8413677545269187
1839,7,7,2.0,0.0,5139.0,0.0,984.0,0,0,9,2 path,0 no foreign neighbour,66.75240325927734,2.764136600008496
1840,7,7,3.0,0.3333333432674408,5139.0,0.0,984.0,1,0,5,3+ branch,0 no foreign neighbour,24.372900009155273,2.81763305029952
1841,7,7,2.0,0.0,5139.0,0.0,984.0,0,0,9,2 path,0 no foreign neighbour,57.099998474121094,2.6939325045694935
1842,9,9,3.0,0.0,5139.0,0.0,373.0,1,1,5,3+ branch,0 no foreign neighbour,1.0,3.70053553017291
1843,9,9,1.0,0.0,5139.0,0.0,373.0,1,1,5,1 tip,0 no foreign neighbour,21.792800903320312,3.683936902481219
1844,7,7,3.0,0.0,5139.0,0.0,984.0,0,0,0,3+ branch,0 no foreign neighbour,45.105899810791016,2.825911920437254
1845,5,5,4.0,0.0,5139.0,0.0,336.0,1,0,9,3+ branch,0 no foreign neighbour,1.0,10.913230788157339
1846,5,5,3.0,0.0,5139.0,0.0,336.0,1,1,5,3+ branch,0 no foreign neighbour,31.011199951171875,10.915850085336656
1847,3,3,2.0,0.0,5139.0,0.0,295.0,1,1,0,2 path,0 no foreign neighbour,49.404998779296875,5.53221682631467
1848,6,6,4.0,0.0,5139.0,0.5,733.0,1,1,5,3+ branch,mixed,1.0,3.4673496867023195
1849,1,1,4.0,0.0,5139.0,0.0,276.0,1,1,5,3+ branch,0 no foreign neighbour,1.0,5.537579988268088
1850,7,7,2.0,0.0,5139.0,0.0,984.0,0,0,0,2 path,0 no foreign neighbour,50.3291015625,2.6228794350372735
1851,7,7,4.0,0.0,5139.0,0.5,984.0,0,0,0,3+ branch,mixed,59.875,2.8288098368771184
1852,9,9,1.0,0.0,5139.0,0.0,373.0,1,1,8,1 tip,0 no foreign neighbour,26.913000106811523,3.7000489820762206
1853,5,5,2.0,0.0,5139.0,0.5,336.0,1,1,9,2 path,mixed,58.63330078125,10.833573982116175
1854,6,6,2.0,0.0,5139.0,1.0,733.0,1,1,0,2 path,1 all neighbours foreign,51.935699462890625,3.2681997526307014
1855,9,9,3.0,0.0,5139.0,0.0,373.0,1,1,5,3+ branch,0 no foreign neighbour,1.0,3.703205451936972
1856,9,9,2.0,0.0,5139.0,0.0,373.0,1,1,9,2 path,0 no foreign neighbour,50.61539840698242,3.6411537224883563
1857,4,4,2.0,0.0,5139.0,0.0,543.0,1,1,0,2 path,0 no foreign neighbour,64.08219909667969,1.6795979313576384
1858,1,1,5.0,0.0,5139.0,0.4,276.0,1,1,5,3+ branch,mixed,1.0,5.536308786882996
1859,0,0,4.0,0.0,5139.0,1.0,914.0,1,1,8,3+ branch,1 all neighbours foreign,1.0,1.0793886096115075
1860,1,1,2.0,0.0,5139.0,0.0,276.0,1,1,8,2 path,0 no foreign neighbour,1.0,5.535985834638134
1861,6,6,2.0,0.0,5139.0,0.5,733.0,1,1,0,2 path,mixed,63.53369903564453,3.2293850923493714
1862,0,0,4.0,0.0,5139.0,1.0,914.0,1,1,9,3+ branch,1 all neighbours foreign,1.0,1.0854025997571821
1863,7,7,4.0,0.0,5139.0,0.5,984.0,1,0,5,3+ branch,mixed,20.81399917602539,2.835293865054948
1864,9,9,2.0,0.0,5139.0,0.5,373.0,1,1,0,2 path,mixed,36.12820053100586,3.697935522625802
1865,9,9,3.0,0.0,5139.0,0.0,373.0,1,1,5,3+ branch,0 no foreign neighbour,10.0,3.67624479948122
1866,7,7,4.0,0.0,5139.0,0.0,984.0,1,0,5,3+ branch,0 no foreign neighbour,1.0,2.8390690161456655
1867,7,7,2.0,0.0,5139.0,0.0,984.0,1,0,5,2 path,0 no foreign neighbour,12.161299705505371,2.8237299332609576
1868,7,7,2.0,0.0,5139.0,0.0,984.0,0,0,0,2 path,0 no foreign neighbour,61.74089813232422,2.592921358457164
1869,4,4,2.0,0.0,5139.0,1.0,543.0,1,1,0,2 path,1 all neighbours foreign,48.38819885253906,1.8251324526603048
1870,7,7,3.0,0.0,5139.0,0.0,984.0,0,0,0,3+ branch,0 no foreign neighbour,1.0,2.846228400053164
1871,0,0,4.0,0.0,5139.0,1.0,914.0,1,1,0,3+ branch,1 all neighbours foreign,1.0,1.077295747133624
1872,8,8,2.0,0.0,5139.0,0.0,452.0,1,1,5,2 path,0 no foreign neighbour,23.70330047607422,4.881556363313771
1873,0,0,3.0,0.0,5139.0,1.0,914.0,0,0,5,3+ branch,1 all neighbours foreign,1.0,1.0842452784100725
1874,8,8,2.0,0.0,5139.0,0.0,452.0,1,1,0,2 path,0 no foreign neighbour,50.802398681640625,4.768684447733261
1875,8,8,1.0,0.0,5139.0,0.0,452.0,1,0,2,1 tip,0 no foreign neighbour,10.50879955291748,4.898437186269354
1876,8,8,3.0,0.0,5139.0,0.0,452.0,1,1,0,3+ branch,0 no foreign neighbour,69.44830322265625,4.889593268619192
1877,0,0,3.0,0.0,5139.0,1.0,914.0,0,0,5,3+ branch,1 all neighbours foreign,1.0,1.0874124467914934
1878,7,7,2.0,0.0,5139.0,1.0,984.0,1,1,2,2 path,1 all neighbours foreign,45.8213996887207,2.8237474336276662
1879,7,7,2.0,0.0,5139.0,0.0,984.0,0,0,0,2 path,0 no foreign neighbour,59.46269989013672,2.7025123051030553
1880,0,0,4.0,0.0,5139.0,1.0,914.0,0,0,5,3+ branch,1 all neighbours foreign,1.0,1.0743284211340498
1881,7,7,2.0,0.0,5139.0,0.5,984.0,1,0,5,2 path,mixed,5.514289855957031,2.828792299548515
1882,7,7,4.0,0.0,5139.0,0.5,984.0,1,0,5,3+ branch,mixed,53.51689910888672,2.8284224275877836
1883,5,5,5.0,0.0,5139.0,0.0,336.0,1,1,5,3+ branch,0 no foreign neighbour,1.0,10.931714366026577
1884,9,9,4.0,0.3333333432674408,5139.0,0.0,373.0,1,1,5,3+ branch,0 no foreign neighbour,1.0,3.710979346659118
1885,9,9,3.0,0.3333333432674408,5139.0,0.0,373.0,1,1,5,3+ branch,0 no foreign neighbour,4.671879768371582,3.7125936561037336
1886,9,9,3.0,0.3333333432674408,5139.0,0.0,373.0,1,1,5,3+ branch,0 no foreign neighbour,4.507460117340088,3.7101508028691086
1887,9,9,2.0,1.0,5139.0,0.0,373.0,1,1,5,2 path,0 no foreign neighbour,29.038799285888672,3.6990109542453156
1888,7,7,4.0,0.0,5139.0,0.5,984.0,0,0,0,3+ branch,mixed,69.12149810791016,2.813334994043684
1889,4,4,2.0,0.0,5139.0,0.5,543.0,1,1,0,2 path,mixed,57.64569854736328,1.7490003716587434
1890,0,0,2.0,0.0,5139.0,0.5,914.0,1,1,0,2 path,mixed,55.450801849365234,0.9774066550841395
1891,8,8,2.0,0.0,5139.0,0.0,452.0,1,1,6,2 path,0 no foreign neighbour,98.73310089111328,4.816742570057322
1892,9,9,1.0,0.0,5139.0,1.0,373.0,1,1,5,1 tip,1 all neighbours foreign,24.413000106811523,3.6744961345647105
1893,7,7,4.0,0.0,5139.0,0.0,984.0,1,0,5,3+ branch,0 no foreign neighbour,19.81399917602539,2.833671523518024
1894,7,7,5.0,0.10000000149011612,5139.0,0.0,984.0,1,1,6,3+ branch,0 no foreign neighbour,132.71400451660156,2.8295114753277932
1895,6,6,4.0,0.0,5139.0,0.5,733.0,1,1,0,3+ branch,mixed,2.9625000953674316,3.451219730836093
1896,0,0,3.0,0.3333333432674408,5139.0,1.0,914.0,0,0,5,3+ branch,1 all neighbours foreign,2.963639974594116,1.0815692224083346
1897,6,6,4.0,0.1666666716337204,5139.0,0.75,733.0,1,1,5,3+ branch,mixed,43.23680114746094,3.4559529213229525
1898,7,7,4.0,0.0,5139.0,0.0,984.0,1,0,5,3+ branch,0 no foreign neighbour,7.0,2.8258904151360675
1899,6,6,4.0,0.0,5139.0,0.5,733.0,1,1,0,3+ branch,mixed,1.0,3.450385806431665
1900,6,6,2.0,0.0,5139.0,1.0,733.0,1,1,0,2 path,1 all neighbours foreign,42.29399871826172,3.286858637682425
1901,6,6,4.0,0.0,5139.0,0.5,733.0,1,1,5,3+ branch,mixed,1.0,3.4513345687263173
1902,8,8,4.0,0.0,5139.0,0.0,452.0,1,1,5,3+ branch,0 no foreign neighbour,1.0,4.930079424949407
1903,7,7,4.0,0.0,5139.0,0.5,984.0,0,0,0,3+ branch,mixed,1.0,2.848313051077883
1904,0,0,4.0,0.0,5139.0,0.0,914.0,0,0,5,3+ branch,0 no foreign neighbour,1.0,1.0637595304973582
1905,0,0,2.0,0.0,5139.0,0.0,914.0,1,0,0,2 path,0 no foreign neighbour,55.5536994934082,1.060348344072839
1906,0,0,2.0,0.0,5139.0,0.5,914.0,1,1,0,2 path,mixed,41.00790023803711,1.041604843546784
1907,5,5,3.0,0.0,5139.0,0.0,336.0,0,0,3,3+ branch,0 no foreign neighbour,2.0,10.92084191947589
1908,5,5,1.0,0.0,5139.0,0.0,336.0,0,0,3,1 tip,0 no foreign neighbour,66.17150115966797,10.818746889737458
1909,6,6,2.0,0.0,5139.0,1.0,733.0,1,1,9,2 path,1 all neighbours foreign,53.50450134277344,3.3290227777415042
1910,6,6,4.0,0.0,5139.0,0.5,733.0,1,1,5,3+ branch,mixed,1.0,3.4505437086002746
1911,7,7,4.0,0.0,5139.0,0.5,984.0,0,0,0,3+ branch,mixed,1.0,2.8398561818119608
1912,6,6,4.0,0.0,5139.0,0.5,733.0,1,1,5,3+ branch,mixed,1.0,3.4613562975726944
1913,0,0,2.0,0.0,5139.0,0.0,914.0,0,0,5,2 path,0 no foreign neighbour,1.0,1.0763199723914507
1914,7,7,3.0,0.0,5139.0,0.0,984.0,1,0,5,3+ branch,0 no foreign neighbour,1.0,2.849825371464055
1915,9,9,4.0,0.0,5139.0,0.0,373.0,1,1,0,3+ branch,0 no foreign neighbour,1.0,3.7010331597726465
1916,0,0,2.0,0.0,5139.0,0.5,914.0,1,0,0,2 path,mixed,34.30670166015625,1.006722264182165
1917,7,7,4.0,0.0,5139.0,0.5,984.0,1,0,5,3+ branch,mixed,1.0,2.843356705962283
1918,0,0,2.0,0.0,5139.0,1.0,914.0,0,0,5,2 path,1 all neighbours foreign,10.81820011138916,1.0631605423017723
1919,7,7,3.0,0.3333333432674408,5139.0,0.0,984.0,0,0,9,3+ branch,0 no foreign neighbour,1.0,2.8460263333807405
1920,4,4,2.0,0.0,5139.0,0.5,543.0,1,1,0,2 path,mixed,51.27980041503906,1.7364574613204882
1921,3,3,3.0,0.0,5139.0,0.0,295.0,1,1,6,3+ branch,0 no foreign neighbour,37.39910125732422,5.434405965658494
1922,0,0,2.0,0.0,5139.0,0.0,914.0,1,0,0,2 path,0 no foreign neighbour,57.400001525878906,1.0640390419287358
1923,1,1,4.0,0.0,5139.0,0.0,276.0,1,1,0,3+ branch,0 no foreign neighbour,1.0,5.534791070480694
1924,3,3,2.0,0.0,5139.0,0.0,295.0,1,1,6,2 path,0 no foreign neighbour,54.60660171508789,5.398400513796705
1925,0,0,4.0,0.0,5139.0,1.0,914.0,0,0,5,3+ branch,1 all neighbours foreign,1.0,1.064180270752451
1926,4,4,2.0,0.0,5139.0,0.0,543.0,1,1,5,2 path,0 no foreign neighbour,32.775699615478516,1.8307564245419012
1927,5,5,1.0,0.0,5139.0,0.0,336.0,1,1,9,1 tip,0 no foreign neighbour,53.74409866333008,10.84733593409072
1928,5,5,3.0,0.0,5139.0,0.0,336.0,1,1,5,3+ branch,0 no foreign neighbour,11.962499618530273,10.918276990750952
1929,0,0,3.0,0.0,5139.0,1.0,914.0,0,0,5,3+ branch,1 all neighbours foreign,1.0,1.088239994114913
1930,9,9,1.0,0.0,5139.0,1.0,373.0,1,1,8,1 tip,1 all neighbours foreign,29.778600692749023,3.6876842490024266
1931,7,7,4.0,0.0,5139.0,0.0,984.0,1,0,5,3+ branch,0 no foreign neighbour,1.0,2.8433941756552015
1932,5,5,3.0,0.0,5139.0,0.0,336.0,1,1,9,3+ branch,0 no foreign neighbour,1.0,10.937024208022507
1933,6,6,4.0,0.0,5139.0,0.5,733.0,1,1,0,3+ branch,mixed,74.48419952392578,3.44855144583428
1934,0,0,4.0,0.0,5139.0,1.0,914.0,0,0,5,3+ branch,1 all neighbours foreign,1.0,1.0655200284992314
1935,6,6,4.0,0.0,5139.0,0.5,733.0,1,1,0,3+ branch,mixed,88.01679992675781,3.433233636801762
1936,1,1,4.0,0.0,5139.0,0.0,276.0,1,1,5,3+ branch,0 no foreign neighbour,1.0,5.52679900977939
1937,6,6,2.0,0.0,5139.0,0.5,733.0,1,1,0,2 path,mixed,58.57720184326172,3.280217045483357
1938,2,2,2.0,0.0,5139.0,0.0,234.0,1,1,0,2 path,0 no foreign neighbour,58.19049835205078,8.141715431542305
1939,7,7,2.0,0.0,5139.0,0.5,984.0,0,0,0,2 path,mixed,63.40620040893555,2.1734388187798657
1940,9,9,1.0,0.0,5139.0,0.0,373.0,1,1,0,1 tip,0 no foreign neighbour,57.09859848022461,3.6043469277820632
1941,5,5,2.0,0.0,5139.0,0.5,336.0,1,1,9,2 path,mixed,56.9473991394043,10.752483546445573
1942,9,9,3.0,0.0,5139.0,0.0,373.0,1,1,5,3+ branch,0 no foreign neighbour,1.0,3.705036468762539
1943,0,0,2.0,0.0,5139.0,1.0,914.0,0,0,2,2 path,1 all neighbours foreign,55.57389831542969,0.9678997973637996
1944,6,6,2.0,0.0,5139.0,0.5,733.0,1,1,0,2 path,mixed,56.59349822998047,3.305313694714626
1945,4,4,3.0,0.0,5139.0,0.0,543.0,1,1,0,3+ branch,0 no foreign neighbour,3.0,1.8780154527854267
1946,4,4,4.0,0.0,5139.0,0.25,543.0,1,1,0,3+ branch,mixed,1.0,1.8791099408823044
1947,0,0,3.0,0.0,5139.0,0.3333333333333333,914.0,1,0,8,3+ branch,mixed,1.0,1.080444296566311
1948,0,0,3.0,0.0,5139.0,0.0,914.0,1,1,0,3+ branch,0 no foreign neighbour,1.0,1.0804058384276363
1949,4,4,2.0,0.0,5139.0,0.5,543.0,1,1,6,2 path,mixed,164.26499938964844,1.8085755747874113
1950,0,0,2.0,0.0,5139.0,1.0,914.0,0,0,2,2 path,1 all neighbours foreign,61.36830139160156,0.9269885875274193
1951,7,7,4.0,0.0,5139.0,0.5,984.0,0,0,0,3+ branch,mixed,66.122802734375,2.8140508346664186
1952,7,7,4.0,0.0,5139.0,0.5,984.0,1,0,5,3+ branch,mixed,28.662799835205078,2.8345142037104414
1953,7,7,3.0,0.0,5139.0,0.0,984.0,1,0,5,3+ branch,0 no foreign neighbour,30.06800079345703,2.819415041759609
1954,6,6,2.0,0.0,5139.0,0.5,733.0,1,1,9,2 path,mixed,62.10430145263672,2.872961331429416
1955,8,8,2.0,0.0,5139.0,0.0,452.0,1,1,6,2 path,0 no foreign neighbour,57.70289993286133,4.786841150221221
1956,7,7,3.0,0.0,5139.0,0.0,984.0,1,0,5,3+ branch,0 no foreign neighbour,5.857140064239502,2.8407645566171396
1957,0,0,3.0,0.0,5139.0,1.0,914.0,0,0,5,3+ branch,1 all neighbours foreign,1.0,1.0783347786229753
1958,9,9,1.0,0.0,5139.0,1.0,373.0,1,1,9,1 tip,1 all neighbours foreign,58.69839859008789,3.6748258571854655
1959,6,6,2.0,0.0,5139.0,0.0,733.0,1,1,0,2 path,0 no foreign neighbour,60.70909881591797,3.2003368155932566
1960,6,6,2.0,0.0,5139.0,0.0,733.0,1,1,0,2 path,0 no foreign neighbour,33.59120178222656,3.407767552712594
1961,6,6,4.0,0.0,5139.0,0.25,733.0,1,1,0,3+ branch,mixed,86.0,3.439545796443327
1962,0,0,4.0,0.0,5139.0,1.0,914.0,0,0,5,3+ branch,1 all neighbours foreign,10.637900352478027,1.084348165363736
1963,9,9,3.0,0.0,5139.0,0.3333333333333333,373.0,1,1,5,3+ branch,mixed,1.0,3.713002350360465
1964,8,8,2.0,0.0,5139.0,0.0,452.0,1,0,0,2 path,0 no foreign neighbour,56.14469909667969,4.778950623615201
1965,0,0,3.0,0.0,5139.0,1.0,914.0,1,1,9,3+ branch,1 all neighbours foreign,1.0,1.0767937340831841
1966,6,6,2.0,0.0,5139.0,1.0,733.0,1,1,0,2 path,1 all neighbours foreign,60.98059844970703,3.2916798892704526
1967,7,7,3.0,0.0,5139.0,0.3333333333333333,984.0,1,0,5,3+ branch,mixed,3.8297901153564453,2.8499363128893354
1968,8,8,3.0,0.0,5139.0,0.0,452.0,1,1,5,3+ branch,0 no foreign neighbour,1.985069990158081,4.91595189119948
1969,9,9,4.0,0.0,5139.0,0.0,373.0,1,1,5,3+ branch,0 no foreign neighbour,1.0,3.6912613953633584
1970,9,9,2.0,0.0,5139.0,0.0,373.0,1,1,0,2 path,0 no foreign neighbour,59.67300033569336,3.5064332233303728
1971,0,0,2.0,0.0,5139.0,1.0,914.0,1,1,0,2 path,1 all neighbours foreign,37.83489990234375,1.0486256491104897
1972,6,6,4.0,0.0,5139.0,0.5,733.0,1,1,5,3+ branch,mixed,52.58420181274414,3.439816832758011
1973,9,9,3.0,0.0,5139.0,0.0,373.0,1,1,5,3+ branch,0 no foreign neighbour,1.0,3.693047301937043
1974,9,9,1.0,0.0,5139.0,0.0,373.0,1,1,5,1 tip,0 no foreign neighbour,14.321999549865723,3.670454001610863
1975,6,6,4.0,0.0,5139.0,0.5,733.0,1,1,5,3+ branch,mixed,1.0,3.455885859774543
1976,8,8,3.0,0.0,5139.0,0.0,452.0,1,1,5,3+ branch,0 no foreign neighbour,1.9824600219726562,4.904705595406074
1977,0,0,4.0,0.0,5139.0,0.75,914.0,1,1,0,3+ branch,mixed,1.980389952659607,1.078253452093405
1978,7,7,2.0,0.0,5139.0,0.0,984.0,0,0,0,2 path,0 no foreign neighbour,64.6082992553711,2.608446739813413
1979,0,0,2.0,0.0,5139.0,1.0,914.0,1,0,0,2 path,1 all neighbours foreign,60.921600341796875,0.8906881078132196
1980,9,9,2.0,0.0,5139.0,0.0,373.0,1,1,0,2 path,0 no foreign neighbour,30.339599609375,3.675263831934108
1981,0,0,4.0,0.0,5139.0,0.0,914.0,0,0,5,3+ branch,0 no foreign neighbour,1.0,1.0725276897554512
1982,0,0,2.0,0.0,5139.0,0.0,914.0,0,0,2,2 path,0 no foreign neighbour,54.469398498535156,0.9354249052407987
1983,0,0,2.0,0.0,5139.0,0.5,914.0,1,0,0,2 path,mixed,37.08060073852539,1.0438145685317264
1984,7,7,3.0,0.0,5139.0,1.0,984.0,1,0,5,3+ branch,1 all neighbours foreign,1.0,2.842442600036449
1985,2,2,2.0,0.0,5139.0,0.0,234.0,1,1,5,2 path,0 no foreign neighbour,55.044898986816406,8.171196958115855
1986,0,0,3.0,0.0,5139.0,1.0,914.0,0,0,5,3+ branch,1 all neighbours foreign,1.0,1.0793250097603204
1987,3,3,2.0,0.0,5139.0,0.0,295.0,1,1,0,2 path,0 no foreign neighbour,66.53800201416016,5.29030749843623
1988,7,7,2.0,0.0,5139.0,0.5,984.0,0,0,9,2 path,mixed,55.688201904296875,2.5185349682319176
1989,7,7,3.0,0.0,5139.0,0.3333333333333333,984.0,0,0,0,3+ branch,mixed,36.77629852294922,2.837171540945697
1990,0,0,4.0,0.0,5139.0,0.25,914.0,1,0,0,3+ branch,mixed,1.0,1.0732575263917523
1991,0,0,2.0,0.0,5139.0,0.0,914.0,1,0,0,2 path,0 no foreign neighbour,6.5,1.064677415021261
1992,0,0,3.0,0.0,5139.0,0.6666666666666666,914.0,1,0,0,3+ branch,mixed,1.0,1.0820819628655252
1993,0,0,4.0,0.0,5139.0,0.75,914.0,0,0,5,3+ branch,mixed,1.0,1.0799359981532408
1994,8,8,2.0,0.0,5139.0,0.5,452.0,1,1,0,2 path,mixed,49.78260040283203,4.804022155816044
1995,4,4,2.0,0.0,5139.0,0.0,543.0,1,1,2,2 path,0 no foreign neighbour,61.89789962768555,1.771065983278969
1996,1,1,4.0,0.0,5139.0,0.0,276.0,1,1,5,3+ branch,0 no foreign neighbour,1.0,5.53610801734816
1997,3,3,2.0,0.0,5139.0,0.0,295.0,1,1,2,2 path,0 no foreign neighbour,42.25400161743164,5.5153305981484
1998,2,2,3.0,0.0,5139.0,0.0,234.0,1,1,5,3+ branch,0 no foreign neighbour,1.0,8.207089908300015
1999,2,2,4.0,0.0,5139.0,0.25,234.0,1,1,5,3+ branch,mixed,1.0,8.20529002798284
2000,0,0,4.0,0.0,5139.0,0.75,914.0,0,0,5,3+ branch,mixed,9.983610153198242,1.0814188813976113
2001,3,3,4.0,0.0,5139.0,0.0,295.0,1,1,0,3+ branch,0 no foreign neighbour,1.0,5.549683071296179
2002,3,3,2.0,0.0,5139.0,0.0,295.0,1,1,2,2 path,0 no foreign neighbour,1.0,5.548981825932385
2003,7,7,2.0,0.0,5139.0,0.0,984.0,0,0,9,2 path,0 no foreign neighbour,61.39189910888672,2.680245804154304
2004,7,7,4.0,0.0,5139.0,0.5,984.0,0,0,0,3+ branch,mixed,1.0,2.836724991631484
2005,1,1,2.0,0.0,5139.0,0.0,276.0,0,0,7,2 path,0 no foreign neighbour,60.26890182495117,5.3693406173268015
2006,1,1,3.0,0.0,5139.0,0.0,276.0,1,1,5,3+ branch,0 no foreign neighbour,18.600000381469727,5.531992826072974
2007,1,1,3.0,0.0,5139.0,0.0,276.0,1,1,6,3+ branch,0 no foreign neighbour,128.19500732421875,5.5252310775697335
2008,6,6,4.0,0.0,5139.0,0.5,733.0,1,1,5,3+ branch,mixed,1.0,3.45713927960326
2009,0,0,2.0,0.0,5139.0,0.5,914.0,1,1,0,2 path,mixed,53.76359939575195,0.9978785733904231
2010,6,6,2.0,0.0,5139.0,0.0,733.0,1,1,8,2 path,0 no foreign neighbour,61.087100982666016,3.044067578070401
2011,7,7,4.0,0.0,5139.0,0.5,984.0,1,0,5,3+ branch,mixed,1.0,2.8479621012715235
2012,9,9,3.0,0.0,5139.0,0.0,373.0,1,1,0,3+ branch,0 no foreign neighbour,85.6500015258789,3.6887514864612174
2013,7,7,2.0,0.0,5139.0,0.5,984.0,0,0,0,2 path,mixed,75.03459930419922,2.671288394075212
2014,3,3,2.0,0.0,5139.0,0.0,295.0,1,1,0,2 path,0 no foreign neighbour,65.12129974365234,5.027067635719505
2015,0,0,2.0,0.0,5139.0,1.0,914.0,1,0,0,2 path,1 all neighbours foreign,52.586299896240234,0.891753157525426
2016,3,3,3.0,0.0,5139.0,0.0,295.0,1,1,0,3+ branch,0 no foreign neighbour,1.0,5.543778195403085
2017,0,0,4.0,0.0,5139.0,1.0,914.0,0,0,5,3+ branch,1 all neighbours foreign,1.0,1.074493133547586
2018,4,4,4.0,0.0,5139.0,0.0,543.0,1,1,0,3+ branch,0 no foreign neighbour,1.0,1.8593813832573483
2019,4,4,2.0,0.0,5139.0,0.5,543.0,1,1,0,2 path,mixed,60.83140182495117,1.8094283776940114
2020,0,0,2.0,0.0,5139.0,0.0,914.0,1,0,0,2 path,0 no foreign neighbour,47.43539810180664,1.0252698100783144
2021,0,0,2.0,0.0,5139.0,0.0,914.0,0,0,2,2 path,0 no foreign neighbour,55.05070114135742,0.953359210951823
2022,8,8,3.0,0.0,5139.0,0.3333333333333333,452.0,1,1,0,3+ branch,mixed,38.40909957885742,4.925605532923493
2023,8,8,3.0,0.0,5139.0,0.0,452.0,1,1,8,3+ branch,0 no foreign neighbour,6.211540222167969,4.927412974974532
2024,0,0,3.0,0.0,5139.0,1.0,914.0,1,1,0,3+ branch,1 all neighbours foreign,4.944439888000488,1.0728224744173158
2025,4,4,5.0,0.0,5139.0,1.0,543.0,1,1,0,3+ branch,1 all neighbours foreign,58.906700134277344,1.8602629590697044
2026,7,7,2.0,0.0,5139.0,0.0,984.0,1,0,5,2 path,0 no foreign neighbour,60.92789840698242,2.480451250216644
2027,0,0,2.0,0.0,5139.0,0.5,914.0,0,0,5,2 path,mixed,1.0,1.0846339507917406
2028,0,0,4.0,0.0,5139.0,0.0,914.0,0,0,5,3+ branch,0 no foreign neighbour,1.0,1.0847073778736678
2029,0,0,4.0,0.0,5139.0,1.0,914.0,0,0,5,3+ branch,1 all neighbours foreign,1.0,1.0829267512207215
2030,9,9,4.0,0.0,5139.0,0.0,373.0,1,1,5,3+ branch,0 no foreign neighbour,3.621619939804077,3.6877112503934546
2031,9,9,2.0,0.0,5139.0,0.0,373.0,1,1,9,2 path,0 no foreign neighbour,49.0,3.6790269865137417
2032,3,3,2.0,0.0,5139.0,0.0,295.0,1,1,0,2 path,0 no foreign neighbour,47.97740173339844,5.493088972332623
2033,3,3,2.0,0.0,5139.0,0.0,295.0,1,1,0,2 path,0 no foreign neighbour,57.26070022583008,5.4578862278193405
2034,4,4,2.0,0.0,5139.0,0.0,543.0,1,1,2,2 path,0 no foreign neighbour,43.08140182495117,1.7899147038851255
2035,7,7,2.0,0.0,5139.0,0.0,984.0,0,0,0,2 path,0 no foreign neighbour,61.109500885009766,2.707600459661217
2036,7,7,3.0,0.0,5139.0,0.0,984.0,1,0,5,3+ branch,0 no foreign neighbour,1.0,2.8366284096516123
2037,7,7,3.0,0.0,5139.0,0.6666666666666666,984.0,0,0,0,3+ branch,mixed,1.0,2.8514403940323083
2038,0,0,4.0,0.0,5139.0,1.0,914.0,1,1,9,3+ branch,1 all neighbours foreign,1.0,1.0809057888160598
2039,2,2,2.0,0.0,5139.0,0.0,234.0,1,1,8,2 path,0 no foreign neighbour,52.35710144042969,8.112465332093272
2040,0,0,2.0,0.0,5139.0,1.0,914.0,1,0,0,2 path,1 all neighbours foreign,40.979400634765625,0.9546113430160752
2041,7,7,2.0,0.0,5139.0,0.0,984.0,0,0,9,2 path,0 no foreign neighbour,59.313201904296875,2.4800085901987106
2042,7,7,4.0,0.0,5139.0,0.5,984.0,0,0,0,3+ branch,mixed,66.9010009765625,2.8179461342700036
2043,6,6,4.0,0.0,5139.0,0.5,733.0,1,1,5,3+ branch,mixed,1.0,3.4582670743048882
2044,9,9,1.0,0.0,5139.0,0.0,373.0,1,1,9,1 tip,0 no foreign neighbour,58.162498474121094,3.6825559671620374
2045,9,9,3.0,0.0,5139.0,0.0,373.0,1,1,6,3+ branch,0 no foreign neighbour,123.56199645996094,3.665864327210543
2046,3,3,1.0,0.0,5139.0,0.0,295.0,1,1,2,1 tip,0 no foreign neighbour,25.194900512695312,5.513781230602046
2047,3,3,2.0,0.0,5139.0,0.5,295.0,1,1,2,2 path,mixed,37.85260009765625,5.492268603495587
2048,8,8,2.0,0.0,5139.0,0.0,452.0,1,1,0,2 path,0 no foreign neighbour,49.53390121459961,4.761363362373053
2049,0,0,4.0,0.0,5139.0,1.0,914.0,1,1,9,3+ branch,1 all neighbours foreign,1.0,1.0907940964990028
2050,4,4,2.0,0.0,5139.0,0.0,543.0,1,1,0,2 path,0 no foreign neighbour,32.289100646972656,1.8366673924609196
2051,6,6,4.0,0.0,5139.0,0.5,733.0,1,1,5,3+ branch,mixed,1.0,3.470741460571773
2052,0,0,3.0,0.0,5139.0,1.0,914.0,0,0,5,3+ branch,1 all neighbours foreign,3.0,1.0765832714352377
2053,6,6,3.0,0.0,5139.0,1.0,733.0,1,1,5,3+ branch,1 all neighbours foreign,6.147540092468262,3.4640497162837254
2054,0,0,3.0,0.0,5139.0,1.0,914.0,0,0,5,3+ branch,1 all neighbours foreign,1.0,1.0680449445953826
2055,0,0,4.0,0.0,5139.0,1.0,914.0,0,0,5,3+ branch,1 all neighbours foreign,1.0,1.0793286422630468
2056,6,6,4.0,0.0,5139.0,0.5,733.0,1,1,5,3+ branch,mixed,1.0,3.456153439905652
2057,9,9,4.0,0.0,5139.0,0.0,373.0,1,1,5,3+ branch,0 no foreign neighbour,1.0,3.692340397093143
2058,9,9,2.0,0.0,5139.0,0.0,373.0,1,1,9,2 path,0 no foreign neighbour,59.015499114990234,3.5651511822721127
2059,0,0,3.0,0.0,5139.0,0.6666666666666666,914.0,0,0,5,3+ branch,mixed,1.0,1.074711320156827
2060,0,0,2.0,0.0,5139.0,0.0,914.0,0,0,2,2 path,0 no foreign neighbour,73.05259704589844,0.918535564987845
2061,1,1,2.0,0.0,5139.0,0.0,276.0,1,1,2,2 path,0 no foreign neighbour,40.23970031738281,5.488829278365086
2062,8,8,1.0,0.0,5139.0,0.0,452.0,1,1,5,1 tip,0 no foreign neighbour,1.0,4.9328606531341865
2063,2,2,2.0,0.0,5139.0,0.0,234.0,1,1,2,2 path,0 no foreign neighbour,56.328800201416016,8.055180300280771
2064,7,7,2.0,0.0,5139.0,0.5,984.0,0,0,0,2 path,mixed,52.02259826660156,2.702851484641209
2065,8,8,2.0,0.0,5139.0,0.5,452.0,1,1,0,2 path,mixed,35.85089874267578,4.899544745416992
2066,7,7,2.0,0.0,5139.0,0.0,984.0,0,0,0,2 path,0 no foreign neighbour,57.83890151977539,2.667304687988166
2067,6,6,2.0,0.0,5139.0,0.0,733.0,1,1,8,2 path,0 no foreign neighbour,62.3557014465332,3.2931588189494887
2068,7,7,4.0,0.0,5139.0,0.5,984.0,1,1,6,3+ branch,mixed,68.07479858398438,2.821441189956466
2069,0,0,3.0,0.0,5139.0,0.6666666666666666,914.0,0,0,5,3+ branch,mixed,2.5555601119995117,1.0816699156013982
2070,2,2,2.0,0.0,5139.0,0.0,234.0,1,1,0,2 path,0 no foreign neighbour,51.65589904785156,8.04147580263101
2071,1,1,4.0,0.0,5139.0,0.0,276.0,1,1,5,3+ branch,0 no foreign neighbour,1.0,5.527002406847121
2072,7,7,2.0,0.0,5139.0,1.0,984.0,0,0,0,2 path,1 all neighbours foreign,53.72100067138672,2.5622359704343944
2073,3,3,1.0,0.0,5139.0,1.0,295.0,1,1,0,1 tip,1 all neighbours foreign,43.42940139770508,5.501921634533642
2074,6,6,4.0,0.0,5139.0,0.5,733.0,1,1,5,3+ branch,mixed,1.0,3.463367240757034
2075,8,8,2.0,0.0,5139.0,0.0,452.0,1,0,0,2 path,0 no foreign neighbour,58.87820053100586,4.675603154773601
2076,8,8,2.0,0.0,5139.0,0.0,452.0,1,1,0,2 path,0 no foreign neighbour,46.65769958496094,4.908472418895086
2077,0,0,4.0,0.0,5139.0,1.0,914.0,0,0,5,3+ branch,1 all neighbours foreign,1.0,1.0786307915860398
2078,7,7,2.0,0.0,5139.0,0.5,984.0,0,0,0,2 path,mixed,67.41670227050781,2.6457095758863365
2079,8,8,2.0,0.0,5139.0,0.0,452.0,1,1,2,2 path,0 no foreign neighbour,64.2603988647461,4.603847681740999
2080,7,7,4.0,0.0,5139.0,0.5,984.0,1,0,5,3+ branch,mixed,54.264198303222656,2.820461141639759
2081,0,0,4.0,0.0,5139.0,1.0,914.0,0,0,5,3+ branch,1 all neighbours foreign,1.0,1.0756498302353585
2082,0,0,3.0,0.0,5139.0,0.6666666666666666,914.0,0,0,5,3+ branch,mixed,1.0,1.0738551517059631
2083,0,0,3.0,0.0,5139.0,0.6666666666666666,914.0,0,0,5,3+ branch,mixed,1.0,1.0738551517059631
2084,6,6,4.0,0.0,5139.0,0.75,733.0,1,1,6,3+ branch,mixed,137.86900329589844,3.4306706861200635
2085,1,1,2.0,0.0,5139.0,0.0,276.0,1,1,2,2 path,0 no foreign neighbour,12.29580020904541,5.519702696366799
2086,1,1,4.0,0.0,5139.0,0.0,276.0,1,1,0,3+ branch,0 no foreign neighbour,10.36620044708252,5.518763385844149
2087,6,6,4.0,0.0,5139.0,0.5,733.0,1,1,0,3+ branch,mixed,28.987499237060547,3.462213537321872
2088,0,0,4.0,0.0,5139.0,0.5,914.0,1,0,0,3+ branch,mixed,2.0,1.05787998900032
2089,4,4,2.0,0.0,5139.0,1.0,543.0,1,1,2,2 path,1 all neighbours foreign,53.112300872802734,1.716761052643787
2090,3,3,3.0,0.0,5139.0,0.0,295.0,1,1,0,3+ branch,0 no foreign neighbour,76.27120208740234,5.520685692996253
2091,8,8,3.0,0.0,5139.0,0.0,452.0,1,1,6,3+ branch,0 no foreign neighbour,72.310302734375,4.911130276189179
2092,0,0,2.0,0.0,5139.0,0.0,914.0,1,0,0,2 path,0 no foreign neighbour,37.71969985961914,1.0396208725486185
2093,7,7,2.0,0.0,5139.0,0.5,984.0,0,0,8,2 path,mixed,62.95009994506836,2.291176721623524
2094,7,7,2.0,0.0,5139.0,1.0,984.0,0,0,0,2 path,1 all neighbours foreign,54.2322998046875,2.5124275802259017
2095,0,0,2.0,0.0,5139.0,1.0,914.0,1,1,0,2 path,1 all neighbours foreign,56.91120147705078,0.9804068601999356
2096,3,3,2.0,0.0,5139.0,0.0,295.0,1,1,0,2 path,0 no foreign neighbour,52.0724983215332,5.491031853416294
2097,7,7,4.0,0.0,5139.0,0.0,984.0,0,0,0,3+ branch,0 no foreign neighbour,68.66329956054688,2.8199661274427044
2098,4,4,3.0,0.0,5139.0,0.3333333333333333,543.0,1,1,0,3+ branch,mixed,24.79010009765625,1.853588729637494
2099,4,4,2.0,0.0,5139.0,0.0,543.0,1,1,0,2 path,0 no foreign neighbour,45.015201568603516,1.8175068653417616
2100,7,7,2.0,0.0,5139.0,0.0,984.0,0,0,0,2 path,0 no foreign neighbour,56.378700256347656,2.7368518369745245
2101,8,8,2.0,0.0,5139.0,0.0,452.0,1,1,0,2 path,0 no foreign neighbour,59.27539825439453,4.52529161571695
2102,0,0,4.0,0.0,5139.0,1.0,914.0,0,0,5,3+ branch,1 all neighbours foreign,1.0,1.0786971420603564
2103,7,7,2.0,0.0,5139.0,0.5,984.0,0,0,0,2 path,mixed,58.95159912109375,2.4857849726899675
2104,7,7,3.0,0.0,5139.0,0.0,984.0,1,0,5,3+ branch,0 no foreign neighbour,1.0,2.8352486888723436
2105,7,7,3.0,0.0,5139.0,0.0,984.0,0,0,0,3+ branch,0 no foreign neighbour,63.72840118408203,2.828123941808881
2106,7,7,4.0,0.0,5139.0,0.0,984.0,0,0,0,3+ branch,0 no foreign neighbour,70.0792007446289,2.813307856117046
2107,6,6,4.0,0.0,5139.0,0.5,733.0,1,1,5,3+ branch,mixed,20.92770004272461,3.450786440970448
2108,9,9,2.0,0.0,5139.0,0.0,373.0,1,1,6,2 path,0 no foreign neighbour,53.60380172729492,3.6405536664315847
2109,7,7,4.0,0.0,5139.0,0.5,984.0,1,0,5,3+ branch,mixed,3.0,2.834835949963661
2110,7,7,2.0,0.0,5139.0,0.0,984.0,0,0,8,2 path,0 no foreign neighbour,30.368999481201172,2.825227910083035
2111,7,7,4.0,0.0,5139.0,0.5,984.0,0,0,0,3+ branch,mixed,24.61039924621582,2.8341244522218854
2112,7,7,4.0,0.0,5139.0,0.0,984.0,0,0,0,3+ branch,0 no foreign neighbour,70.86090087890625,2.8041282401538243
2113,4,4,2.0,0.0,5139.0,0.5,543.0,1,1,0,2 path,mixed,67.91829681396484,1.680820644373799
2114,4,4,2.0,0.0,5139.0,0.5,543.0,1,1,0,2 path,mixed,54.25709915161133,1.6715825721979407
2115,4,4,2.0,0.0,5139.0,0.0,543.0,1,1,0,2 path,0 no foreign neighbour,50.036800384521484,1.8277079024561846
2116,0,0,4.0,0.0,5139.0,1.0,914.0,0,0,5,3+ branch,1 all neighbours foreign,1.0,1.0824591229236769
2117,0,0,2.0,0.0,5139.0,0.5,914.0,1,0,0,2 path,mixed,59.21229934692383,0.6633955244690697
2118,1,1,2.0,0.0,5139.0,0.5,276.0,1,1,0,2 path,mixed,49.55609893798828,5.371183142648614
2119,3,3,3.0,0.0,5139.0,0.3333333333333333,295.0,1,1,0,3+ branch,mixed,64.4000015258789,5.536279504848852
2120,7,7,2.0,0.0,5139.0,0.0,984.0,1,1,6,2 path,0 no foreign neighbour,69.17179870605469,2.6388689065978106
2121,4,4,2.0,0.0,5139.0,0.0,543.0,1,1,0,2 path,0 no foreign neighbour,63.944000244140625,1.5619392847017188
2122,6,6,2.0,0.0,5139.0,1.0,733.0,1,1,0,2 path,1 all neighbours foreign,41.04840087890625,3.4150854386312433
2123,4,4,2.0,0.0,5139.0,0.5,543.0,1,1,0,2 path,mixed,56.919700622558594,1.718380044543056
2124,6,6,4.0,0.0,5139.0,0.5,733.0,1,1,5,3+ branch,mixed,46.558101654052734,3.4525330416942936
2125,9,9,1.0,0.0,5139.0,0.0,373.0,1,1,5,1 tip,0 no foreign neighbour,16.100000381469727,3.6283967420974936
2126,6,6,4.0,0.0,5139.0,0.5,733.0,1,1,5,3+ branch,mixed,51.6525993347168,3.4464453969483455
2127,2,2,3.0,0.0,5139.0,0.0,234.0,1,1,0,3+ branch,0 no foreign neighbour,1.0,8.211279973535326
2128,0,0,5.0,0.0,5139.0,0.8,914.0,0,0,5,3+ branch,mixed,1.0,1.0890053592737574
2129,0,0,4.0,0.0,5139.0,1.0,914.0,0,0,5,3+ branch,1 all neighbours foreign,1.0,1.09024001601708
2130,7,7,4.0,0.0,5139.0,0.5,984.0,1,0,5,3+ branch,mixed,1.0,2.828423990589014
2131,6,6,2.0,0.0,5139.0,0.0,733.0,1,1,0,2 path,0 no foreign neighbour,64.05899810791016,2.980648177056692
2132,2,2,2.0,0.0,5139.0,0.5,234.0,1,1,8,2 path,mixed,57.32160186767578,7.858603678650034
2133,7,7,3.0,0.0,5139.0,0.0,984.0,1,0,5,3+ branch,0 no foreign neighbour,2.3294100761413574,2.8207553913513457
2134,1,1,4.0,0.0,5139.0,0.0,276.0,1,1,0,3+ branch,0 no foreign neighbour,45.527000427246094,5.533198511072455
2135,1,1,2.0,0.0,5139.0,0.0,276.0,1,1,2,2 path,0 no foreign neighbour,2.586210012435913,5.539607179143737
2136,1,1,4.0,0.0,5139.0,0.0,276.0,1,1,5,3+ branch,0 no foreign neighbour,8.033900260925293,5.5392881731191475
2137,1,1,2.0,0.0,5139.0,0.0,276.0,0,0,7,2 path,0 no foreign neighbour,18.16670036315918,5.529941942968847
2138,6,6,4.0,0.0,5139.0,0.5,733.0,1,1,5,3+ branch,mixed,1.0,3.460327826930765
2139,0,0,2.0,0.0,5139.0,0.5,914.0,1,0,0,2 path,mixed,35.79999923706055,1.060383623867778
2140,9,9,2.0,0.0,5139.0,0.0,373.0,1,1,9,2 path,0 no foreign neighbour,40.731998443603516,3.6701910907446593
2141,6,6,6.0,0.0,5139.0,0.6666666666666666,733.0,1,1,5,3+ branch,mixed,5.0,3.449810225832573
2142,6,6,2.0,0.0,5139.0,1.0,733.0,1,1,0,2 path,1 all neighbours foreign,58.217498779296875,3.254943603751556
2143,6,6,2.0,0.0,5139.0,0.5,733.0,1,1,0,2 path,mixed,59.92179870605469,2.9050241509952297
2144,7,7,2.0,1.0,5139.0,0.0,984.0,0,0,9,2 path,0 no foreign neighbour,54.566200256347656,2.808721085940282
2145,6,6,4.0,0.0,5139.0,0.5,733.0,1,1,5,3+ branch,mixed,1.0,3.457788036762754
2146,0,0,4.0,0.0,5139.0,1.0,914.0,0,0,5,3+ branch,1 all neighbours foreign,1.0,1.0770924256183805
2147,0,0,3.0,0.0,5139.0,0.0,914.0,0,0,5,3+ branch,0 no foreign neighbour,1.0,1.0691098139064554
2148,0,0,4.0,0.0,5139.0,1.0,914.0,0,0,5,3+ branch,1 all neighbours foreign,1.0,1.0850068382158617
2149,7,7,2.0,0.0,5139.0,0.5,984.0,0,0,0,2 path,mixed,61.37910079956055,2.603033751344591
2150,6,6,3.0,0.0,5139.0,0.0,733.0,1,1,5,3+ branch,0 no foreign neighbour,10.963399887084961,3.44404618742441
2151,5,5,3.0,0.0,5139.0,0.3333333333333333,336.0,1,1,5,3+ branch,mixed,1.0,10.928310443101719
2152,4,4,2.0,0.0,5139.0,0.0,543.0,1,1,2,2 path,0 no foreign neighbour,50.964500427246094,1.694030003467248
2153,7,7,2.0,0.0,5139.0,0.5,984.0,0,0,0,2 path,mixed,64.9448013305664,2.4057113319686363
2154,0,0,2.0,0.0,5139.0,0.5,914.0,0,0,6,2 path,mixed,86.1801986694336,1.0600410154784914
2155,9,9,1.0,0.0,5139.0,0.0,373.0,1,1,9,1 tip,0 no foreign neighbour,30.188899993896484,3.6937897349721722
2156,4,4,2.0,0.0,5139.0,0.0,543.0,1,1,2,2 path,0 no foreign neighbour,63.88740158081055,1.4357838909640634
2157,0,0,3.0,0.0,5139.0,0.3333333333333333,914.0,0,0,5,3+ branch,mixed,4.568180084228516,1.0777131936671869
2158,6,6,4.0,0.0,5139.0,0.5,733.0,1,1,5,3+ branch,mixed,1.0,3.464716772273723
2159,8,8,2.0,0.0,5139.0,0.5,452.0,1,0,0,2 path,mixed,57.5536994934082,4.616435368348519
2160,1,1,4.0,0.0,5139.0,0.0,276.0,1,1,5,3+ branch,0 no foreign neighbour,1.0,5.536671022545544
2161,1,1,2.0,0.0,5139.0,0.0,276.0,1,1,2,2 path,0 no foreign neighbour,23.645200729370117,5.509691558505708
2162,7,7,2.0,0.0,5139.0,0.0,984.0,1,0,5,2 path,0 no foreign neighbour,48.69089889526367,2.763150622582189
2163,4,4,2.0,0.0,5139.0,0.0,543.0,1,1,0,2 path,0 no foreign neighbour,59.63859939575195,1.789555825315632
2164,9,9,4.0,0.0,5139.0,0.0,373.0,1,1,0,3+ branch,0 no foreign neighbour,49.88370132446289,3.690610529866803
2165,9,9,2.0,0.0,5139.0,0.0,373.0,1,1,0,2 path,0 no foreign neighbour,66.57060241699219,3.641880943125942
2166,6,6,4.0,0.0,5139.0,0.5,733.0,1,1,5,3+ branch,mixed,1.0,3.447921055061863
2167,0,0,4.0,0.0,5139.0,0.25,914.0,1,1,0,3+ branch,mixed,1.0,1.0753659279226253
2168,0,0,4.0,0.0,5139.0,1.0,914.0,0,0,5,3+ branch,1 all neighbours foreign,1.0,1.0808357476853503
2169,0,0,2.0,0.0,5139.0,1.0,914.0,0,0,5,2 path,1 all neighbours foreign,1.0,1.0941447753297566
2170,7,7,2.0,0.0,5139.0,0.5,984.0,0,0,0,2 path,mixed,67.28600311279297,2.4407678407990683
2171,9,9,3.0,0.0,5139.0,0.0,373.0,1,1,0,3+ branch,0 no foreign neighbour,80.58470153808594,3.6421501061584043
2172,7,7,2.0,0.0,5139.0,0.0,984.0,1,0,6,2 path,0 no foreign neighbour,1.0,2.8424041117806285
2173,7,7,4.0,0.0,5139.0,0.5,984.0,0,0,0,3+ branch,mixed,68.66670227050781,2.8143186572122483
2174,2,2,2.0,0.0,5139.0,0.5,234.0,1,1,0,2 path,mixed,55.06549835205078,7.863228316612628
2175,7,7,4.0,0.0,5139.0,0.5,984.0,0,0,0,3+ branch,mixed,63.41939926147461,2.8301879820247104
2176,0,0,2.0,0.0,5139.0,1.0,914.0,0,0,5,2 path,1 all neighbours foreign,1.0,1.0760477156746322
2177,8,8,3.0,0.0,5139.0,0.6666666666666666,452.0,1,1,5,3+ branch,mixed,1.0,4.922950408888338
2178,4,4,2.0,0.0,5139.0,0.0,543.0,1,1,5,2 path,0 no foreign neighbour,42.07979965209961,1.804650404981193
2179,4,4,4.0,0.0,5139.0,0.25,543.0,1,1,0,3+ branch,mixed,1.0,1.8706025804836692
2180,6,6,1.0,0.0,5139.0,0.0,733.0,1,1,8,1 tip,0 no foreign neighbour,54.568199157714844,2.9826450486672735
2181,8,8,2.0,0.0,5139.0,0.5,452.0,1,1,2,2 path,mixed,50.191898345947266,4.795622871685532
2182,7,7,4.0,0.0,5139.0,0.5,984.0,1,0,5,3+ branch,mixed,1.0,2.833434572958592
2183,7,7,2.0,0.0,5139.0,0.5,984.0,0,0,0,2 path,mixed,66.40180206298828,2.374493503764776
2184,0,0,4.0,0.0,5139.0,1.0,914.0,0,0,5,3+ branch,1 all neighbours foreign,1.0,1.0831957716458394
2185,8,8,4.0,0.0,5139.0,0.0,452.0,1,1,0,3+ branch,0 no foreign neighbour,49.444400787353516,4.900472130840352
2186,0,0,4.0,0.0,5139.0,1.0,914.0,0,0,5,3+ branch,1 all neighbours foreign,1.0,1.0751369913313935
2187,6,6,2.0,0.0,5139.0,1.0,733.0,1,1,0,2 path,1 all neighbours foreign,67.56109619140625,2.8972088427546248
2188,3,3,3.0,0.0,5139.0,0.0,295.0,1,1,5,3+ branch,0 no foreign neighbour,21.0,5.538843561168242
2189,3,3,1.0,0.0,5139.0,0.0,295.0,1,1,2,1 tip,0 no foreign neighbour,39.849700927734375,5.50106195849042
2190,8,8,2.0,0.0,5139.0,0.0,452.0,1,1,0,2 path,0 no foreign neighbour,42.35960006713867,4.881590624603788
2191,0,0,2.0,0.0,5139.0,1.0,914.0,1,0,0,2 path,1 all neighbours foreign,53.144100189208984,0.8235369619974766
2192,2,2,4.0,0.0,5139.0,0.0,234.0,1,1,5,3+ branch,0 no foreign neighbour,1.0,8.192020074207722
2193,2,2,2.0,0.0,5139.0,0.0,234.0,1,1,0,2 path,0 no foreign neighbour,65.0071029663086,7.9133972611387
2194,0,0,2.0,0.0,5139.0,1.0,914.0,0,0,2,2 path,1 all neighbours foreign,57.26919937133789,1.0118770036928695
2195,6,6,4.0,0.0,5139.0,0.5,733.0,1,1,5,3+ branch,mixed,14.98799991607666,3.4450843715019954
2196,4,4,2.0,0.0,5139.0,0.5,543.0,1,1,0,2 path,mixed,60.21969985961914,1.7072690566881705
2197,5,5,4.0,0.0,5139.0,0.0,336.0,1,1,9,3+ branch,0 no foreign neighbour,1.0,10.930150767900972
2198,5,5,2.0,0.0,5139.0,0.0,336.0,0,0,3,2 path,0 no foreign neighbour,54.82419967651367,10.733347424556378
2199,4,4,3.0,0.3333333432674408,5139.0,0.0,543.0,1,1,5,3+ branch,0 no foreign neighbour,44.43040084838867,1.8889741624256358
2200,4,4,2.0,1.0,5139.0,0.0,543.0,1,1,0,2 path,0 no foreign neighbour,30.873600006103516,1.887521688581109
2201,0,0,2.0,0.0,5139.0,0.5,914.0,1,0,0,2 path,mixed,65.4749984741211,0.9052544221448816
2202,6,6,4.0,0.0,5139.0,0.5,733.0,1,1,0,3+ branch,mixed,60.8739013671875,3.4239428160332763
2203,9,9,1.0,0.0,5139.0,0.0,373.0,1,1,9,1 tip,0 no foreign neighbour,43.95209884643555,3.687995759718212
2204,9,9,3.0,0.0,5139.0,0.0,373.0,1,1,5,3+ branch,0 no foreign neighbour,13.0,3.705913518467945
2205,3,3,2.0,0.0,5139.0,0.0,295.0,1,1,2,2 path,0 no foreign neighbour,17.3262996673584,5.540365261271347
2206,0,0,3.0,0.0,5139.0,1.0,914.0,0,0,5,3+ branch,1 all neighbours foreign,2.888890027999878,1.0796438035025098
2207,8,8,4.0,0.0,5139.0,0.0,452.0,1,1,5,3+ branch,0 no foreign neighbour,1.0,4.934093617484138
2208,0,0,3.0,0.0,5139.0,0.6666666666666666,914.0,1,0,0,3+ branch,mixed,5.400000095367432,1.0711686041889084
2209,0,0,3.0,0.0,5139.0,0.6666666666666666,914.0,1,0,0,3+ branch,mixed,90.7686996459961,1.0399399213055276
2210,0,0,2.0,0.0,5139.0,0.5,914.0,1,1,0,2 path,mixed,47.979698181152344,1.0353286588206074
2211,5,5,3.0,0.0,5139.0,0.0,336.0,1,1,6,3+ branch,0 no foreign neighbour,57.21649932861328,10.920947415179276
2212,4,4,2.0,0.0,5139.0,0.0,543.0,1,1,0,2 path,0 no foreign neighbour,47.63639831542969,1.8055463759538377
2213,4,4,2.0,0.0,5139.0,0.0,543.0,1,1,0,2 path,0 no foreign neighbour,61.96390151977539,1.7261574284692802
2214,7,7,2.0,0.0,5139.0,0.5,984.0,0,0,0,2 path,mixed,61.40530014038086,2.5689937217468146
2215,7,7,2.0,0.0,5139.0,0.5,984.0,0,0,0,2 path,mixed,69.90859985351562,2.307434558652134
2216,7,7,2.0,1.0,5139.0,1.0,984.0,0,0,9,2 path,1 all neighbours foreign,61.683101654052734,2.7782859034906666
2217,5,5,4.0,0.0,5139.0,0.0,336.0,1,0,9,3+ branch,0 no foreign neighbour,1.0,10.925538865694657
2218,5,5,3.0,0.0,5139.0,0.0,336.0,1,1,5,3+ branch,0 no foreign neighbour,8.830769538879395,10.924651868253527
2219,5,5,3.0,0.0,5139.0,0.0,336.0,1,1,5,3+ branch,0 no foreign neighbour,7.846149921417236,10.923659018661802
2220,6,6,2.0,0.0,5139.0,0.5,733.0,1,1,9,2 path,mixed,59.83420181274414,2.5135145064789577
2221,8,8,3.0,0.0,5139.0,0.0,452.0,1,0,2,3+ branch,0 no foreign neighbour,55.84109878540039,4.582695384019996
2222,7,7,2.0,0.0,5139.0,0.0,984.0,1,1,5,2 path,0 no foreign neighbour,30.2726993560791,2.820238607189274
2223,6,6,4.0,0.0,5139.0,0.5,733.0,1,1,5,3+ branch,mixed,1.0,3.4627631968960837
2224,2,2,4.0,0.0,5139.0,0.0,234.0,1,1,5,3+ branch,0 no foreign neighbour,5.5106401443481445,8.21749379775839
2225,3,3,2.0,0.0,5139.0,0.0,295.0,1,1,0,2 path,0 no foreign neighbour,57.62770080566406,5.115134363401508
2226,5,5,2.0,0.0,5139.0,0.0,336.0,1,0,0,2 path,0 no foreign neighbour,53.15359878540039,10.652287118349086
2227,0,0,2.0,0.0,5139.0,1.0,914.0,1,0,0,2 path,1 all neighbours foreign,58.58359909057617,0.9520190006313662
2228,0,0,2.0,0.0,5139.0,0.0,914.0,1,1,0,2 path,0 no foreign neighbour,1.0,1.0681265157154907
2229,9,9,2.0,0.0,5139.0,0.0,373.0,1,1,5,2 path,0 no foreign neighbour,56.45100021362305,3.511913034067421
2230,1,1,1.0,0.0,5139.0,0.0,276.0,1,1,0,1 tip,0 no foreign neighbour,51.48609924316406,5.3397847329347226
2231,1,1,4.0,0.0,5139.0,0.0,276.0,1,1,8,3+ branch,0 no foreign neighbour,1.0,5.532266364669632
2232,0,0,2.0,0.0,5139.0,0.5,914.0,1,1,0,2 path,mixed,31.690500259399414,1.0533088121673528
2233,0,0,2.0,0.0,5139.0,0.0,914.0,0,0,5,2 path,0 no foreign neighbour,29.976200103759766,1.0575454617347049
2234,7,7,4.0,0.0,5139.0,0.5,984.0,1,0,5,3+ branch,mixed,1.0,2.8395284468679707
2235,0,0,2.0,0.0,5139.0,0.5,914.0,1,0,0,2 path,mixed,48.71549987792969,1.043532593138475
2236,1,1,3.0,0.0,5139.0,0.0,276.0,1,1,5,3+ branch,0 no foreign neighbour,1.0,5.51981608168824
2237,6,6,2.0,0.0,5139.0,0.5,733.0,1,1,0,2 path,mixed,62.23529815673828,2.9054617683919024
2238,3,3,4.0,0.0,5139.0,0.0,295.0,1,1,5,3+ branch,0 no foreign neighbour,1.0,5.5519428779293385
2239,3,3,2.0,0.0,5139.0,0.5,295.0,1,1,2,2 path,mixed,59.87929916381836,5.429589124687774
2240,7,7,2.0,0.0,5139.0,0.5,984.0,0,0,9,2 path,mixed,59.65829849243164,2.678295887386082
2241,6,6,4.0,0.0,5139.0,0.5,733.0,1,1,5,3+ branch,mixed,55.76240158081055,3.422587879491675
2242,4,4,2.0,0.0,5139.0,0.5,543.0,1,1,0,2 path,mixed,44.429100036621094,1.7498181536653994
2243,8,8,2.0,0.0,5139.0,0.5,452.0,1,1,0,2 path,mixed,65.98999786376953,4.583596469704571
2244,6,6,3.0,0.0,5139.0,0.6666666666666666,733.0,1,1,0,3+ branch,mixed,7.573770046234131,3.466037509656999
2245,0,0,2.0,0.0,5139.0,0.5,914.0,1,1,0,2 path,mixed,43.39440155029297,1.0281671850002105
2246,9,9,1.0,0.0,5139.0,0.0,373.0,1,1,0,1 tip,0 no foreign neighbour,69.87920379638672,3.6432289720010087
2247,7,7,4.0,0.0,5139.0,0.0,984.0,1,0,5,3+ branch,0 no foreign neighbour,1.0,2.842073589819031
2248,5,5,2.0,0.0,5139.0,0.0,336.0,1,1,0,2 path,0 no foreign neighbour,66.36409759521484,10.316066777933539
2249,0,0,4.0,0.0,5139.0,0.75,914.0,0,0,5,3+ branch,mixed,1.0,1.0838013028584947
2250,0,0,4.0,0.0,5139.0,0.75,914.0,1,1,9,3+ branch,mixed,2.0,1.0740187460109922
2251,8,8,3.0,0.0,5139.0,1.0,452.0,1,1,0,3+ branch,1 all neighbours foreign,30.95240020751953,4.927039250455192
2252,8,8,2.0,0.0,5139.0,0.0,452.0,1,1,0,2 path,0 no foreign neighbour,2.754390001296997,4.906780818207348
2253,7,7,4.0,0.0,5139.0,0.5,984.0,0,0,0,3+ branch,mixed,65.30870056152344,2.804211597933823
2254,7,7,2.0,0.0,5139.0,1.0,984.0,0,0,0,2 path,1 all neighbours foreign,64.22270202636719,2.3111787498191636
2255,7,7,2.0,0.0,5139.0,1.0,984.0,0,0,9,2 path,1 all neighbours foreign,64.61360168457031,1.6472118617051577
2256,0,0,4.0,0.0,5139.0,0.5,914.0,1,0,0,3+ branch,mixed,55.60240173339844,1.0661601191473309
2257,7,7,2.0,0.0,5139.0,0.0,984.0,1,0,6,2 path,0 no foreign neighbour,83.74240112304688,2.764951953279706
2258,7,7,4.0,0.0,5139.0,0.0,984.0,1,0,5,3+ branch,0 no foreign neighbour,1.0,2.8436514232780774
2259,9,9,3.0,0.0,5139.0,0.0,373.0,1,1,0,3+ branch,0 no foreign neighbour,65.55169677734375,3.6975285280228385
2260,0,0,2.0,0.0,5139.0,0.5,914.0,1,0,0,2 path,mixed,52.95100021362305,1.0348253765573103
2261,5,5,2.0,0.0,5139.0,0.0,336.0,0,0,3,2 path,0 no foreign neighbour,60.86629867553711,10.196689095638858
2262,6,6,2.0,0.0,5139.0,0.5,733.0,1,1,0,2 path,mixed,61.759300231933594,2.4705602848729087
2263,6,6,2.0,0.0,5139.0,0.5,733.0,1,1,9,2 path,mixed,59.86479949951172,3.190899972820174
2264,0,0,3.0,0.0,5139.0,0.3333333333333333,914.0,0,0,2,3+ branch,mixed,65.63919830322266,1.0518607043672485
2265,6,6,2.0,0.0,5139.0,0.5,733.0,1,1,0,2 path,mixed,61.51020050048828,2.8778195602314134
2266,9,9,3.0,0.0,5139.0,0.0,373.0,1,1,5,3+ branch,0 no foreign neighbour,1.0,3.6864766857020546
2267,6,6,2.0,0.0,5139.0,0.5,733.0,1,1,0,2 path,mixed,62.37540054321289,3.1846321295365243
2268,7,7,2.0,0.0,5139.0,0.5,984.0,0,0,0,2 path,mixed,63.39039993286133,2.5322546868151616
2269,2,2,2.0,0.0,5139.0,0.0,234.0,1,1,0,2 path,0 no foreign neighbour,61.408599853515625,7.905827249316351
2270,0,0,2.0,0.0,5139.0,0.5,914.0,1,0,0,2 path,mixed,40.72309875488281,1.00726718773643
2271,0,0,2.0,0.0,5139.0,0.0,914.0,1,1,0,2 path,0 no foreign neighbour,29.098800659179688,1.0569764629270517
2272,0,0,4.0,0.0,5139.0,0.0,914.0,1,1,0,3+ branch,0 no foreign neighbour,7.612239837646484,1.0641807177328864
2273,0,0,2.0,0.0,5139.0,0.5,914.0,1,0,0,2 path,mixed,54.13560104370117,0.9559607535622987
2274,4,4,1.0,0.0,5139.0,0.0,543.0,1,1,2,1 tip,0 no foreign neighbour,65.29229736328125,1.6651685137245689
2275,3,3,4.0,0.0,5139.0,0.0,295.0,1,1,0,3+ branch,0 no foreign neighbour,77.61479949951172,5.5181575522960555
2276,2,2,4.0,0.0,5139.0,0.0,234.0,1,1,5,3+ branch,0 no foreign neighbour,1.0,8.204875436673184
2277,2,2,2.0,0.0,5139.0,0.0,234.0,1,1,0,2 path,0 no foreign neighbour,51.780601501464844,8.14567797824686
2278,7,7,3.0,0.0,5139.0,0.0,984.0,1,1,6,3+ branch,0 no foreign neighbour,111.94400024414062,2.780664122770234
2279,7,7,1.0,0.0,5139.0,0.0,984.0,0,0,9,1 tip,0 no foreign neighbour,19.48870086669922,2.8070323303465083
2280,6,6,2.0,0.0,5139.0,0.5,733.0,1,1,0,2 path,mixed,53.56850051879883,3.157161526919429
2281,6,6,2.0,0.0,5139.0,1.0,733.0,1,1,0,2 path,1 all neighbours foreign,64.918701171875,2.7139462660716407
2282,5,5,3.0,0.0,5139.0,0.3333333333333333,336.0,0,0,3,3+ branch,mixed,63.1427001953125,9.530768877065062
2283,5,5,4.0,0.0,5139.0,0.0,336.0,1,1,5,3+ branch,0 no foreign neighbour,30.746999740600586,10.919922328738865
2284,5,5,2.0,0.0,5139.0,0.5,336.0,0,0,3,2 path,mixed,58.02109909057617,10.797118214225161
2285,9,9,4.0,0.0,5139.0,0.0,373.0,1,1,0,3+ branch,0 no foreign neighbour,12.0,3.7035801354934854
2286,9,9,2.0,0.0,5139.0,0.0,373.0,1,1,0,2 path,0 no foreign neighbour,43.15169906616211,3.667989558496771
2287,6,6,2.0,0.0,5139.0,0.5,733.0,1,1,0,2 path,mixed,58.19350051879883,3.107367867097772
2288,2,2,2.0,0.0,5139.0,0.5,234.0,1,1,7,2 path,mixed,54.78620147705078,8.079609151039824
2289,0,0,3.0,0.0,5139.0,1.0,914.0,0,0,5,3+ branch,1 all neighbours foreign,6.953120231628418,1.0822060517717593
2290,8,8,4.0,0.0,5139.0,0.0,452.0,1,1,5,3+ branch,0 no foreign neighbour,3.733330011367798,4.918884970568358
2291,9,9,1.0,0.0,5139.0,0.0,373.0,1,1,5,1 tip,0 no foreign neighbour,1.0,3.6890889368542905
2292,9,9,3.0,0.0,5139.0,0.0,373.0,1,1,5,3+ branch,0 no foreign neighbour,39.13589859008789,3.6739383933153684
2293,9,9,2.0,0.0,5139.0,0.0,373.0,1,1,0,2 path,0 no foreign neighbour,56.320701599121094,3.5197224456004426
2294,7,7,3.0,0.0,5139.0,0.6666666666666666,984.0,0,0,8,3+ branch,mixed,59.49290084838867,2.215259111804319
2295,2,2,2.0,0.0,5139.0,0.0,234.0,1,1,0,2 path,0 no foreign neighbour,54.367698669433594,7.836375310002117
2296,6,6,3.0,0.0,5139.0,0.6666666666666666,733.0,1,1,0,3+ branch,mixed,58.569000244140625,3.3721203831387374
2297,7,7,4.0,0.0,5139.0,0.5,984.0,1,1,6,3+ branch,mixed,72.9657974243164,2.811034664784783
2298,8,8,4.0,0.0,5139.0,0.0,452.0,1,1,5,3+ branch,0 no foreign neighbour,1.0,4.91155635029012
2299,8,8,2.0,0.0,5139.0,0.5,452.0,1,0,0,2 path,mixed,84.87760162353516,4.813191360476909
2300,6,6,2.0,0.0,5139.0,1.0,733.0,1,1,9,2 path,1 all neighbours foreign,68.58879852294922,1.0515364673934504
2301,4,4,2.0,0.0,5139.0,1.0,543.0,1,1,0,2 path,1 all neighbours foreign,55.917598724365234,1.7712793003848466
2302,1,1,3.0,0.0,5139.0,0.3333333333333333,276.0,1,1,8,3+ branch,mixed,1.0,5.541204722058072
2303,8,8,2.0,0.0,5139.0,0.0,452.0,1,1,0,2 path,0 no foreign neighbour,46.008399963378906,4.816947816821978
2304,6,6,2.0,0.0,5139.0,0.0,733.0,1,1,9,2 path,0 no foreign neighbour,68.25029754638672,2.5462762668212457
2305,1,1,4.0,0.0,5139.0,0.0,276.0,1,1,5,3+ branch,0 no foreign neighbour,1.0,5.5244221114482155
2306,8,8,2.0,0.0,5139.0,0.0,452.0,1,1,2,2 path,0 no foreign neighbour,55.66669845581055,4.542900626986158
2307,9,9,3.0,0.0,5139.0,0.0,373.0,1,1,5,3+ branch,0 no foreign neighbour,1.0,3.704775417030224
2308,9,9,1.0,0.0,5139.0,0.0,373.0,1,1,5,1 tip,0 no foreign neighbour,24.414400100708008,3.678017429369176
2309,6,6,2.0,0.0,5139.0,1.0,733.0,1,1,0,2 path,1 all neighbours foreign,64.31009674072266,3.2014948880355374
2310,6,6,2.0,0.0,5139.0,0.0,733.0,1,1,0,2 path,0 no foreign neighbour,61.608299255371094,3.0772503950972583
2311,6,6,2.0,0.0,5139.0,0.5,733.0,1,1,0,2 path,mixed,61.355499267578125,2.5876931565598436
2312,7,7,3.0,0.0,5139.0,1.0,984.0,0,0,0,3+ branch,1 all neighbours foreign,28.73240089416504,2.833301716166086
2313,0,0,3.0,0.0,5139.0,0.6666666666666666,914.0,0,0,5,3+ branch,mixed,5.611110210418701,1.0756605782257247
2314,7,7,2.0,0.0,5139.0,0.5,984.0,0,0,8,2 path,mixed,74.5696029663086,2.756406092150067
2315,6,6,2.0,0.0,5139.0,1.0,733.0,1,1,0,2 path,1 all neighbours foreign,68.27960205078125,2.84684410237921
2316,0,0,4.0,0.0,5139.0,1.0,914.0,0,0,5,3+ branch,1 all neighbours foreign,1.0,1.0727814872833137
2317,0,0,2.0,0.0,5139.0,0.5,914.0,1,0,0,2 path,mixed,65.77780151367188,1.0737902826373558
2318,6,6,2.0,0.0,5139.0,0.5,733.0,1,1,0,2 path,mixed,60.3744010925293,3.198548709768973
2319,7,7,4.0,0.0,5139.0,0.5,984.0,1,0,5,3+ branch,mixed,1.0,2.8454096518559444
2320,9,9,2.0,0.0,5139.0,0.0,373.0,1,1,9,2 path,0 no foreign neighbour,46.73249816894531,3.6691292647508127
2321,3,3,3.0,0.0,5139.0,0.0,295.0,1,1,5,3+ branch,0 no foreign neighbour,12.66670036315918,5.538325257588039
2322,3,3,4.0,0.0,5139.0,0.0,295.0,1,1,5,3+ branch,0 no foreign neighbour,7.0,5.536817601322885
2323,3,3,2.0,0.0,5139.0,0.0,295.0,1,1,5,2 path,0 no foreign neighbour,12.652600288391113,5.536651026704849
2324,3,3,3.0,0.0,5139.0,0.0,295.0,1,1,0,3+ branch,0 no foreign neighbour,54.85710144042969,5.519816356488924
2325,9,9,2.0,0.0,5139.0,0.0,373.0,1,1,8,2 path,0 no foreign neighbour,58.85419845581055,2.9494526534530032
2326,7,7,3.0,0.0,5139.0,0.3333333333333333,984.0,0,0,0,3+ branch,mixed,67.1438980102539,1.6468011148729587
2327,3,3,4.0,0.0,5139.0,0.0,295.0,1,1,6,3+ branch,0 no foreign neighbour,89.82350158691406,5.505491550158603
2328,4,4,2.0,0.0,5139.0,0.5,543.0,1,1,0,2 path,mixed,38.78260040283203,1.8608605168259122
2329,0,0,2.0,0.0,5139.0,1.0,914.0,1,0,0,2 path,1 all neighbours foreign,38.4182014465332,1.0672622508612042
2330,0,0,2.0,0.0,5139.0,1.0,914.0,1,1,0,2 path,1 all neighbours foreign,47.684200286865234,1.0608975128586902
2331,4,4,3.0,0.0,5139.0,1.0,543.0,1,1,0,3+ branch,1 all neighbours foreign,64.29789733886719,1.8442282891771795
2332,4,4,3.0,0.0,5139.0,1.0,543.0,1,1,6,3+ branch,1 all neighbours foreign,126.35099792480469,1.8562566781918404
2333,4,4,2.0,0.0,5139.0,0.0,543.0,1,1,0,2 path,0 no foreign neighbour,34.390201568603516,1.8458230308605557
2334,6,6,4.0,0.0,5139.0,0.5,733.0,1,1,5,3+ branch,mixed,10.973999977111816,3.447259480476296
2335,0,0,2.0,0.0,5139.0,0.5,914.0,1,0,0,2 path,mixed,57.50559997558594,0.9469120605902266
2336,7,7,2.0,0.0,5139.0,0.0,984.0,0,0,0,2 path,0 no foreign neighbour,63.3025016784668,2.406146900232719
2337,1,1,3.0,0.0,5139.0,0.0,276.0,1,1,5,3+ branch,0 no foreign neighbour,1.0,5.537578692025279
2338,0,0,3.0,0.0,5139.0,0.0,914.0,0,0,5,3+ branch,0 no foreign neighbour,1.0,1.0833248929081356
2339,0,0,4.0,0.0,5139.0,0.0,914.0,1,0,0,3+ branch,0 no foreign neighbour,1.0,1.0824590776613945
2340,4,4,3.0,0.0,5139.0,0.3333333333333333,543.0,1,1,5,3+ branch,mixed,14.507200241088867,1.8576879874947394
2341,4,4,4.0,0.0,5139.0,0.5,543.0,1,1,0,3+ branch,mixed,7.849999904632568,1.8609456626172713
2342,4,4,2.0,0.0,5139.0,0.0,543.0,1,1,0,2 path,0 no foreign neighbour,43.66669845581055,1.8127615884255615
2343,4,4,2.0,0.0,5139.0,0.5,543.0,1,1,0,2 path,mixed,17.0,1.8563747406005868
2344,1,1,2.0,0.0,5139.0,0.0,276.0,1,1,2,2 path,0 no foreign neighbour,50.9922981262207,5.3053013849032675
2345,0,0,2.0,0.0,5139.0,0.5,914.0,0,0,6,2 path,mixed,1.0,1.0756027239609134
2346,3,3,2.0,0.0,5139.0,0.0,295.0,1,1,2,2 path,0 no foreign neighbour,68.65350341796875,5.237072584926052
2347,7,7,3.0,0.0,5139.0,0.6666666666666666,984.0,1,0,5,3+ branch,mixed,3.7193000316619873,2.8448372018837316
2348,1,1,4.0,0.0,5139.0,0.0,276.0,1,1,2,3+ branch,0 no foreign neighbour,70.02999877929688,5.523076337035799
2349,0,0,4.0,0.0,5139.0,0.0,914.0,1,0,0,3+ branch,0 no foreign neighbour,1.0,1.0619944088845177
2350,0,0,2.0,0.0,5139.0,0.5,914.0,0,0,2,2 path,mixed,60.01900100708008,0.9944586819992037
2351,8,8,3.0,0.0,5139.0,0.0,452.0,1,1,5,3+ branch,0 no foreign neighbour,3.140350103378296,4.945349067923696
2352,0,0,2.0,0.0,5139.0,0.5,914.0,1,0,0,2 path,mixed,61.910701751708984,0.9452050650900329
2353,6,6,2.0,0.0,5139.0,1.0,733.0,1,1,5,2 path,1 all neighbours foreign,57.20899963378906,3.0829996487437397
2354,0,0,2.0,0.0,5139.0,0.5,914.0,1,0,0,2 path,mixed,64.2123031616211,0.9557322611569534
2355,7,7,2.0,0.0,5139.0,0.0,984.0,0,0,9,2 path,0 no foreign neighbour,66.97840118408203,2.643930180198444
2356,7,7,2.0,0.0,5139.0,0.5,984.0,0,0,0,2 path,mixed,55.9370002746582,2.678935247239108
2357,4,4,2.0,0.0,5139.0,0.5,543.0,1,1,0,2 path,mixed,55.39609909057617,1.632666221106619
2358,7,7,2.0,0.0,5139.0,1.0,984.0,0,0,9,2 path,1 all neighbours foreign,61.9557991027832,2.488126400041159
2359,1,1,2.0,0.0,5139.0,0.0,276.0,1,1,0,2 path,0 no foreign neighbour,54.78990173339844,5.335718197526357
2360,0,0,2.0,0.0,5139.0,0.5,914.0,1,0,0,2 path,mixed,46.089298248291016,1.0150319508239745
2361,0,0,4.0,0.0,5139.0,0.0,914.0,1,1,0,3+ branch,0 no foreign neighbour,1.0,1.074662462065005
2362,0,0,2.0,0.0,5139.0,0.0,914.0,0,0,2,2 path,0 no foreign neighbour,51.44279861450195,1.0086668867966397
2363,4,4,2.0,0.0,5139.0,0.5,543.0,1,1,2,2 path,mixed,47.54130172729492,1.7752046458139512
2364,0,0,4.0,0.0,5139.0,0.5,914.0,0,0,2,3+ branch,mixed,1.0,1.0780176056944923
2365,0,0,2.0,0.0,5139.0,0.5,914.0,1,0,0,2 path,mixed,75.80870056152344,0.8426162841680129
2366,0,0,2.0,0.0,5139.0,0.5,914.0,1,0,0,2 path,mixed,63.5806999206543,0.8594559910574516
2367,6,6,2.0,0.0,5139.0,1.0,733.0,1,1,0,2 path,1 all neighbours foreign,65.24410247802734,2.3145196123747325
2368,8,8,4.0,0.0,5139.0,0.0,452.0,1,1,5,3+ branch,0 no foreign neighbour,25.5580997467041,4.900566927477429
2369,8,8,2.0,0.0,5139.0,0.0,452.0,1,1,2,2 path,0 no foreign neighbour,41.35390090942383,4.838787902781671
2370,3,3,2.0,0.0,5139.0,1.0,295.0,1,1,6,2 path,1 all neighbours foreign,62.4807014465332,4.664721591748282
2371,2,2,2.0,0.0,5139.0,0.0,234.0,1,1,0,2 path,0 no foreign neighbour,55.8129997253418,8.13515231604602
2372,3,3,3.0,0.0,5139.0,0.3333333333333333,295.0,1,1,5,3+ branch,mixed,1.0,5.5478658636410785
2373,0,0,4.0,0.0,5139.0,0.25,914.0,1,0,0,3+ branch,mixed,26.878799438476562,1.066740440903732
2374,1,1,2.0,0.0,5139.0,0.0,276.0,1,1,2,2 path,0 no foreign neighbour,5.927710056304932,5.521656248951162
2375,2,2,4.0,0.0,5139.0,0.0,234.0,1,1,5,3+ branch,0 no foreign neighbour,1.0,8.200305243406163
2376,2,2,2.0,0.0,5139.0,0.5,234.0,1,1,0,2 path,mixed,41.83330154418945,8.167855051752051
2377,2,2,2.0,0.0,5139.0,0.0,234.0,1,1,0,2 path,0 no foreign neighbour,52.5713996887207,8.108613371849774
2378,6,6,2.0,0.0,5139.0,1.0,733.0,1,1,8,2 path,1 all neighbours foreign,62.3838996887207,3.0997452420718554
2379,7,7,2.0,0.0,5139.0,0.5,984.0,0,0,8,2 path,mixed,1.0,2.8380321052022186
2380,8,8,2.0,0.0,5139.0,0.0,452.0,1,1,2,2 path,0 no foreign neighbour,59.98350143432617,4.679118542051105
2381,9,9,2.0,0.0,5139.0,0.0,373.0,1,1,9,2 path,0 no foreign neighbour,62.12820053100586,3.2048666900462104
2382,8,8,2.0,0.0,5139.0,0.0,452.0,1,1,0,2 path,0 no foreign neighbour,69.8292007446289,4.402151218509092
2383,3,3,2.0,0.0,5139.0,0.5,295.0,1,1,2,2 path,mixed,65.04779815673828,4.913828630164414
2384,3,3,3.0,0.0,5139.0,0.0,295.0,1,1,0,3+ branch,0 no foreign neighbour,77.34819793701172,5.516162220854804
2385,9,9,2.0,0.0,5139.0,0.0,373.0,1,1,0,2 path,0 no foreign neighbour,42.0458984375,3.6510056536397295
2386,1,1,3.0,0.0,5139.0,0.3333333333333333,276.0,1,1,2,3+ branch,mixed,45.37099838256836,5.506744619707427
2387,9,9,2.0,0.0,5139.0,0.0,373.0,1,1,0,2 path,0 no foreign neighbour,52.815101623535156,3.4278828606932406
2388,1,1,4.0,0.0,5139.0,0.0,276.0,1,1,0,3+ branch,0 no foreign neighbour,74.95899963378906,5.492017386659878
2389,3,3,4.0,0.0,5139.0,0.0,295.0,1,1,0,3+ branch,0 no foreign neighbour,1.0,5.557842997337862
2390,0,0,2.0,0.0,5139.0,0.5,914.0,1,0,0,2 path,mixed,51.70309829711914,0.9988858366284689
2391,0,0,2.0,0.0,5139.0,0.5,914.0,1,0,0,2 path,mixed,47.702598571777344,1.0080162792165777
2392,3,3,2.0,0.0,5139.0,0.0,295.0,1,1,2,2 path,0 no foreign neighbour,45.13679885864258,5.474896894208034
2393,1,1,2.0,0.0,5139.0,0.0,276.0,1,1,2,2 path,0 no foreign neighbour,55.31340026855469,5.02869561929367
2394,3,3,2.0,0.0,5139.0,0.0,295.0,1,1,2,2 path,0 no foreign neighbour,69.35130310058594,4.52910183774722
2395,7,7,4.0,0.0,5139.0,0.5,984.0,1,0,5,3+ branch,mixed,1.0,2.8449965918581994
2396,6,6,2.0,0.0,5139.0,0.0,733.0,1,1,0,2 path,0 no foreign neighbour,55.27450180053711,3.124755548492387
2397,0,0,2.0,0.0,5139.0,0.5,914.0,1,0,0,2 path,mixed,60.897098541259766,0.9507030867793331
2398,0,0,2.0,0.0,5139.0,0.5,914.0,1,1,8,2 path,mixed,1.9491499662399292,1.0753174759039614
2399,0,0,3.0,0.0,5139.0,0.6666666666666666,914.0,0,0,5,3+ branch,mixed,1.0,1.0739372590451208
2400,3,3,4.0,0.0,5139.0,0.25,295.0,1,1,5,3+ branch,mixed,1.0,5.551761699426127
2401,3,3,2.0,0.0,5139.0,0.0,295.0,1,1,0,2 path,0 no foreign neighbour,35.6963996887207,5.530542282907579
2402,6,6,3.0,0.0,5139.0,0.6666666666666666,733.0,1,1,0,3+ branch,mixed,5.953849792480469,3.4576491672906187
2403,8,8,4.0,0.0,5139.0,0.5,452.0,1,1,5,3+ branch,mixed,3.950000047683716,4.9262141220074644
2404,0,0,2.0,0.0,5139.0,0.5,914.0,0,0,2,2 path,mixed,52.679298400878906,0.990812743616777
2405,4,4,2.0,0.0,5139.0,0.5,543.0,1,1,2,2 path,mixed,66.51830291748047,1.254179755884257
2406,8,8,2.0,0.0,5139.0,0.0,452.0,1,1,0,2 path,0 no foreign neighbour,57.395301818847656,4.897366601597058
2407,0,0,3.0,0.0,5139.0,1.0,914.0,1,1,7,3+ branch,1 all neighbours foreign,1.0,1.0813828803336334
2408,1,1,3.0,0.0,5139.0,0.3333333333333333,276.0,1,1,5,3+ branch,mixed,1.0,5.535872627144102
2409,6,6,4.0,0.0,5139.0,0.5,733.0,1,1,0,3+ branch,mixed,1.0,3.464089663335521
2410,0,0,2.0,0.0,5139.0,0.0,914.0,1,0,0,2 path,0 no foreign neighbour,66.73159790039062,0.7103519080322557
2411,1,1,3.0,0.0,5139.0,0.0,276.0,1,1,5,3+ branch,0 no foreign neighbour,4.0,5.521071587072533
2412,2,2,2.0,0.0,5139.0,0.5,234.0,1,1,0,2 path,mixed,65.93219757080078,7.975713164231244
2413,4,4,1.0,0.0,5139.0,0.0,543.0,1,1,0,1 tip,0 no foreign neighbour,24.913000106811523,1.837173934174579
2414,6,6,2.0,0.0,5139.0,0.0,733.0,1,1,8,2 path,0 no foreign neighbour,65.62190246582031,3.160520116750634
2415,6,6,2.0,0.0,5139.0,0.5,733.0,1,1,0,2 path,mixed,73.23899841308594,3.1773881887972215
2416,0,0,2.0,0.0,5139.0,0.5,914.0,1,0,0,2 path,mixed,67.68820190429688,0.8925879894142517
2417,0,0,2.0,0.0,5139.0,1.0,914.0,1,0,0,2 path,1 all neighbours foreign,47.27669906616211,0.9473409398310983
2418,4,4,3.0,0.0,5139.0,0.6666666666666666,543.0,1,1,6,3+ branch,mixed,151.2519989013672,1.8426651477809695
2419,4,4,4.0,0.0,5139.0,0.0,543.0,1,1,0,3+ branch,0 no foreign neighbour,1.0,1.8664539456600864
2420,8,8,2.0,0.0,5139.0,0.0,452.0,1,1,0,2 path,0 no foreign neighbour,44.30889892578125,4.89848245345331
2421,2,2,1.0,0.0,5139.0,0.0,234.0,1,1,8,1 tip,0 no foreign neighbour,64.23619842529297,7.754646849369827
2422,7,7,3.0,0.0,5139.0,1.0,984.0,1,0,5,3+ branch,1 all neighbours foreign,1.0,2.8485597783860794
2423,8,8,3.0,0.0,5139.0,1.0,452.0,1,1,9,3+ branch,1 all neighbours foreign,1.0,4.928218242949489
2424,1,1,1.0,0.0,5139.0,0.0,276.0,0,0,7,1 tip,0 no foreign neighbour,62.696800231933594,3.779572767422957
2425,6,6,2.0,0.0,5139.0,1.0,733.0,1,1,9,2 path,1 all neighbours foreign,57.38869857788086,3.160162423357161
2426,6,6,2.0,0.0,5139.0,0.5,733.0,1,1,0,2 path,mixed,60.904998779296875,3.0934593749309576
2427,1,1,2.0,0.0,5139.0,0.0,276.0,1,1,2,2 path,0 no foreign neighbour,55.21110153198242,5.075169500686185
2428,7,7,4.0,0.0,5139.0,0.5,984.0,1,0,5,3+ branch,mixed,1.0,2.8391026045797267
2429,0,0,2.0,0.0,5139.0,0.0,914.0,0,0,2,2 path,0 no foreign neighbour,55.256900787353516,0.9608661801033879
2430,7,7,2.0,0.0,5139.0,1.0,984.0,0,0,0,2 path,1 all neighbours foreign,47.907798767089844,2.6506587032041007
2431,6,6,4.0,0.0,5139.0,0.5,733.0,1,1,5,3+ branch,mixed,1.0,3.4668229243219337
2432,7,7,2.0,0.0,5139.0,0.0,984.0,0,0,0,2 path,0 no foreign neighbour,55.18439865112305,2.6533309518015016
2433,3,3,2.0,0.0,5139.0,0.0,295.0,1,1,0,2 path,0 no foreign neighbour,52.54169845581055,5.489145486852003
2434,2,2,2.0,0.0,5139.0,0.0,234.0,1,1,0,2 path,0 no foreign neighbour,52.58890151977539,8.043805881127552
2435,3,3,4.0,0.0,5139.0,0.0,295.0,1,1,5,3+ branch,0 no foreign neighbour,1.0,5.552112060121745
2436,0,0,4.0,0.0,5139.0,1.0,914.0,1,0,0,3+ branch,1 all neighbours foreign,3.930229902267456,1.0731867076079218
2437,7,7,2.0,0.0,5139.0,0.5,984.0,0,0,0,2 path,mixed,50.60940170288086,2.670727615980958
2438,2,2,4.0,0.0,5139.0,0.0,234.0,1,1,5,3+ branch,0 no foreign neighbour,1.0,8.208889117611301
2439,0,0,2.0,0.0,5139.0,0.0,914.0,0,0,2,2 path,0 no foreign neighbour,60.40520095825195,0.9293433228153739
2440,4,4,2.0,0.0,5139.0,0.5,543.0,1,1,0,2 path,mixed,63.6161003112793,0.9302871197470776
2441,1,1,3.0,0.0,5139.0,0.0,276.0,1,1,0,3+ branch,0 no foreign neighbour,57.76470184326172,5.518403456636193
2442,1,1,2.0,0.0,5139.0,1.0,276.0,1,1,0,2 path,1 all neighbours foreign,61.187801361083984,4.90319709901575
2443,1,1,3.0,0.0,5139.0,0.0,276.0,1,1,5,3+ branch,0 no foreign neighbour,1.0,5.523573994499544
2444,1,1,2.0,0.0,5139.0,0.0,276.0,1,1,2,2 path,0 no foreign neighbour,50.817100524902344,5.469891314191965
2445,1,1,2.0,0.0,5139.0,0.0,276.0,1,1,0,2 path,0 no foreign neighbour,67.49530029296875,4.780372304645013
2446,5,5,1.0,0.0,5139.0,0.0,336.0,0,0,3,1 tip,0 no foreign neighbour,1.0,10.928131546509695
2447,8,8,2.0,0.0,5139.0,0.0,452.0,1,1,0,2 path,0 no foreign neighbour,61.152198791503906,4.601702125907624
2448,0,0,3.0,0.0,5139.0,1.0,914.0,0,0,5,3+ branch,1 all neighbours foreign,1.8906199932098389,1.081254960649769
2449,0,0,2.0,0.0,5139.0,0.0,914.0,1,0,0,2 path,0 no foreign neighbour,59.03850173950195,0.9377145700431324
2450,9,9,2.0,0.0,5139.0,0.0,373.0,1,1,0,2 path,0 no foreign neighbour,50.59510040283203,3.6684361880285676
2451,9,9,3.0,0.0,5139.0,0.3333333333333333,373.0,1,1,5,3+ branch,mixed,18.277099609375,3.697002139740223
2452,8,8,3.0,0.0,5139.0,0.0,452.0,1,1,5,3+ branch,0 no foreign neighbour,3.81033992767334,4.925453898102633
2453,8,8,5.0,0.10000000149011612,5139.0,0.2,452.0,1,1,5,3+ branch,mixed,53.64939880371094,4.912515375724111
2454,0,0,2.0,0.0,5139.0,0.0,914.0,1,0,0,2 path,0 no foreign neighbour,59.24829864501953,0.9544732136634856
2455,8,8,1.0,0.0,5139.0,1.0,452.0,1,0,8,1 tip,1 all neighbours foreign,64.49859619140625,4.781487482543368
2456,0,0,4.0,0.0,5139.0,1.0,914.0,0,0,5,3+ branch,1 all neighbours foreign,1.0,1.076468462165746
2457,0,0,2.0,0.0,5139.0,0.0,914.0,1,0,0,2 path,0 no foreign neighbour,58.03070068359375,0.9465254090215831
2458,7,7,2.0,0.0,5139.0,0.5,984.0,0,0,0,2 path,mixed,57.372398376464844,2.575412819484045
2459,1,1,4.0,0.0,5139.0,0.0,276.0,1,1,5,3+ branch,0 no foreign neighbour,1.0,5.525831213104859
2460,0,0,4.0,0.0,5139.0,1.0,914.0,0,0,5,3+ branch,1 all neighbours foreign,1.0,1.0670580419891877
2461,4,4,2.0,0.0,5139.0,0.0,543.0,1,1,0,2 path,0 no foreign neighbour,56.13420104980469,1.6761553745019986
2462,7,7,2.0,0.0,5139.0,1.0,984.0,0,0,0,2 path,1 all neighbours foreign,57.748600006103516,2.4806908528090634
2463,3,3,2.0,0.0,5139.0,0.0,295.0,1,1,0,2 path,0 no foreign neighbour,66.99859619140625,5.178509426610603
2464,0,0,2.0,0.0,5139.0,1.0,914.0,1,1,0,2 path,1 all neighbours foreign,52.78990173339844,0.915653061306372
2465,8,8,3.0,0.0,5139.0,0.0,452.0,1,1,5,3+ branch,0 no foreign neighbour,4.068180084228516,4.906275907726281
2466,8,8,5.0,0.0,5139.0,0.6,452.0,1,1,5,3+ branch,mixed,15.616700172424316,4.925754732964765
2467,4,4,3.0,0.0,5139.0,0.0,543.0,1,1,0,3+ branch,0 no foreign neighbour,7.466670036315918,1.8611933304120343
2468,0,0,4.0,0.0,5139.0,1.0,914.0,0,0,5,3+ branch,1 all neighbours foreign,1.7142900228500366,1.0691510885191833
2469,4,4,2.0,0.0,5139.0,0.5,543.0,1,1,0,2 path,mixed,72.12449645996094,1.7683563977508816
2470,8,8,1.0,0.0,5139.0,0.0,452.0,1,1,2,1 tip,0 no foreign neighbour,63.34360122680664,4.567877165218906
2471,7,7,4.0,0.0,5139.0,0.5,984.0,0,0,0,3+ branch,mixed,76.67500305175781,2.7961602637793765
2472,6,6,4.0,0.0,5139.0,0.5,733.0,1,1,5,3+ branch,mixed,1.0,3.4510797027949818
2473,6,6,2.0,0.0,5139.0,0.5,733.0,1,1,9,2 path,mixed,61.76459884643555,2.401321443778771
2474,9,9,2.0,0.0,5139.0,0.0,373.0,1,1,0,2 path,0 no foreign neighbour,61.19889831542969,3.5726049745915596
2475,2,2,2.0,0.0,5139.0,0.5,234.0,1,1,0,2 path,mixed,28.16670036315918,8.185932458171052
2476,8,8,3.0,0.0,5139.0,0.3333333333333333,452.0,1,1,5,3+ branch,mixed,5.629030227661133,4.938068997412934
2477,6,6,4.0,0.0,5139.0,1.0,733.0,1,1,2,3+ branch,1 all neighbours foreign,1.0,3.4666370699455906
2478,7,7,2.0,0.0,5139.0,1.0,984.0,1,0,5,2 path,1 all neighbours foreign,2.0,2.8461084755772212
2479,8,8,5.0,0.0,5139.0,0.8,452.0,1,1,5,3+ branch,mixed,18.316699981689453,4.938844129600131
2480,8,8,2.0,0.0,5139.0,0.0,452.0,1,0,5,2 path,0 no foreign neighbour,59.53139877319336,4.836811067146691
2481,1,1,3.0,0.0,5139.0,0.0,276.0,1,1,6,3+ branch,0 no foreign neighbour,88.63099670410156,5.439916046998627
2482,6,6,4.0,0.0,5139.0,0.5,733.0,1,1,5,3+ branch,mixed,1.0,3.4566712785183538
2483,0,0,4.0,0.0,5139.0,0.5,914.0,1,0,0,3+ branch,mixed,5.896550178527832,1.0726926316272098
2484,4,4,2.0,0.0,5139.0,0.5,543.0,1,1,0,2 path,mixed,34.726200103759766,1.8533889126665626
2485,6,6,2.0,0.0,5139.0,1.0,733.0,1,1,0,2 path,1 all neighbours foreign,66.9708023071289,3.0190439316939712
2486,7,7,4.0,0.0,5139.0,0.5,984.0,1,0,5,3+ branch,mixed,1.0,2.837259935261072
2487,1,1,2.0,0.0,5139.0,0.0,276.0,1,1,8,2 path,0 no foreign neighbour,13.62339973449707,5.521009719161607
2488,1,1,4.0,0.0,5139.0,0.25,276.0,1,1,5,3+ branch,mixed,2.4347798824310303,5.528101607645399
2489,0,0,3.0,0.0,5139.0,1.0,914.0,0,0,5,3+ branch,1 all neighbours foreign,2.0,1.0684982479857619
2490,0,0,2.0,0.0,5139.0,0.0,914.0,1,0,0,2 path,0 no foreign neighbour,49.69419860839844,1.0570129177469183
2491,5,5,2.0,0.0,5139.0,0.5,336.0,1,0,9,2 path,mixed,62.709598541259766,10.176701696224006
2492,4,4,2.0,0.0,5139.0,1.0,543.0,1,1,5,2 path,1 all neighbours foreign,1.0,1.881215170516203
2493,4,4,2.0,0.0,5139.0,1.0,543.0,1,1,0,2 path,1 all neighbours foreign,44.68000030517578,1.858957515709207
2494,6,6,2.0,0.0,5139.0,1.0,733.0,1,1,0,2 path,1 all neighbours foreign,63.917999267578125,3.3693501693591172
2495,3,3,2.0,0.0,5139.0,0.5,295.0,1,1,6,2 path,mixed,62.06399917602539,5.406649863335594
2496,6,6,2.0,0.0,5139.0,0.0,733.0,1,1,0,2 path,0 no foreign neighbour,63.34519958496094,2.7684056333879323
2497,5,5,2.0,0.0,5139.0,0.0,336.0,1,1,9,2 path,0 no foreign neighbour,62.127601623535156,10.077339158103344
2498,6,6,4.0,0.0,5139.0,0.5,733.0,1,1,5,3+ branch,mixed,1.0,3.461461738677065
2499,6,6,2.0,0.0,5139.0,0.0,733.0,1,1,0,2 path,0 no foreign neighbour,68.49579620361328,3.0465425238302064
2500,0,0,2.0,0.0,5139.0,0.5,914.0,0,0,2,2 path,mixed,38.235801696777344,1.0463654418172985
2501,7,7,3.0,0.0,5139.0,0.6666666666666666,984.0,1,1,6,3+ branch,mixed,124.22200012207031,2.839253122237431
2502,7,7,2.0,0.0,5139.0,0.0,984.0,0,0,0,2 path,0 no foreign neighbour,64.35240173339844,1.9665888465993726
2503,9,9,3.0,0.0,5139.0,0.0,373.0,1,1,5,3+ branch,0 no foreign neighbour,53.165000915527344,3.684576216630618
2504,0,0,2.0,0.0,5139.0,1.0,914.0,1,0,0,2 path,1 all neighbours foreign,64.82479858398438,0.5834214435513415
2505,7,7,2.0,0.0,5139.0,0.5,984.0,0,0,0,2 path,mixed,65.36589813232422,2.3639089783127303
2506,6,6,2.0,0.0,5139.0,0.5,733.0,1,1,0,2 path,mixed,60.82809829711914,3.164045640469937
2507,0,0,4.0,0.0,5139.0,1.0,914.0,1,1,0,3+ branch,1 all neighbours foreign,1.0,1.0791368116525135
2508,3,3,2.0,0.0,5139.0,0.0,295.0,1,1,0,2 path,0 no foreign neighbour,66.23359680175781,5.376246693777943
2509,3,3,2.0,0.0,5139.0,1.0,295.0,1,1,6,2 path,1 all neighbours foreign,59.89500045776367,5.368280406404595
2510,0,0,4.0,0.0,5139.0,0.25,914.0,1,0,0,3+ branch,mixed,95.95050048828125,1.0562986302745154
2511,7,7,2.0,1.0,5139.0,1.0,984.0,0,0,9,2 path,1 all neighbours foreign,29.427499771118164,2.814328794017028
2512,6,6,4.0,0.0,5139.0,0.5,733.0,1,1,5,3+ branch,mixed,10.0,3.45831760249099
2513,7,7,2.0,0.0,5139.0,0.5,984.0,0,0,0,2 path,mixed,53.720298767089844,2.736139757676638
2514,4,4,4.0,0.0,5139.0,0.5,543.0,1,1,0,3+ branch,mixed,90.83159637451172,1.8424258678391872
2515,7,7,2.0,0.0,5139.0,1.0,984.0,0,0,0,2 path,1 all neighbours foreign,62.290000915527344,2.6034728964955516
2516,3,3,4.0,0.0,5139.0,0.25,295.0,1,1,5,3+ branch,mixed,23.0,5.561472863909583
2517,3,3,2.0,0.0,5139.0,0.5,295.0,1,1,0,2 path,mixed,41.95759963989258,5.542239518550016
2518,0,0,2.0,0.0,5139.0,0.5,914.0,0,0,5,2 path,mixed,37.407100677490234,1.0502471998201819
2519,8,8,2.0,0.0,5139.0,0.0,452.0,1,1,0,2 path,0 no foreign neighbour,60.139801025390625,4.573597834574787
2520,4,4,2.0,0.0,5139.0,0.5,543.0,1,1,5,2 path,mixed,3.0,1.886007877943326
2521,4,4,4.0,0.0,5139.0,0.25,543.0,1,1,0,3+ branch,mixed,4.0,1.8852885212239903
2522,0,0,2.0,0.0,5139.0,1.0,914.0,1,1,0,2 path,1 all neighbours foreign,40.0281982421875,1.0480533714102611
2523,4,4,2.0,0.0,5139.0,0.5,543.0,1,1,0,2 path,mixed,62.99689865112305,0.955873302821597
2524,4,4,1.0,0.0,5139.0,0.0,543.0,1,1,0,1 tip,0 no foreign neighbour,57.28269958496094,1.6426486515029892
2525,4,4,2.0,0.0,5139.0,0.5,543.0,1,1,6,2 path,mixed,65.34410095214844,1.531497528477645
2526,8,8,2.0,0.0,5139.0,0.0,452.0,1,1,4,2 path,0 no foreign neighbour,148.81100463867188,4.839045967842582
2527,7,7,5.0,0.0,5139.0,0.4,984.0,1,0,5,3+ branch,mixed,1.0,2.8462089466541842
2528,7,7,3.0,0.0,5139.0,0.0,984.0,1,0,5,3+ branch,0 no foreign neighbour,1.0,2.8462089466541842
2529,4,4,2.0,0.0,5139.0,0.0,543.0,1,1,0,2 path,0 no foreign neighbour,54.2672004699707,1.7180267833605563
2530,7,7,2.0,1.0,5139.0,1.0,984.0,0,0,8,2 path,1 all neighbours foreign,62.22010040283203,2.5141428721019765
2531,7,7,2.0,0.0,5139.0,0.0,984.0,0,0,0,2 path,0 no foreign neighbour,50.132598876953125,2.6843979176713084
2532,0,0,4.0,0.0,5139.0,1.0,914.0,0,0,5,3+ branch,1 all neighbours foreign,1.0,1.0789850605988207
2533,2,2,2.0,0.0,5139.0,0.5,234.0,1,1,0,2 path,mixed,51.51350021362305,8.180191787939105
2534,7,7,4.0,0.0,5139.0,0.5,984.0,1,0,5,3+ branch,mixed,1.0,2.84032378815503
2535,0,0,2.0,0.0,5139.0,1.0,914.0,1,0,0,2 path,1 all neighbours foreign,14.621199607849121,1.07818451465389
2536,0,0,3.0,0.0,5139.0,0.6666666666666666,914.0,0,0,5,3+ branch,mixed,1.0,1.0794294858226032
2537,2,2,3.0,0.0,5139.0,0.3333333333333333,234.0,1,1,5,3+ branch,mixed,1.0,8.203356311311449
2538,4,4,2.0,0.0,5139.0,0.5,543.0,1,1,0,2 path,mixed,41.79840087890625,1.8384525715115274
2539,0,0,2.0,0.0,5139.0,0.0,914.0,1,0,0,2 path,0 no foreign neighbour,64.21009826660156,0.6389571806197911
2540,5,5,1.0,0.0,5139.0,1.0,336.0,0,0,3,1 tip,1 all neighbours foreign,62.43769836425781,9.396911129379097
2541,6,6,4.0,0.0,5139.0,0.5,733.0,1,1,5,3+ branch,mixed,1.0,3.458061709220061
2542,9,9,4.0,0.0,5139.0,0.0,373.0,1,1,0,3+ branch,0 no foreign neighbour,52.06589889526367,3.6692392460210255
2543,4,4,2.0,0.0,5139.0,1.0,543.0,1,1,0,2 path,1 all neighbours foreign,54.22060012817383,1.5220019455027547
2544,7,7,2.0,0.0,5139.0,1.0,984.0,0,0,0,2 path,1 all neighbours foreign,63.25519943237305,2.3372724291592846
2545,4,4,2.0,0.0,5139.0,0.5,543.0,1,1,0,2 path,mixed,53.16450119018555,1.7713999213069767
2546,7,7,4.0,0.0,5139.0,0.5,984.0,1,0,5,3+ branch,mixed,1.0,2.8326140083093976
2547,7,7,2.0,0.0,5139.0,0.0,984.0,0,0,0,2 path,0 no foreign neighbour,59.102298736572266,2.5264173962155656
2548,0,0,3.0,0.0,5139.0,1.0,914.0,0,0,5,3+ branch,1 all neighbours foreign,5.8360700607299805,1.073532448219951
2549,1,1,3.0,0.0,5139.0,0.3333333333333333,276.0,1,1,5,3+ branch,mixed,5.037499904632568,5.5172514720172225
2550,8,8,2.0,0.0,5139.0,0.0,452.0,1,0,2,2 path,0 no foreign neighbour,59.26539993286133,4.755332428111691
2551,4,4,2.0,0.0,5139.0,0.5,543.0,1,1,0,2 path,mixed,73.5165023803711,1.7670784755296056
2552,6,6,2.0,0.0,5139.0,1.0,733.0,1,1,0,2 path,1 all neighbours foreign,57.039398193359375,3.378686290720125
2553,8,8,2.0,0.0,5139.0,0.0,452.0,1,1,6,2 path,0 no foreign neighbour,83.49549865722656,4.895826499325034
2554,7,7,2.0,0.0,5139.0,0.5,984.0,0,0,0,2 path,mixed,64.19259643554688,2.0708175009445
2555,0,0,4.0,0.0,5139.0,1.0,914.0,0,0,5,3+ branch,1 all neighbours foreign,1.0,1.078417108896923
2556,7,7,2.0,0.0,5139.0,0.5,984.0,0,0,0,2 path,mixed,42.41790008544922,2.7565528772496886
2557,4,4,2.0,0.0,5139.0,0.5,543.0,1,1,0,2 path,mixed,53.145198822021484,1.717014403365751
2558,7,7,2.0,0.0,5139.0,0.0,984.0,0,0,9,2 path,0 no foreign neighbour,63.35810089111328,2.5478284650564187
2559,7,7,2.0,0.0,5139.0,0.0,984.0,0,0,0,2 path,0 no foreign neighbour,26.632099151611328,2.8249336789249373
2560,3,3,2.0,0.0,5139.0,0.5,295.0,1,1,2,2 path,mixed,58.020198822021484,4.54295204425119
2561,7,7,4.0,0.0,5139.0,0.5,984.0,1,0,5,3+ branch,mixed,1.0,2.842933633392167
2562,7,7,2.0,0.0,5139.0,0.5,984.0,0,0,0,2 path,mixed,55.528099060058594,2.6045313461246997
2563,0,0,2.0,0.0,5139.0,0.5,914.0,0,0,6,2 path,mixed,33.75210189819336,1.074114916042917
2564,4,4,2.0,0.0,5139.0,0.5,543.0,1,1,0,2 path,mixed,48.76969909667969,1.6815425675855173
2565,0,0,2.0,0.0,5139.0,0.0,914.0,1,0,0,2 path,0 no foreign neighbour,64.40809631347656,0.5183996581362125
2566,0,0,2.0,0.0,5139.0,0.0,914.0,1,0,0,2 path,0 no foreign neighbour,64.84449768066406,0.9618903735618581
2567,6,6,2.0,0.0,5139.0,0.5,733.0,1,1,0,2 path,mixed,63.49530029296875,2.5426775743928705
2568,7,7,2.0,0.0,5139.0,0.5,984.0,0,0,0,2 path,mixed,59.75080108642578,1.8402966249181112
2569,4,4,2.0,0.0,5139.0,0.0,543.0,1,1,2,2 path,0 no foreign neighbour,66.29540252685547,0.895678565520993
2570,7,7,4.0,0.0,5139.0,0.5,984.0,0,0,0,3+ branch,mixed,1.0,2.8394559846130463
2571,4,4,2.0,0.0,5139.0,0.0,543.0,1,1,2,2 path,0 no foreign neighbour,57.87799835205078,1.6560056624554953
2572,0,0,2.0,0.0,5139.0,0.0,914.0,1,0,0,2 path,0 no foreign neighbour,60.778900146484375,0.4641520257263629
2573,6,6,2.0,0.0,5139.0,1.0,733.0,1,1,0,2 path,1 all neighbours foreign,60.89680099487305,2.976356047630719
2574,0,0,2.0,0.0,5139.0,0.0,914.0,1,0,0,2 path,0 no foreign neighbour,61.07590103149414,0.8047331738290705
2575,7,7,2.0,0.0,5139.0,1.0,984.0,0,0,0,2 path,1 all neighbours foreign,59.2130012512207,2.4505206164926157
2576,7,7,2.0,0.0,5139.0,0.5,984.0,0,0,0,2 path,mixed,63.99549865722656,2.6398007977686273
2577,6,6,1.0,0.0,5139.0,0.0,733.0,1,1,0,1 tip,0 no foreign neighbour,65.62409973144531,2.7170410204820765
2578,6,6,2.0,0.0,5139.0,1.0,733.0,1,1,0,2 path,1 all neighbours foreign,67.05599975585938,3.241415320975213
2579,7,7,2.0,0.0,5139.0,0.5,984.0,0,0,9,2 path,mixed,47.56769943237305,2.7957450055276065
2580,7,7,2.0,0.0,5139.0,0.5,984.0,0,0,0,2 path,mixed,48.342098236083984,2.670899439465384
2581,2,2,2.0,0.0,5139.0,0.0,234.0,1,1,0,2 path,0 no foreign neighbour,54.45000076293945,8.054617386761555
2582,8,8,2.0,0.0,5139.0,0.0,452.0,1,1,0,2 path,0 no foreign neighbour,75.27469635009766,4.528750474662613
2583,2,2,2.0,0.0,5139.0,0.0,234.0,1,1,0,2 path,0 no foreign neighbour,59.673301696777344,7.913200825031021
2584,2,2,3.0,0.0,5139.0,0.0,234.0,1,1,6,3+ branch,0 no foreign neighbour,86.14839935302734,8.140199937445987
2585,4,4,2.0,0.0,5139.0,0.5,543.0,1,1,0,2 path,mixed,46.549198150634766,1.8444258017243076
2586,6,6,2.0,0.0,5139.0,0.0,733.0,1,1,8,2 path,0 no foreign neighbour,49.540000915527344,3.336238279962819
2587,4,4,2.0,0.0,5139.0,0.5,543.0,1,1,0,2 path,mixed,55.295799255371094,1.8418905886213937
2588,0,0,2.0,0.0,5139.0,0.0,914.0,1,0,0,2 path,0 no foreign neighbour,67.22450256347656,0.7134896905860123
2589,4,4,2.0,0.0,5139.0,0.0,543.0,1,1,0,2 path,0 no foreign neighbour,58.33530044555664,1.7333422156676592
2590,8,8,2.0,0.0,5139.0,1.0,452.0,1,1,0,2 path,1 all neighbours foreign,45.48780059814453,4.894859653537782
2591,1,1,3.0,0.0,5139.0,0.0,276.0,1,1,5,3+ branch,0 no foreign neighbour,1.5925899744033813,5.526174026910997
2592,4,4,2.0,0.0,5139.0,0.5,543.0,1,1,0,2 path,mixed,47.22909927368164,1.8028672331909195
2593,2,2,1.0,0.0,5139.0,0.0,234.0,1,1,2,1 tip,0 no foreign neighbour,63.817901611328125,6.388642322586336
2594,7,7,2.0,0.0,5139.0,0.5,984.0,0,0,9,2 path,mixed,59.421600341796875,2.54098895413666
2595,7,7,2.0,0.0,5139.0,0.5,984.0,0,0,0,2 path,mixed,65.94010162353516,2.009130661508239
2596,8,8,2.0,0.0,5139.0,0.5,452.0,1,0,2,2 path,mixed,59.2599983215332,4.719924616057023
2597,0,0,2.0,0.0,5139.0,0.0,914.0,1,0,0,2 path,0 no foreign neighbour,52.98210144042969,1.0639219318569095
2598,4,4,2.0,0.0,5139.0,0.5,543.0,1,1,0,2 path,mixed,55.30950164794922,1.7245158752594456
2599,1,1,2.0,0.0,5139.0,0.0,276.0,1,1,2,2 path,0 no foreign neighbour,58.811798095703125,5.3542047047417
2600,0,0,3.0,0.0,5139.0,0.6666666666666666,914.0,0,0,5,3+ branch,mixed,1.0,1.074767216757034
2601,0,0,3.0,0.0,5139.0,0.6666666666666666,914.0,0,0,5,3+ branch,mixed,1.0,1.075991722596283
2602,0,0,2.0,0.0,5139.0,0.0,914.0,1,0,0,2 path,0 no foreign neighbour,33.65729904174805,1.0373208557912872
2603,0,0,2.0,0.0,5139.0,0.5,914.0,1,0,0,2 path,mixed,57.414798736572266,0.9485508303273973
2604,6,6,2.0,0.0,5139.0,0.0,733.0,1,1,0,2 path,0 no foreign neighbour,50.91429901123047,3.348867788028166
2605,8,8,2.0,0.0,5139.0,0.0,452.0,1,1,0,2 path,0 no foreign neighbour,63.82889938354492,4.767017239834737
2606,0,0,2.0,0.0,5139.0,0.5,914.0,0,0,2,2 path,mixed,51.21379852294922,0.9611362449584026
2607,4,4,2.0,0.0,5139.0,0.0,543.0,1,1,0,2 path,0 no foreign neighbour,53.87900161743164,1.6435792408051262
2608,1,1,1.0,0.0,5139.0,0.0,276.0,0,0,7,1 tip,0 no foreign neighbour,57.07569885253906,5.1879574859838655
2609,1,1,2.0,0.0,5139.0,0.0,276.0,1,1,0,2 path,0 no foreign neighbour,65.48280334472656,3.633923952286978
2610,4,4,2.0,0.0,5139.0,0.0,543.0,1,1,0,2 path,0 no foreign neighbour,60.02360153198242,1.6411446296712333
2611,0,0,4.0,0.0,5139.0,1.0,914.0,1,1,0,3+ branch,1 all neighbours foreign,1.0,1.070988982966096
2612,1,1,2.0,0.0,5139.0,0.0,276.0,1,1,0,2 path,0 no foreign neighbour,53.893798828125,5.3942969242780565
2613,6,6,3.0,0.0,5139.0,0.6666666666666666,733.0,1,1,0,3+ branch,mixed,1.0,3.4532029172025545
2614,6,6,2.0,0.0,5139.0,0.0,733.0,1,1,0,2 path,0 no foreign neighbour,63.160701751708984,3.2093197490939227
2615,7,7,2.0,0.0,5139.0,1.0,984.0,0,0,0,2 path,1 all neighbours foreign,62.99440002441406,2.3579967707980147
2616,7,7,3.0,0.0,5139.0,0.6666666666666666,984.0,1,1,6,3+ branch,mixed,89.60530090332031,2.835648187182151
2617,0,0,4.0,0.0,5139.0,1.0,914.0,0,0,5,3+ branch,1 all neighbours foreign,1.0,1.0837269781344343
2618,3,3,2.0,0.0,5139.0,0.0,295.0,1,1,6,2 path,0 no foreign neighbour,70.77950286865234,5.29365331857486
2619,3,3,4.0,0.0,5139.0,0.0,295.0,1,1,5,3+ branch,0 no foreign neighbour,1.0,5.556925754699704
2620,0,0,1.0,0.0,5139.0,0.0,914.0,1,0,0,1 tip,0 no foreign neighbour,62.21369934082031,0.6688435878500776
2621,8,8,2.0,0.0,5139.0,0.0,452.0,1,1,9,2 path,0 no foreign neighbour,60.989498138427734,4.595554425320968
2622,2,2,2.0,0.0,5139.0,0.0,234.0,1,1,0,2 path,0 no foreign neighbour,59.53160095214844,8.014985402981612
2623,0,0,3.0,0.0,5139.0,0.0,914.0,0,0,6,3+ branch,0 no foreign neighbour,96.67459869384766,1.0257527700363496
2624,0,0,1.0,0.0,5139.0,0.0,914.0,1,0,0,1 tip,0 no foreign neighbour,62.15330123901367,0.7935086682301984
2625,4,4,2.0,0.0,5139.0,0.5,543.0,1,1,0,2 path,mixed,65.17939758300781,1.7506824367710303
2626,8,8,4.0,0.0,5139.0,0.0,452.0,1,1,5,3+ branch,0 no foreign neighbour,1.982759952545166,4.932572043345719
2627,8,8,2.0,0.0,5139.0,0.0,452.0,1,1,0,2 path,0 no foreign neighbour,44.400001525878906,4.908374629631003
2628,8,8,2.0,0.0,5139.0,0.0,452.0,1,1,8,2 path,0 no foreign neighbour,3.0,4.931572706697115
2629,6,6,2.0,0.0,5139.0,1.0,733.0,1,1,0,2 path,1 all neighbours foreign,65.69319915771484,3.2801970750480343
2630,8,8,2.0,0.0,5139.0,0.0,452.0,1,1,2,2 path,0 no foreign neighbour,53.96329879760742,4.727649674079905
2631,7,7,2.0,0.0,5139.0,0.5,984.0,0,0,0,2 path,mixed,62.477298736572266,2.0294001524585297
2632,0,0,2.0,0.0,5139.0,1.0,914.0,1,0,0,2 path,1 all neighbours foreign,59.1963996887207,0.9611628676305889
2633,4,4,2.0,0.0,5139.0,0.0,543.0,1,1,2,2 path,0 no foreign neighbour,64.01080322265625,1.691513427876352
2634,1,1,4.0,0.0,5139.0,0.25,276.0,1,1,2,3+ branch,mixed,66.8395004272461,4.178475460511931
2635,4,4,2.0,0.0,5139.0,0.5,543.0,1,1,2,2 path,mixed,62.201499938964844,1.0920610296080149
2636,0,0,3.0,0.0,5139.0,0.6666666666666666,914.0,0,0,5,3+ branch,mixed,1.0,1.083611870726289
2637,1,1,2.0,0.0,5139.0,0.5,276.0,0,0,7,2 path,mixed,61.49700164794922,5.003956788137946
2638,7,7,3.0,0.3333333432674408,5139.0,0.0,984.0,0,0,0,3+ branch,0 no foreign neighbour,68.53260040283203,2.830232103381838
2639,9,9,1.0,0.0,5139.0,0.0,373.0,1,1,9,1 tip,0 no foreign neighbour,62.83869934082031,2.2552024631105625
2640,7,7,2.0,0.0,5139.0,0.0,984.0,0,0,8,2 path,0 no foreign neighbour,66.61640167236328,1.6067935533337705
2641,7,7,2.0,0.0,5139.0,0.0,984.0,0,0,8,2 path,0 no foreign neighbour,62.1510009765625,1.8605508234943295
2642,7,7,4.0,0.0,5139.0,0.5,984.0,1,0,5,3+ branch,mixed,1.0,2.8436246442683766
2643,6,6,2.0,0.0,5139.0,0.5,733.0,1,1,0,2 path,mixed,68.56639862060547,2.775040132729833
2644,6,6,2.0,0.0,5139.0,0.5,733.0,1,1,0,2 path,mixed,59.00550079345703,3.1942183003087843
2645,6,6,2.0,0.0,5139.0,0.5,733.0,1,1,0,2 path,mixed,64.99829864501953,2.894528708432613
2646,7,7,2.0,0.0,5139.0,0.0,984.0,0,0,0,2 path,0 no foreign neighbour,64.54930114746094,2.671700923050449
2647,0,0,4.0,0.0,5139.0,1.0,914.0,0,0,5,3+ branch,1 all neighbours foreign,1.0,1.0603776176681963
2648,2,2,2.0,0.0,5139.0,0.5,234.0,1,1,0,2 path,mixed,36.2317008972168,8.180434596589087
2649,2,2,4.0,0.0,5139.0,0.0,234.0,1,1,0,3+ branch,0 no foreign neighbour,44.747100830078125,8.182005619030354
2650,6,6,2.0,0.0,5139.0,0.5,733.0,1,1,6,2 path,mixed,61.207698822021484,2.9615547377380613
2651,6,6,2.0,0.0,5139.0,1.0,733.0,1,1,9,2 path,1 all neighbours foreign,66.52909851074219,1.8704046713662172
2652,3,3,3.0,0.0,5139.0,0.3333333333333333,295.0,1,1,5,3+ branch,mixed,1.0,5.56427819662501
2653,3,3,3.0,0.0,5139.0,0.3333333333333333,295.0,1,1,5,3+ branch,mixed,1.0,5.555081724600012
2654,4,4,2.0,0.0,5139.0,0.0,543.0,1,1,2,2 path,0 no foreign neighbour,50.771400451660156,1.6787621222936366
2655,6,6,2.0,0.0,5139.0,0.5,733.0,1,1,0,2 path,mixed,54.47060012817383,3.254807705726601
2656,6,6,4.0,0.0,5139.0,0.5,733.0,1,1,5,3+ branch,mixed,5.0,3.4520425594717206
2657,7,7,2.0,0.0,5139.0,0.0,984.0,0,0,0,2 path,0 no foreign neighbour,63.632999420166016,2.527541279270526
2658,6,6,4.0,0.0,5139.0,0.75,733.0,1,1,5,3+ branch,mixed,1.0,3.4546255681104574
2659,6,6,2.0,0.0,5139.0,0.0,733.0,1,1,0,2 path,0 no foreign neighbour,63.88399887084961,2.9145335170823237
2660,9,9,3.0,0.0,5139.0,0.0,373.0,1,1,0,3+ branch,0 no foreign neighbour,43.397701263427734,3.7050492866930367
2661,9,9,1.0,0.0,5139.0,0.0,373.0,1,1,5,1 tip,0 no foreign neighbour,15.542200088500977,3.7083330947174495
2662,7,7,2.0,0.0,5139.0,1.0,984.0,0,0,9,2 path,1 all neighbours foreign,56.33150100708008,2.688390231697239
2663,8,8,3.0,0.0,5139.0,0.6666666666666666,452.0,1,1,0,3+ branch,mixed,65.42109680175781,4.923226813593189
2664,0,0,3.0,0.0,5139.0,1.0,914.0,0,0,5,3+ branch,1 all neighbours foreign,1.0,1.0771264267376979
2665,8,8,2.0,0.0,5139.0,0.5,452.0,1,1,0,2 path,mixed,62.43450164794922,4.885050175588228
2666,5,5,2.0,0.0,5139.0,0.0,336.0,1,0,9,2 path,0 no foreign neighbour,58.070899963378906,10.61618902239151
2667,5,5,1.0,0.0,5139.0,0.0,336.0,1,1,0,1 tip,0 no foreign neighbour,43.20600128173828,10.688293232110606
2668,5,5,2.0,0.0,5139.0,0.0,336.0,1,1,9,2 path,0 no foreign neighbour,61.46910095214844,10.393748528201556
2669,8,8,2.0,0.0,5139.0,0.0,452.0,1,1,0,2 path,0 no foreign neighbour,57.07160186767578,4.764817812664975
2670,7,7,2.0,0.0,5139.0,1.0,984.0,0,0,9,2 path,1 all neighbours foreign,61.069000244140625,1.789782962585726
2671,7,7,4.0,0.0,5139.0,0.5,984.0,1,0,5,3+ branch,mixed,43.5,2.830211801327853
2672,5,5,4.0,0.0,5139.0,0.0,336.0,1,1,9,3+ branch,0 no foreign neighbour,1.0,10.932110753592152
2673,3,3,2.0,0.0,5139.0,0.0,295.0,1,1,0,2 path,0 no foreign neighbour,62.55590057373047,5.341511495759233
2674,7,7,2.0,0.0,5139.0,0.0,984.0,0,0,0,2 path,0 no foreign neighbour,55.254600524902344,2.764830772013037
2675,7,7,2.0,0.0,5139.0,0.5,984.0,0,0,9,2 path,mixed,62.360198974609375,2.2556904541578513
2676,8,8,2.0,1.0,5139.0,0.0,452.0,1,0,2,2 path,0 no foreign neighbour,52.43090057373047,4.61638964315538
2677,8,8,2.0,0.0,5139.0,0.5,452.0,1,1,0,2 path,mixed,57.487300872802734,4.857182983308448
2678,0,0,2.0,0.0,5139.0,0.5,914.0,1,0,0,2 path,mixed,54.97639846801758,0.9479026508825759
2679,6,6,4.0,0.0,5139.0,0.5,733.0,1,1,5,3+ branch,mixed,1.0,3.452826830864761
2680,2,2,2.0,0.0,5139.0,0.0,234.0,1,1,0,2 path,0 no foreign neighbour,58.32630157470703,8.066491389696187
2681,6,6,4.0,0.0,5139.0,0.5,733.0,1,1,5,3+ branch,mixed,1.0,3.4552956578987906
2682,3,3,4.0,0.0,5139.0,0.0,295.0,1,1,6,3+ branch,0 no foreign neighbour,91.44300079345703,5.509158454117429
2683,1,1,2.0,0.0,5139.0,0.0,276.0,1,1,0,2 path,0 no foreign neighbour,59.2047004699707,4.766152244920093
2684,3,3,3.0,0.0,5139.0,0.0,295.0,1,1,5,3+ branch,0 no foreign neighbour,1.0,5.552759294937595
2685,7,7,2.0,0.0,5139.0,1.0,984.0,0,0,0,2 path,1 all neighbours foreign,56.791900634765625,2.6705088853664583
2686,5,5,2.0,0.0,5139.0,0.5,336.0,0,0,3,2 path,mixed,63.581600189208984,10.736309725585576
2687,2,2,3.0,0.0,5139.0,0.0,234.0,1,1,0,3+ branch,0 no foreign neighbour,57.59489822387695,8.209215813487395
2688,8,8,4.0,0.0,5139.0,0.5,452.0,1,1,5,3+ branch,mixed,1.9660999774932861,4.932983826066066
2689,9,9,2.0,0.0,5139.0,0.0,373.0,1,1,0,2 path,0 no foreign neighbour,67.19349670410156,2.0196688306057777
2690,6,6,2.0,0.0,5139.0,0.0,733.0,1,1,0,2 path,0 no foreign neighbour,63.132999420166016,3.2839763983318626
2691,4,4,2.0,0.0,5139.0,0.5,543.0,1,1,2,2 path,mixed,48.28020095825195,1.7415084305488713
2692,4,4,2.0,0.0,5139.0,0.5,543.0,1,1,0,2 path,mixed,65.03810119628906,1.5146499380757616
2693,2,2,2.0,0.0,5139.0,0.5,234.0,1,1,0,2 path,mixed,51.94340133666992,8.063886622600961
2694,3,3,1.0,0.0,5139.0,0.0,295.0,1,1,2,1 tip,0 no foreign neighbour,31.63279914855957,5.510078047521018
2695,3,3,3.0,0.0,5139.0,0.0,295.0,1,1,0,3+ branch,0 no foreign neighbour,62.801998138427734,5.535383452699727
2696,4,4,2.0,0.0,5139.0,0.0,543.0,1,1,0,2 path,0 no foreign neighbour,65.10569763183594,1.7160857462194579
2697,1,1,2.0,0.0,5139.0,0.5,276.0,1,1,2,2 path,mixed,58.833900451660156,4.9681811994176615
2698,7,7,2.0,0.0,5139.0,0.0,984.0,0,0,0,2 path,0 no foreign neighbour,55.18870162963867,2.557046792021301
2699,4,4,2.0,0.0,5139.0,0.0,543.0,1,1,4,2 path,0 no foreign neighbour,183.19400024414062,1.8798679157565517
2700,7,7,2.0,0.0,5139.0,1.0,984.0,0,0,9,2 path,1 all neighbours foreign,65.72470092773438,1.3201812967268445
2701,5,5,1.0,0.0,5139.0,0.0,336.0,1,0,0,1 tip,0 no foreign neighbour,62.57699966430664,10.520782093922435
2702,8,8,2.0,0.0,5139.0,1.0,452.0,1,1,0,2 path,1 all neighbours foreign,57.731300354003906,4.676700273226757
2703,4,4,2.0,0.0,5139.0,1.0,543.0,1,1,6,2 path,1 all neighbours foreign,66.34269714355469,1.3835926559995106
2704,1,1,2.0,0.0,5139.0,0.0,276.0,0,0,7,2 path,0 no foreign neighbour,34.15599822998047,5.506569917541088
2705,4,4,2.0,0.0,5139.0,0.5,543.0,1,1,0,2 path,mixed,61.53969955444336,1.6385127041461922
2706,8,8,2.0,0.0,5139.0,0.0,452.0,1,1,0,2 path,0 no foreign neighbour,58.6713981628418,4.870227540598594
2707,5,5,2.0,0.0,5139.0,0.0,336.0,1,0,9,2 path,0 no foreign neighbour,62.34870147705078,10.377018760951904
2708,2,2,4.0,0.0,5139.0,0.0,234.0,1,1,5,3+ branch,0 no foreign neighbour,1.0,8.198750281387827
2709,2,2,2.0,0.0,5139.0,0.5,234.0,1,1,0,2 path,mixed,55.683799743652344,7.842025200375889
2710,1,1,2.0,0.0,5139.0,0.0,276.0,1,1,0,2 path,0 no foreign neighbour,63.21070098876953,5.147591794979665
2711,7,7,2.0,0.0,5139.0,0.0,984.0,0,0,8,2 path,0 no foreign neighbour,81.69840240478516,2.7028024314636925
2712,0,0,3.0,0.0,5139.0,1.0,914.0,1,0,0,3+ branch,1 all neighbours foreign,1.940000057220459,1.0790596445730707
2713,6,6,4.0,0.0,5139.0,0.25,733.0,1,1,0,3+ branch,mixed,80.58540344238281,3.4484698154850095
2714,6,6,2.0,0.0,5139.0,0.5,733.0,1,1,0,2 path,mixed,51.27330017089844,3.4141603330076102
2715,0,0,4.0,0.0,5139.0,0.75,914.0,0,0,5,3+ branch,mixed,1.0,1.0783544514904142
2716,0,0,3.0,0.0,5139.0,0.6666666666666666,914.0,0,0,5,3+ branch,mixed,1.0,1.0767260285078581
2717,7,7,2.0,0.0,5139.0,0.5,984.0,0,0,0,2 path,mixed,29.96299934387207,2.8165627233734596
2718,0,0,4.0,0.0,5139.0,1.0,914.0,0,0,5,3+ branch,1 all neighbours foreign,1.0,1.0817124436103052
2719,6,6,2.0,0.0,5139.0,0.0,733.0,1,1,8,2 path,0 no foreign neighbour,64.62480163574219,3.153464468469951
2720,7,7,4.0,0.0,5139.0,0.75,984.0,1,0,5,3+ branch,mixed,30.475400924682617,2.837289749385908
2721,7,7,2.0,0.0,5139.0,0.5,984.0,0,0,0,2 path,mixed,54.15869903564453,2.7967211910866188
2722,4,4,2.0,0.0,5139.0,0.5,543.0,1,1,6,2 path,mixed,68.7843017578125,1.03144935987984
2723,1,1,2.0,0.0,5139.0,0.5,276.0,1,1,2,2 path,mixed,53.60660171508789,5.479982638852983
2724,1,1,3.0,0.0,5139.0,0.0,276.0,1,1,0,3+ branch,0 no foreign neighbour,62.48509979248047,5.529560444118688
2725,4,4,4.0,0.0,5139.0,0.5,543.0,1,1,2,3+ branch,mixed,96.31500244140625,1.8240562829288023
2726,6,6,4.0,0.0,5139.0,0.5,733.0,1,1,5,3+ branch,mixed,1.0,3.452069901469391
2727,5,5,2.0,0.0,5139.0,0.0,336.0,0,0,3,2 path,0 no foreign neighbour,62.39179992675781,10.656797629097591
2728,0,0,3.0,0.0,5139.0,1.0,914.0,1,1,9,3+ branch,1 all neighbours foreign,1.0,1.0880436322184686
2729,7,7,2.0,0.0,5139.0,0.0,984.0,0,0,0,2 path,0 no foreign neighbour,66.46690368652344,2.316911029895487
2730,7,7,2.0,0.0,5139.0,0.5,984.0,0,0,0,2 path,mixed,36.847599029541016,2.8114017521312986
2731,4,4,2.0,0.0,5139.0,1.0,543.0,1,1,0,2 path,1 all neighbours foreign,62.351600646972656,1.7400416723955345
2732,8,8,3.0,0.0,5139.0,0.0,452.0,1,1,5,3+ branch,0 no foreign neighbour,12.0,4.9135591378021495
2733,0,0,2.0,0.0,5139.0,0.5,914.0,1,1,0,2 path,mixed,35.718101501464844,1.01409525105941
2734,7,7,4.0,0.0,5139.0,0.0,984.0,0,0,0,3+ branch,0 no foreign neighbour,44.531898498535156,2.836713538598628
2735,7,7,2.0,0.0,5139.0,0.0,984.0,0,0,8,2 path,0 no foreign neighbour,65.26529693603516,2.358448639752324
2736,0,0,4.0,0.0,5139.0,1.0,914.0,0,0,5,3+ branch,1 all neighbours foreign,1.0,1.0836522293212398
2737,6,6,2.0,0.0,5139.0,0.5,733.0,1,1,0,2 path,mixed,62.95500183105469,3.0547983174911826
2738,4,4,2.0,0.0,5139.0,0.5,543.0,1,1,0,2 path,mixed,37.96149826049805,1.8316612074937415
2739,5,5,4.0,0.0,5139.0,0.0,336.0,1,1,5,3+ branch,0 no foreign neighbour,1.0,10.92162918036712
2740,3,3,2.0,0.0,5139.0,0.0,295.0,1,1,0,2 path,0 no foreign neighbour,64.07890319824219,5.140722414376356
2741,3,3,4.0,0.0,5139.0,0.0,295.0,1,1,5,3+ branch,0 no foreign neighbour,1.0,5.536790858187387
2742,6,6,2.0,0.0,5139.0,0.5,733.0,1,1,0,2 path,mixed,51.5443000793457,3.2852531161267327
2743,2,2,2.0,0.0,5139.0,0.0,234.0,1,1,8,2 path,0 no foreign neighbour,55.32440185546875,8.044941461988333
2744,6,6,2.0,0.0,5139.0,1.0,733.0,1,1,9,2 path,1 all neighbours foreign,66.80570220947266,1.9656244682736816
2745,5,5,4.0,0.0,5139.0,0.0,336.0,1,1,5,3+ branch,0 no foreign neighbour,1.0,10.932199074119179
2746,5,5,2.0,0.0,5139.0,0.0,336.0,1,0,9,2 path,0 no foreign neighbour,70.44120025634766,10.623516281129142
2747,8,8,2.0,0.0,5139.0,0.0,452.0,1,0,2,2 path,0 no foreign neighbour,80.92500305175781,4.888913885133153
2748,2,2,2.0,0.0,5139.0,0.0,234.0,1,1,0,2 path,0 no foreign neighbour,53.00519943237305,8.136379669805782
2749,3,3,2.0,0.0,5139.0,0.5,295.0,1,1,0,2 path,mixed,62.583499908447266,3.8506267163373202
2750,9,9,2.0,0.0,5139.0,0.0,373.0,1,1,9,2 path,0 no foreign neighbour,63.420501708984375,2.4228941209542563
2751,7,7,4.0,0.0,5139.0,0.5,984.0,1,1,6,3+ branch,mixed,124.71499633789062,2.6329592717843453
2752,3,3,3.0,0.0,5139.0,0.3333333333333333,295.0,1,1,5,3+ branch,mixed,3.827589988708496,5.5484491576164
2753,3,3,4.0,0.0,5139.0,0.0,295.0,1,1,5,3+ branch,0 no foreign neighbour,1.9642900228500366,5.548069231314334
2754,3,3,3.0,0.0,5139.0,0.0,295.0,1,1,0,3+ branch,0 no foreign neighbour,22.853300094604492,5.5423970182288045
2755,3,3,2.0,0.0,5139.0,0.0,295.0,1,1,8,2 path,0 no foreign neighbour,37.683799743652344,5.501989416911652
2756,6,6,4.0,0.0,5139.0,0.5,733.0,1,1,5,3+ branch,mixed,1.0,3.4509352812226908
2757,4,4,2.0,0.0,5139.0,0.0,543.0,1,1,2,2 path,0 no foreign neighbour,63.57830047607422,0.9424205109914602
2758,5,5,3.0,0.0,5139.0,0.0,336.0,1,1,5,3+ branch,0 no foreign neighbour,1.0,10.924836723679466
2759,4,4,3.0,0.0,5139.0,1.0,543.0,1,1,6,3+ branch,1 all neighbours foreign,138.03500366210938,1.8449226769931593
2760,7,7,4.0,0.1666666716337204,5139.0,0.0,984.0,1,0,5,3+ branch,0 no foreign neighbour,1.0,2.8284423625808817
2761,7,7,2.0,0.0,5139.0,0.5,984.0,0,0,0,2 path,mixed,56.92110061645508,2.7566193026148627
2762,7,7,3.0,0.3333333432674408,5139.0,0.0,984.0,1,0,5,3+ branch,0 no foreign neighbour,24.50550079345703,2.8210564628314168
2763,3,3,2.0,0.0,5139.0,0.0,295.0,1,1,0,2 path,0 no foreign neighbour,58.6609992980957,5.385223152936543
2764,0,0,4.0,0.0,5139.0,1.0,914.0,0,0,5,3+ branch,1 all neighbours foreign,1.0,1.0984445670118568
2765,9,9,2.0,0.0,5139.0,0.5,373.0,1,1,0,2 path,mixed,30.876300811767578,3.70740771419575
2766,6,6,3.0,0.0,5139.0,0.0,733.0,1,1,6,3+ branch,0 no foreign neighbour,110.46600341796875,3.3503509297108827
2767,7,7,2.0,0.0,5139.0,1.0,984.0,0,0,0,2 path,1 all neighbours foreign,62.502201080322266,2.7383433695242982
2768,9,9,4.0,0.0,5139.0,0.0,373.0,1,1,0,3+ branch,0 no foreign neighbour,85.27880096435547,3.6423500700231792
2769,0,0,4.0,0.0,5139.0,0.25,914.0,0,0,5,3+ branch,mixed,1.0,1.063479259701973
2770,0,0,2.0,0.0,5139.0,0.0,914.0,1,1,0,2 path,0 no foreign neighbour,1.0,1.064621871615557
2771,8,8,4.0,0.1666666716337204,5139.0,0.0,452.0,1,1,5,3+ branch,0 no foreign neighbour,1.9402999877929688,4.891387861570725
2772,8,8,3.0,0.3333333432674408,5139.0,0.0,452.0,1,1,5,3+ branch,0 no foreign neighbour,18.342899322509766,4.895327367310874
2773,8,8,2.0,1.0,5139.0,0.0,452.0,1,0,0,2 path,0 no foreign neighbour,83.61840057373047,4.841173915296649
2774,9,9,1.0,0.0,5139.0,0.0,373.0,1,1,8,1 tip,0 no foreign neighbour,7.020410060882568,3.6635407692467385
2775,9,9,3.0,0.0,5139.0,0.0,373.0,1,1,5,3+ branch,0 no foreign neighbour,44.880001068115234,3.657085379153524
2776,8,8,2.0,0.0,5139.0,0.0,452.0,1,1,0,2 path,0 no foreign neighbour,44.81549835205078,4.8816504780565735
2777,0,0,3.0,0.0,5139.0,0.3333333333333333,914.0,1,1,9,3+ branch,mixed,1.0,1.0852164199057275
2778,0,0,3.0,0.0,5139.0,0.3333333333333333,914.0,1,1,9,3+ branch,mixed,1.0,1.0849582911083433
2779,0,0,5.0,0.0,5139.0,0.4,914.0,0,0,5,3+ branch,mixed,1.0,1.0850186883011368
2780,0,0,3.0,0.0,5139.0,0.3333333333333333,914.0,1,1,9,3+ branch,mixed,1.0,1.0850186883011368
2781,7,7,4.0,0.0,5139.0,0.0,984.0,0,0,0,3+ branch,0 no foreign neighbour,62.179500579833984,2.806419407632508
2782,4,4,2.0,0.0,5139.0,0.5,543.0,1,1,0,2 path,mixed,56.55379867553711,1.7235995229047547
2783,5,5,1.0,0.0,5139.0,0.0,336.0,0,0,3,1 tip,0 no foreign neighbour,57.52560043334961,10.418268978824976
2784,6,6,2.0,0.0,5139.0,0.0,733.0,1,1,0,2 path,0 no foreign neighbour,57.32320022583008,3.2330537562572363
2785,6,6,1.0,0.0,5139.0,0.0,733.0,1,1,9,1 tip,0 no foreign neighbour,60.919700622558594,2.35409532985253
2786,8,8,3.0,0.0,5139.0,0.0,452.0,1,1,0,3+ branch,0 no foreign neighbour,53.5369987487793,4.788281355081237
2787,5,5,2.0,0.0,5139.0,0.0,336.0,1,0,9,2 path,0 no foreign neighbour,64.46610260009766,8.436434054561614
2788,1,1,2.0,0.0,5139.0,0.0,276.0,1,1,0,2 path,0 no foreign neighbour,55.24480056762695,5.399357973792091
2789,1,1,2.0,0.0,5139.0,0.5,276.0,1,1,2,2 path,mixed,62.6328010559082,4.670278700704075
2790,2,2,2.0,0.0,5139.0,0.0,234.0,1,1,0,2 path,0 no foreign neighbour,51.907501220703125,8.04463718866363
2791,0,0,2.0,0.0,5139.0,0.5,914.0,1,0,0,2 path,mixed,58.44350051879883,0.6400585306644193
2792,7,7,2.0,0.0,5139.0,0.5,984.0,0,0,0,2 path,mixed,58.277000427246094,2.6176098573961633
2793,6,6,2.0,0.0,5139.0,0.5,733.0,1,1,8,2 path,mixed,67.98719787597656,1.0767418109555529
2794,7,7,2.0,0.0,5139.0,1.0,984.0,0,0,0,2 path,1 all neighbours foreign,67.03040313720703,2.317302116540128
2795,8,8,3.0,0.0,5139.0,0.0,452.0,1,1,5,3+ branch,0 no foreign neighbour,1.0,4.920354084327357
2796,8,8,2.0,0.0,5139.0,0.0,452.0,1,1,0,2 path,0 no foreign neighbour,27.927900314331055,4.893805733296691
2797,0,0,2.0,0.0,5139.0,0.0,914.0,0,0,5,2 path,0 no foreign neighbour,1.0,1.0752769480306446
2798,4,4,3.0,0.0,5139.0,0.3333333333333333,543.0,1,1,5,3+ branch,mixed,17.260900497436523,1.8659166709661141
2799,7,7,4.0,0.0,5139.0,0.5,984.0,1,0,5,3+ branch,mixed,1.0,2.8270418599197615
2800,7,7,3.0,0.0,5139.0,0.0,984.0,1,0,5,3+ branch,0 no foreign neighbour,7.275859832763672,2.838990846432036
2801,7,7,3.0,0.0,5139.0,0.3333333333333333,984.0,1,0,5,3+ branch,mixed,1.9811300039291382,2.8407645566171396
2802,1,1,3.0,0.0,5139.0,0.0,276.0,1,1,5,3+ branch,0 no foreign neighbour,1.0,5.534393096110086
2803,7,7,3.0,0.0,5139.0,0.0,984.0,1,0,5,3+ branch,0 no foreign neighbour,1.9866700172424316,2.8281562978443153
2804,7,7,3.0,0.0,5139.0,0.0,984.0,0,0,0,3+ branch,0 no foreign neighbour,131.71400451660156,2.8344125644999347
2805,7,7,2.0,0.0,5139.0,0.5,984.0,0,0,0,2 path,mixed,73.19969940185547,2.09979201295188
2806,7,7,3.0,0.0,5139.0,0.0,984.0,0,0,0,3+ branch,0 no foreign neighbour,20.061500549316406,2.8316456740348404
2807,7,7,2.0,0.0,5139.0,0.5,984.0,0,0,9,2 path,mixed,65.09750366210938,0.8020339947625906
2808,7,7,2.0,0.0,5139.0,0.5,984.0,0,0,9,2 path,mixed,63.047698974609375,1.2134577735269967
2809,6,6,4.0,0.0,5139.0,0.5,733.0,1,1,5,3+ branch,mixed,1.0,3.4528035532685544
2810,2,2,3.0,0.0,5139.0,0.0,234.0,1,1,5,3+ branch,0 no foreign neighbour,1.0,8.208000659798504
2811,0,0,4.0,0.0,5139.0,0.0,914.0,1,0,0,3+ branch,0 no foreign neighbour,73.10639953613281,1.0594283709998238
2812,0,0,2.0,0.0,5139.0,0.0,914.0,1,0,0,2 path,0 no foreign neighbour,61.93939971923828,0.6265167398453425
2813,0,0,2.0,0.0,5139.0,0.0,914.0,0,0,5,2 path,0 no foreign neighbour,22.7283992767334,1.0546285061783747
2814,0,0,3.0,0.0,5139.0,0.6666666666666666,914.0,1,1,0,3+ branch,mixed,9.782609939575195,1.0734268460565581
2815,4,4,2.0,0.0,5139.0,1.0,543.0,1,1,0,2 path,1 all neighbours foreign,38.02330017089844,1.8558242878731421
2816,2,2,2.0,0.0,5139.0,0.0,234.0,1,1,0,2 path,0 no foreign neighbour,60.70389938354492,7.91461768239943
2817,2,2,2.0,0.0,5139.0,0.0,234.0,1,1,0,2 path,0 no foreign neighbour,56.595001220703125,7.922431302809858
2818,0,0,4.0,0.1666666716337204,5139.0,1.0,914.0,1,0,0,3+ branch,1 all neighbours foreign,1.0,1.0698647214303938
2819,4,4,3.0,0.3333333432674408,5139.0,0.3333333333333333,543.0,1,1,0,3+ branch,mixed,65.3738021850586,1.842308775363351
2820,4,4,3.0,0.0,5139.0,0.3333333333333333,543.0,1,1,0,3+ branch,mixed,1.0,1.860489844020541
2821,4,4,2.0,0.0,5139.0,0.0,543.0,1,1,2,2 path,0 no foreign neighbour,53.291900634765625,1.7950168459491838
2822,8,8,2.0,0.0,5139.0,0.0,452.0,1,0,0,2 path,0 no foreign neighbour,23.04599952697754,4.920318749446919
2823,8,8,4.0,0.0,5139.0,0.0,452.0,1,1,5,3+ branch,0 no foreign neighbour,24.875,4.917577056886966
2824,8,8,4.0,0.0,5139.0,0.0,452.0,1,1,0,3+ branch,0 no foreign neighbour,50.95180130004883,4.919953116102445
2825,1,1,3.0,0.0,5139.0,0.0,276.0,1,1,5,3+ branch,0 no foreign neighbour,1.0,5.521933219830968
2826,0,0,3.0,0.0,5139.0,1.0,914.0,0,0,5,3+ branch,1 all neighbours foreign,6.964290142059326,1.088626935042807
2827,7,7,2.0,0.0,5139.0,1.0,984.0,0,0,9,2 path,1 all neighbours foreign,61.404701232910156,1.550659505774
2828,0,0,4.0,0.0,5139.0,0.5,914.0,1,0,8,3+ branch,mixed,1.0,1.0838416983199757
2829,0,0,2.0,0.0,5139.0,0.0,914.0,1,0,0,2 path,0 no foreign neighbour,49.9536018371582,1.0376384664172704
2830,0,0,3.0,0.0,5139.0,0.3333333333333333,914.0,0,0,5,3+ branch,mixed,1.0,1.0743258266090938
2831,0,0,2.0,0.0,5139.0,0.0,914.0,0,0,5,2 path,0 no foreign neighbour,1.0,1.0732508246884975
2832,4,4,2.0,0.0,5139.0,1.0,543.0,1,1,5,2 path,1 all neighbours foreign,34.09349822998047,1.8500023001864485
2833,0,0,2.0,0.0,5139.0,1.0,914.0,1,0,0,2 path,1 all neighbours foreign,53.099998474121094,0.8925923620081567
2834,8,8,2.0,0.0,5139.0,0.0,452.0,1,1,0,2 path,0 no foreign neighbour,59.73640060424805,4.816710255464705
2835,8,8,3.0,0.0,5139.0,0.0,452.0,1,1,6,3+ branch,0 no foreign neighbour,155.95199584960938,4.813612142715535
2836,8,8,2.0,0.0,5139.0,0.5,452.0,1,1,0,2 path,mixed,61.41279983520508,3.88946439121413
2837,5,5,2.0,0.0,5139.0,0.5,336.0,1,1,0,2 path,mixed,64.80889892578125,10.60251741080977
2838,0,0,1.0,0.0,5139.0,0.0,914.0,1,1,0,1 tip,0 no foreign neighbour,50.59560012817383,1.0169853436499852
2839,6,6,4.0,0.0,5139.0,0.5,733.0,1,1,0,3+ branch,mixed,14.948100090026855,3.449504376195418
2840,5,5,4.0,0.0,5139.0,0.0,336.0,1,1,0,3+ branch,0 no foreign neighbour,94.66850280761719,10.845890245545394
2841,6,6,2.0,0.0,5139.0,0.5,733.0,1,1,9,2 path,mixed,65.32720184326172,2.475970943721678
2842,3,3,1.0,0.0,5139.0,0.0,295.0,1,1,2,1 tip,0 no foreign neighbour,66.30670166015625,4.327342781971489
2843,6,6,2.0,0.0,5139.0,0.5,733.0,1,1,0,2 path,mixed,46.82500076293945,3.383442499317803
2844,6,6,3.0,0.0,5139.0,0.3333333333333333,733.0,1,1,5,3+ branch,mixed,4.218180179595947,3.461207500073493
2845,6,6,4.0,0.0,5139.0,0.75,733.0,1,1,6,3+ branch,mixed,242.6490020751953,3.4576113255919867
2846,0,0,3.0,0.0,5139.0,1.0,914.0,0,0,5,3+ branch,1 all neighbours foreign,5.400000095367432,1.0803249399078585
2847,4,4,2.0,0.0,5139.0,0.5,543.0,1,1,5,2 path,mixed,11.616999626159668,1.8616157344576774
2848,5,5,3.0,0.0,5139.0,0.0,336.0,1,1,0,3+ branch,0 no foreign neighbour,75.04550170898438,10.88854417039378
2849,9,9,3.0,0.0,5139.0,0.0,373.0,1,1,5,3+ branch,0 no foreign neighbour,43.41379928588867,3.6836936347977023
2850,9,9,4.0,0.0,5139.0,0.0,373.0,1,1,6,3+ branch,0 no foreign neighbour,131.6929931640625,3.5378055286874903
2851,6,6,2.0,0.0,5139.0,0.5,733.0,1,1,0,2 path,mixed,67.82379913330078,2.991718009460101
2852,5,5,2.0,0.0,5139.0,0.0,336.0,0,0,3,2 path,0 no foreign neighbour,63.62620162963867,9.492708120872669
2853,0,0,4.0,0.0,5139.0,1.0,914.0,0,0,5,3+ branch,1 all neighbours foreign,1.0,1.086621205738216
2854,7,7,2.0,0.0,5139.0,0.0,984.0,0,0,0,2 path,0 no foreign neighbour,104.61499786376953,2.7521238048655787
2855,8,8,2.0,0.0,5139.0,0.5,452.0,1,1,0,2 path,mixed,37.06850051879883,4.887789670513121
2856,0,0,2.0,0.0,5139.0,0.5,914.0,1,0,0,2 path,mixed,61.47520065307617,0.9154454805825211
2857,6,6,2.0,0.0,5139.0,0.5,733.0,1,1,0,2 path,mixed,56.612998962402344,3.356110526068602
2858,4,4,2.0,0.0,5139.0,0.0,543.0,1,1,0,2 path,0 no foreign neighbour,60.129398345947266,1.6814196284822374
2859,6,6,2.0,0.0,5139.0,0.0,733.0,1,1,2,2 path,0 no foreign neighbour,64.95279693603516,2.5264845142638648
2860,4,4,3.0,0.0,5139.0,0.0,543.0,1,1,6,3+ branch,0 no foreign neighbour,90.22090148925781,1.807906666072271
2861,0,0,2.0,0.0,5139.0,1.0,914.0,1,0,0,2 path,1 all neighbours foreign,35.00790023803711,1.04429915271675
2862,7,7,2.0,0.0,5139.0,0.5,984.0,0,0,9,2 path,mixed,53.56340026855469,2.4774110412118255
2863,4,4,2.0,0.0,5139.0,0.0,543.0,1,1,0,2 path,0 no foreign neighbour,61.3224983215332,0.8872661100789212
2864,0,0,2.0,0.0,5139.0,0.0,914.0,1,1,0,2 path,0 no foreign neighbour,41.93439865112305,1.0538260463177214
2865,9,9,2.0,1.0,5139.0,0.0,373.0,1,1,0,2 path,0 no foreign neighbour,101.56500244140625,3.6280695334507396
2866,1,1,2.0,0.0,5139.0,0.0,276.0,0,0,7,2 path,0 no foreign neighbour,49.31290054321289,5.4264297454581865
2867,8,8,2.0,0.0,5139.0,0.5,452.0,1,1,2,2 path,mixed,49.6864013671875,4.8363890661063405
2868,8,8,4.0,0.0,5139.0,0.0,452.0,1,1,0,3+ branch,0 no foreign neighbour,16.987300872802734,4.911757645497448
2869,7,7,3.0,0.0,5139.0,0.3333333333333333,984.0,1,1,5,3+ branch,mixed,1.0,2.8446125083799947
2870,7,7,4.0,0.0,5139.0,0.0,984.0,1,0,5,3+ branch,0 no foreign neighbour,1.0,2.844417066317475
2871,7,7,3.0,0.0,5139.0,0.0,984.0,0,0,0,3+ branch,0 no foreign neighbour,61.31779861450195,2.8156459860772993
2872,0,0,2.0,0.0,5139.0,0.5,914.0,0,0,2,2 path,mixed,61.983699798583984,0.6072360382829801
2873,6,6,2.0,0.0,5139.0,1.0,733.0,1,1,0,2 path,1 all neighbours foreign,58.08190155029297,2.959807887117764
2874,5,5,1.0,0.0,5139.0,0.0,336.0,1,1,0,1 tip,0 no foreign neighbour,62.397098541259766,10.352376168998617
2875,7,7,5.0,0.0,5139.0,0.0,984.0,1,0,5,3+ branch,0 no foreign neighbour,1.0,2.8562341064753745
2876,7,7,2.0,0.0,5139.0,0.5,984.0,0,0,9,2 path,mixed,67.12429809570312,1.5139207798461012
2877,7,7,2.0,0.0,5139.0,0.0,984.0,0,0,8,2 path,0 no foreign neighbour,61.33649826049805,2.420781041389339
2878,4,4,2.0,0.0,5139.0,0.0,543.0,1,1,0,2 path,0 no foreign neighbour,61.60710144042969,1.8634940080233817
2879,8,8,3.0,0.0,5139.0,1.0,452.0,1,1,8,3+ branch,1 all neighbours foreign,1.0,4.926829907030396
2880,7,7,3.0,0.0,5139.0,1.0,984.0,1,0,5,3+ branch,1 all neighbours foreign,2.0,2.83493017757282
2881,8,8,3.0,0.0,5139.0,1.0,452.0,1,1,5,3+ branch,1 all neighbours foreign,9.851059913635254,4.926186479099041
2882,0,0,2.0,0.0,5139.0,0.5,914.0,0,0,2,2 path,mixed,49.75920104980469,1.0027709024407199
2883,8,8,2.0,0.0,5139.0,1.0,452.0,1,1,0,2 path,1 all neighbours foreign,63.81679916381836,4.661777477238197
2884,4,4,2.0,0.0,5139.0,0.0,543.0,1,1,0,2 path,0 no foreign neighbour,63.420799255371094,1.785026012504968
2885,6,6,2.0,0.0,5139.0,0.5,733.0,1,1,0,2 path,mixed,58.27730178833008,2.8585966527202658
2886,7,7,2.0,0.0,5139.0,0.0,984.0,1,1,6,2 path,0 no foreign neighbour,131.7779998779297,2.763145556047646
2887,4,4,3.0,0.0,5139.0,0.0,543.0,1,1,8,3+ branch,0 no foreign neighbour,1.0,1.868865353769403
2888,4,4,2.0,0.0,5139.0,0.0,543.0,1,1,2,2 path,0 no foreign neighbour,33.898101806640625,1.8430975377379757
2889,6,6,4.0,0.0,5139.0,0.5,733.0,1,1,5,3+ branch,mixed,1.0,3.462695302877645
2890,3,3,4.0,0.0,5139.0,1.0,295.0,1,1,2,3+ branch,1 all neighbours foreign,1.0,5.554735074704831
2891,0,0,2.0,0.0,5139.0,0.5,914.0,1,0,0,2 path,mixed,59.16579818725586,0.8872844262428996
2892,7,7,3.0,0.0,5139.0,0.0,984.0,1,0,5,3+ branch,0 no foreign neighbour,1.0,2.838913626438322
2893,7,7,2.0,0.0,5139.0,0.0,984.0,1,0,5,2 path,0 no foreign neighbour,3.5254199504852295,2.844424595712555
2894,7,7,1.0,0.0,5139.0,0.0,984.0,0,0,9,1 tip,0 no foreign neighbour,18.196399688720703,2.8190285180948624
2895,0,0,4.0,0.0,5139.0,1.0,914.0,1,1,9,3+ branch,1 all neighbours foreign,1.0,1.0866964389263378
2896,2,2,2.0,0.0,5139.0,0.0,234.0,1,1,0,2 path,0 no foreign neighbour,51.537498474121094,8.096633898272898
2897,1,1,3.0,0.0,5139.0,0.0,276.0,1,1,0,3+ branch,0 no foreign neighbour,75.1875,5.473750029428157
2898,6,6,4.0,0.0,5139.0,0.5,733.0,1,1,5,3+ branch,mixed,1.0,3.4639352687356464
2899,7,7,2.0,0.0,5139.0,0.5,984.0,0,0,9,2 path,mixed,66.18370056152344,0.8759092684392139
2900,2,2,2.0,0.0,5139.0,0.0,234.0,1,1,0,2 path,0 no foreign neighbour,61.85419845581055,7.253058944901268
2901,7,7,2.0,0.0,5139.0,0.5,984.0,0,0,8,2 path,mixed,66.40149688720703,2.334446155189433
2902,4,4,2.0,0.0,5139.0,0.0,543.0,1,1,6,2 path,0 no foreign neighbour,57.4286003112793,1.8491230653346995
2903,7,7,3.0,0.0,5139.0,0.3333333333333333,984.0,1,0,5,3+ branch,mixed,1.8867900371551514,2.8314887187486923
2904,0,0,2.0,0.0,5139.0,0.5,914.0,0,0,5,2 path,mixed,9.066670417785645,1.0876851414955142
2905,0,0,4.0,0.0,5139.0,0.75,914.0,0,0,5,3+ branch,mixed,16.08329963684082,1.0874159999079918
2906,8,8,3.0,0.0,5139.0,0.0,452.0,1,1,0,3+ branch,0 no foreign neighbour,1.0,4.930546691819523
2907,8,8,4.0,0.0,5139.0,0.0,452.0,1,1,6,3+ branch,0 no foreign neighbour,1.0,4.932807724329146
2908,4,4,2.0,0.0,5139.0,1.0,543.0,1,1,0,2 path,1 all neighbours foreign,63.252201080322266,1.8452802364702878
2909,2,2,4.0,0.0,5139.0,0.0,234.0,1,1,5,3+ branch,0 no foreign neighbour,1.0,8.206842895835138
2910,2,2,2.0,0.0,5139.0,0.0,234.0,1,1,5,2 path,0 no foreign neighbour,3.0,8.200478575326148
2911,2,2,4.0,0.0,5139.0,0.0,234.0,1,1,5,3+ branch,0 no foreign neighbour,1.0,8.213592363608262
2912,2,2,2.0,0.0,5139.0,0.0,234.0,1,1,0,2 path,0 no foreign neighbour,58.93220138549805,8.005567884524673
2913,9,9,3.0,0.0,5139.0,0.0,373.0,1,1,0,3+ branch,0 no foreign neighbour,78.75460052490234,3.688777722637041
2914,4,4,2.0,0.0,5139.0,0.0,543.0,1,1,0,2 path,0 no foreign neighbour,47.075599670410156,1.8231377974906295
2915,5,5,2.0,0.0,5139.0,0.0,336.0,0,0,3,2 path,0 no foreign neighbour,63.120399475097656,8.933126850085953
2916,0,0,3.0,0.0,5139.0,0.6666666666666666,914.0,1,1,9,3+ branch,mixed,7.0,1.084885470966147
2917,0,0,3.0,0.0,5139.0,0.3333333333333333,914.0,1,1,9,3+ branch,mixed,1.0,1.081743298680826
2918,0,0,2.0,0.0,5139.0,1.0,914.0,0,0,5,2 path,1 all neighbours foreign,1.181820034980774,1.0770635669427473
2919,4,4,3.0,0.0,5139.0,0.6666666666666666,543.0,1,1,0,3+ branch,mixed,2.18966007232666,1.8800388245777744
2920,0,0,2.0,0.0,5139.0,0.0,914.0,1,1,8,2 path,0 no foreign neighbour,12.765600204467773,1.0710951439444472
2921,7,7,3.0,0.0,5139.0,0.0,984.0,0,0,9,3+ branch,0 no foreign neighbour,1.0,2.847699978605166
2922,4,4,3.0,0.0,5139.0,0.6666666666666666,543.0,1,1,5,3+ branch,mixed,1.0,1.8702063084651328
2923,4,4,3.0,0.0,5139.0,0.3333333333333333,543.0,1,1,0,3+ branch,mixed,14.890600204467773,1.8581206268825015
2924,4,4,4.0,0.0,5139.0,0.25,543.0,1,1,0,3+ branch,mixed,19.672100067138672,1.8595508230147346
2925,4,4,2.0,0.0,5139.0,0.0,543.0,1,1,5,2 path,0 no foreign neighbour,13.972200393676758,1.8459925249148874
2926,7,7,3.0,0.0,5139.0,0.0,984.0,1,0,5,3+ branch,0 no foreign neighbour,1.0,2.8462089466541842
2927,7,7,3.0,0.0,5139.0,0.0,984.0,1,0,5,3+ branch,0 no foreign neighbour,1.0,2.8462089466541842
2928,6,6,2.0,0.0,5139.0,1.0,733.0,1,1,0,2 path,1 all neighbours foreign,63.57400131225586,2.6750792471861873
2929,4,4,2.0,0.0,5139.0,0.5,543.0,1,1,0,2 path,mixed,53.45949935913086,1.7110047252872316
2930,0,0,2.0,0.0,5139.0,0.5,914.0,1,0,0,2 path,mixed,60.688899993896484,0.7409574343630143
2931,2,2,2.0,0.0,5139.0,0.0,234.0,1,1,0,2 path,0 no foreign neighbour,50.90370178222656,8.087997696735469
2932,7,7,2.0,0.0,5139.0,0.5,984.0,0,0,0,2 path,mixed,59.140899658203125,2.694752602211038
2933,7,7,2.0,0.0,5139.0,1.0,984.0,0,0,0,2 path,1 all neighbours foreign,62.935298919677734,2.4986244298979803
2934,0,0,2.0,0.0,5139.0,0.0,914.0,1,0,0,2 path,0 no foreign neighbour,56.768798828125,0.977130672253302
2935,0,0,2.0,0.0,5139.0,0.0,914.0,0,0,2,2 path,0 no foreign neighbour,66.49349975585938,0.6646402598062314
2936,6,6,3.0,0.0,5139.0,0.3333333333333333,733.0,1,1,0,3+ branch,mixed,67.41419982910156,2.2944897485255793
2937,0,0,3.0,0.0,5139.0,0.6666666666666666,914.0,0,0,5,3+ branch,mixed,3.913789987564087,1.084614734700241
2938,6,6,2.0,0.0,5139.0,1.0,733.0,1,1,9,2 path,1 all neighbours foreign,62.33430099487305,2.9960260452837844
2939,6,6,2.0,0.0,5139.0,1.0,733.0,1,1,0,2 path,1 all neighbours foreign,42.51430130004883,3.43296112858257
2940,4,4,2.0,0.0,5139.0,1.0,543.0,1,1,5,2 path,1 all neighbours foreign,33.5713996887207,1.849783872708986
2941,7,7,2.0,0.0,5139.0,0.5,984.0,0,0,9,2 path,mixed,62.27429962158203,1.51860943291606
2942,0,0,4.0,0.0,5139.0,1.0,914.0,0,0,5,3+ branch,1 all neighbours foreign,1.0,1.0735293957607852
2943,1,1,2.0,0.0,5139.0,0.0,276.0,1,1,2,2 path,0 no foreign neighbour,61.17940139770508,4.639792518808407
2944,0,0,2.0,0.0,5139.0,0.0,914.0,1,0,0,2 path,0 no foreign neighbour,60.28369903564453,0.7452563135465359
2945,0,0,4.0,0.0,5139.0,1.0,914.0,0,0,5,3+ branch,1 all neighbours foreign,1.0,1.0711526519212797
2946,7,7,3.0,0.0,5139.0,0.6666666666666666,984.0,0,0,9,3+ branch,mixed,60.75630187988281,2.0918438998149833
2947,7,7,2.0,0.0,5139.0,1.0,984.0,0,0,0,2 path,1 all neighbours foreign,53.067100524902344,2.5214398445219866
2948,0,0,2.0,0.0,5139.0,0.0,914.0,1,0,0,2 path,0 no foreign neighbour,46.10319900512695,1.0476667974931877
2949,1,1,2.0,0.0,5139.0,0.5,276.0,0,0,7,2 path,mixed,64.97360229492188,4.897132962247195
2950,0,0,4.0,0.0,5139.0,0.25,914.0,0,0,5,3+ branch,mixed,4.983329772949219,1.077169995283984
2951,0,0,3.0,0.0,5139.0,0.3333333333333333,914.0,0,0,5,3+ branch,mixed,1.0,1.0805413526977212
2952,0,0,3.0,0.0,5139.0,0.0,914.0,1,0,0,3+ branch,0 no foreign neighbour,1.0,1.08231311740302
2953,4,4,2.0,0.0,5139.0,0.5,543.0,1,1,0,2 path,mixed,41.03810119628906,1.8520407828693506
2954,4,4,6.0,0.0,5139.0,0.0,543.0,1,1,5,3+ branch,0 no foreign neighbour,1.0,1.8690123947209956
2955,4,4,3.0,0.0,5139.0,0.0,543.0,1,1,5,3+ branch,0 no foreign neighbour,1.0,1.8664609400506467
2956,4,4,2.0,0.0,5139.0,0.5,543.0,1,1,5,2 path,mixed,1.0,1.8662851433470529
2957,4,4,2.0,0.0,5139.0,0.5,543.0,1,1,0,2 path,mixed,60.15190124511719,1.8083112920455842
2958,6,6,4.0,0.0,5139.0,0.5,733.0,1,1,5,3+ branch,mixed,23.96299934387207,3.442844032897568
2959,4,4,4.0,0.0,5139.0,1.0,543.0,1,1,5,3+ branch,1 all neighbours foreign,1.0,1.8782916600048103
2960,4,4,2.0,0.0,5139.0,1.0,543.0,1,1,2,2 path,1 all neighbours foreign,61.393798828125,1.1610875323089496
2961,4,4,1.0,0.0,5139.0,0.0,543.0,1,1,0,1 tip,0 no foreign neighbour,42.75830078125,1.8683439832332178
2962,4,4,2.0,0.0,5139.0,0.0,543.0,1,1,6,2 path,0 no foreign neighbour,1.0,1.8574344849838909
2963,3,3,2.0,0.0,5139.0,0.5,295.0,1,1,0,2 path,mixed,57.74679946899414,5.491691404586742
2964,0,0,2.0,0.0,5139.0,0.5,914.0,1,0,0,2 path,mixed,63.94049835205078,0.9191448792909862
2965,7,7,2.0,0.0,5139.0,1.0,984.0,0,0,9,2 path,1 all neighbours foreign,66.23619842529297,0.850974720747413
2966,6,6,1.0,0.0,5139.0,0.0,733.0,1,1,8,1 tip,0 no foreign neighbour,61.80030059814453,1.930230054313792
2967,9,9,6.0,0.0,5139.0,0.0,373.0,1,1,5,3+ branch,0 no foreign neighbour,10.96969985961914,3.693665987770787
2968,9,9,3.0,0.0,5139.0,0.0,373.0,1,1,5,3+ branch,0 no foreign neighbour,3.8194398880004883,3.6722616428344343
2969,9,9,2.0,0.0,5139.0,0.0,373.0,1,1,0,2 path,0 no foreign neighbour,1.0,3.6882489963294143
2970,9,9,3.0,0.0,5139.0,0.0,373.0,1,1,5,3+ branch,0 no foreign neighbour,1.0,3.7093216141637853
2971,9,9,3.0,0.0,5139.0,0.0,373.0,1,1,5,3+ branch,0 no foreign neighbour,1.0,3.7110829850643174
2972,1,1,4.0,0.0,5139.0,0.0,276.0,1,1,5,3+ branch,0 no foreign neighbour,1.0,5.521966628988144
2973,1,1,2.0,0.0,5139.0,0.0,276.0,0,0,7,2 path,0 no foreign neighbour,59.1682014465332,4.923715520952387
2974,6,6,2.0,0.0,5139.0,0.5,733.0,1,1,6,2 path,mixed,131.05599975585938,3.3552762826511175
2975,0,0,3.0,0.3333333432674408,5139.0,0.6666666666666666,914.0,0,0,5,3+ branch,mixed,1.0,1.0862112869875005
2976,4,4,2.0,1.0,5139.0,1.0,543.0,1,1,0,2 path,1 all neighbours foreign,80.00599670410156,1.8643538765706293
2977,4,4,2.0,0.0,5139.0,0.5,543.0,1,1,0,2 path,mixed,59.702701568603516,1.878446592211004
2978,6,6,2.0,0.0,5139.0,0.5,733.0,1,1,0,2 path,mixed,69.66290283203125,2.4963758813664336
2979,7,7,1.0,0.0,5139.0,1.0,984.0,0,0,9,1 tip,1 all neighbours foreign,41.6786003112793,2.7937440524812156
2980,0,0,3.0,0.0,5139.0,1.0,914.0,0,0,5,3+ branch,1 all neighbours foreign,1.0,1.0863479067850639
2981,0,0,2.0,0.0,5139.0,0.0,914.0,0,0,2,2 path,0 no foreign neighbour,64.85040283203125,0.9120445956324529
2982,6,6,2.0,0.0,5139.0,0.0,733.0,1,1,9,2 path,0 no foreign neighbour,60.112098693847656,3.1303862066952926
2983,7,7,2.0,0.0,5139.0,0.0,984.0,0,0,0,2 path,0 no foreign neighbour,61.440799713134766,2.46540600769362
2984,2,2,3.0,0.3333333432674408,5139.0,0.0,234.0,1,1,0,3+ branch,0 no foreign neighbour,35.80220031738281,8.181276871031491
2985,5,5,3.0,0.0,5139.0,0.3333333333333333,336.0,1,1,9,3+ branch,mixed,19.805999755859375,10.935864494741006
2986,8,8,4.0,0.0,5139.0,0.0,452.0,1,1,0,3+ branch,0 no foreign neighbour,64.5531997680664,4.904232820140103
2987,7,7,2.0,0.0,5139.0,0.0,984.0,0,0,0,2 path,0 no foreign neighbour,80.3988037109375,2.8165132285647916
2988,7,7,3.0,0.0,5139.0,0.6666666666666666,984.0,0,0,0,3+ branch,mixed,25.831199645996094,2.83506206219149
2989,9,9,2.0,0.0,5139.0,0.0,373.0,1,1,8,2 path,0 no foreign neighbour,63.11050033569336,3.287958964103063
2990,1,1,2.0,0.0,5139.0,0.5,276.0,1,1,2,2 path,mixed,60.78419876098633,5.0963425346618605
2991,4,4,2.0,0.0,5139.0,0.0,543.0,1,1,0,2 path,0 no foreign neighbour,64.74600219726562,0.818707028407544
2992,0,0,2.0,0.0,5139.0,0.0,914.0,1,0,0,2 path,0 no foreign neighbour,56.18659973144531,0.8068993779127385
2993,0,0,3.0,0.0,5139.0,1.0,914.0,0,0,5,3+ branch,1 all neighbours foreign,1.9649100303649902,1.0752394580640943
2994,2,2,4.0,0.0,5139.0,0.5,234.0,1,1,0,3+ branch,mixed,3.0,8.206602762204875
2995,4,4,2.0,0.0,5139.0,0.5,543.0,1,1,0,2 path,mixed,43.22700119018555,1.8398345426965077
2996,7,7,2.0,0.0,5139.0,0.0,984.0,0,0,9,2 path,0 no foreign neighbour,213.77999877929688,2.8128557118719684
2997,7,7,2.0,0.0,5139.0,0.0,984.0,0,0,0,2 path,0 no foreign neighbour,60.020198822021484,2.42909794024765
2998,4,4,2.0,0.0,5139.0,0.0,543.0,1,1,0,2 path,0 no foreign neighbour,9.0,1.8701999199878974
2999,8,8,2.0,0.0,5139.0,1.0,452.0,1,1,0,2 path,1 all neighbours foreign,60.86579895019531,4.700569684024147
3000,9,9,3.0,0.0,5139.0,0.0,373.0,1,1,0,3+ branch,0 no foreign neighbour,1.0,3.6952562014174575
3001,5,5,3.0,0.0,5139.0,0.3333333333333333,336.0,0,0,3,3+ branch,mixed,59.617000579833984,9.380175334508648
3002,8,8,2.0,0.0,5139.0,0.5,452.0,1,1,6,2 path,mixed,65.18240356445312,4.204108245554693
3003,4,4,2.0,0.0,5139.0,0.0,543.0,1,1,5,2 path,0 no foreign neighbour,43.59600067138672,1.8452631378590845
3004,7,7,3.0,0.0,5139.0,0.0,984.0,0,0,0,3+ branch,0 no foreign neighbour,54.3672981262207,2.8272190850467935
3005,7,7,2.0,0.0,5139.0,0.0,984.0,0,0,0,2 path,0 no foreign neighbour,51.676998138427734,2.7437324087249415
3006,0,0,2.0,0.0,5139.0,0.0,914.0,0,0,5,2 path,0 no foreign neighbour,29.965900421142578,1.0592911744629039
3007,6,6,2.0,1.0,5139.0,0.0,733.0,1,1,9,2 path,0 no foreign neighbour,54.97520065307617,3.3901195723198083
3008,3,3,3.0,0.0,5139.0,0.3333333333333333,295.0,1,1,0,3+ branch,mixed,3.0,5.550484733419176
3009,0,0,3.0,0.0,5139.0,0.6666666666666666,914.0,1,1,0,3+ branch,mixed,1.0,1.0726644521248232
3010,0,0,4.0,0.0,5139.0,0.5,914.0,1,1,8,3+ branch,mixed,1.0,1.0685119509622203
3011,3,3,2.0,0.0,5139.0,0.0,295.0,1,1,2,2 path,0 no foreign neighbour,27.190099716186523,5.528845178651531
3012,0,0,3.0,0.0,5139.0,0.6666666666666666,914.0,1,0,8,3+ branch,mixed,6.360660076141357,1.071235315073938
3013,1,1,2.0,0.0,5139.0,0.0,276.0,1,1,2,2 path,0 no foreign neighbour,44.81370162963867,5.496668588910214
3014,1,1,4.0,0.0,5139.0,0.0,276.0,1,1,0,3+ branch,0 no foreign neighbour,55.21739959716797,5.504266972483501
3015,6,6,2.0,0.0,5139.0,1.0,733.0,1,1,8,2 path,1 all neighbours foreign,56.8572998046875,2.951424005950586
3016,1,1,2.0,0.0,5139.0,0.5,276.0,1,1,5,2 path,mixed,1.8125,5.5302506800860405
3017,0,0,4.0,0.0,5139.0,0.75,914.0,0,0,5,3+ branch,mixed,1.0,1.0818267208271535
3018,1,1,4.0,0.0,5139.0,0.25,276.0,1,1,5,3+ branch,mixed,28.478900909423828,5.52765927531633
3019,6,6,2.0,0.0,5139.0,0.5,733.0,1,1,0,2 path,mixed,49.15039825439453,3.3219449415276396
3020,6,6,2.0,0.0,5139.0,1.0,733.0,1,1,8,2 path,1 all neighbours foreign,59.34410095214844,2.1412644432167154
3021,5,5,2.0,0.0,5139.0,0.0,336.0,0,0,3,2 path,0 no foreign neighbour,58.05339813232422,10.829642564604047
3022,1,1,4.0,0.0,5139.0,0.0,276.0,1,1,2,3+ branch,0 no foreign neighbour,170.86000061035156,5.509888750562839
3023,9,9,3.0,0.0,5139.0,0.0,373.0,1,1,5,3+ branch,0 no foreign neighbour,1.0,3.6681496276926397
3024,7,7,3.0,0.0,5139.0,0.6666666666666666,984.0,1,0,5,3+ branch,mixed,6.393939971923828,2.8344693343627476
3025,9,9,2.0,0.0,5139.0,0.0,373.0,1,1,9,2 path,0 no foreign neighbour,55.48720169067383,3.457748022541938
3026,8,8,2.0,0.0,5139.0,1.0,452.0,1,1,0,2 path,1 all neighbours foreign,69.5093994140625,3.8234688091247055
3027,4,4,2.0,0.0,5139.0,1.0,543.0,1,1,0,2 path,1 all neighbours foreign,51.54650115966797,1.7662592514982882
3028,6,6,2.0,0.0,5139.0,0.5,733.0,1,1,9,2 path,mixed,61.92959976196289,3.205752270573136
3029,7,7,2.0,0.0,5139.0,1.0,984.0,0,0,9,2 path,1 all neighbours foreign,64.02320098876953,2.366184772973728
3030,1,1,4.0,0.0,5139.0,0.0,276.0,1,1,0,3+ branch,0 no foreign neighbour,29.719499588012695,5.528203800825862
3031,3,3,2.0,0.0,5139.0,0.5,295.0,1,1,6,2 path,mixed,110.21600341796875,5.508627306683293
3032,8,8,2.0,0.0,5139.0,0.0,452.0,1,1,2,2 path,0 no foreign neighbour,69.63030242919922,3.1783828554270004
3033,6,6,2.0,0.0,5139.0,0.0,733.0,1,1,9,2 path,0 no foreign neighbour,63.020301818847656,1.6345199300133055
3034,6,6,2.0,0.0,5139.0,1.0,733.0,1,1,9,2 path,1 all neighbours foreign,61.58869934082031,1.8642456661355573
3035,7,7,2.0,0.0,5139.0,0.5,984.0,0,0,9,2 path,mixed,65.07749938964844,0.637533554298593
3036,3,3,2.0,0.0,5139.0,0.0,295.0,1,1,2,2 path,0 no foreign neighbour,65.36589813232422,4.453649047875721
3037,0,0,2.0,0.0,5139.0,0.0,914.0,1,0,0,2 path,0 no foreign neighbour,60.969398498535156,0.5172471897756895
3038,7,7,2.0,0.0,5139.0,0.5,984.0,0,0,0,2 path,mixed,67.1875,1.9201580355866725
3039,9,9,2.0,0.0,5139.0,0.0,373.0,1,1,8,2 path,0 no foreign neighbour,62.987300872802734,2.1048323439457586
3040,7,7,2.0,0.0,5139.0,1.0,984.0,1,0,5,2 path,1 all neighbours foreign,63.196998596191406,1.9871068628678172
3041,5,5,1.0,0.0,5139.0,0.0,336.0,0,0,3,1 tip,0 no foreign neighbour,61.32600021362305,8.769311721403819
3042,0,0,3.0,0.0,5139.0,0.6666666666666666,914.0,1,1,0,3+ branch,mixed,3.0,1.0976873278409445
3043,7,7,2.0,0.0,5139.0,0.5,984.0,0,0,0,2 path,mixed,67.20490264892578,1.8163855909071944
3044,5,5,4.0,0.0,5139.0,0.0,336.0,1,1,9,3+ branch,0 no foreign neighbour,1.0,10.920250341122664
3045,7,7,2.0,0.0,5139.0,0.0,984.0,0,0,0,2 path,0 no foreign neighbour,49.77370071411133,2.6764375511369405
3046,7,7,2.0,0.0,5139.0,0.5,984.0,0,0,0,2 path,mixed,46.578800201416016,2.623023737583659
3047,2,2,3.0,0.0,5139.0,0.0,234.0,1,1,0,3+ branch,0 no foreign neighbour,55.697200775146484,8.16881181088224
3048,6,6,2.0,0.0,5139.0,0.5,733.0,1,1,0,2 path,mixed,61.33330154418945,3.313894196790675
3049,5,5,1.0,0.0,5139.0,0.0,336.0,0,0,3,1 tip,0 no foreign neighbour,64.31539916992188,9.928961377994428
3050,0,0,2.0,0.0,5139.0,0.0,914.0,0,0,2,2 path,0 no foreign neighbour,67.78700256347656,2.858181180177731
3051,0,0,2.0,0.0,5139.0,0.0,914.0,0,0,6,2 path,0 no foreign neighbour,51.85639953613281,0.993956576695883
3052,5,5,2.0,0.0,5139.0,0.0,336.0,0,0,3,2 path,0 no foreign neighbour,65.15080261230469,6.490169767560348
3053,0,0,3.0,0.0,5139.0,0.6666666666666666,914.0,1,0,4,3+ branch,mixed,362.3330078125,1.045801235281041
3054,5,5,1.0,0.0,5139.0,0.0,336.0,0,0,3,1 tip,0 no foreign neighbour,65.26920318603516,10.8302147709385
3055,9,9,2.0,0.0,5139.0,0.0,373.0,1,1,9,2 path,0 no foreign neighbour,64.98410034179688,1.0422373416884403
3056,7,7,2.0,0.0,5139.0,0.0,984.0,1,1,2,2 path,0 no foreign neighbour,64.91940307617188,2.1524273084499264
3057,6,6,2.0,0.0,5139.0,0.0,733.0,1,1,0,2 path,0 no foreign neighbour,57.72010040283203,2.8138819336702645
3058,9,9,2.0,0.0,5139.0,0.5,373.0,1,1,9,2 path,mixed,64.35690307617188,1.9058520068059963
3059,7,7,2.0,0.0,5139.0,0.5,984.0,0,0,9,2 path,mixed,67.5291976928711,1.6170272093605758
3060,6,6,2.0,0.0,5139.0,0.5,733.0,1,1,0,2 path,mixed,63.59489822387695,3.1110558656646687
3061,0,0,2.0,0.0,5139.0,0.5,914.0,1,0,0,2 path,mixed,54.83330154418945,0.9839760176792497
3062,5,5,3.0,0.0,5139.0,0.0,336.0,1,1,5,3+ branch,0 no foreign neighbour,1.0,10.92552480287503
3063,8,8,2.0,0.0,5139.0,0.0,452.0,1,1,0,2 path,0 no foreign neighbour,62.48680114746094,3.719113544728884
3064,9,9,1.0,0.0,5139.0,0.0,373.0,1,1,0,1 tip,0 no foreign neighbour,58.91809844970703,2.8340906800130643
3065,0,0,2.0,0.0,5139.0,0.5,914.0,1,1,0,2 path,mixed,51.326499938964844,1.0481133372973068
3066,6,6,3.0,0.3333333432674408,5139.0,0.0,733.0,1,1,0,3+ branch,0 no foreign neighbour,62.82389831542969,2.3648818994435423
3067,0,0,3.0,0.0,5139.0,1.0,914.0,0,0,2,3+ branch,1 all neighbours foreign,1.0,1.0752110539418223
3068,1,1,2.0,0.0,5139.0,0.5,276.0,1,1,2,2 path,mixed,56.71110153198242,5.288143868283816
3069,6,6,2.0,0.0,5139.0,1.0,733.0,1,1,0,2 path,1 all neighbours foreign,61.82849884033203,2.741135514247693
3070,7,7,2.0,0.0,5139.0,0.5,984.0,0,0,0,2 path,mixed,71.85240173339844,2.562250119705524
3071,5,5,2.0,0.0,5139.0,1.0,336.0,0,0,3,2 path,1 all neighbours foreign,62.628700256347656,7.892441468037113
3072,7,7,2.0,0.0,5139.0,0.5,984.0,0,0,9,2 path,mixed,62.57469940185547,1.9531248715825786
3073,7,7,4.0,0.0,5139.0,0.5,984.0,1,0,5,3+ branch,mixed,1.0,2.8334464011497054
3074,9,9,2.0,0.0,5139.0,0.5,373.0,1,1,5,2 path,mixed,61.875,2.0674187089179243
3075,9,9,3.0,0.3333333432674408,5139.0,0.0,373.0,1,1,0,3+ branch,0 no foreign neighbour,60.83039855957031,2.3784805335282435
3076,0,0,4.0,0.0,5139.0,0.75,914.0,1,0,0,3+ branch,mixed,48.38949966430664,1.0491479595457813
3077,4,4,2.0,0.0,5139.0,1.0,543.0,1,1,0,2 path,1 all neighbours foreign,48.8036994934082,1.8535532012300566
3078,3,3,2.0,0.0,5139.0,0.0,295.0,1,1,2,2 path,0 no foreign neighbour,65.75050354003906,2.7597936205283684
3079,7,7,2.0,0.0,5139.0,0.5,984.0,0,0,9,2 path,mixed,64.98290252685547,0.727930863007169
3080,2,2,2.0,0.0,5139.0,0.5,234.0,1,1,0,2 path,mixed,69.80780029296875,7.969554306053661
3081,6,6,2.0,0.0,5139.0,1.0,733.0,1,1,0,2 path,1 all neighbours foreign,70.22039794921875,3.280044541485384
3082,6,6,2.0,0.0,5139.0,0.0,733.0,1,1,9,2 path,0 no foreign neighbour,65.15019989013672,1.8124090549029122
3083,9,9,2.0,0.0,5139.0,0.0,373.0,1,1,0,2 path,0 no foreign neighbour,59.36940002441406,3.1167443574921676
3084,1,1,3.0,0.0,5139.0,0.3333333333333333,276.0,0,0,7,3+ branch,mixed,66.94930267333984,3.414961497320125
3085,7,7,4.0,0.0,5139.0,0.5,984.0,1,0,5,3+ branch,mixed,1.0,2.841059337807272
3086,7,7,2.0,0.0,5139.0,1.0,984.0,0,0,0,2 path,1 all neighbours foreign,64.9905014038086,2.225406797764258
3087,9,9,3.0,0.0,5139.0,0.0,373.0,1,1,5,3+ branch,0 no foreign neighbour,1.0,3.6838586327199887
3088,9,9,1.0,0.0,5139.0,0.0,373.0,1,1,9,1 tip,0 no foreign neighbour,87.66999816894531,3.656605477842161
3089,9,9,1.0,0.0,5139.0,0.0,373.0,1,1,9,1 tip,0 no foreign neighbour,58.75410079956055,2.537834848656767
3090,2,2,2.0,0.0,5139.0,0.5,234.0,1,1,0,2 path,mixed,56.109798431396484,7.975839385420694
3091,3,3,2.0,0.0,5139.0,0.0,295.0,1,1,2,2 path,0 no foreign neighbour,66.36849975585938,1.6919409622852106
3092,7,7,2.0,0.0,5139.0,1.0,984.0,0,0,0,2 path,1 all neighbours foreign,62.98429870605469,2.38838775496409
3093,5,5,2.0,0.0,5139.0,0.0,336.0,0,0,3,2 path,0 no foreign neighbour,59.47169876098633,10.055907492725739
3094,5,5,2.0,0.0,5139.0,0.5,336.0,1,1,9,2 path,mixed,62.9208984375,7.504374211789024
3095,3,3,2.0,0.0,5139.0,0.5,295.0,1,1,2,2 path,mixed,65.95240020751953,4.46514408370746
3096,0,0,2.0,0.0,5139.0,0.5,914.0,0,0,2,2 path,mixed,117.87100219726562,0.9947376430246455
3097,7,7,2.0,0.0,5139.0,0.5,984.0,0,0,9,2 path,mixed,59.495201110839844,2.337814381722302
3098,8,8,2.0,0.0,5139.0,0.0,452.0,1,1,6,2 path,0 no foreign neighbour,70.29239654541016,3.7497249817132285
3099,8,8,3.0,0.0,5139.0,0.0,452.0,1,1,5,3+ branch,0 no foreign neighbour,18.87649917602539,4.910401943532234
3100,7,7,4.0,0.0,5139.0,0.5,984.0,1,0,5,3+ branch,mixed,1.0,2.841156217653802
3101,6,6,2.0,0.0,5139.0,0.5,733.0,1,1,9,2 path,mixed,57.32339859008789,3.0812428667411544
3102,8,8,2.0,0.0,5139.0,0.0,452.0,1,0,0,2 path,0 no foreign neighbour,59.87730026245117,4.665763017644226
3103,8,8,4.0,0.0,5139.0,0.0,452.0,1,1,0,3+ branch,0 no foreign neighbour,53.08330154418945,4.897738603739171
3104,1,1,2.0,0.0,5139.0,0.5,276.0,1,1,6,2 path,mixed,130.39500427246094,5.049624333741231
3105,7,7,4.0,0.0,5139.0,0.5,984.0,0,0,0,3+ branch,mixed,80.30380249023438,2.8072553982368476
3106,7,7,2.0,0.0,5139.0,0.0,984.0,0,0,9,2 path,0 no foreign neighbour,63.78630065917969,1.327552411486231
3107,6,6,2.0,0.0,5139.0,0.5,733.0,1,1,0,2 path,mixed,61.30720138549805,3.242576511073864
3108,9,9,3.0,0.0,5139.0,0.0,373.0,1,1,5,3+ branch,0 no foreign neighbour,17.746999740600586,3.679005916116501
3109,9,9,1.0,0.0,5139.0,0.0,373.0,1,1,9,1 tip,0 no foreign neighbour,15.350500106811523,3.67072814620368
3110,7,7,2.0,0.0,5139.0,0.5,984.0,0,0,0,2 path,mixed,65.61910247802734,1.993582716834681
3111,7,7,2.0,0.0,5139.0,0.5,984.0,0,0,8,2 path,mixed,64.6238021850586,2.399452684809547
3112,4,4,2.0,0.0,5139.0,1.0,543.0,1,1,0,2 path,1 all neighbours foreign,57.202301025390625,1.739234654689051
3113,8,8,2.0,0.0,5139.0,0.0,452.0,1,1,2,2 path,0 no foreign neighbour,69.6709976196289,4.614335733177271
3114,0,0,4.0,0.0,5139.0,1.0,914.0,0,0,5,3+ branch,1 all neighbours foreign,1.0,1.0618421349299396
3115,0,0,2.0,0.0,5139.0,0.0,914.0,1,0,0,2 path,0 no foreign neighbour,66.99109649658203,0.5000121939501859
3116,1,1,4.0,0.0,5139.0,0.0,276.0,1,1,5,3+ branch,0 no foreign neighbour,1.0,5.526301373696727
3117,1,1,2.0,0.0,5139.0,0.0,276.0,1,1,2,2 path,0 no foreign neighbour,61.01729965209961,3.709699945302377
3118,1,1,2.0,0.0,5139.0,0.0,276.0,0,0,7,2 path,0 no foreign neighbour,51.931400299072266,5.438481015647677
3119,1,1,2.0,0.0,5139.0,0.0,276.0,1,1,2,2 path,0 no foreign neighbour,51.32099914550781,5.436080629610407
3120,4,4,2.0,0.0,5139.0,0.5,543.0,1,1,0,2 path,mixed,62.03160095214844,1.6113418638586405
3121,0,0,4.0,0.0,5139.0,1.0,914.0,0,0,5,3+ branch,1 all neighbours foreign,1.0,1.0854693797694643
3122,6,6,2.0,0.0,5139.0,0.5,733.0,1,1,5,2 path,mixed,65.8843002319336,0.9443168598011006
3123,9,9,3.0,0.0,5139.0,0.3333333333333333,373.0,1,1,6,3+ branch,mixed,147.51699829101562,3.600618413756099
3124,3,3,2.0,0.0,5139.0,0.0,295.0,1,1,2,2 path,0 no foreign neighbour,66.15769958496094,4.7907356416603974
3125,0,0,4.0,0.0,5139.0,0.0,914.0,0,0,2,3+ branch,0 no foreign neighbour,1.0,1.072571437119264
3126,0,0,2.0,0.0,5139.0,0.0,914.0,1,0,0,2 path,0 no foreign neighbour,59.97600173950195,0.9131488800254836
3127,0,0,2.0,0.0,5139.0,0.5,914.0,0,0,2,2 path,mixed,70.03589630126953,0.5626074615177158
3128,4,4,2.0,0.0,5139.0,0.0,543.0,1,1,0,2 path,0 no foreign neighbour,67.53700256347656,0.8052160572323143
3129,7,7,4.0,0.0,5139.0,1.0,984.0,1,0,5,3+ branch,1 all neighbours foreign,1.0,2.826749045916785
3130,8,8,2.0,0.0,5139.0,0.5,452.0,1,0,2,2 path,mixed,65.59539794921875,1.0636984472130484
3131,3,3,4.0,0.0,5139.0,0.5,295.0,1,1,5,3+ branch,mixed,1.0,5.556366195940516
3132,7,7,2.0,0.0,5139.0,0.5,984.0,1,1,6,2 path,mixed,59.325801849365234,2.8178158557336372
3133,2,2,2.0,0.0,5139.0,0.5,234.0,1,1,5,2 path,mixed,1.0,8.19826662503528
3134,7,7,2.0,0.0,5139.0,0.0,984.0,0,0,0,2 path,0 no foreign neighbour,63.958499908447266,2.4719536639299853
3135,0,0,2.0,0.0,5139.0,0.0,914.0,0,0,2,2 path,0 no foreign neighbour,41.56639862060547,1.028084230776208
3136,0,0,4.0,0.0,5139.0,0.25,914.0,0,0,6,3+ branch,mixed,141.6750030517578,1.0788217708478725
3137,0,0,4.0,0.0,5139.0,0.75,914.0,0,0,5,3+ branch,mixed,7.96491003036499,1.079294497889125
3138,6,6,3.0,0.0,5139.0,0.6666666666666666,733.0,1,1,5,3+ branch,mixed,5.206900119781494,3.4537993636193463
3139,7,7,7.0,0.0476190485060215,5139.0,0.8571428571428571,984.0,1,1,4,3+ branch,mixed,275.5260009765625,2.8317636914486037
3140,0,0,4.0,0.0,5139.0,0.5,914.0,0,0,5,3+ branch,mixed,5.625,1.068917371549935
3141,0,0,3.0,0.0,5139.0,0.6666666666666666,914.0,1,1,0,3+ branch,mixed,2.875,1.069862112718032
3142,6,6,2.0,0.0,5139.0,0.5,733.0,1,1,0,2 path,mixed,46.8213996887207,3.4290360474471493
3143,0,0,3.0,0.0,5139.0,1.0,914.0,0,0,5,3+ branch,1 all neighbours foreign,2.4098401069641113,1.0740597813841521
3144,4,4,2.0,0.0,5139.0,0.0,543.0,1,1,2,2 path,0 no foreign neighbour,63.624298095703125,1.0770722237687405
3145,0,0,3.0,0.0,5139.0,0.3333333333333333,914.0,1,1,9,3+ branch,mixed,1.6666699647903442,1.068158264945705
3146,7,7,3.0,0.0,5139.0,0.3333333333333333,984.0,0,0,0,3+ branch,mixed,39.75859832763672,2.8159902322136015
3147,5,5,2.0,0.0,5139.0,0.0,336.0,1,1,6,2 path,0 no foreign neighbour,17.39739990234375,10.915164086266955
3148,7,7,2.0,0.0,5139.0,0.5,984.0,0,0,0,2 path,mixed,55.80500030517578,2.7177797897823788
3149,0,0,3.0,0.0,5139.0,1.0,914.0,1,0,7,3+ branch,1 all neighbours foreign,1.0,1.0764214001604524
3150,7,7,2.0,0.0,5139.0,0.0,984.0,1,1,2,2 path,0 no foreign neighbour,62.47779846191406,1.7502028912057352
3151,2,2,2.0,0.0,5139.0,0.0,234.0,1,1,2,2 path,0 no foreign neighbour,65.69290161132812,8.040153559207072
3152,2,2,4.0,0.0,5139.0,0.0,234.0,1,1,0,3+ branch,0 no foreign neighbour,62.73529815673828,8.182198851662907
3153,4,4,2.0,0.0,5139.0,0.5,543.0,1,1,0,2 path,mixed,39.85530090332031,1.8287897910956683
3154,7,7,2.0,0.0,5139.0,1.0,984.0,0,0,9,2 path,1 all neighbours foreign,66.74530029296875,1.5138049455058042
3155,4,4,2.0,0.0,5139.0,0.5,543.0,1,1,2,2 path,mixed,71.12169647216797,1.0516528281312718
3156,7,7,2.0,0.0,5139.0,0.5,984.0,0,0,0,2 path,mixed,63.41790008544922,2.24331239984356
3157,8,8,2.0,0.0,5139.0,0.0,452.0,1,1,4,2 path,0 no foreign neighbour,137.09100341796875,4.889979957579714
3158,6,6,2.0,0.0,5139.0,0.0,733.0,1,1,2,2 path,0 no foreign neighbour,64.61229705810547,2.8937635220626388
3159,7,7,2.0,0.0,5139.0,0.5,984.0,1,1,2,2 path,mixed,66.06340026855469,1.8460403684961326
3160,7,7,2.0,0.0,5139.0,0.5,984.0,0,0,0,2 path,mixed,62.32400131225586,1.8869992553937294
3161,7,7,2.0,0.0,5139.0,1.0,984.0,0,0,9,2 path,1 all neighbours foreign,66.32990264892578,3.580524264806708
3162,2,2,2.0,0.0,5139.0,0.5,234.0,1,1,8,2 path,mixed,62.4463996887207,6.520939574991486
3163,7,7,2.0,0.0,5139.0,1.0,984.0,0,0,9,2 path,1 all neighbours foreign,65.09819793701172,1.9291543762712402
3164,7,7,2.0,0.0,5139.0,1.0,984.0,0,0,9,2 path,1 all neighbours foreign,65.94259643554688,0.9150359839112643
3165,6,6,2.0,0.0,5139.0,0.5,733.0,1,1,0,2 path,mixed,61.079898834228516,2.5332685733868057
3166,5,5,2.0,0.0,5139.0,0.5,336.0,1,0,9,2 path,mixed,61.06019973754883,10.79086443416688
3167,7,7,2.0,0.0,5139.0,0.5,984.0,0,0,9,2 path,mixed,63.49409866333008,1.6955159572964924
3168,7,7,4.0,0.0,5139.0,1.0,984.0,1,0,5,3+ branch,1 all neighbours foreign,19.508499145507812,2.8371605386017777
3169,0,0,2.0,0.0,5139.0,0.5,914.0,0,0,2,2 path,mixed,64.33380126953125,3.662313998477437
3170,6,6,2.0,0.0,5139.0,0.5,733.0,1,1,9,2 path,mixed,63.577301025390625,1.7665100378874161
3171,9,9,2.0,0.0,5139.0,0.0,373.0,1,1,9,2 path,0 no foreign neighbour,70.17939758300781,2.9520172676052825
3172,0,0,3.0,0.0,5139.0,1.0,914.0,1,1,9,3+ branch,1 all neighbours foreign,1.0,1.0719590699624082
3173,8,8,2.0,0.0,5139.0,1.0,452.0,1,1,0,2 path,1 all neighbours foreign,34.20180130004883,4.899904866626967
3174,8,8,2.0,0.0,5139.0,0.0,452.0,1,1,2,2 path,0 no foreign neighbour,61.981300354003906,3.7017089378539936
3175,7,7,2.0,0.0,5139.0,0.5,984.0,0,0,9,2 path,mixed,63.974300384521484,1.5033904579351836
3176,7,7,2.0,0.0,5139.0,0.5,984.0,0,0,0,2 path,mixed,66.131103515625,1.9689339007972375
3177,7,7,3.0,0.0,5139.0,0.0,984.0,1,0,5,3+ branch,0 no foreign neighbour,1.0,2.846708075273184
3178,7,7,2.0,0.0,5139.0,0.5,984.0,0,0,9,2 path,mixed,67.14659881591797,0.9840357595517852
3179,7,7,2.0,0.0,5139.0,0.5,984.0,0,0,9,2 path,mixed,64.87069702148438,2.0981129207847213
3180,8,8,2.0,0.0,5139.0,0.5,452.0,1,1,0,2 path,mixed,84.19200134277344,4.544856007127928
3181,7,7,2.0,0.0,5139.0,0.0,984.0,0,0,0,2 path,0 no foreign neighbour,65.16699981689453,2.3776847692842424
3182,6,6,2.0,0.0,5139.0,0.0,733.0,1,1,9,2 path,0 no foreign neighbour,63.769100189208984,1.1887918665539747
3183,4,4,4.0,0.0,5139.0,0.25,543.0,1,1,5,3+ branch,mixed,36.5,1.868183547043681
3184,4,4,2.0,0.0,5139.0,0.5,543.0,1,1,0,2 path,mixed,7.75,1.8692725611298435
3185,0,0,4.0,0.0,5139.0,0.25,914.0,1,1,0,3+ branch,mixed,17.328399658203125,1.0667433315720438
3186,0,0,3.0,0.0,5139.0,0.6666666666666666,914.0,0,0,5,3+ branch,mixed,11.271400451660156,1.0684552706122015
3187,7,7,2.0,0.0,5139.0,0.5,984.0,0,0,0,2 path,mixed,63.644798278808594,2.1411104051144654
3188,4,4,2.0,0.0,5139.0,1.0,543.0,1,1,0,2 path,1 all neighbours foreign,61.734901428222656,1.1791992492885979
3189,9,9,2.0,0.0,5139.0,0.5,373.0,1,1,9,2 path,mixed,55.80670166015625,3.5006021246840002
3190,6,6,2.0,0.0,5139.0,0.5,733.0,1,1,8,2 path,mixed,64.0302963256836,1.9751291315414239
3191,6,6,3.0,0.0,5139.0,0.3333333333333333,733.0,1,1,0,3+ branch,mixed,64.41950225830078,1.6092248817419499
3192,6,6,3.0,0.0,5139.0,0.6666666666666666,733.0,1,1,9,3+ branch,mixed,64.44560241699219,1.3472791584048112
3193,6,6,2.0,0.0,5139.0,1.0,733.0,1,1,0,2 path,1 all neighbours foreign,62.487701416015625,2.059885697748506
3194,9,9,2.0,0.0,5139.0,0.0,373.0,1,1,9,2 path,0 no foreign neighbour,64.72579956054688,3.3654039189514
3195,6,6,2.0,0.0,5139.0,0.5,733.0,1,1,9,2 path,mixed,61.719200134277344,3.141621506740094
3196,5,5,2.0,0.0,5139.0,0.5,336.0,1,1,9,2 path,mixed,61.79349899291992,8.906293930759755
3197,0,0,2.0,0.0,5139.0,1.0,914.0,0,0,2,2 path,1 all neighbours foreign,52.1952018737793,0.883108071493312
3198,6,6,2.0,0.0,5139.0,0.5,733.0,1,1,0,2 path,mixed,71.13880157470703,2.943151058871433
3199,4,4,2.0,0.0,5139.0,1.0,543.0,1,1,0,2 path,1 all neighbours foreign,36.27920150756836,1.8054685541213582
3200,0,0,4.0,0.0,5139.0,1.0,914.0,0,0,2,3+ branch,1 all neighbours foreign,1.0,1.0811505910351384
3201,1,1,2.0,0.0,5139.0,1.0,276.0,1,1,2,2 path,1 all neighbours foreign,65.5687026977539,1.5480319604917188
3202,4,4,2.0,0.0,5139.0,0.0,543.0,1,1,2,2 path,0 no foreign neighbour,68.29949951171875,0.7670871384108782
3203,0,0,2.0,0.0,5139.0,0.0,914.0,1,0,0,2 path,0 no foreign neighbour,63.93389892578125,0.9124204903406448
3204,9,9,2.0,0.0,5139.0,0.0,373.0,1,1,9,2 path,0 no foreign neighbour,67.5927963256836,2.646289933256857
3205,3,3,4.0,0.0,5139.0,0.0,295.0,1,1,6,3+ branch,0 no foreign neighbour,121.34500122070312,5.054408673763677
3206,0,0,3.0,0.0,5139.0,0.0,914.0,0,0,5,3+ branch,0 no foreign neighbour,1.957450032234192,1.0798385078473323
3207,0,0,3.0,0.0,5139.0,0.3333333333333333,914.0,0,0,5,3+ branch,mixed,1.0,1.0835872204341745
3208,0,0,3.0,0.0,5139.0,0.3333333333333333,914.0,1,0,0,3+ branch,mixed,1.0,1.084386711631454
3209,0,0,2.0,0.0,5139.0,0.0,914.0,0,0,5,2 path,0 no foreign neighbour,7.0,1.0853705119201238
3210,0,0,2.0,0.0,5139.0,0.0,914.0,1,1,0,2 path,0 no foreign neighbour,44.5713996887207,1.060603603804564
3211,6,6,2.0,0.0,5139.0,1.0,733.0,1,1,5,2 path,1 all neighbours foreign,59.457401275634766,2.610371191978482
3212,6,6,2.0,0.0,5139.0,1.0,733.0,1,1,0,2 path,1 all neighbours foreign,63.67359924316406,2.443966557968153
3213,3,3,2.0,0.0,5139.0,0.0,295.0,1,1,2,2 path,0 no foreign neighbour,64.73310089111328,4.900596332534674
3214,8,8,2.0,0.0,5139.0,0.5,452.0,1,1,0,2 path,mixed,65.12169647216797,3.3921612569675
3215,7,7,2.0,0.0,5139.0,0.5,984.0,0,0,9,2 path,mixed,63.28350067138672,2.490795115012628
3216,7,7,2.0,0.0,5139.0,0.0,984.0,0,0,9,2 path,0 no foreign neighbour,64.49440002441406,0.7839194934697787
3217,7,7,2.0,0.0,5139.0,0.0,984.0,0,0,0,2 path,0 no foreign neighbour,59.18230056762695,2.47131728892946
3218,3,3,2.0,0.0,5139.0,1.0,295.0,1,1,2,2 path,1 all neighbours foreign,66.52429962158203,4.0399286473114
3219,6,6,2.0,0.0,5139.0,1.0,733.0,1,1,9,2 path,1 all neighbours foreign,66.82520294189453,1.7708422608427128
3220,7,7,2.0,0.0,5139.0,0.0,984.0,0,0,0,2 path,0 no foreign neighbour,64.14869689941406,5.758013332946229
3221,0,0,2.0,0.0,5139.0,0.5,914.0,0,0,6,2 path,mixed,113.64800262451172,0.9262729560970169
3222,9,9,3.0,0.0,5139.0,0.3333333333333333,373.0,1,1,0,3+ branch,mixed,86.22989654541016,3.6938650431923636
3223,0,0,4.0,0.0,5139.0,1.0,914.0,1,1,9,3+ branch,1 all neighbours foreign,3.913789987564087,1.0744934216892439
3224,5,5,2.0,0.0,5139.0,0.0,336.0,1,1,0,2 path,0 no foreign neighbour,65.31159973144531,10.829151501246717
3225,6,6,2.0,0.0,5139.0,0.5,733.0,1,1,9,2 path,mixed,63.58430099487305,3.3672100930915323
3226,4,4,2.0,0.0,5139.0,0.0,543.0,1,1,0,2 path,0 no foreign neighbour,55.8849983215332,1.7371002818444856
3227,4,4,3.0,0.0,5139.0,0.3333333333333333,543.0,1,1,2,3+ branch,mixed,1.0,1.8562748865006606
3228,6,6,2.0,0.0,5139.0,0.0,733.0,1,1,8,2 path,0 no foreign neighbour,68.90029907226562,2.606910783457228
3229,6,6,2.0,0.0,5139.0,0.5,733.0,1,1,9,2 path,mixed,63.73550033569336,1.0580901589589933
3230,1,1,1.0,0.0,5139.0,0.0,276.0,1,1,2,1 tip,0 no foreign neighbour,59.36669921875,2.87307743759024
3231,4,4,2.0,0.0,5139.0,1.0,543.0,1,1,2,2 path,1 all neighbours foreign,66.11180114746094,1.0687258257885082
3232,0,0,3.0,0.0,5139.0,0.3333333333333333,914.0,1,0,0,3+ branch,mixed,14.678600311279297,1.0896822677220912
3233,0,0,5.0,0.0,5139.0,0.2,914.0,1,0,0,3+ branch,mixed,43.85329818725586,1.0782633186164008
3234,0,0,2.0,0.0,5139.0,0.0,914.0,0,0,6,2 path,0 no foreign neighbour,134.11099243164062,1.0421525892902912
3235,7,7,2.0,0.0,5139.0,1.0,984.0,0,0,9,2 path,1 all neighbours foreign,58.1864013671875,2.537508937621285
3236,2,2,2.0,0.0,5139.0,0.0,234.0,1,1,0,2 path,0 no foreign neighbour,64.10320281982422,6.865462410425184
3237,6,6,2.0,0.0,5139.0,1.0,733.0,1,1,9,2 path,1 all neighbours foreign,67.26309967041016,1.4541245123389734
3238,6,6,2.0,0.0,5139.0,1.0,733.0,1,1,0,2 path,1 all neighbours foreign,61.631099700927734,2.881828061919751
3239,7,7,2.0,0.0,5139.0,1.0,984.0,0,0,9,2 path,1 all neighbours foreign,63.14649963378906,1.2518871252849326
3240,9,9,3.0,0.0,5139.0,0.0,373.0,1,1,0,3+ branch,0 no foreign neighbour,1.0,3.6765282435756523
3241,8,8,2.0,0.0,5139.0,0.5,452.0,1,1,2,2 path,mixed,65.39420318603516,2.1456446606159125
3242,5,5,2.0,0.0,5139.0,1.0,336.0,0,0,3,2 path,1 all neighbours foreign,64.4386978149414,9.28791953502489
3243,9,9,2.0,0.0,5139.0,0.0,373.0,1,1,9,2 path,0 no foreign neighbour,63.98809814453125,1.324055320954908
3244,6,6,2.0,0.0,5139.0,0.5,733.0,1,1,9,2 path,mixed,67.6239013671875,2.2120180108232588
3245,8,8,2.0,0.0,5139.0,0.0,452.0,1,1,2,2 path,0 no foreign neighbour,60.54410171508789,4.177042307220588
3246,0,0,4.0,0.0,5139.0,0.5,914.0,0,0,5,3+ branch,mixed,1.0,1.0741418896055464
3247,0,0,2.0,0.0,5139.0,0.0,914.0,0,0,2,2 path,0 no foreign neighbour,64.8904037475586,0.5497935735167678
3248,6,6,3.0,0.0,5139.0,0.6666666666666666,733.0,1,1,0,3+ branch,mixed,65.77120208740234,2.280025766376265
3249,7,7,2.0,0.0,5139.0,1.0,984.0,0,0,9,2 path,1 all neighbours foreign,62.60449981689453,0.9063839722222534
3250,4,4,2.0,0.0,5139.0,0.5,543.0,1,1,0,2 path,mixed,64.12590026855469,1.4244060747847038
3251,1,1,4.0,0.0,5139.0,0.0,276.0,1,1,5,3+ branch,0 no foreign neighbour,7.9753098487854,5.525637294022844
3252,8,8,2.0,0.0,5139.0,0.0,452.0,1,1,0,2 path,0 no foreign neighbour,2.653059959411621,4.936046487736751
3253,8,8,4.0,0.1666666716337204,5139.0,0.0,452.0,1,1,5,3+ branch,0 no foreign neighbour,1.0,4.938988731153755
3254,8,8,4.0,0.0,5139.0,0.0,452.0,1,1,0,3+ branch,0 no foreign neighbour,65.0,4.924716617573183
3255,0,0,3.0,0.0,5139.0,0.0,914.0,1,0,0,3+ branch,0 no foreign neighbour,79.68419647216797,1.059936535499419
3256,6,6,2.0,0.0,5139.0,0.5,733.0,1,1,8,2 path,mixed,64.03279876708984,2.9702668887264174
3257,7,7,2.0,0.0,5139.0,0.5,984.0,0,0,0,2 path,mixed,66.00440216064453,2.2116313641801146
3258,7,7,2.0,0.0,5139.0,0.5,984.0,0,0,9,2 path,mixed,64.95980072021484,1.6503985029020944
3259,7,7,2.0,0.0,5139.0,0.0,984.0,0,0,0,2 path,0 no foreign neighbour,63.3849983215332,1.9250448533369517
3260,7,7,2.0,0.0,5139.0,0.5,984.0,0,0,9,2 path,mixed,67.3938980102539,1.3187757927145074
3261,7,7,2.0,0.0,5139.0,1.0,984.0,0,0,0,2 path,1 all neighbours foreign,58.42959976196289,2.586382144950141
3262,4,4,2.0,0.0,5139.0,1.0,543.0,1,1,2,2 path,1 all neighbours foreign,66.9989013671875,0.787238314650401
3263,7,7,2.0,0.0,5139.0,0.5,984.0,0,0,9,2 path,mixed,64.86509704589844,0.7256986693995814
3264,7,7,2.0,0.0,5139.0,0.5,984.0,0,0,0,2 path,mixed,63.25239944458008,1.204419665637798
3265,7,7,2.0,0.0,5139.0,0.5,984.0,0,0,8,2 path,mixed,64.13580322265625,4.151975777280633
3266,6,6,2.0,0.0,5139.0,0.5,733.0,1,1,9,2 path,mixed,66.86630249023438,0.8220182518830148
3267,7,7,2.0,0.0,5139.0,0.0,984.0,0,0,9,2 path,0 no foreign neighbour,64.8989028930664,0.9830649216908552
3268,4,4,2.0,0.0,5139.0,1.0,543.0,1,1,2,2 path,1 all neighbours foreign,63.777400970458984,1.19934160704506
3269,6,6,2.0,0.0,5139.0,0.5,733.0,1,1,9,2 path,mixed,64.91190338134766,0.9886988001175137
3270,6,6,3.0,0.0,5139.0,0.3333333333333333,733.0,1,1,9,3+ branch,mixed,63.870399475097656,1.922585193879499
3271,0,0,2.0,0.0,5139.0,0.5,914.0,0,0,2,2 path,mixed,68.94640350341797,0.560088219091619
3272,6,6,2.0,0.0,5139.0,1.0,733.0,1,1,9,2 path,1 all neighbours foreign,67.94779968261719,1.187759962405821
3273,3,3,4.0,0.0,5139.0,0.75,295.0,1,1,6,3+ branch,mixed,179.91299438476562,5.547723887462067
3274,7,7,2.0,0.0,5139.0,0.0,984.0,0,0,9,2 path,0 no foreign neighbour,65.77059936523438,7.476128885432083
3275,6,6,2.0,0.0,5139.0,0.0,733.0,1,1,2,2 path,0 no foreign neighbour,67.20089721679688,2.2976597295186507
3276,7,7,4.0,0.0,5139.0,0.5,984.0,1,0,5,3+ branch,mixed,1.0,2.8415027308443417
3277,6,6,2.0,0.0,5139.0,0.5,733.0,1,1,9,2 path,mixed,66.41690063476562,1.9588725234203366
3278,6,6,2.0,0.0,5139.0,0.5,733.0,1,1,9,2 path,mixed,63.932899475097656,1.014739090256622
3279,7,7,2.0,0.0,5139.0,0.0,984.0,0,0,0,2 path,0 no foreign neighbour,69.80989837646484,2.47856351239692
3280,7,7,3.0,0.0,5139.0,0.6666666666666666,984.0,0,0,9,3+ branch,mixed,1.438599944114685,2.845839209858616
3281,6,6,5.0,0.0,5139.0,1.0,733.0,1,1,6,3+ branch,1 all neighbours foreign,170.4080047607422,3.4611389607339205
3282,0,0,3.0,0.0,5139.0,0.6666666666666666,914.0,1,1,9,3+ branch,mixed,7.581820011138916,1.086683139072938
3283,8,8,2.0,0.0,5139.0,0.0,452.0,1,1,2,2 path,0 no foreign neighbour,63.91320037841797,1.728657456466414
3284,0,0,2.0,0.0,5139.0,0.5,914.0,1,1,0,2 path,mixed,60.26810073852539,1.0198894744423226
3285,8,8,1.0,0.0,5139.0,0.0,452.0,1,1,8,1 tip,0 no foreign neighbour,66.46369934082031,4.0565696812235
3286,7,7,2.0,0.0,5139.0,0.0,984.0,0,0,8,2 path,0 no foreign neighbour,62.563499450683594,1.7251090176471935
3287,2,2,2.0,0.0,5139.0,0.5,234.0,1,1,0,2 path,mixed,56.976200103759766,8.081688759389062
3288,2,2,2.0,0.0,5139.0,0.0,234.0,1,1,0,2 path,0 no foreign neighbour,65.10330200195312,7.786398780288049
3289,6,6,2.0,0.0,5139.0,0.5,733.0,1,1,0,2 path,mixed,64.80719757080078,2.578303162871134
3290,4,4,3.0,0.0,5139.0,0.3333333333333333,543.0,1,1,0,3+ branch,mixed,6.5,1.851680980552154
3291,6,6,2.0,0.0,5139.0,0.5,733.0,1,1,9,2 path,mixed,65.07330322265625,4.270889638644735
3292,0,0,4.0,0.0,5139.0,0.5,914.0,0,0,5,3+ branch,mixed,1.0,1.075945362908776
3293,7,7,2.0,0.0,5139.0,0.0,984.0,0,0,0,2 path,0 no foreign neighbour,57.64189910888672,2.672093361352845
3294,7,7,2.0,0.0,5139.0,1.0,984.0,0,0,0,2 path,1 all neighbours foreign,52.644901275634766,2.595726460202307
3295,6,6,2.0,0.0,5139.0,1.0,733.0,1,1,0,2 path,1 all neighbours foreign,55.720401763916016,3.20130846575487
3296,2,2,1.0,0.0,5139.0,0.0,234.0,1,1,5,1 tip,0 no foreign neighbour,1.0,8.197354961425859
3297,7,7,2.0,0.0,5139.0,0.5,984.0,0,0,9,2 path,mixed,67.16519927978516,1.5199862954617485
3298,0,0,2.0,0.0,5139.0,0.5,914.0,0,0,2,2 path,mixed,63.73649978637695,1.1326397974413767
3299,6,6,2.0,0.0,5139.0,0.5,733.0,1,1,0,2 path,mixed,60.796199798583984,2.477615283017865
3300,0,0,2.0,0.0,5139.0,1.0,914.0,1,0,0,2 path,1 all neighbours foreign,61.76240158081055,0.762968397894576
3301,1,1,3.0,0.0,5139.0,0.3333333333333333,276.0,1,1,2,3+ branch,mixed,78.85320281982422,5.495365734546904
3302,5,5,2.0,0.0,5139.0,0.0,336.0,0,0,3,2 path,0 no foreign neighbour,65.09989929199219,10.125974020278079
3303,0,0,3.0,0.0,5139.0,1.0,914.0,0,0,5,3+ branch,1 all neighbours foreign,1.0,1.088366462715479
3304,9,9,1.0,0.0,5139.0,1.0,373.0,1,1,9,1 tip,1 all neighbours foreign,15.821999549865723,3.686283981202311
3305,0,0,2.0,0.0,5139.0,0.0,914.0,1,0,0,2 path,0 no foreign neighbour,68.53140258789062,0.49901148747722934
3306,6,6,4.0,0.0,5139.0,0.5,733.0,1,1,9,3+ branch,mixed,1.0,3.463622215267451
3307,6,6,3.0,0.0,5139.0,0.6666666666666666,733.0,1,1,8,3+ branch,mixed,1.0,3.463161913089017
3308,7,7,4.0,0.0,5139.0,0.5,984.0,0,0,0,3+ branch,mixed,1.0,2.841769902350718
3309,7,7,2.0,0.0,5139.0,0.5,984.0,0,0,9,2 path,mixed,69.02420043945312,1.3916891996747447
3310,7,7,1.0,0.0,5139.0,0.0,984.0,0,0,9,1 tip,0 no foreign neighbour,11.663000106811523,2.8211449363632446
3311,7,7,3.0,0.0,5139.0,0.3333333333333333,984.0,0,0,9,3+ branch,mixed,67.35399627685547,0.8925940457139774
3312,6,6,2.0,0.0,5139.0,1.0,733.0,1,1,0,2 path,1 all neighbours foreign,58.638301849365234,3.1819086545815876
3313,6,6,2.0,0.0,5139.0,1.0,733.0,1,1,9,2 path,1 all neighbours foreign,59.75410079956055,3.1667131314302894
3314,3,3,2.0,0.0,5139.0,0.0,295.0,1,1,2,2 path,0 no foreign neighbour,66.98809814453125,1.5200880666642287
3315,7,7,4.0,0.0,5139.0,0.5,984.0,1,1,6,3+ branch,mixed,197.58299255371094,2.1983552646899227
3316,7,7,2.0,0.0,5139.0,0.5,984.0,0,0,0,2 path,mixed,54.91600036621094,2.66527566158777
3317,7,7,2.0,0.0,5139.0,1.0,984.0,0,0,9,2 path,1 all neighbours foreign,64.79440307617188,1.1315049447118017
3318,7,7,2.0,0.0,5139.0,0.0,984.0,0,0,0,2 path,0 no foreign neighbour,53.032901763916016,2.350790487108231
3319,4,4,2.0,0.0,5139.0,0.0,543.0,1,1,0,2 path,0 no foreign neighbour,66.9894027709961,1.6278711239104566
3320,6,6,2.0,0.0,5139.0,0.5,733.0,1,1,9,2 path,mixed,63.02280044555664,1.0808355401648375
3321,6,6,2.0,0.0,5139.0,0.5,733.0,1,1,0,2 path,mixed,68.79850006103516,2.943132394049413
3322,0,0,2.0,0.0,5139.0,0.0,914.0,1,0,0,2 path,0 no foreign neighbour,53.674400329589844,1.020045555839874
3323,2,2,2.0,0.0,5139.0,0.0,234.0,1,1,0,2 path,0 no foreign neighbour,65.3019027709961,7.914499060657182
3324,6,6,2.0,0.0,5139.0,0.0,733.0,1,1,9,2 path,0 no foreign neighbour,65.10189819335938,1.2063785794486899
3325,7,7,4.0,0.0,5139.0,0.75,984.0,1,1,6,3+ branch,mixed,125.26100158691406,2.4356891676097576
3326,0,0,2.0,0.0,5139.0,1.0,914.0,1,1,0,2 path,1 all neighbours foreign,1.0,1.0809629326883494
3327,8,8,4.0,0.0,5139.0,0.0,452.0,1,1,5,3+ branch,0 no foreign neighbour,1.644070029258728,4.923138792808219
3328,6,6,2.0,0.0,5139.0,0.0,733.0,1,1,5,2 path,0 no foreign neighbour,65.93479919433594,1.4255546879057304
3329,3,3,1.0,0.0,5139.0,0.0,295.0,1,1,2,1 tip,0 no foreign neighbour,61.644500732421875,4.465144668308198
3330,6,6,2.0,0.0,5139.0,0.0,733.0,1,1,9,2 path,0 no foreign neighbour,63.39609909057617,1.0942660784216418
3331,4,4,2.0,0.0,5139.0,0.5,543.0,1,1,0,2 path,mixed,58.44070053100586,1.7597835944126075
3332,9,9,2.0,0.0,5139.0,0.0,373.0,1,1,9,2 path,0 no foreign neighbour,64.3646011352539,1.5419959577132107
3333,7,7,2.0,0.0,5139.0,0.0,984.0,0,0,9,2 path,0 no foreign neighbour,67.06189727783203,0.9638797960128067
3334,7,7,2.0,0.0,5139.0,0.0,984.0,0,0,9,2 path,0 no foreign neighbour,64.7020034790039,3.8949717961593198
3335,0,0,2.0,0.0,5139.0,1.0,914.0,1,0,0,2 path,1 all neighbours foreign,65.69960021972656,0.830868698152447
3336,0,0,2.0,0.0,5139.0,0.5,914.0,1,0,7,2 path,mixed,65.08989715576172,9.39899504873005
3337,1,1,3.0,0.0,5139.0,0.0,276.0,1,1,0,3+ branch,0 no foreign neighbour,66.9094009399414,4.3722449980223885
3338,7,7,2.0,0.0,5139.0,1.0,984.0,0,0,8,2 path,1 all neighbours foreign,66.30030059814453,4.1169664210651735
3339,8,8,2.0,0.0,5139.0,0.0,452.0,1,1,0,2 path,0 no foreign neighbour,59.96500015258789,3.8186396040753197
3340,0,0,2.0,0.0,5139.0,0.5,914.0,1,0,0,2 path,mixed,59.38100051879883,0.8992134425586332
3341,8,8,2.0,0.0,5139.0,0.0,452.0,1,1,8,2 path,0 no foreign neighbour,64.41709899902344,3.466939205452433
3342,8,8,1.0,0.0,5139.0,0.0,452.0,1,1,0,1 tip,0 no foreign neighbour,61.168800354003906,4.185330538861203
3343,7,7,2.0,0.0,5139.0,0.5,984.0,0,0,9,2 path,mixed,61.617000579833984,0.902256550100327
3344,7,7,2.0,0.0,5139.0,0.0,984.0,0,0,9,2 path,0 no foreign neighbour,64.1135025024414,0.8685137958309309
3345,0,0,2.0,0.0,5139.0,0.0,914.0,0,0,2,2 path,0 no foreign neighbour,67.81639862060547,8.120997177728842
3346,8,8,2.0,0.0,5139.0,0.0,452.0,1,1,0,2 path,0 no foreign neighbour,65.28040313720703,4.232176649733249
3347,7,7,2.0,0.0,5139.0,0.0,984.0,0,0,9,2 path,0 no foreign neighbour,68.16629791259766,0.8396564260381896
3348,7,7,2.0,0.0,5139.0,0.5,984.0,0,0,0,2 path,mixed,66.90579986572266,2.531916413510883
3349,1,1,1.0,0.0,5139.0,0.0,276.0,1,1,2,1 tip,0 no foreign neighbour,62.524898529052734,2.2832699855961205
3350,6,6,2.0,0.0,5139.0,1.0,733.0,1,1,9,2 path,1 all neighbours foreign,62.45859909057617,1.4585144331475401
3351,3,3,2.0,0.0,5139.0,1.0,295.0,1,1,8,2 path,1 all neighbours foreign,64.71219635009766,1.0670731439621943
3352,9,9,2.0,0.0,5139.0,0.5,373.0,1,1,8,2 path,mixed,64.34639739990234,1.7244995139653296
3353,9,9,3.0,0.0,5139.0,0.0,373.0,1,1,5,3+ branch,0 no foreign neighbour,1.0,3.7062197997446327
3354,9,9,3.0,0.0,5139.0,0.0,373.0,1,1,0,3+ branch,0 no foreign neighbour,1.0,3.705204759904906
3355,9,9,2.0,0.0,5139.0,0.0,373.0,1,1,0,2 path,0 no foreign neighbour,34.729000091552734,3.667695935497752
3356,7,7,2.0,0.0,5139.0,1.0,984.0,0,0,0,2 path,1 all neighbours foreign,59.291099548339844,2.0340863377271585
3357,7,7,2.0,0.0,5139.0,0.5,984.0,0,0,9,2 path,mixed,66.54530334472656,2.0343712674921437
3358,7,7,2.0,0.0,5139.0,0.0,984.0,0,0,9,2 path,0 no foreign neighbour,66.60659790039062,2.218830075053154
3359,5,5,2.0,0.0,5139.0,0.0,336.0,1,0,9,2 path,0 no foreign neighbour,64.14179992675781,4.602524144496086
3360,0,0,3.0,0.3333333432674408,5139.0,1.0,914.0,1,1,0,3+ branch,1 all neighbours foreign,1.8392900228500366,1.0752254291635726
3361,4,4,4.0,0.1666666716337204,5139.0,1.0,543.0,1,1,6,3+ branch,1 all neighbours foreign,116.93499755859375,1.8657524307904014
3362,3,3,1.0,0.0,5139.0,0.0,295.0,1,1,2,1 tip,0 no foreign neighbour,2.0,5.532243957605131
3363,6,6,2.0,0.0,5139.0,0.5,733.0,1,1,0,2 path,mixed,64.64749908447266,1.7129453036839128
3364,4,4,2.0,0.0,5139.0,0.0,543.0,1,1,2,2 path,0 no foreign neighbour,65.34609985351562,0.8507578294246869
3365,9,9,2.0,0.0,5139.0,0.0,373.0,1,1,5,2 path,0 no foreign neighbour,63.30379867553711,2.182987107108057
3366,7,7,3.0,0.0,5139.0,0.6666666666666666,984.0,1,0,5,3+ branch,mixed,4.0,2.8358533420441256
3367,6,6,3.0,0.0,5139.0,0.6666666666666666,733.0,1,1,0,3+ branch,mixed,25.86440086364746,3.454061619041487
3368,0,0,3.0,0.0,5139.0,1.0,914.0,0,0,5,3+ branch,1 all neighbours foreign,11.913800239562988,1.07236009924547
3369,7,7,4.0,0.0,5139.0,0.5,984.0,1,0,5,3+ branch,mixed,17.569000244140625,2.83907619284531
3370,7,7,3.0,0.0,5139.0,0.3333333333333333,984.0,1,1,6,3+ branch,mixed,137.5970001220703,2.8316559981470513
3371,1,1,2.0,0.0,5139.0,0.5,276.0,1,1,2,2 path,mixed,63.053001403808594,2.434159077613297
3372,6,6,2.0,0.0,5139.0,0.0,733.0,1,1,0,2 path,0 no foreign neighbour,57.277099609375,3.2876588488274416
3373,6,6,2.0,0.0,5139.0,0.5,733.0,1,1,8,2 path,mixed,65.45240020751953,5.38014666485
3374,4,4,2.0,0.0,5139.0,1.0,543.0,1,1,0,2 path,1 all neighbours foreign,65.47660064697266,1.440858579194598
3375,7,7,2.0,0.0,5139.0,0.0,984.0,0,0,9,2 path,0 no foreign neighbour,63.90629959106445,0.8218024298730834
3376,0,0,2.0,0.0,5139.0,1.0,914.0,0,0,2,2 path,1 all neighbours foreign,65.65650177001953,2.3274629822424617
3377,7,7,2.0,0.0,5139.0,1.0,984.0,0,0,9,2 path,1 all neighbours foreign,64.26360321044922,2.546006156179267
3378,6,6,2.0,0.0,5139.0,0.5,733.0,1,1,9,2 path,mixed,65.87989807128906,0.9994357500288766
3379,6,6,2.0,0.0,5139.0,0.0,733.0,1,1,9,2 path,0 no foreign neighbour,67.05349731445312,2.6883203756825895
3380,1,1,2.0,0.0,5139.0,0.5,276.0,0,0,7,2 path,mixed,65.01899719238281,1.8203628653975328
3381,8,8,1.0,0.0,5139.0,0.0,452.0,1,1,2,1 tip,0 no foreign neighbour,62.527000427246094,2.362725720423711
3382,6,6,3.0,0.0,5139.0,0.6666666666666666,733.0,1,1,9,3+ branch,mixed,65.64409637451172,1.044287099540408
3383,6,6,2.0,0.0,5139.0,0.5,733.0,1,1,9,2 path,mixed,71.15450286865234,3.0432430048549532
3384,3,3,1.0,0.0,5139.0,0.0,295.0,1,1,2,1 tip,0 no foreign neighbour,65.21640014648438,2.8632762038507824
3385,6,6,2.0,0.0,5139.0,0.5,733.0,1,1,0,2 path,mixed,67.1552963256836,2.354579058395367
3386,3,3,2.0,0.0,5139.0,0.0,295.0,1,1,2,2 path,0 no foreign neighbour,65.49729919433594,4.886740242212947
3387,6,6,2.0,0.0,5139.0,0.5,733.0,1,1,0,2 path,mixed,56.4984016418457,3.1471043485538597
3388,8,8,1.0,0.0,5139.0,0.0,452.0,1,0,2,1 tip,0 no foreign neighbour,65.46240234375,4.202972457352025
3389,1,1,2.0,0.0,5139.0,0.0,276.0,0,0,7,2 path,0 no foreign neighbour,64.42630004882812,3.447097671970029
3390,4,4,2.0,0.0,5139.0,0.5,543.0,1,1,0,2 path,mixed,54.025299072265625,1.5286289094632715
3391,9,9,2.0,0.0,5139.0,0.5,373.0,1,1,9,2 path,mixed,62.066898345947266,1.798973597128354
3392,8,8,2.0,0.0,5139.0,0.5,452.0,1,0,0,2 path,mixed,63.17789840698242,3.8711971594079904
3393,7,7,2.0,0.0,5139.0,0.0,984.0,0,0,0,2 path,0 no foreign neighbour,64.89790344238281,2.206073559751389
3394,3,3,2.0,0.0,5139.0,0.0,295.0,1,1,0,2 path,0 no foreign neighbour,65.05619812011719,4.847298042108483
3395,7,7,2.0,0.0,5139.0,0.5,984.0,0,0,0,2 path,mixed,68.3270034790039,1.931502347847546
3396,6,6,2.0,0.0,5139.0,0.5,733.0,1,1,9,2 path,mixed,68.02770233154297,0.9351792320879548
3397,0,0,4.0,0.0,5139.0,0.5,914.0,0,0,6,3+ branch,mixed,110.1760025024414,0.9449124330432458
3398,0,0,2.0,0.0,5139.0,0.5,914.0,0,0,2,2 path,mixed,18.735599517822266,1.0342200131452586
3399,6,6,2.0,0.0,5139.0,0.0,733.0,1,1,0,2 path,0 no foreign neighbour,64.37809753417969,2.543274552782352
3400,7,7,2.0,0.0,5139.0,0.5,984.0,0,0,0,2 path,mixed,64.37779998779297,1.2571193638871814
3401,3,3,2.0,1.0,5139.0,1.0,295.0,1,1,0,2 path,1 all neighbours foreign,64.3541030883789,4.369035027800141
3402,7,7,3.0,0.0,5139.0,0.6666666666666666,984.0,0,0,0,3+ branch,mixed,64.8124008178711,1.7200486648250786
3403,4,4,2.0,0.0,5139.0,0.5,543.0,1,1,2,2 path,mixed,63.89820098876953,1.395125473327861
3404,7,7,2.0,0.0,5139.0,0.0,984.0,0,0,8,2 path,0 no foreign neighbour,66.68789672851562,3.251249727845945
3405,8,8,2.0,0.0,5139.0,0.5,452.0,1,1,0,2 path,mixed,68.23490142822266,4.628324117918477
3406,7,7,2.0,0.0,5139.0,0.5,984.0,0,0,9,2 path,mixed,64.86830139160156,4.284759973422114
3407,7,7,2.0,0.0,5139.0,0.0,984.0,0,0,9,2 path,0 no foreign neighbour,63.70140075683594,2.57486052924225
3408,4,4,2.0,0.0,5139.0,0.5,543.0,1,1,0,2 path,mixed,66.41069793701172,1.7185025211341167
3409,6,6,2.0,0.0,5139.0,1.0,733.0,1,1,9,2 path,1 all neighbours foreign,65.73680114746094,1.7835711064700748
3410,1,1,2.0,0.0,5139.0,0.0,276.0,1,1,2,2 path,0 no foreign neighbour,58.49489974975586,5.396720986320778
3411,2,2,2.0,0.0,5139.0,0.0,234.0,1,1,0,2 path,0 no foreign neighbour,63.12929916381836,7.9663858077390906
3412,6,6,2.0,0.0,5139.0,0.0,733.0,1,1,9,2 path,0 no foreign neighbour,66.03959655761719,1.393174134466243
3413,0,0,2.0,0.0,5139.0,0.5,914.0,1,0,0,2 path,mixed,63.69490051269531,0.5520101572628853
3414,4,4,2.0,0.0,5139.0,0.5,543.0,1,1,0,2 path,mixed,53.064300537109375,1.698860315946891
3415,4,4,2.0,0.0,5139.0,0.5,543.0,1,1,2,2 path,mixed,67.4114990234375,0.8288995639339423
3416,7,7,2.0,0.0,5139.0,0.0,984.0,0,0,8,2 path,0 no foreign neighbour,66.4708023071289,3.9774816051613557
3417,6,6,2.0,0.0,5139.0,0.0,733.0,1,1,9,2 path,0 no foreign neighbour,60.70389938354492,1.4161306050263964
3418,7,7,2.0,0.0,5139.0,0.5,984.0,0,0,0,2 path,mixed,66.30380249023438,1.9180501150035099
3419,8,8,3.0,0.3333333432674408,5139.0,0.0,452.0,1,1,2,3+ branch,0 no foreign neighbour,66.73519897460938,2.323442439941623
3420,9,9,2.0,0.0,5139.0,0.0,373.0,1,1,9,2 path,0 no foreign neighbour,68.70390319824219,2.656273286667352
3421,9,9,1.0,0.0,5139.0,0.0,373.0,1,1,5,1 tip,0 no foreign neighbour,18.92919921875,3.6799923395824976
3422,9,9,3.0,0.0,5139.0,0.0,373.0,1,1,5,3+ branch,0 no foreign neighbour,1.0,3.70865286844456
3423,4,4,2.0,0.0,5139.0,0.0,543.0,1,1,0,2 path,0 no foreign neighbour,64.27469635009766,0.82426305200076
3424,3,3,2.0,0.0,5139.0,1.0,295.0,1,1,2,2 path,1 all neighbours foreign,65.39140319824219,7.259040649334568
3425,4,4,2.0,0.0,5139.0,0.5,543.0,1,1,2,2 path,mixed,67.39739990234375,6.519239133193663
3426,2,2,4.0,0.3333333432674408,5139.0,0.0,234.0,1,1,8,3+ branch,0 no foreign neighbour,93.68250274658203,8.145970576482544
3427,6,6,2.0,0.0,5139.0,1.0,733.0,1,1,9,2 path,1 all neighbours foreign,63.9818000793457,1.9404897728970043
3428,7,7,2.0,0.0,5139.0,0.0,984.0,0,0,0,2 path,0 no foreign neighbour,65.3114013671875,2.6328330956402275
3429,6,6,2.0,0.0,5139.0,1.0,733.0,1,1,9,2 path,1 all neighbours foreign,67.97679901123047,2.592754775308235
3430,7,7,3.0,0.0,5139.0,0.0,984.0,0,0,9,3+ branch,0 no foreign neighbour,65.5801010131836,0.8957200663666578
3431,7,7,2.0,0.0,5139.0,0.0,984.0,0,0,9,2 path,0 no foreign neighbour,66.97779846191406,1.2824887566718384
3432,1,1,2.0,0.0,5139.0,0.0,276.0,0,0,7,2 path,0 no foreign neighbour,64.09850311279297,1.9523557122858903
3433,7,7,2.0,0.0,5139.0,1.0,984.0,0,0,0,2 path,1 all neighbours foreign,64.82550048828125,2.0012215696789784
3434,7,7,2.0,0.0,5139.0,0.5,984.0,0,0,0,2 path,mixed,62.069400787353516,2.552234099587559
3435,4,4,2.0,0.0,5139.0,0.0,543.0,1,1,2,2 path,0 no foreign neighbour,64.17030334472656,3.9274644023934484
3436,1,1,1.0,0.0,5139.0,0.0,276.0,0,0,7,1 tip,0 no foreign neighbour,62.4275016784668,1.2047385581326917
3437,6,6,2.0,0.0,5139.0,0.0,733.0,1,1,9,2 path,0 no foreign neighbour,63.735599517822266,2.3113429836215222
3438,0,0,2.0,0.0,5139.0,1.0,914.0,0,0,2,2 path,1 all neighbours foreign,66.24130249023438,0.5706474783564996
3439,6,6,2.0,0.0,5139.0,0.0,733.0,1,1,9,2 path,0 no foreign neighbour,65.38510131835938,1.8836289821826413
3440,8,8,2.0,0.0,5139.0,0.0,452.0,1,1,2,2 path,0 no foreign neighbour,64.41339874267578,2.5618827655170198
3441,7,7,2.0,0.0,5139.0,0.5,984.0,1,0,5,2 path,mixed,67.43419647216797,1.6829534689346164
3442,3,3,2.0,0.0,5139.0,0.0,295.0,1,1,0,2 path,0 no foreign neighbour,62.81039810180664,5.476655522660967
3443,5,5,3.0,0.0,5139.0,0.6666666666666666,336.0,1,1,6,3+ branch,mixed,229.23699951171875,10.66155962640164
3444,4,4,2.0,0.0,5139.0,0.0,543.0,1,1,2,2 path,0 no foreign neighbour,64.06099700927734,6.511743975120358
3445,5,5,2.0,0.0,5139.0,0.0,336.0,1,1,9,2 path,0 no foreign neighbour,39.246299743652344,10.888744080059304
3446,0,0,2.0,1.0,5139.0,0.0,914.0,0,0,2,2 path,0 no foreign neighbour,64.55889892578125,8.852079992533858
3447,5,5,4.0,0.0,5139.0,0.0,336.0,0,0,3,3+ branch,0 no foreign neighbour,64.44159698486328,5.255440135213278
3448,6,6,2.0,0.0,5139.0,1.0,733.0,1,1,9,2 path,1 all neighbours foreign,66.8594970703125,0.8323071398373552
3449,7,7,2.0,0.0,5139.0,0.5,984.0,0,0,9,2 path,mixed,68.15480041503906,1.0099272376363257
3450,6,6,3.0,0.0,5139.0,0.0,733.0,1,1,0,3+ branch,0 no foreign neighbour,70.83049774169922,3.428690516125627
3451,6,6,1.0,0.0,5139.0,0.0,733.0,1,1,9,1 tip,0 no foreign neighbour,35.99190139770508,3.426711377638078
3452,7,7,3.0,0.0,5139.0,0.3333333333333333,984.0,1,1,2,3+ branch,mixed,66.20220184326172,4.112121535384138
3453,8,8,2.0,0.0,5139.0,0.0,452.0,1,0,2,2 path,0 no foreign neighbour,65.96959686279297,5.785434462923085
3454,6,6,2.0,0.0,5139.0,0.5,733.0,1,1,9,2 path,mixed,66.4303970336914,2.7444815372402056
3455,7,7,2.0,0.0,5139.0,0.0,984.0,0,0,9,2 path,0 no foreign neighbour,64.71640014648438,0.9332959847486083
3456,0,0,2.0,0.0,5139.0,0.0,914.0,0,0,2,2 path,0 no foreign neighbour,65.48600006103516,6.714692142779544
3457,7,7,2.0,0.0,5139.0,1.0,984.0,0,0,0,2 path,1 all neighbours foreign,64.36360168457031,0.8923943828076354
3458,1,1,3.0,0.0,5139.0,0.3333333333333333,276.0,1,1,6,3+ branch,mixed,132.4530029296875,4.7788376487157604
3459,6,6,2.0,0.0,5139.0,0.5,733.0,1,1,9,2 path,mixed,66.4280014038086,0.8899177052827059
3460,4,4,2.0,0.0,5139.0,0.5,543.0,1,1,0,2 path,mixed,59.89789962768555,1.113759072916606
3461,6,6,2.0,0.0,5139.0,0.5,733.0,1,1,8,2 path,mixed,65.98699951171875,4.660248124666441
3462,3,3,2.0,0.0,5139.0,0.5,295.0,1,1,2,2 path,mixed,66.08799743652344,5.815639499483504
3463,9,9,3.0,0.0,5139.0,0.0,373.0,1,1,5,3+ branch,0 no foreign neighbour,1.0,3.6923498699812125
3464,9,9,1.0,0.0,5139.0,0.0,373.0,1,1,9,1 tip,0 no foreign neighbour,18.972000122070312,3.660138846443884
3465,0,0,3.0,0.0,5139.0,1.0,914.0,0,0,5,3+ branch,1 all neighbours foreign,1.0,1.1005487603929685
3466,7,7,2.0,0.0,5139.0,0.5,984.0,0,0,9,2 path,mixed,67.80950164794922,1.0324131213890038
3467,4,4,3.0,0.0,5139.0,0.0,543.0,1,1,0,3+ branch,0 no foreign neighbour,57.68830108642578,1.8621742571480424
3468,7,7,1.0,0.0,5139.0,0.0,984.0,0,0,8,1 tip,0 no foreign neighbour,64.57389831542969,19.104748922605648
3469,7,7,2.0,0.0,5139.0,1.0,984.0,0,0,9,2 path,1 all neighbours foreign,64.62339782714844,0.7911786116470932
3470,7,7,2.0,0.0,5139.0,0.5,984.0,0,0,9,2 path,mixed,64.91349792480469,1.7788670171803957
3471,6,6,2.0,0.0,5139.0,1.0,733.0,1,1,9,2 path,1 all neighbours foreign,64.23040008544922,2.005695310475629
3472,6,6,2.0,0.0,5139.0,1.0,733.0,1,1,9,2 path,1 all neighbours foreign,65.83540344238281,1.608996488849143
3473,2,2,2.0,0.0,5139.0,0.0,234.0,1,1,2,2 path,0 no foreign neighbour,63.051700592041016,6.188214886660419
3474,9,9,2.0,0.0,5139.0,0.0,373.0,1,1,8,2 path,0 no foreign neighbour,64.36039733886719,1.1768280322838394
3475,7,7,2.0,0.0,5139.0,0.5,984.0,0,0,0,2 path,mixed,58.212100982666016,2.722634382239405
3476,4,4,2.0,0.0,5139.0,0.5,543.0,1,1,2,2 path,mixed,65.55680084228516,3.685437416111895
3477,6,6,2.0,0.0,5139.0,0.0,733.0,1,1,9,2 path,0 no foreign neighbour,65.2573013305664,3.9002946297157717
3478,6,6,2.0,0.0,5139.0,0.5,733.0,1,1,9,2 path,mixed,65.9916000366211,1.9913607919178071
3479,1,1,2.0,0.0,5139.0,0.0,276.0,1,1,0,2 path,0 no foreign neighbour,67.04170227050781,5.0952064485944355
3480,5,5,2.0,0.0,5139.0,0.5,336.0,0,0,3,2 path,mixed,63.8494987487793,1.4847643488601199
3481,7,7,2.0,0.0,5139.0,0.0,984.0,0,0,0,2 path,0 no foreign neighbour,41.5713996887207,2.80227198432634
3482,7,7,4.0,0.0,5139.0,0.5,984.0,0,0,0,3+ branch,mixed,63.52579879760742,2.8161727005747026
3483,6,6,2.0,0.0,5139.0,1.0,733.0,1,1,9,2 path,1 all neighbours foreign,65.16929626464844,1.1866270683248632
3484,7,7,2.0,0.0,5139.0,0.0,984.0,0,0,9,2 path,0 no foreign neighbour,65.17359924316406,3.473717310673348
3485,9,9,4.0,0.0,5139.0,0.5,373.0,1,1,5,3+ branch,mixed,1.0,3.7024934576184485
3486,2,2,2.0,0.0,5139.0,0.0,234.0,1,1,0,2 path,0 no foreign neighbour,58.10879898071289,8.044535577512008
3487,5,5,3.0,0.0,5139.0,0.3333333333333333,336.0,0,0,1,3+ branch,mixed,60.77190017700195,7.238845017361082
3488,7,7,2.0,0.0,5139.0,1.0,984.0,0,0,9,2 path,1 all neighbours foreign,63.05759811401367,2.1957921205947204
3489,6,6,4.0,0.0,5139.0,0.5,733.0,1,1,0,3+ branch,mixed,90.29930114746094,3.4092018479606865
3490,7,7,2.0,0.0,5139.0,0.0,984.0,0,0,9,2 path,0 no foreign neighbour,65.5541000366211,1.0172657205003939
3491,9,9,2.0,0.0,5139.0,0.0,373.0,1,1,9,2 path,0 no foreign neighbour,63.55590057373047,11.00575837393839
3492,4,4,2.0,0.0,5139.0,0.5,543.0,1,1,0,2 path,mixed,47.58539962768555,1.7936651050962977
3493,9,9,2.0,0.0,5139.0,0.0,373.0,1,1,0,2 path,0 no foreign neighbour,65.69339752197266,2.8253594111879607
3494,7,7,2.0,0.0,5139.0,0.5,984.0,0,0,9,2 path,mixed,66.40730285644531,11.584167262527036
3495,8,8,2.0,0.0,5139.0,0.5,452.0,1,1,2,2 path,mixed,64.97029876708984,2.7700965078373
3496,6,6,2.0,0.0,5139.0,0.5,733.0,1,1,0,2 path,mixed,65.01020050048828,2.8067349513986795
3497,5,5,2.0,0.0,5139.0,0.0,336.0,1,0,9,2 path,0 no foreign neighbour,60.89590072631836,10.521263123320866
3498,1,1,2.0,0.0,5139.0,0.5,276.0,1,1,0,2 path,mixed,90.2938003540039,5.444548168743086
3499,5,5,2.0,0.0,5139.0,0.0,336.0,0,0,3,2 path,0 no foreign neighbour,64.13040161132812,9.529378933694735
3500,6,6,2.0,0.0,5139.0,0.0,733.0,1,1,0,2 path,0 no foreign neighbour,45.924400329589844,3.4231297287930564
3501,9,9,1.0,0.0,5139.0,0.0,373.0,1,1,0,1 tip,0 no foreign neighbour,62.207000732421875,1.5042670858872014
3502,6,6,2.0,0.0,5139.0,0.5,733.0,1,1,9,2 path,mixed,65.99140167236328,1.8575260697708005
3503,0,0,2.0,0.0,5139.0,0.0,914.0,0,0,2,2 path,0 no foreign neighbour,65.70179748535156,1.6746520779644554
3504,0,0,4.0,0.0,5139.0,1.0,914.0,0,0,5,3+ branch,1 all neighbours foreign,3.804349899291992,1.0733562131160543
3505,6,6,2.0,0.0,5139.0,0.5,733.0,1,1,0,2 path,mixed,41.64289855957031,3.4418223053873045
3506,6,6,3.0,0.0,5139.0,0.3333333333333333,733.0,1,1,0,3+ branch,mixed,67.97730255126953,3.4520893705549427
3507,0,0,4.0,0.0,5139.0,0.75,914.0,0,0,5,3+ branch,mixed,1.0,1.0726587936628005
3508,0,0,2.0,0.0,5139.0,0.0,914.0,1,0,0,2 path,0 no foreign neighbour,63.690399169921875,0.6031651547896585
3509,5,5,2.0,0.0,5139.0,0.0,336.0,1,0,9,2 path,0 no foreign neighbour,59.24679946899414,10.33954529946276
3510,7,7,2.0,0.0,5139.0,1.0,984.0,0,0,0,2 path,1 all neighbours foreign,8.308509826660156,2.8199154528031873
3511,4,4,2.0,0.0,5139.0,0.5,543.0,1,1,2,2 path,mixed,63.855201721191406,5.7535863391508535
3512,3,3,3.0,0.0,5139.0,0.0,295.0,1,1,4,3+ branch,0 no foreign neighbour,282.9809875488281,5.521574091782336
3513,3,3,3.0,0.0,5139.0,0.3333333333333333,295.0,1,1,6,3+ branch,mixed,14.0,5.554079446798521
3514,6,6,3.0,0.0,5139.0,0.3333333333333333,733.0,1,1,5,3+ branch,mixed,10.770500183105469,3.452314152452918
3515,0,0,3.0,0.0,5139.0,0.6666666666666666,914.0,1,1,8,3+ branch,mixed,5.0526299476623535,1.068629854007719
3516,0,0,3.0,0.0,5139.0,0.0,914.0,0,0,5,3+ branch,0 no foreign neighbour,1.0,1.068629854007719
3517,0,0,3.0,0.0,5139.0,0.3333333333333333,914.0,0,0,5,3+ branch,mixed,8.678569793701172,1.0693453448946317
3518,0,0,3.0,0.0,5139.0,0.3333333333333333,914.0,1,1,0,3+ branch,mixed,1.0,1.068851236555222
3519,7,7,2.0,0.0,5139.0,0.5,984.0,0,0,9,2 path,mixed,59.74290084838867,0.8630428859536525
3520,3,3,2.0,0.0,5139.0,0.5,295.0,1,1,2,2 path,mixed,65.85679626464844,5.5738178926203075
3521,0,0,4.0,0.0,5139.0,0.25,914.0,0,0,5,3+ branch,mixed,1.0,1.0770025602784188
3522,5,5,1.0,0.0,5139.0,0.0,336.0,1,1,0,1 tip,0 no foreign neighbour,56.382198333740234,10.824576166708463
3523,9,9,2.0,0.0,5139.0,0.5,373.0,1,1,9,2 path,mixed,63.692901611328125,0.8601589153525043
3524,3,3,2.0,0.0,5139.0,0.0,295.0,1,1,2,2 path,0 no foreign neighbour,65.83059692382812,5.017955171214098
3525,8,8,2.0,0.0,5139.0,0.5,452.0,1,1,0,2 path,mixed,64.76429748535156,2.4881332014544784
3526,3,3,2.0,0.0,5139.0,0.0,295.0,1,1,0,2 path,0 no foreign neighbour,58.275901794433594,5.1047722263007795
3527,1,1,2.0,0.0,5139.0,0.0,276.0,1,1,2,2 path,0 no foreign neighbour,68.44200134277344,5.332059447184858
3528,3,3,2.0,0.0,5139.0,0.0,295.0,1,1,2,2 path,0 no foreign neighbour,64.45649719238281,4.641047650077562
3529,7,7,2.0,0.0,5139.0,1.0,984.0,0,0,9,2 path,1 all neighbours foreign,66.48100280761719,0.7918211207729994
3530,6,6,2.0,0.0,5139.0,0.5,733.0,1,1,9,2 path,mixed,64.55799865722656,0.9502464573234076
3531,0,0,2.0,0.0,5139.0,0.5,914.0,0,0,2,2 path,mixed,63.65230178833008,1.7319644823684879
3532,7,7,2.0,0.0,5139.0,0.5,984.0,0,0,9,2 path,mixed,62.140899658203125,1.6512883421304823
3533,7,7,2.0,0.0,5139.0,0.5,984.0,0,0,0,2 path,mixed,66.32379913330078,1.0986083832293643
3534,6,6,2.0,0.0,5139.0,1.0,733.0,1,1,9,2 path,1 all neighbours foreign,63.80110168457031,1.8762128993569707
3535,2,2,2.0,0.0,5139.0,0.5,234.0,1,1,2,2 path,mixed,63.56169891357422,2.667254501343418
3536,0,0,2.0,0.0,5139.0,0.0,914.0,0,0,6,2 path,0 no foreign neighbour,144.85800170898438,1.0575221764706202
3537,3,3,2.0,0.0,5139.0,0.0,295.0,1,1,2,2 path,0 no foreign neighbour,66.00879669189453,1.738907398425337
3538,6,6,1.0,0.0,5139.0,0.0,733.0,1,1,0,1 tip,0 no foreign neighbour,62.7859992980957,1.1104405354096263
3539,7,7,4.0,0.0,5139.0,1.0,984.0,1,1,6,3+ branch,1 all neighbours foreign,180.71400451660156,2.8225938977891096
3540,4,4,2.0,0.0,5139.0,0.0,543.0,1,1,0,2 path,0 no foreign neighbour,60.47930145263672,1.6054208448150873
3541,2,2,2.0,0.0,5139.0,0.0,234.0,1,1,0,2 path,0 no foreign neighbour,62.6422004699707,7.403095844849535
3542,9,9,2.0,0.0,5139.0,0.0,373.0,1,1,9,2 path,0 no foreign neighbour,62.33060073852539,2.206108560117699
3543,6,6,2.0,0.0,5139.0,0.5,733.0,1,1,9,2 path,mixed,63.686500549316406,1.966489569232774
3544,6,6,2.0,0.0,5139.0,1.0,733.0,1,1,9,2 path,1 all neighbours foreign,60.957298278808594,1.9123353361569775
3545,7,7,2.0,0.0,5139.0,1.0,984.0,0,0,9,2 path,1 all neighbours foreign,65.48030090332031,3.1696796750697573
3546,0,0,2.0,0.0,5139.0,0.5,914.0,0,0,2,2 path,mixed,62.7041015625,2.5490079647446926
3547,3,3,2.0,0.0,5139.0,0.5,295.0,1,1,2,2 path,mixed,64.19560241699219,1.5870998964785823
3548,0,0,2.0,0.0,5139.0,0.0,914.0,0,0,5,2 path,0 no foreign neighbour,31.555599212646484,1.0573324695964539
3549,3,3,2.0,0.0,5139.0,0.0,295.0,1,1,2,2 path,0 no foreign neighbour,65.0083999633789,7.626390168340633
3550,8,8,2.0,0.0,5139.0,0.0,452.0,1,1,0,2 path,0 no foreign neighbour,64.6812973022461,3.5869155258962926
3551,8,8,2.0,0.0,5139.0,0.5,452.0,1,1,2,2 path,mixed,63.4739990234375,1.8432302718573843
3552,0,0,3.0,0.0,5139.0,0.6666666666666666,914.0,0,0,6,3+ branch,mixed,109.05699920654297,1.0236123839710172
3553,9,9,2.0,0.0,5139.0,0.5,373.0,1,1,9,2 path,mixed,65.93599700927734,1.7037732346226229
3554,6,6,2.0,0.0,5139.0,0.0,733.0,1,1,9,2 path,0 no foreign neighbour,67.50260162353516,1.226801522743683
3555,0,0,2.0,0.0,5139.0,0.0,914.0,1,0,0,2 path,0 no foreign neighbour,65.90190124511719,0.5445526012080233
3556,8,8,3.0,0.0,5139.0,0.0,452.0,1,1,8,3+ branch,0 no foreign neighbour,62.756500244140625,4.485342264667641
3557,6,6,2.0,0.0,5139.0,0.5,733.0,1,1,9,2 path,mixed,64.67549896240234,2.2221280245995403
3558,4,4,2.0,0.0,5139.0,0.0,543.0,1,1,2,2 path,0 no foreign neighbour,66.3030014038086,0.5968523955057693
3559,6,6,2.0,0.0,5139.0,1.0,733.0,1,1,8,2 path,1 all neighbours foreign,65.8781967163086,8.228948403919647
3560,8,8,2.0,0.0,5139.0,0.0,452.0,1,1,0,2 path,0 no foreign neighbour,10.203100204467773,4.925979990165245
3561,0,0,4.0,0.0,5139.0,1.0,914.0,0,0,5,3+ branch,1 all neighbours foreign,1.0,1.0765179497482769
3562,6,6,2.0,0.0,5139.0,0.5,733.0,1,1,0,2 path,mixed,51.71900177001953,3.199964333112361
3563,8,8,3.0,0.0,5139.0,0.0,452.0,1,1,2,3+ branch,0 no foreign neighbour,65.34089660644531,2.5689798670759862
3564,4,4,2.0,0.0,5139.0,0.5,543.0,1,1,2,2 path,mixed,65.94380187988281,4.966667800541119
3565,4,4,2.0,0.0,5139.0,0.0,543.0,1,1,2,2 path,0 no foreign neighbour,64.88619995117188,1.1659446851147903
3566,7,7,3.0,0.0,5139.0,0.0,984.0,0,0,9,3+ branch,0 no foreign neighbour,63.34400177001953,2.0869208807859185
3567,9,9,2.0,0.0,5139.0,0.0,373.0,1,1,9,2 path,0 no foreign neighbour,62.09479904174805,0.9711891761830507
3568,2,2,1.0,0.0,5139.0,0.0,234.0,1,1,8,1 tip,0 no foreign neighbour,63.33599853515625,2.4765520849474343
3569,7,7,2.0,0.0,5139.0,0.0,984.0,0,0,9,2 path,0 no foreign neighbour,64.23619842529297,2.0673033486618477
3570,0,0,3.0,0.0,5139.0,0.3333333333333333,914.0,0,0,6,3+ branch,mixed,195.04800415039062,0.971975624005894
3571,7,7,2.0,0.0,5139.0,0.5,984.0,0,0,0,2 path,mixed,67.50640106201172,1.771246551163128
3572,3,3,2.0,0.0,5139.0,0.0,295.0,1,1,2,2 path,0 no foreign neighbour,63.297698974609375,2.997305951746499
3573,6,6,3.0,0.0,5139.0,0.6666666666666666,733.0,1,1,9,3+ branch,mixed,65.01619720458984,1.1663176778130073
3574,4,4,2.0,0.0,5139.0,0.0,543.0,1,1,6,2 path,0 no foreign neighbour,66.56439971923828,1.7864160007240564
3575,7,7,2.0,0.0,5139.0,0.5,984.0,0,0,9,2 path,mixed,66.66320037841797,5.040355203762405
3576,0,0,2.0,0.0,5139.0,0.0,914.0,0,0,2,2 path,0 no foreign neighbour,65.6001968383789,5.482831173831581
3577,9,9,2.0,0.0,5139.0,0.0,373.0,1,1,9,2 path,0 no foreign neighbour,65.41200256347656,4.491941067922351
3578,0,0,3.0,0.0,5139.0,1.0,914.0,0,0,5,3+ branch,1 all neighbours foreign,1.0,1.0939495535666346
3579,0,0,4.0,0.0,5139.0,0.25,914.0,1,1,0,3+ branch,mixed,1.0,1.0784584690161576
3580,0,0,2.0,0.0,5139.0,0.5,914.0,0,0,6,2 path,mixed,121.375,0.5277520781539291
3581,4,4,2.0,0.0,5139.0,1.0,543.0,1,1,0,2 path,1 all neighbours foreign,70.15440368652344,0.9291250364982625
3582,4,4,2.0,0.0,5139.0,0.5,543.0,1,1,0,2 path,mixed,47.88710021972656,1.8089874413470461
3583,6,6,2.0,0.0,5139.0,0.0,733.0,1,1,9,2 path,0 no foreign neighbour,67.76119995117188,2.708906694223481
3584,1,1,2.0,0.0,5139.0,0.0,276.0,0,0,7,2 path,0 no foreign neighbour,66.58589935302734,1.4000460014929994
3585,1,1,3.0,0.0,5139.0,0.0,276.0,1,1,2,3+ branch,0 no foreign neighbour,61.76620101928711,3.86126840501702
3586,9,9,2.0,0.0,5139.0,0.0,373.0,1,1,9,2 path,0 no foreign neighbour,65.6865005493164,8.878629612436567
3587,9,9,3.0,0.0,5139.0,0.0,373.0,1,1,5,3+ branch,0 no foreign neighbour,20.399999618530273,3.6824697288911565
3588,6,6,2.0,0.0,5139.0,0.0,733.0,1,1,9,2 path,0 no foreign neighbour,63.72460174560547,1.269202005604877
3589,2,2,3.0,0.3333333432674408,5139.0,0.0,234.0,1,1,0,3+ branch,0 no foreign neighbour,94.35240173339844,8.087958464684911
3590,6,6,2.0,0.0,5139.0,0.5,733.0,1,1,9,2 path,mixed,64.21289825439453,0.8469209239489558
3591,7,7,2.0,0.0,5139.0,0.5,984.0,0,0,9,2 path,mixed,65.78389739990234,6.3933014556601595
3592,9,9,2.0,0.0,5139.0,0.0,373.0,1,1,8,2 path,0 no foreign neighbour,64.6592025756836,0.9982042150277879
3593,8,8,2.0,0.0,5139.0,0.0,452.0,1,1,2,2 path,0 no foreign neighbour,61.245201110839844,3.6938244756379808
3594,9,9,2.0,0.0,5139.0,0.0,373.0,1,1,9,2 path,0 no foreign neighbour,63.017799377441406,3.1906586502566996
3595,4,4,2.0,0.0,5139.0,0.0,543.0,1,1,6,2 path,0 no foreign neighbour,127.4990005493164,0.9815185998318815
3596,3,3,2.0,0.0,5139.0,1.0,295.0,1,1,2,2 path,1 all neighbours foreign,65.5198974609375,1.5968851827271326
3597,6,6,2.0,0.0,5139.0,0.5,733.0,1,1,9,2 path,mixed,66.37660217285156,4.1739750375528955
3598,4,4,2.0,0.0,5139.0,0.5,543.0,1,1,2,2 path,mixed,66.7677001953125,2.9636690170794746
3599,8,8,2.0,0.0,5139.0,0.0,452.0,1,1,8,2 path,0 no foreign neighbour,65.42630004882812,24.681361382136213
3600,6,6,2.0,0.0,5139.0,1.0,733.0,1,1,8,2 path,1 all neighbours foreign,63.589298248291016,1.9320795674958215
3601,8,8,2.0,0.0,5139.0,0.0,452.0,1,0,2,2 path,0 no foreign neighbour,64.96929931640625,9.442962556505972
3602,7,7,2.0,0.0,5139.0,0.0,984.0,0,0,0,2 path,0 no foreign neighbour,61.56949996948242,2.3687904584834634
3603,7,7,4.0,0.0,5139.0,0.5,984.0,1,0,5,3+ branch,mixed,1.0,2.8313317533452818
3604,0,0,2.0,0.0,5139.0,0.0,914.0,0,0,2,2 path,0 no foreign neighbour,65.73970031738281,14.733762185697481
3605,3,3,2.0,0.0,5139.0,0.5,295.0,1,1,2,2 path,mixed,67.6718978881836,1.8789859669361608
3606,7,7,2.0,0.0,5139.0,0.0,984.0,1,1,6,2 path,0 no foreign neighbour,65.51679992675781,3.5343586835682657
3607,6,6,2.0,0.0,5139.0,0.5,733.0,1,1,0,2 path,mixed,63.82339859008789,3.1758363192650223
3608,7,7,2.0,0.0,5139.0,0.5,984.0,0,0,9,2 path,mixed,66.44860076904297,2.6134610936959777
3609,5,5,1.0,0.0,5139.0,1.0,336.0,0,0,3,1 tip,1 all neighbours foreign,62.6875,8.993837367936443
3610,7,7,2.0,0.0,5139.0,1.0,984.0,0,0,8,2 path,1 all neighbours foreign,67.77899932861328,7.91856022584947
3611,7,7,2.0,0.0,5139.0,0.5,984.0,0,0,9,2 path,mixed,65.25189971923828,1.481741102351621
3612,4,4,2.0,0.0,5139.0,0.0,543.0,1,1,0,2 path,0 no foreign neighbour,38.58330154418945,1.8389705850953793
3613,2,2,4.0,0.0,5139.0,0.0,234.0,1,1,5,3+ branch,0 no foreign neighbour,1.0,8.20886834902555
3614,2,2,2.0,0.0,5139.0,0.0,234.0,1,1,0,2 path,0 no foreign neighbour,51.265098571777344,8.140191663109643
3615,1,1,2.0,0.0,5139.0,0.0,276.0,1,1,6,2 path,0 no foreign neighbour,64.97209930419922,4.735146504288739
3616,9,9,3.0,0.3333333432674408,5139.0,0.0,373.0,1,1,9,3+ branch,0 no foreign neighbour,66.39140319824219,2.0162195088465786
3617,5,5,3.0,0.0,5139.0,0.3333333333333333,336.0,0,0,1,3+ branch,mixed,64.18820190429688,6.198839070975357
3618,7,7,2.0,0.0,5139.0,0.0,984.0,0,0,9,2 path,0 no foreign neighbour,69.07990264892578,1.6145286079491956
3619,5,5,2.0,0.0,5139.0,0.5,336.0,0,0,3,2 path,mixed,64.86599731445312,7.153746315193666
3620,4,4,2.0,0.0,5139.0,0.0,543.0,1,1,2,2 path,0 no foreign neighbour,64.49009704589844,0.6715935283858536
3621,1,1,2.0,0.0,5139.0,0.0,276.0,0,0,7,2 path,0 no foreign neighbour,64.04440307617188,1.482955937572445
3622,9,9,1.0,0.0,5139.0,1.0,373.0,1,1,9,1 tip,1 all neighbours foreign,64.26689910888672,1.4047623204437616
3623,8,8,2.0,0.0,5139.0,0.5,452.0,1,1,0,2 path,mixed,59.45869827270508,4.463387956300575
3624,6,6,2.0,0.0,5139.0,0.5,733.0,1,1,9,2 path,mixed,65.59429931640625,1.4559697459233127
3625,1,1,2.0,0.0,5139.0,0.5,276.0,0,0,7,2 path,mixed,64.87590026855469,5.769008491676378
3626,7,7,2.0,0.0,5139.0,0.5,984.0,0,0,9,2 path,mixed,65.68589782714844,4.994317641748985
3627,6,6,2.0,0.0,5139.0,0.5,733.0,1,1,9,2 path,mixed,65.44180297851562,3.516764271891433
3628,6,6,2.0,0.0,5139.0,0.5,733.0,1,1,8,2 path,mixed,63.692100524902344,7.750136864094708
3629,7,7,3.0,0.0,5139.0,0.0,984.0,0,0,8,3+ branch,0 no foreign neighbour,65.84420013427734,14.798422801658397
3630,7,7,3.0,0.0,5139.0,0.0,984.0,0,0,8,3+ branch,0 no foreign neighbour,66.68769836425781,3.7160109662066505
3631,1,1,2.0,0.0,5139.0,0.0,276.0,1,1,2,2 path,0 no foreign neighbour,56.66130065917969,5.114029574441163
3632,4,4,2.0,0.0,5139.0,0.5,543.0,1,1,2,2 path,mixed,66.23100280761719,11.154776205828306
3633,7,7,2.0,0.0,5139.0,0.5,984.0,0,0,9,2 path,mixed,65.73970031738281,3.66794930949435
3634,5,5,2.0,0.0,5139.0,0.5,336.0,0,0,3,2 path,mixed,63.17649841308594,4.7396268505000005
3635,0,0,2.0,0.0,5139.0,0.0,914.0,0,0,2,2 path,0 no foreign neighbour,63.63130187988281,0.6053234636238249
3636,0,0,2.0,1.0,5139.0,0.0,914.0,0,0,2,2 path,0 no foreign neighbour,65.75969696044922,6.857454725375417
3637,6,6,2.0,0.0,5139.0,1.0,733.0,1,1,9,2 path,1 all neighbours foreign,64.4916000366211,1.681195774333977
3638,6,6,2.0,0.0,5139.0,0.5,733.0,1,1,9,2 path,mixed,65.51950073242188,0.9730395641949966
3639,9,9,2.0,0.0,5139.0,0.0,373.0,1,1,0,2 path,0 no foreign neighbour,60.75659942626953,1.3036324434392808
3640,7,7,2.0,0.0,5139.0,0.0,984.0,0,0,9,2 path,0 no foreign neighbour,64.53199768066406,4.668213330873461
3641,1,1,2.0,0.0,5139.0,0.5,276.0,1,1,2,2 path,mixed,63.46149826049805,1.5470369204132415
3642,7,7,2.0,0.0,5139.0,0.5,984.0,0,0,9,2 path,mixed,67.0177993774414,1.70851009156144
3643,5,5,2.0,0.0,5139.0,0.5,336.0,1,0,9,2 path,mixed,64.12120056152344,6.332154956472696
3644,5,5,2.0,0.0,5139.0,0.0,336.0,0,0,3,2 path,0 no foreign neighbour,63.3213005065918,3.096912685418967
3645,6,6,2.0,0.0,5139.0,0.5,733.0,1,1,0,2 path,mixed,60.65480041503906,2.379282324488308
3646,3,3,2.0,0.0,5139.0,0.5,295.0,1,1,2,2 path,mixed,62.5724983215332,3.2334894948436386
3647,4,4,2.0,0.0,5139.0,1.0,543.0,1,1,2,2 path,1 all neighbours foreign,69.81410217285156,1.5324821679550977
3648,7,7,2.0,0.0,5139.0,0.5,984.0,0,0,8,2 path,mixed,65.71530151367188,10.919011717755462
3649,7,7,2.0,0.0,5139.0,0.0,984.0,0,0,8,2 path,0 no foreign neighbour,65.94349670410156,16.486149806795602
3650,6,6,2.0,0.0,5139.0,1.0,733.0,1,1,9,2 path,1 all neighbours foreign,68.87319946289062,0.9873865405418433
3651,6,6,2.0,0.0,5139.0,0.5,733.0,1,1,9,2 path,mixed,65.88289642333984,2.403165806325626
3652,5,5,2.0,0.0,5139.0,0.0,336.0,0,0,1,2 path,0 no foreign neighbour,64.68379974365234,4.970946820190648
3653,6,6,2.0,0.0,5139.0,0.5,733.0,1,1,0,2 path,mixed,64.47380065917969,3.328036511513442
3654,7,7,3.0,0.0,5139.0,0.0,984.0,0,0,8,3+ branch,0 no foreign neighbour,65.24579620361328,6.965672405838121
3655,7,7,2.0,0.0,5139.0,1.0,984.0,0,0,8,2 path,1 all neighbours foreign,66.18389892578125,8.330352380941898
3656,7,7,2.0,0.0,5139.0,0.5,984.0,0,0,8,2 path,mixed,63.94929885864258,3.195103211015848
3657,3,3,2.0,0.0,5139.0,0.5,295.0,1,1,2,2 path,mixed,64.8958969116211,6.860139988526753
3658,4,4,2.0,0.0,5139.0,0.0,543.0,1,1,0,2 path,0 no foreign neighbour,57.78160095214844,1.802053848961928
3659,6,6,2.0,0.0,5139.0,0.5,733.0,1,1,9,2 path,mixed,62.477298736572266,5.707929079718219
3660,7,7,2.0,0.0,5139.0,0.5,984.0,0,0,8,2 path,mixed,66.41490173339844,16.97489619771835
3661,9,9,4.0,0.0,5139.0,0.0,373.0,1,1,6,3+ branch,0 no foreign neighbour,121.2490005493164,3.2287589874969655
3662,5,5,2.0,0.0,5139.0,0.5,336.0,0,0,3,2 path,mixed,63.96889877319336,2.6796117446384575
3663,0,0,2.0,0.0,5139.0,0.0,914.0,1,0,0,2 path,0 no foreign neighbour,50.4739990234375,1.020087913822221
3664,5,5,2.0,0.0,5139.0,0.0,336.0,0,0,3,2 path,0 no foreign neighbour,61.484500885009766,7.8172049405281125
3665,6,6,2.0,0.0,5139.0,0.0,733.0,1,1,8,2 path,0 no foreign neighbour,66.99720001220703,1.3547363915855493
3666,0,0,2.0,0.0,5139.0,0.5,914.0,1,0,0,2 path,mixed,38.954498291015625,1.0429394167064818
3667,7,7,2.0,0.0,5139.0,1.0,984.0,0,0,9,2 path,1 all neighbours foreign,64.02420043945312,1.2643109150260932
3668,3,3,2.0,0.0,5139.0,0.0,295.0,1,1,0,2 path,0 no foreign neighbour,65.8593978881836,4.629784531588058
3669,7,7,2.0,0.0,5139.0,0.5,984.0,0,0,9,2 path,mixed,65.9802017211914,10.420786589666463
3670,6,6,2.0,0.0,5139.0,1.0,733.0,1,1,0,2 path,1 all neighbours foreign,58.07460021972656,3.2487655827715383
3671,7,7,2.0,0.0,5139.0,0.5,984.0,0,0,0,2 path,mixed,66.94309997558594,1.4233553053595618
3672,6,6,2.0,0.0,5139.0,0.0,733.0,1,1,8,2 path,0 no foreign neighbour,65.00550079345703,13.209010401081553
3673,5,5,2.0,0.0,5139.0,0.5,336.0,0,0,3,2 path,mixed,64.03710174560547,2.1940444749027166
3674,6,6,2.0,0.0,5139.0,0.5,733.0,1,1,0,2 path,mixed,71.0864028930664,3.2720177744343557
3675,6,6,4.0,0.0,5139.0,0.5,733.0,1,1,5,3+ branch,mixed,1.0,3.451288032845683
3676,6,6,2.0,0.0,5139.0,1.0,733.0,1,1,9,2 path,1 all neighbours foreign,64.65450286865234,3.000756380226766
3677,7,7,3.0,0.0,5139.0,0.6666666666666666,984.0,0,0,9,3+ branch,mixed,65.11869812011719,12.223941671267962
3678,7,7,2.0,0.0,5139.0,0.0,984.0,0,0,8,2 path,0 no foreign neighbour,64.68379974365234,5.468416357688709
3679,2,2,1.0,0.0,5139.0,0.0,234.0,1,1,8,1 tip,0 no foreign neighbour,61.43220138549805,7.698779944674249
3680,6,6,2.0,0.0,5139.0,0.5,733.0,1,1,0,2 path,mixed,63.708099365234375,2.545984843303906
3681,1,1,1.0,0.0,5139.0,0.0,276.0,1,1,2,1 tip,0 no foreign neighbour,63.667598724365234,2.5754601162171697
3682,6,6,3.0,0.0,5139.0,0.6666666666666666,733.0,1,1,0,3+ branch,mixed,73.20220184326172,3.4473163478290285
3683,7,7,4.0,0.0,5139.0,0.75,984.0,1,0,5,3+ branch,mixed,1.0,2.8487922776169126
3684,7,7,3.0,0.0,5139.0,0.3333333333333333,984.0,0,0,0,3+ branch,mixed,1.0,2.8465933568754935
3685,8,8,3.0,0.0,5139.0,0.0,452.0,1,1,6,3+ branch,0 no foreign neighbour,107.8550033569336,4.858168677460012
3686,8,8,1.0,0.0,5139.0,0.0,452.0,1,1,0,1 tip,0 no foreign neighbour,62.439998626708984,4.783378195036645
3687,9,9,2.0,0.0,5139.0,0.5,373.0,1,1,5,2 path,mixed,65.5386962890625,17.79443834373027
3688,7,7,2.0,0.0,5139.0,0.0,984.0,0,0,9,2 path,0 no foreign neighbour,65.29530334472656,1.0855262039683953
3689,7,7,2.0,0.0,5139.0,0.0,984.0,0,0,9,2 path,0 no foreign neighbour,63.19060134887695,1.4104644339401191
3690,3,3,3.0,0.0,5139.0,0.0,295.0,1,1,6,3+ branch,0 no foreign neighbour,111.39299774169922,5.440265186754999
3691,9,9,2.0,0.0,5139.0,0.5,373.0,1,1,9,2 path,mixed,64.24849700927734,0.9920870941299635
3692,7,7,2.0,0.0,5139.0,0.5,984.0,0,0,9,2 path,mixed,66.03019714355469,3.7690127733629675
3693,6,6,2.0,0.0,5139.0,0.0,733.0,1,1,9,2 path,0 no foreign neighbour,64.16459655761719,1.9736711769752078
3694,0,0,2.0,0.0,5139.0,0.0,914.0,0,0,2,2 path,0 no foreign neighbour,64.41929626464844,11.26316215985936
3695,6,6,2.0,0.0,5139.0,0.5,733.0,1,1,8,2 path,mixed,61.497398376464844,2.3627063631022893
3696,7,7,2.0,0.0,5139.0,1.0,984.0,0,0,9,2 path,1 all neighbours foreign,65.27549743652344,4.831474165935609
3697,0,0,2.0,0.0,5139.0,0.0,914.0,0,0,2,2 path,0 no foreign neighbour,66.8853988647461,5.307835726202698
3698,0,0,4.0,0.0,5139.0,0.5,914.0,1,1,0,3+ branch,mixed,1.0,1.0784354010066481
3699,0,0,2.0,0.0,5139.0,0.0,914.0,0,0,2,2 path,0 no foreign neighbour,67.04889678955078,1.2795192332093757
3700,5,5,2.0,0.0,5139.0,0.0,336.0,0,0,3,2 path,0 no foreign neighbour,63.53620147705078,9.413235310409084
3701,7,7,2.0,0.0,5139.0,0.5,984.0,0,0,9,2 path,mixed,66.14959716796875,2.2964847133618838
3702,7,7,2.0,0.0,5139.0,0.0,984.0,1,1,2,2 path,0 no foreign neighbour,67.77120208740234,2.0868134339165336
3703,9,9,2.0,0.0,5139.0,0.0,373.0,1,1,0,2 path,0 no foreign neighbour,62.869598388671875,2.1898759627424313
3704,1,1,2.0,0.0,5139.0,0.0,276.0,1,1,2,2 path,0 no foreign neighbour,61.587799072265625,3.6944761157452835
3705,7,7,2.0,0.0,5139.0,0.5,984.0,0,0,0,2 path,mixed,61.25630187988281,2.264000586025968
3706,1,1,2.0,0.0,5139.0,0.0,276.0,1,1,2,2 path,0 no foreign neighbour,62.58369827270508,1.4099874433998145
3707,0,0,4.0,0.1666666716337204,5139.0,0.25,914.0,0,0,5,3+ branch,mixed,1.0,1.0779306909034256
3708,0,0,4.0,0.0,5139.0,0.5,914.0,0,0,5,3+ branch,mixed,1.0,1.0779306909034256
3709,5,5,3.0,0.0,5139.0,0.3333333333333333,336.0,0,0,3,3+ branch,mixed,64.35330200195312,5.595454358938571
3710,9,9,2.0,0.0,5139.0,0.0,373.0,1,1,9,2 path,0 no foreign neighbour,64.44319915771484,1.0828236934687119
3711,7,7,2.0,0.0,5139.0,0.5,984.0,0,0,9,2 path,mixed,64.41519927978516,1.826881599208758
3712,7,7,3.0,0.0,5139.0,0.6666666666666666,984.0,0,0,9,3+ branch,mixed,65.24819946289062,2.2054434314751337
3713,6,6,2.0,0.0,5139.0,1.0,733.0,1,1,9,2 path,1 all neighbours foreign,65.95709991455078,1.175576389323677
3714,3,3,2.0,0.0,5139.0,0.5,295.0,1,1,2,2 path,mixed,67.59629821777344,6.513349069911376
3715,8,8,2.0,0.0,5139.0,0.5,452.0,1,0,2,2 path,mixed,65.5967025756836,9.513909934990384
3716,5,5,2.0,0.0,5139.0,0.0,336.0,0,0,3,2 path,0 no foreign neighbour,64.34220123291016,1.8931110276339438
3717,7,7,2.0,0.0,5139.0,0.5,984.0,0,0,0,2 path,mixed,70.14959716796875,2.36855823715027
3718,2,2,2.0,0.0,5139.0,0.0,234.0,1,1,8,2 path,0 no foreign neighbour,64.04039764404297,25.800917442676322
3719,4,4,2.0,0.0,5139.0,0.0,543.0,1,1,2,2 path,0 no foreign neighbour,71.77760314941406,1.6391428403315982
3720,9,9,2.0,0.0,5139.0,0.0,373.0,1,1,8,2 path,0 no foreign neighbour,62.4031982421875,1.477239541262417
3721,8,8,2.0,0.0,5139.0,0.0,452.0,1,1,2,2 path,0 no foreign neighbour,64.52300262451172,2.1857686973926964
3722,6,6,2.0,0.0,5139.0,0.5,733.0,1,1,0,2 path,mixed,65.52770233154297,2.4492916269882787
3723,7,7,2.0,0.0,5139.0,1.0,984.0,0,0,8,2 path,1 all neighbours foreign,66.37439727783203,10.96354211110202
3724,8,8,2.0,0.0,5139.0,0.5,452.0,1,0,2,2 path,mixed,64.50430297851562,1.197362853057038
3725,6,6,2.0,0.0,5139.0,0.0,733.0,1,1,9,2 path,0 no foreign neighbour,65.4260025024414,3.467648785010787
3726,1,1,4.0,0.0,5139.0,0.0,276.0,0,0,7,3+ branch,0 no foreign neighbour,63.83689880371094,9.949808807957785
3727,9,9,2.0,0.0,5139.0,0.5,373.0,1,1,8,2 path,mixed,63.62810134887695,5.105552600791365
3728,4,4,2.0,0.0,5139.0,1.0,543.0,1,1,6,2 path,1 all neighbours foreign,137.48800659179688,1.8065747980183993
3729,7,7,2.0,0.0,5139.0,1.0,984.0,0,0,9,2 path,1 all neighbours foreign,64.29429626464844,5.724709796422171
3730,9,9,2.0,0.0,5139.0,0.5,373.0,1,1,9,2 path,mixed,63.139400482177734,7.384018332165495
3731,6,6,2.0,0.0,5139.0,0.5,733.0,1,1,0,2 path,mixed,66.17469787597656,1.1995810817481494
3732,0,0,2.0,0.0,5139.0,1.0,914.0,1,0,7,2 path,1 all neighbours foreign,64.72989654541016,4.738029414983246
3733,6,6,2.0,0.0,5139.0,0.5,733.0,1,1,8,2 path,mixed,65.54029846191406,10.048268584617981
3734,6,6,2.0,0.0,5139.0,1.0,733.0,1,1,9,2 path,1 all neighbours foreign,65.4124984741211,2.683696365808928
3735,7,7,2.0,0.0,5139.0,0.5,984.0,0,0,9,2 path,mixed,63.72439956665039,1.1966696555423275
3736,6,6,2.0,0.0,5139.0,0.5,733.0,1,1,9,2 path,mixed,64.86720275878906,3.2197401671159716
3737,1,1,2.0,0.0,5139.0,0.5,276.0,0,0,7,2 path,mixed,64.34380340576172,19.734851345835374
3738,1,1,2.0,0.0,5139.0,0.5,276.0,0,0,7,2 path,mixed,63.257198333740234,14.433187458962761
3739,6,6,2.0,0.0,5139.0,1.0,733.0,1,1,9,2 path,1 all neighbours foreign,66.51390075683594,1.331934424951573
3740,7,7,2.0,0.0,5139.0,0.0,984.0,0,0,9,2 path,0 no foreign neighbour,64.23139953613281,0.9376738893761438
3741,7,7,3.0,0.0,5139.0,0.3333333333333333,984.0,0,0,9,3+ branch,mixed,65.55840301513672,6.356475098286007
3742,1,1,3.0,0.0,5139.0,0.0,276.0,0,0,7,3+ branch,0 no foreign neighbour,64.51429748535156,11.735915354877422
3743,6,6,2.0,0.0,5139.0,0.5,733.0,1,1,8,2 path,mixed,67.27020263671875,6.160268722693188
3744,7,7,2.0,0.0,5139.0,0.5,984.0,0,0,8,2 path,mixed,63.080101013183594,3.3923843945372005
3745,1,1,2.0,0.0,5139.0,0.0,276.0,0,0,7,2 path,0 no foreign neighbour,63.907798767089844,2.7810728367276156
3746,3,3,2.0,0.0,5139.0,0.0,295.0,1,1,2,2 path,0 no foreign neighbour,65.92160034179688,9.886415404935697
3747,9,9,2.0,0.0,5139.0,0.5,373.0,1,1,9,2 path,mixed,61.6427001953125,2.8091788464278658
3748,6,6,2.0,0.0,5139.0,1.0,733.0,1,1,9,2 path,1 all neighbours foreign,65.58879852294922,1.1390135468850506
3749,8,8,2.0,0.0,5139.0,0.5,452.0,1,1,2,2 path,mixed,64.21430206298828,3.235107611209521
3750,1,1,2.0,0.0,5139.0,0.5,276.0,1,1,2,2 path,mixed,63.837100982666016,1.3697136055406558
3751,3,3,2.0,0.0,5139.0,0.0,295.0,1,1,2,2 path,0 no foreign neighbour,61.55139923095703,4.403908548674544
3752,5,5,2.0,0.0,5139.0,0.0,336.0,0,0,3,2 path,0 no foreign neighbour,64.7520980834961,6.623861134908368
3753,7,7,2.0,0.0,5139.0,0.0,984.0,0,0,8,2 path,0 no foreign neighbour,69.41940307617188,2.479983731175547
3754,5,5,3.0,0.0,5139.0,0.0,336.0,0,0,1,3+ branch,0 no foreign neighbour,64.22940063476562,26.452011890810475
3755,0,0,2.0,0.0,5139.0,0.0,914.0,0,0,2,2 path,0 no foreign neighbour,58.224300384521484,0.9739478453640843
3756,5,5,2.0,0.0,5139.0,0.0,336.0,0,0,3,2 path,0 no foreign neighbour,63.32830047607422,10.551175101468043
3757,3,3,2.0,0.0,5139.0,0.0,295.0,1,1,2,2 path,0 no foreign neighbour,65.71520233154297,3.552051521837381
3758,7,7,2.0,0.0,5139.0,0.0,984.0,0,0,9,2 path,0 no foreign neighbour,61.830101013183594,1.1683775917020442
3759,7,7,2.0,0.0,5139.0,0.0,984.0,0,0,9,2 path,0 no foreign neighbour,64.68370056152344,11.985210985582016
3760,3,3,2.0,0.0,5139.0,1.0,295.0,1,1,2,2 path,1 all neighbours foreign,69.71019744873047,4.4387851309109
3761,6,6,2.0,0.0,5139.0,0.0,733.0,1,1,9,2 path,0 no foreign neighbour,66.28250122070312,10.092045078272214
3762,5,5,2.0,0.0,5139.0,0.5,336.0,0,0,3,2 path,mixed,63.8026008605957,12.613580433646286
3763,7,7,2.0,0.0,5139.0,0.5,984.0,0,0,9,2 path,mixed,65.831298828125,2.0649001000177516
3764,7,7,2.0,0.0,5139.0,1.0,984.0,0,0,9,2 path,1 all neighbours foreign,63.1974983215332,3.423318214855027
3765,0,0,2.0,0.0,5139.0,0.0,914.0,0,0,2,2 path,0 no foreign neighbour,64.92120361328125,5.400163351027572
3766,7,7,2.0,0.0,5139.0,0.0,984.0,0,0,9,2 path,0 no foreign neighbour,59.79999923706055,2.3735261079219576
3767,6,6,2.0,0.0,5139.0,0.5,733.0,1,1,9,2 path,mixed,63.01459884643555,3.0560104733912103
3768,7,7,4.0,0.0,5139.0,0.0,984.0,1,1,6,3+ branch,0 no foreign neighbour,134.71200561523438,2.248383221489026
3769,1,1,4.0,0.0,5139.0,0.0,276.0,1,1,0,3+ branch,0 no foreign neighbour,5.345680236816406,5.522118214782919
3770,1,1,2.0,0.0,5139.0,0.0,276.0,0,0,7,2 path,0 no foreign neighbour,63.97460174560547,2.9597705035890396
3771,3,3,2.0,0.0,5139.0,0.0,295.0,1,1,2,2 path,0 no foreign neighbour,65.9885025024414,2.5394338361177544
3772,7,7,2.0,0.0,5139.0,0.5,984.0,0,0,9,2 path,mixed,64.18769836425781,6.084194024128239
3773,5,5,2.0,0.0,5139.0,0.0,336.0,0,0,3,2 path,0 no foreign neighbour,64.06900024414062,4.558627953386919
3774,6,6,2.0,0.0,5139.0,0.0,733.0,1,1,8,2 path,0 no foreign neighbour,64.34559631347656,5.0435883225144
3775,1,1,2.0,0.0,5139.0,0.0,276.0,1,1,2,2 path,0 no foreign neighbour,63.97639846801758,4.3404920466962515
3776,0,0,3.0,0.0,5139.0,0.6666666666666666,914.0,0,0,2,3+ branch,mixed,1.0,1.0676532420031104
3777,0,0,2.0,0.0,5139.0,0.5,914.0,1,1,0,2 path,mixed,59.95709991455078,1.007294406717768
3778,0,0,2.0,0.0,5139.0,0.0,914.0,1,0,4,2 path,0 no foreign neighbour,263.1669921875,1.0283032683721147
3779,7,7,2.0,0.0,5139.0,0.0,984.0,0,0,8,2 path,0 no foreign neighbour,62.691200256347656,1.3759123011893124
3780,7,7,2.0,0.0,5139.0,0.5,984.0,0,0,9,2 path,mixed,65.67749786376953,16.79849423399824
3781,0,0,2.0,0.0,5139.0,0.5,914.0,0,0,2,2 path,mixed,64.22450256347656,0.6743183045720489
3782,5,5,2.0,0.0,5139.0,0.0,336.0,1,1,9,2 path,0 no foreign neighbour,66.60590362548828,9.444353209729663
3783,0,0,2.0,0.0,5139.0,0.0,914.0,1,0,7,2 path,0 no foreign neighbour,65.80549621582031,8.594011064615428
3784,7,7,2.0,0.0,5139.0,0.0,984.0,0,0,9,2 path,0 no foreign neighbour,64.17440032958984,0.7943218628966568
3785,7,7,2.0,0.0,5139.0,1.0,984.0,0,0,0,2 path,1 all neighbours foreign,58.350799560546875,2.5260172248238932
3786,5,5,2.0,0.0,5139.0,0.0,336.0,0,0,3,2 path,0 no foreign neighbour,64.29180145263672,4.8511203917254395
3787,7,7,2.0,0.0,5139.0,0.5,984.0,0,0,8,2 path,mixed,66.88200378417969,5.1655684978505185
3788,0,0,2.0,0.0,5139.0,0.5,914.0,0,0,2,2 path,mixed,63.637699127197266,6.723836227607408
3789,6,6,2.0,0.0,5139.0,1.0,733.0,1,1,9,2 path,1 all neighbours foreign,65.56549835205078,5.299105598691913
3790,7,7,2.0,0.0,5139.0,0.5,984.0,1,0,5,2 path,mixed,67.39089965820312,2.397006973111597
3791,8,8,3.0,0.3333333432674408,5139.0,0.0,452.0,1,0,2,3+ branch,0 no foreign neighbour,65.30339813232422,11.81668601580507
3792,9,9,2.0,0.0,5139.0,0.0,373.0,1,1,8,2 path,0 no foreign neighbour,63.70050048828125,36.66232176494768
3793,1,1,2.0,0.0,5139.0,0.5,276.0,0,0,7,2 path,mixed,64.13069915771484,15.510083404614363
3794,8,8,2.0,0.0,5139.0,0.0,452.0,1,1,8,2 path,0 no foreign neighbour,63.70240020751953,3.6348895845201827
3795,7,7,2.0,0.0,5139.0,0.5,984.0,0,0,8,2 path,mixed,65.0696029663086,15.887138873474086
3796,8,8,2.0,0.0,5139.0,0.0,452.0,1,1,2,2 path,0 no foreign neighbour,65.35060119628906,20.960881816781544
3797,7,7,2.0,0.0,5139.0,1.0,984.0,0,0,9,2 path,1 all neighbours foreign,69.1688003540039,1.1387412751503274
3798,8,8,2.0,0.0,5139.0,0.0,452.0,1,1,2,2 path,0 no foreign neighbour,64.67549896240234,2.752093311451041
3799,7,7,2.0,0.0,5139.0,0.0,984.0,0,0,9,2 path,0 no foreign neighbour,64.41670227050781,0.7789713781801499
3800,3,3,2.0,0.0,5139.0,0.0,295.0,1,1,2,2 path,0 no foreign neighbour,66.06549835205078,10.833454948496241
3801,8,8,2.0,0.0,5139.0,0.0,452.0,1,0,2,2 path,0 no foreign neighbour,64.2136001586914,4.9978320623073405
3802,7,7,3.0,0.0,5139.0,0.3333333333333333,984.0,0,0,9,3+ branch,mixed,65.69409942626953,1.8818060297383177
3803,9,9,2.0,0.0,5139.0,0.0,373.0,1,1,9,2 path,0 no foreign neighbour,63.37049865722656,7.455860498689239
3804,6,6,2.0,0.0,5139.0,1.0,733.0,1,1,9,2 path,1 all neighbours foreign,63.84989929199219,1.8672856905008486
3805,9,9,2.0,0.0,5139.0,0.0,373.0,1,1,8,2 path,0 no foreign neighbour,61.59189987182617,4.492173854034836
3806,0,0,2.0,0.0,5139.0,0.0,914.0,0,0,2,2 path,0 no foreign neighbour,64.57530212402344,4.549703233876527
3807,6,6,2.0,0.0,5139.0,0.5,733.0,1,1,9,2 path,mixed,65.23970031738281,1.109699639866949
3808,4,4,3.0,0.0,5139.0,0.3333333333333333,543.0,1,1,2,3+ branch,mixed,65.61710357666016,16.581957562015667
3809,8,8,3.0,0.0,5139.0,0.6666666666666666,452.0,1,1,5,3+ branch,mixed,5.944439888000488,4.930828032002036
3810,8,8,2.0,0.0,5139.0,0.0,452.0,1,1,8,2 path,0 no foreign neighbour,65.24359893798828,24.182358950152803
3811,4,4,2.0,0.0,5139.0,0.5,543.0,1,1,0,2 path,mixed,62.05270004272461,0.5876765999025771
3812,6,6,2.0,0.0,5139.0,0.0,733.0,1,1,8,2 path,0 no foreign neighbour,65.29450225830078,14.138340590516549
3813,3,3,2.0,0.0,5139.0,0.5,295.0,1,1,2,2 path,mixed,66.9457015991211,7.451287752574205
3814,6,6,2.0,0.0,5139.0,0.0,733.0,1,1,8,2 path,0 no foreign neighbour,64.71739959716797,2.62471147877357
3815,5,5,2.0,0.0,5139.0,1.0,336.0,1,1,6,2 path,1 all neighbours foreign,218.22000122070312,10.722701848762874
3816,6,6,2.0,0.0,5139.0,0.5,733.0,1,1,8,2 path,mixed,65.33329772949219,12.379070097753049
3817,7,7,2.0,0.0,5139.0,0.5,984.0,0,0,9,2 path,mixed,64.39089965820312,7.319239232169281
3818,4,4,4.0,0.0,5139.0,0.0,543.0,1,1,5,3+ branch,0 no foreign neighbour,27.431800842285156,1.8496335968876365
3819,5,5,3.0,0.0,5139.0,0.0,336.0,1,1,9,3+ branch,0 no foreign neighbour,51.766300201416016,10.264268775698213
3820,6,6,3.0,0.0,5139.0,0.3333333333333333,733.0,1,1,8,3+ branch,mixed,66.45860290527344,24.755752196181465
3821,9,9,2.0,0.0,5139.0,0.0,373.0,1,1,9,2 path,0 no foreign neighbour,62.71739959716797,13.29099013462835
3822,0,0,2.0,0.0,5139.0,0.0,914.0,0,0,2,2 path,0 no foreign neighbour,65.34210205078125,5.573710571230265
3823,9,9,2.0,0.0,5139.0,0.5,373.0,1,1,9,2 path,mixed,64.09950256347656,1.6003238187929991
3824,8,8,2.0,0.0,5139.0,0.0,452.0,1,0,2,2 path,0 no foreign neighbour,64.04229736328125,19.79749419180888
3825,7,7,2.0,0.0,5139.0,0.5,984.0,0,0,0,2 path,mixed,63.936100006103516,2.2568131770246587
3826,7,7,2.0,0.0,5139.0,0.5,984.0,0,0,9,2 path,mixed,67.83599853515625,2.8524863124721196
3827,1,1,2.0,0.0,5139.0,0.0,276.0,0,0,7,2 path,0 no foreign neighbour,63.185298919677734,4.508848649224036
3828,7,7,2.0,0.0,5139.0,0.5,984.0,0,0,8,2 path,mixed,64.8947982788086,20.39643205630603
3829,6,6,4.0,0.0,5139.0,0.0,733.0,1,1,6,3+ branch,0 no foreign neighbour,115.65899658203125,3.1369772562687777
3830,7,7,2.0,0.0,5139.0,0.5,984.0,0,0,9,2 path,mixed,64.31590270996094,8.624654645277438
3831,7,7,2.0,0.0,5139.0,0.5,984.0,0,0,9,2 path,mixed,64.97799682617188,1.3133077246817788
3832,6,6,2.0,0.0,5139.0,0.5,733.0,1,1,8,2 path,mixed,64.10050201416016,22.282027124883573
3833,1,1,2.0,0.0,5139.0,0.0,276.0,0,0,7,2 path,0 no foreign neighbour,65.57659912109375,2.7777209938565925
3834,0,0,2.0,0.0,5139.0,0.5,914.0,1,0,0,2 path,mixed,64.19280242919922,0.8164668991553042
3835,6,6,2.0,0.0,5139.0,0.5,733.0,1,1,8,2 path,mixed,64.80850219726562,22.364080475319557
3836,0,0,2.0,0.0,5139.0,0.0,914.0,0,0,2,2 path,0 no foreign neighbour,65.55290222167969,13.773305966803099
3837,5,5,3.0,0.0,5139.0,0.0,336.0,0,0,3,3+ branch,0 no foreign neighbour,64.35260009765625,1.9344752581144025
3838,5,5,1.0,0.0,5139.0,0.0,336.0,1,1,9,1 tip,0 no foreign neighbour,61.967899322509766,9.555816913046062
3839,7,7,2.0,0.0,5139.0,1.0,984.0,0,0,8,2 path,1 all neighbours foreign,65.62580108642578,14.821639961654274
3840,6,6,2.0,0.0,5139.0,1.0,733.0,1,1,9,2 path,1 all neighbours foreign,65.68350219726562,2.481871623787274
3841,6,6,3.0,0.0,5139.0,0.6666666666666666,733.0,1,1,9,3+ branch,mixed,65.72460174560547,6.369300835043968
3842,1,1,2.0,0.0,5139.0,0.0,276.0,0,0,7,2 path,0 no foreign neighbour,63.5447998046875,17.534942464383594
3843,7,7,2.0,0.0,5139.0,1.0,984.0,0,0,8,2 path,1 all neighbours foreign,65.52130126953125,5.764238526882847
3844,9,9,2.0,0.0,5139.0,0.0,373.0,1,1,9,2 path,0 no foreign neighbour,64.15609741210938,14.021017206781847
3845,7,7,2.0,0.0,5139.0,1.0,984.0,0,0,8,2 path,1 all neighbours foreign,65.45210266113281,13.47924377338747
3846,1,1,2.0,0.0,5139.0,0.5,276.0,1,1,2,2 path,mixed,63.797298431396484,8.752742322571173
3847,6,6,2.0,0.0,5139.0,1.0,733.0,1,1,0,2 path,1 all neighbours foreign,67.88300323486328,2.2026127638515476
3848,7,7,2.0,0.0,5139.0,0.0,984.0,0,0,9,2 path,0 no foreign neighbour,63.21049880981445,2.921672451765867
3849,7,7,2.0,0.0,5139.0,1.0,984.0,0,0,9,2 path,1 all neighbours foreign,64.48670196533203,1.2981149309580948
3850,7,7,6.0,0.0,5139.0,0.16666666666666666,984.0,1,1,6,3+ branch,mixed,249.63400268554688,1.7857742051721126
3851,7,7,2.0,0.0,5139.0,0.5,984.0,0,0,8,2 path,mixed,65.70159912109375,15.178165054913206
3852,6,6,2.0,0.0,5139.0,0.5,733.0,1,1,0,2 path,mixed,63.24909973144531,1.1292710044967196
3853,0,0,4.0,0.0,5139.0,0.0,914.0,0,0,6,3+ branch,0 no foreign neighbour,125.15499877929688,0.4153709962115748
3854,7,7,2.0,0.0,5139.0,0.5,984.0,0,0,8,2 path,mixed,66.43890380859375,8.298773281771364
3855,7,7,2.0,0.0,5139.0,1.0,984.0,0,0,0,2 path,1 all neighbours foreign,60.67850112915039,1.9197093635069382
3856,6,6,2.0,0.0,5139.0,0.5,733.0,1,1,8,2 path,mixed,65.127197265625,16.456149146158406
3857,7,7,2.0,0.0,5139.0,0.5,984.0,0,0,9,2 path,mixed,65.51470184326172,11.1719650481101
3858,7,7,2.0,0.0,5139.0,0.5,984.0,0,0,8,2 path,mixed,65.9833984375,12.082611634124163
3859,5,5,2.0,0.0,5139.0,0.0,336.0,0,0,3,2 path,0 no foreign neighbour,63.632301330566406,2.1151907853767304
3860,9,9,2.0,0.0,5139.0,0.0,373.0,1,1,9,2 path,0 no foreign neighbour,62.78730010986328,1.6182104833242277
3861,0,0,2.0,0.0,5139.0,0.0,914.0,0,0,2,2 path,0 no foreign neighbour,67.0602035522461,12.13312848357465
3862,9,9,2.0,0.0,5139.0,0.0,373.0,1,1,8,2 path,0 no foreign neighbour,68.63099670410156,2.4498772211970956
3863,7,7,2.0,0.0,5139.0,0.0,984.0,0,0,8,2 path,0 no foreign neighbour,65.11389923095703,2.7028753028264187
3864,7,7,2.0,0.0,5139.0,0.5,984.0,0,0,9,2 path,mixed,65.67410278320312,1.159672693214254
3865,7,7,2.0,0.0,5139.0,1.0,984.0,0,0,8,2 path,1 all neighbours foreign,65.56690216064453,1.8105632768592834
3866,3,3,2.0,0.0,5139.0,1.0,295.0,1,1,2,2 path,1 all neighbours foreign,63.9994010925293,1.4108884690072114
3867,3,3,1.0,0.0,5139.0,1.0,295.0,1,1,8,1 tip,1 all neighbours foreign,64.23919677734375,4.941889974851961
3868,6,6,2.0,0.0,5139.0,0.5,733.0,1,1,8,2 path,mixed,65.15170288085938,9.970877657829318
3869,5,5,2.0,0.0,5139.0,0.0,336.0,1,0,0,2 path,0 no foreign neighbour,53.58639907836914,10.649686288780403
3870,5,5,2.0,0.0,5139.0,0.5,336.0,0,0,3,2 path,mixed,64.67369842529297,3.250576628928743
3871,6,6,2.0,0.0,5139.0,0.0,733.0,1,1,9,2 path,0 no foreign neighbour,66.21070098876953,1.9154824056204924
3872,8,8,2.0,0.0,5139.0,0.5,452.0,1,0,2,2 path,mixed,64.18060302734375,17.17443718471349
3873,6,6,2.0,0.0,5139.0,0.0,733.0,1,1,6,2 path,0 no foreign neighbour,125.0739974975586,2.799626313032726
3874,0,0,2.0,0.0,5139.0,0.0,914.0,1,0,0,2 path,0 no foreign neighbour,64.00180053710938,0.5030698791662913
3875,9,9,3.0,0.0,5139.0,0.0,373.0,1,1,0,3+ branch,0 no foreign neighbour,66.42729949951172,3.6583344486970826
3876,9,9,1.0,0.0,5139.0,0.0,373.0,1,1,8,1 tip,0 no foreign neighbour,39.71329879760742,3.638074780264547
3877,7,7,2.0,0.0,5139.0,1.0,984.0,0,0,8,2 path,1 all neighbours foreign,65.73509979248047,14.31100577736414
3878,7,7,3.0,0.0,5139.0,0.3333333333333333,984.0,0,0,0,3+ branch,mixed,1.0,2.8379865126856956
3879,7,7,3.0,0.0,5139.0,0.3333333333333333,984.0,1,0,5,3+ branch,mixed,1.0,2.834085309406902
3880,7,7,4.0,0.0,5139.0,0.25,984.0,1,1,6,3+ branch,mixed,177.12899780273438,2.827815400330294
3881,9,9,2.0,0.0,5139.0,0.0,373.0,1,1,9,2 path,0 no foreign neighbour,66.6011962890625,2.8764285885142704
3882,9,9,2.0,0.0,5139.0,0.0,373.0,1,1,9,2 path,0 no foreign neighbour,63.897701263427734,7.243772028506115
3883,7,7,2.0,0.0,5139.0,0.0,984.0,0,0,8,2 path,0 no foreign neighbour,64.9916000366211,3.9774291867842093
3884,7,7,2.0,0.0,5139.0,0.0,984.0,0,0,9,2 path,0 no foreign neighbour,65.23999786376953,3.467878503994035
3885,3,3,2.0,0.0,5139.0,0.0,295.0,1,1,2,2 path,0 no foreign neighbour,65.63919830322266,4.004096849664305
3886,7,7,2.0,0.0,5139.0,0.5,984.0,0,0,8,2 path,mixed,65.61360168457031,6.79325054030313
3887,9,9,2.0,0.0,5139.0,0.0,373.0,1,1,9,2 path,0 no foreign neighbour,62.862701416015625,5.09991626305894
3888,6,6,2.0,0.0,5139.0,1.0,733.0,1,1,8,2 path,1 all neighbours foreign,64.46430206298828,8.118334839687355
3889,7,7,2.0,0.0,5139.0,0.0,984.0,0,0,0,2 path,0 no foreign neighbour,66.86859893798828,2.4181372908761345
3890,6,6,2.0,0.0,5139.0,0.0,733.0,1,1,8,2 path,0 no foreign neighbour,65.34140014648438,8.661882988418936
3891,3,3,2.0,0.0,5139.0,0.0,295.0,1,1,2,2 path,0 no foreign neighbour,67.470703125,1.6461480858077842
3892,5,5,3.0,0.0,5139.0,0.6666666666666666,336.0,0,0,3,3+ branch,mixed,64.73400115966797,6.0459292747776505
3893,9,9,2.0,0.0,5139.0,0.5,373.0,1,1,9,2 path,mixed,63.86320114135742,8.737647182277938
3894,3,3,2.0,0.0,5139.0,0.5,295.0,1,1,7,2 path,mixed,66.57109832763672,53.6270374073524
3895,1,1,2.0,0.0,5139.0,0.0,276.0,1,1,2,2 path,0 no foreign neighbour,64.88500213623047,4.625182865531784
3896,3,3,2.0,0.0,5139.0,0.0,295.0,1,1,7,2 path,0 no foreign neighbour,65.99220275878906,28.5964387635007
3897,3,3,2.0,0.0,5139.0,0.5,295.0,1,1,2,2 path,mixed,67.14089965820312,16.30715059320979
3898,3,3,3.0,0.0,5139.0,0.0,295.0,1,1,2,3+ branch,0 no foreign neighbour,66.40280151367188,6.663070332393316
3899,4,4,2.0,0.0,5139.0,0.0,543.0,1,1,2,2 path,0 no foreign neighbour,65.65570068359375,14.664729749460276
3900,8,8,1.0,0.0,5139.0,0.0,452.0,1,0,2,1 tip,0 no foreign neighbour,60.00279998779297,3.4779636922286
3901,2,2,2.0,1.0,5139.0,0.0,234.0,1,1,0,2 path,0 no foreign neighbour,58.81159973144531,7.730110470366986
3902,0,0,2.0,0.0,5139.0,0.5,914.0,1,1,0,2 path,mixed,44.59870147705078,1.0237302669893604
3903,5,5,2.0,0.0,5139.0,0.5,336.0,0,0,3,2 path,mixed,64.96839904785156,12.758127311787966
3904,7,7,3.0,0.0,5139.0,0.6666666666666666,984.0,0,0,9,3+ branch,mixed,66.01809692382812,3.1377507446829447
3905,1,1,2.0,0.0,5139.0,0.0,276.0,0,0,7,2 path,0 no foreign neighbour,62.474700927734375,8.794618331391364
3906,4,4,2.0,0.0,5139.0,1.0,543.0,1,1,2,2 path,1 all neighbours foreign,66.13639831542969,9.347235978194378
3907,9,9,2.0,0.0,5139.0,0.0,373.0,1,1,8,2 path,0 no foreign neighbour,64.22209930419922,1.7674954535316045
3908,3,3,2.0,0.0,5139.0,0.5,295.0,1,1,2,2 path,mixed,63.33620071411133,2.1221588959001445
3909,7,7,2.0,0.0,5139.0,0.5,984.0,0,0,9,2 path,mixed,65.59149932861328,4.535082508565992
3910,6,6,2.0,0.0,5139.0,0.5,733.0,1,1,8,2 path,mixed,65.0094985961914,22.956945826467805
3911,7,7,2.0,0.0,5139.0,0.0,984.0,0,0,9,2 path,0 no foreign neighbour,65.25140380859375,1.5217454519558895
3912,6,6,4.0,0.0,5139.0,0.0,733.0,1,1,0,3+ branch,0 no foreign neighbour,1.0,3.4642742541918343
3913,6,6,2.0,0.0,5139.0,0.0,733.0,1,1,0,2 path,0 no foreign neighbour,62.1057014465332,3.250921114051213
3914,6,6,2.0,0.0,5139.0,0.0,733.0,1,1,0,2 path,0 no foreign neighbour,51.0901985168457,3.2801263148201127
3915,2,2,2.0,0.0,5139.0,0.0,234.0,1,1,2,2 path,0 no foreign neighbour,63.480098724365234,2.261510912356636
3916,8,8,2.0,0.0,5139.0,0.0,452.0,1,1,6,2 path,0 no foreign neighbour,135.53199768066406,4.896840770566755
3917,7,7,2.0,0.0,5139.0,0.5,984.0,0,0,9,2 path,mixed,65.22989654541016,1.3611136734139944
3918,3,3,4.0,0.0,5139.0,0.75,295.0,1,1,5,3+ branch,mixed,8.0,5.562799922676692
3919,9,9,2.0,0.0,5139.0,0.0,373.0,1,1,8,2 path,0 no foreign neighbour,64.37760162353516,6.926332598719074
3920,1,1,2.0,0.0,5139.0,0.0,276.0,0,0,7,2 path,0 no foreign neighbour,63.97850036621094,3.6794506461835645
3921,8,8,2.0,0.0,5139.0,0.0,452.0,1,1,8,2 path,0 no foreign neighbour,63.9474983215332,11.392709669051888
3922,8,8,2.0,0.0,5139.0,0.0,452.0,1,0,8,2 path,0 no foreign neighbour,65.27639770507812,13.541397996699885
3923,7,7,2.0,0.0,5139.0,0.0,984.0,0,0,9,2 path,0 no foreign neighbour,65.38390350341797,12.08729800182159
3924,7,7,2.0,0.0,5139.0,0.5,984.0,0,0,9,2 path,mixed,65.47650146484375,4.685273468313296
3925,5,5,1.0,0.0,5139.0,0.0,336.0,1,1,9,1 tip,0 no foreign neighbour,63.56560134887695,8.473958383406579
3926,4,4,4.0,0.0,5139.0,0.5,543.0,1,1,5,3+ branch,mixed,1.0,1.8819324795738643
3927,3,3,2.0,0.0,5139.0,0.0,295.0,1,1,2,2 path,0 no foreign neighbour,67.26380157470703,5.574423827204178
3928,6,6,2.0,0.0,5139.0,1.0,733.0,1,1,0,2 path,1 all neighbours foreign,58.192901611328125,3.2832354355872826
3929,1,1,2.0,0.0,5139.0,0.0,276.0,0,0,7,2 path,0 no foreign neighbour,65.01110076904297,9.322497699169476
3930,7,7,2.0,0.0,5139.0,0.5,984.0,0,0,9,2 path,mixed,65.4823989868164,1.7637030736119172
3931,6,6,2.0,0.0,5139.0,1.0,733.0,1,1,9,2 path,1 all neighbours foreign,64.7113037109375,5.069692122225654
3932,9,9,3.0,0.3333333432674408,5139.0,0.0,373.0,1,1,0,3+ branch,0 no foreign neighbour,64.96929931640625,1.1864869163968716
3933,5,5,3.0,0.0,5139.0,0.3333333333333333,336.0,0,0,3,3+ branch,mixed,63.416099548339844,18.24193253806189
3934,6,6,1.0,0.0,5139.0,0.0,733.0,1,1,8,1 tip,0 no foreign neighbour,63.6879997253418,2.156101336728662
3935,7,7,2.0,0.0,5139.0,0.5,984.0,0,0,9,2 path,mixed,64.45120239257812,1.8393484076038251
3936,6,6,3.0,0.0,5139.0,0.6666666666666666,733.0,1,1,8,3+ branch,mixed,65.58889770507812,12.968573817964986
3937,8,8,2.0,0.0,5139.0,0.5,452.0,1,0,2,2 path,mixed,64.36669921875,9.947915840204969
3938,8,8,2.0,0.0,5139.0,0.0,452.0,1,1,2,2 path,0 no foreign neighbour,63.667301177978516,8.925201088431152
3939,9,9,1.0,0.0,5139.0,0.0,373.0,1,1,8,1 tip,0 no foreign neighbour,63.116798400878906,10.834342570126354
3940,7,7,2.0,0.0,5139.0,0.0,984.0,0,0,9,2 path,0 no foreign neighbour,63.96649932861328,4.5154996057455365
3941,7,7,2.0,0.0,5139.0,1.0,984.0,0,0,9,2 path,1 all neighbours foreign,66.47930145263672,1.3763823218262685
3942,9,9,2.0,0.0,5139.0,0.0,373.0,1,1,5,2 path,0 no foreign neighbour,60.353599548339844,2.880482318266669
3943,6,6,2.0,0.0,5139.0,1.0,733.0,1,1,8,2 path,1 all neighbours foreign,65.42780303955078,4.574295633217487
3944,2,2,3.0,0.0,5139.0,0.3333333333333333,234.0,1,1,0,3+ branch,mixed,112.73400115966797,7.667999452255838
3945,7,7,2.0,0.0,5139.0,0.0,984.0,0,0,8,2 path,0 no foreign neighbour,64.01360321044922,11.710634514601288
3946,9,9,2.0,0.0,5139.0,0.5,373.0,1,1,9,2 path,mixed,64.10440063476562,2.640330914703554
3947,4,4,3.0,0.0,5139.0,0.3333333333333333,543.0,1,1,2,3+ branch,mixed,66.60859680175781,4.884072137691698
3948,2,2,2.0,0.0,5139.0,0.0,234.0,1,1,8,2 path,0 no foreign neighbour,64.28410339355469,1.9879419630013273
3949,5,5,4.0,0.0,5139.0,0.25,336.0,1,1,9,3+ branch,mixed,190.26699829101562,10.25858128252333
3950,7,7,2.0,0.0,5139.0,0.5,984.0,0,0,8,2 path,mixed,65.10130310058594,15.37171508177522
3951,9,9,2.0,0.0,5139.0,0.0,373.0,1,1,8,2 path,0 no foreign neighbour,64.4218978881836,16.291859125520112
3952,3,3,3.0,0.0,5139.0,0.0,295.0,1,1,0,3+ branch,0 no foreign neighbour,74.19860076904297,5.508188189261374
3953,6,6,2.0,0.0,5139.0,0.0,733.0,1,1,9,2 path,0 no foreign neighbour,64.34700012207031,4.462321127079629
3954,9,9,2.0,0.0,5139.0,0.0,373.0,1,1,8,2 path,0 no foreign neighbour,64.98889923095703,20.71045853677935
3955,8,8,2.0,0.0,5139.0,0.0,452.0,1,0,8,2 path,0 no foreign neighbour,65.2760009765625,30.251810652701973
3956,8,8,3.0,0.0,5139.0,0.3333333333333333,452.0,1,1,4,3+ branch,mixed,286.06201171875,4.891882497582229
3957,5,5,2.0,0.0,5139.0,0.0,336.0,1,1,9,2 path,0 no foreign neighbour,62.54180145263672,2.4217682827008504
3958,3,3,3.0,0.0,5139.0,0.0,295.0,1,1,6,3+ branch,0 no foreign neighbour,85.92410278320312,5.541840781792001
3959,0,0,4.0,0.0,5139.0,0.75,914.0,1,1,9,3+ branch,mixed,1.0,1.0856704611197592
3960,6,6,2.0,0.0,5139.0,0.5,733.0,1,1,9,2 path,mixed,65.88169860839844,3.070609921334829
3961,9,9,2.0,0.0,5139.0,0.5,373.0,1,1,8,2 path,mixed,64.68280029296875,9.553253781170326
3962,5,5,2.0,0.0,5139.0,0.5,336.0,0,0,3,2 path,mixed,66.21759796142578,9.475145050329841
3963,7,7,2.0,0.0,5139.0,1.0,984.0,0,0,8,2 path,1 all neighbours foreign,65.53890228271484,1.910598037635195
3964,0,0,3.0,0.0,5139.0,0.6666666666666666,914.0,0,0,5,3+ branch,mixed,2.7451000213623047,1.071376964770061
3965,0,0,3.0,0.0,5139.0,0.6666666666666666,914.0,1,0,0,3+ branch,mixed,11.114800453186035,1.072284765355091
3966,7,7,3.0,0.0,5139.0,0.3333333333333333,984.0,1,1,5,3+ branch,mixed,1.0,2.84664683062985
3967,0,0,3.0,0.0,5139.0,0.3333333333333333,914.0,0,0,6,3+ branch,mixed,1.0,1.0771645458632542
3968,0,0,3.0,0.0,5139.0,0.3333333333333333,914.0,1,1,8,3+ branch,mixed,1.0,1.0779306909034256
3969,0,0,3.0,0.0,5139.0,0.6666666666666666,914.0,0,0,5,3+ branch,mixed,1.0,1.0779306909034256
3970,7,7,2.0,0.0,5139.0,0.5,984.0,0,0,9,2 path,mixed,64.87770080566406,4.149453437523251
3971,7,7,4.0,0.0,5139.0,0.0,984.0,1,0,6,3+ branch,0 no foreign neighbour,1.0,2.8456919166304937
3972,7,7,4.0,0.0,5139.0,0.0,984.0,1,1,6,3+ branch,0 no foreign neighbour,381.6820068359375,2.6784193613879985
3973,0,0,4.0,0.0,5139.0,0.75,914.0,0,0,5,3+ branch,mixed,1.0,1.0774052195390325
3974,6,6,3.0,0.0,5139.0,0.0,733.0,1,1,5,3+ branch,0 no foreign neighbour,1.0,3.4537672770927834
3975,6,6,3.0,0.0,5139.0,0.0,733.0,1,1,0,3+ branch,0 no foreign neighbour,1.0,3.457941371094037
3976,5,5,3.0,0.0,5139.0,0.0,336.0,1,1,0,3+ branch,0 no foreign neighbour,29.9773006439209,10.911240699631113
3977,0,0,4.0,0.0,5139.0,1.0,914.0,1,0,0,3+ branch,1 all neighbours foreign,1.0,1.0736695698532277
3978,8,8,3.0,0.0,5139.0,0.3333333333333333,452.0,1,1,0,3+ branch,mixed,59.49409866333008,4.908487226579561
3979,3,3,4.0,0.0,5139.0,0.0,295.0,1,1,6,3+ branch,0 no foreign neighbour,97.44439697265625,5.510799486552084
3980,8,8,4.0,0.0,5139.0,0.0,452.0,1,1,0,3+ branch,0 no foreign neighbour,16.479999542236328,4.920613337821178
3981,8,8,3.0,0.0,5139.0,0.0,452.0,1,0,6,3+ branch,0 no foreign neighbour,121.33999633789062,4.918093062347094
3982,0,0,2.0,0.0,5139.0,0.0,914.0,0,0,6,2 path,0 no foreign neighbour,126.62000274658203,1.0550648717203437
3983,9,9,3.0,0.0,5139.0,0.0,373.0,1,1,6,3+ branch,0 no foreign neighbour,95.57890319824219,3.7028407398024257
3984,9,9,1.0,0.0,5139.0,0.0,373.0,1,1,0,1 tip,0 no foreign neighbour,35.45050048828125,3.708909766889294
3985,2,2,2.0,0.0,5139.0,0.0,234.0,1,1,8,2 path,0 no foreign neighbour,64.83329772949219,8.195847136940959
3986,2,2,3.0,0.0,5139.0,0.0,234.0,1,1,0,3+ branch,0 no foreign neighbour,69.86360168457031,8.206546185794364
3987,2,2,4.0,0.0,5139.0,0.0,234.0,1,1,0,3+ branch,0 no foreign neighbour,54.0,8.20450250165322
3988,0,0,3.0,0.0,5139.0,0.6666666666666666,914.0,1,1,0,3+ branch,mixed,1.0,1.0831805520613695
3989,3,3,3.0,0.0,5139.0,0.3333333333333333,295.0,1,1,6,3+ branch,mixed,140.84100341796875,5.52675720556732
3990,6,6,3.0,0.0,5139.0,1.0,733.0,0,0,4,3+ branch,1 all neighbours foreign,224.5540008544922,3.4477711084005627
3991,7,7,3.0,0.0,5139.0,1.0,984.0,1,1,4,3+ branch,1 all neighbours foreign,247.68800354003906,2.820085538363909
3992,8,8,3.0,0.0,5139.0,0.0,452.0,1,1,0,3+ branch,0 no foreign neighbour,28.435300827026367,4.921143320495633
3993,0,0,3.0,0.0,5139.0,0.3333333333333333,914.0,1,0,0,3+ branch,mixed,77.4749984741211,1.0442636673268775
3994,0,0,3.0,0.0,5139.0,0.0,914.0,0,0,6,3+ branch,0 no foreign neighbour,104.18199920654297,1.010337244830242
3995,0,0,3.0,0.0,5139.0,0.3333333333333333,914.0,1,0,0,3+ branch,mixed,6.786890029907227,1.068857036399668
3996,0,0,3.0,0.0,5139.0,0.0,914.0,1,0,0,3+ branch,0 no foreign neighbour,1.0,1.0701235622188294
3997,0,0,4.0,0.0,5139.0,0.5,914.0,1,0,0,3+ branch,mixed,1.0,1.069013824475189
3998,0,0,2.0,0.0,5139.0,0.0,914.0,0,0,5,2 path,0 no foreign neighbour,1.7200000286102295,1.0678229140527522
3999,0,0,4.0,0.0,5139.0,0.25,914.0,0,0,5,3+ branch,mixed,1.0,1.0682312539604337
4000,0,0,3.0,0.0,5139.0,0.0,914.0,1,0,8,3+ branch,0 no foreign neighbour,1.0,1.0676380986496872
4001,0,0,3.0,0.0,5139.0,0.3333333333333333,914.0,1,0,0,3+ branch,mixed,69.85440063476562,1.0490175852780557
4002,4,4,4.0,0.0,5139.0,0.75,543.0,1,1,6,3+ branch,mixed,143.60299682617188,1.8104771069673178
4003,8,8,3.0,0.0,5139.0,0.3333333333333333,452.0,1,1,6,3+ branch,mixed,86.54789733886719,4.916313189035726
4004,8,8,3.0,0.0,5139.0,0.0,452.0,1,1,5,3+ branch,0 no foreign neighbour,17.125,4.924314556605869
4005,8,8,3.0,0.0,5139.0,0.0,452.0,1,1,5,3+ branch,0 no foreign neighbour,13.494400024414062,4.909277789323621
4006,8,8,3.0,0.0,5139.0,0.3333333333333333,452.0,1,1,0,3+ branch,mixed,71.69719696044922,4.898616767473903
4007,4,4,3.0,0.0,5139.0,0.6666666666666666,543.0,1,1,6,3+ branch,mixed,127.03500366210938,1.8167421365976337
4008,6,6,4.0,0.0,5139.0,0.75,733.0,1,1,6,3+ branch,mixed,166.03599548339844,3.4482030973990874
4009,7,7,3.0,0.0,5139.0,0.3333333333333333,984.0,0,0,0,3+ branch,mixed,100.66200256347656,2.8361310313010266
4010,7,7,3.0,0.0,5139.0,0.3333333333333333,984.0,1,0,6,3+ branch,mixed,186.4969940185547,2.804868348181105
4011,0,0,3.0,0.0,5139.0,1.0,914.0,1,1,0,3+ branch,1 all neighbours foreign,20.11479949951172,1.0721036558534196
4012,8,8,4.0,0.0,5139.0,0.25,452.0,1,1,6,3+ branch,mixed,97.98650360107422,4.914656237718946
4013,8,8,2.0,0.0,5139.0,0.5,452.0,1,0,6,2 path,mixed,137.5749969482422,4.8904583329526945
4014,8,8,4.0,0.0,5139.0,0.0,452.0,1,1,6,3+ branch,0 no foreign neighbour,176.875,4.78771260819374
4015,8,8,3.0,0.0,5139.0,0.0,452.0,1,1,6,3+ branch,0 no foreign neighbour,143.30499267578125,4.921595308638897
4016,0,0,3.0,0.0,5139.0,0.0,914.0,1,0,0,3+ branch,0 no foreign neighbour,8.577460289001465,1.082874154657672
4017,0,0,3.0,0.0,5139.0,0.3333333333333333,914.0,1,0,0,3+ branch,mixed,43.75279998779297,1.0743612036475578
4018,4,4,2.0,0.0,5139.0,0.5,543.0,1,1,0,2 path,mixed,75.85230255126953,1.858669505110073
4019,4,4,4.0,0.0,5139.0,0.5,543.0,1,1,6,3+ branch,mixed,168.06900024414062,1.7799383945091887
4020,0,0,3.0,0.0,5139.0,1.0,914.0,0,0,6,3+ branch,1 all neighbours foreign,23.147499084472656,1.073245775279197
4021,7,7,2.0,0.0,5139.0,0.0,984.0,0,0,0,2 path,0 no foreign neighbour,63.76639938354492,1.7701932319651208
4022,7,7,2.0,0.0,5139.0,1.0,984.0,0,0,8,2 path,1 all neighbours foreign,68.00849914550781,0.9215197954094609
4023,7,7,2.0,0.0,5139.0,0.5,984.0,0,0,0,2 path,mixed,65.60169982910156,2.3797212846260853
4024,6,6,2.0,0.0,5139.0,0.5,733.0,1,1,8,2 path,mixed,64.94380187988281,2.2294791902906015
4025,6,6,2.0,0.0,5139.0,1.0,733.0,1,1,9,2 path,1 all neighbours foreign,58.28860092163086,3.093138213871524
4026,0,0,4.0,0.0,5139.0,0.0,914.0,0,0,6,3+ branch,0 no foreign neighbour,128.31700134277344,0.45593095243437165
4027,4,4,2.0,0.0,5139.0,0.5,543.0,1,1,7,2 path,mixed,66.3311996459961,32.96088174990131
4028,6,6,2.0,0.0,5139.0,0.0,733.0,1,1,9,2 path,0 no foreign neighbour,66.32060241699219,2.3182139412808946
4029,5,5,2.0,0.0,5139.0,0.5,336.0,0,0,3,2 path,mixed,64.2029037475586,15.912335421204066
4030,9,9,2.0,0.0,5139.0,0.0,373.0,1,1,9,2 path,0 no foreign neighbour,64.07569885253906,13.603108460668597
4031,6,6,2.0,0.0,5139.0,1.0,733.0,1,1,9,2 path,1 all neighbours foreign,66.15409851074219,1.3770933427814056
4032,5,5,2.0,0.0,5139.0,0.0,336.0,0,0,3,2 path,0 no foreign neighbour,64.42030334472656,30.46310329490594
4033,0,0,2.0,0.0,5139.0,0.0,914.0,1,0,0,2 path,0 no foreign neighbour,60.93579864501953,0.7232381016377302
4034,7,7,2.0,0.0,5139.0,0.0,984.0,0,0,8,2 path,0 no foreign neighbour,65.10199737548828,34.48261465841201
4035,8,8,2.0,0.0,5139.0,0.0,452.0,1,0,2,2 path,0 no foreign neighbour,64.94080352783203,4.961877991885698
4036,6,6,2.0,0.0,5139.0,0.0,733.0,1,1,9,2 path,0 no foreign neighbour,61.95330047607422,1.9200122907863681
4037,6,6,2.0,0.0,5139.0,0.5,733.0,1,1,8,2 path,mixed,66.17479705810547,4.401081339945159
4038,7,7,4.0,0.0,5139.0,0.25,984.0,1,1,2,3+ branch,mixed,66.0740966796875,4.419645311877329
4039,8,8,2.0,0.0,5139.0,1.0,452.0,1,1,2,2 path,1 all neighbours foreign,62.53089904785156,6.919801242784498
4040,3,3,2.0,0.0,5139.0,0.0,295.0,1,1,2,2 path,0 no foreign neighbour,69.8407974243164,4.971307287118452
4041,2,2,1.0,0.0,5139.0,0.0,234.0,1,1,2,1 tip,0 no foreign neighbour,64.59960174560547,6.340533221927086
4042,3,3,2.0,0.0,5139.0,0.5,295.0,1,1,2,2 path,mixed,67.17320251464844,1.2193804599001792
4043,9,9,2.0,0.0,5139.0,0.0,373.0,1,1,0,2 path,0 no foreign neighbour,63.31010055541992,3.381219560719387
4044,5,5,2.0,0.0,5139.0,0.0,336.0,0,0,3,2 path,0 no foreign neighbour,65.99669647216797,4.181943193023699
4045,8,8,2.0,0.0,5139.0,1.0,452.0,1,1,8,2 path,1 all neighbours foreign,64.55509948730469,16.53847276076228
4046,8,8,2.0,0.0,5139.0,0.0,452.0,1,0,2,2 path,0 no foreign neighbour,64.78410339355469,42.80787642043942
4047,9,9,2.0,0.0,5139.0,0.0,373.0,1,1,9,2 path,0 no foreign neighbour,63.2422981262207,1.685977835669562
4048,7,7,2.0,0.0,5139.0,1.0,984.0,0,0,9,2 path,1 all neighbours foreign,68.53720092773438,0.8110034406361767
4049,8,8,2.0,0.0,5139.0,0.5,452.0,1,1,8,2 path,mixed,64.83709716796875,15.52661156778681
4050,7,7,3.0,0.0,5139.0,0.6666666666666666,984.0,0,0,9,3+ branch,mixed,64.13970184326172,2.8615729861804295
4051,9,9,2.0,0.0,5139.0,0.0,373.0,1,1,9,2 path,0 no foreign neighbour,66.20249938964844,0.8661786040765579
4052,6,6,2.0,0.0,5139.0,0.5,733.0,1,1,8,2 path,mixed,65.7300033569336,37.188853109076724
4053,6,6,2.0,0.0,5139.0,1.0,733.0,1,1,9,2 path,1 all neighbours foreign,65.8855972290039,0.8276251405949883
4054,7,7,2.0,0.0,5139.0,1.0,984.0,0,0,8,2 path,1 all neighbours foreign,65.35250091552734,24.79020618087077
4055,6,6,2.0,0.0,5139.0,0.0,733.0,1,1,8,2 path,0 no foreign neighbour,63.74169921875,2.011276515681447
4056,7,7,2.0,0.0,5139.0,0.5,984.0,0,0,9,2 path,mixed,67.0873031616211,1.35738428250339
4057,6,6,2.0,0.0,5139.0,0.5,733.0,1,1,8,2 path,mixed,65.15149688720703,9.622842591534319
4058,7,7,2.0,0.0,5139.0,1.0,984.0,0,0,9,2 path,1 all neighbours foreign,67.660400390625,2.2917415959530545
4059,3,3,2.0,0.0,5139.0,0.0,295.0,1,1,2,2 path,0 no foreign neighbour,66.22339630126953,8.435312468241085
4060,7,7,2.0,0.0,5139.0,0.0,984.0,0,0,8,2 path,0 no foreign neighbour,66.05139923095703,41.69390544786171
4061,7,7,3.0,0.0,5139.0,0.6666666666666666,984.0,1,0,2,3+ branch,mixed,62.897300720214844,2.571967755947728
4062,7,7,2.0,0.0,5139.0,1.0,984.0,0,0,9,2 path,1 all neighbours foreign,64.52559661865234,1.2533097931118329
4063,9,9,2.0,0.0,5139.0,0.0,373.0,1,1,8,2 path,0 no foreign neighbour,63.42610168457031,7.0856679209767695
4064,6,6,2.0,0.0,5139.0,0.5,733.0,1,1,5,2 path,mixed,65.03050231933594,14.32167036553701
4065,6,6,2.0,0.0,5139.0,0.5,733.0,1,1,8,2 path,mixed,66.09400177001953,40.042129262586975
4066,9,9,2.0,0.0,5139.0,0.5,373.0,1,1,9,2 path,mixed,62.89929962158203,1.380938811473883
4067,4,4,2.0,0.0,5139.0,0.5,543.0,1,1,2,2 path,mixed,67.19989776611328,1.0848978980194104
4068,7,7,2.0,0.0,5139.0,0.5,984.0,0,0,9,2 path,mixed,66.0427017211914,1.912291590409144
4069,3,3,2.0,0.0,5139.0,0.0,295.0,1,1,2,2 path,0 no foreign neighbour,65.95700073242188,32.42678956361582
4070,6,6,2.0,0.0,5139.0,0.5,733.0,1,1,8,2 path,mixed,64.01750183105469,17.350628571329207
4071,8,8,2.0,0.0,5139.0,0.0,452.0,1,1,2,2 path,0 no foreign neighbour,62.04790115356445,2.608479414862341
4072,3,3,2.0,0.0,5139.0,0.0,295.0,1,1,8,2 path,0 no foreign neighbour,66.73799896240234,33.42784593449897
4073,9,9,2.0,0.0,5139.0,0.0,373.0,1,1,9,2 path,0 no foreign neighbour,63.604000091552734,15.476489755110109
4074,6,6,2.0,0.0,5139.0,0.0,733.0,1,1,8,2 path,0 no foreign neighbour,65.39649963378906,14.028799647729894
4075,7,7,2.0,0.0,5139.0,0.5,984.0,0,0,9,2 path,mixed,66.97239685058594,17.700749782641843
4076,5,5,2.0,0.0,5139.0,0.5,336.0,0,0,3,2 path,mixed,63.38859939575195,10.55466382298777
4077,7,7,2.0,0.0,5139.0,0.0,984.0,0,0,9,2 path,0 no foreign neighbour,64.23780059814453,6.600178281133713
4078,7,7,3.0,0.0,5139.0,0.0,984.0,0,0,0,3+ branch,0 no foreign neighbour,59.29349899291992,2.4574995254322096
4079,8,8,2.0,0.0,5139.0,0.5,452.0,1,1,2,2 path,mixed,65.49849700927734,1.1295402156988845
4080,6,6,2.0,0.0,5139.0,0.5,733.0,1,1,8,2 path,mixed,64.17949676513672,12.779201533299275
4081,7,7,2.0,0.0,5139.0,0.5,984.0,0,0,9,2 path,mixed,65.14810180664062,0.951068900471264
4082,7,7,2.0,0.0,5139.0,0.5,984.0,0,0,8,2 path,mixed,65.93949890136719,10.340119517399572
4083,6,6,2.0,0.0,5139.0,0.5,733.0,1,1,9,2 path,mixed,66.24960327148438,3.1608118574634916
4084,1,1,2.0,0.0,5139.0,0.0,276.0,0,0,7,2 path,0 no foreign neighbour,63.58789825439453,7.704611979799491
4085,7,7,2.0,0.0,5139.0,0.0,984.0,0,0,9,2 path,0 no foreign neighbour,67.33390045166016,5.763912531273564
4086,5,5,2.0,0.0,5139.0,0.0,336.0,0,0,1,2 path,0 no foreign neighbour,64.97930145263672,14.177341103162933
4087,7,7,1.0,0.0,5139.0,0.0,984.0,0,0,8,1 tip,0 no foreign neighbour,65.552001953125,2.1680632301084155
4088,6,6,2.0,0.0,5139.0,0.5,733.0,1,1,9,2 path,mixed,63.841800689697266,1.5102851420414998
4089,9,9,2.0,0.0,5139.0,0.0,373.0,1,1,8,2 path,0 no foreign neighbour,64.67050170898438,5.1828186354539145
4090,6,6,2.0,0.0,5139.0,0.0,733.0,1,1,9,2 path,0 no foreign neighbour,64.00420379638672,0.946813276111326
4091,7,7,2.0,0.0,5139.0,0.5,984.0,0,0,8,2 path,mixed,65.49700164794922,27.377373595080673
4092,7,7,1.0,0.0,5139.0,1.0,984.0,0,0,9,1 tip,1 all neighbours foreign,62.07979965209961,1.2037394224074336
4093,8,8,2.0,0.0,5139.0,0.5,452.0,1,1,8,2 path,mixed,65.7509994506836,6.054661796318371
4094,7,7,3.0,0.0,5139.0,0.6666666666666666,984.0,0,0,9,3+ branch,mixed,66.56500244140625,7.244069028933602
4095,6,6,2.0,0.0,5139.0,1.0,733.0,1,1,9,2 path,1 all neighbours foreign,64.22470092773438,1.8325951014527402
4096,7,7,2.0,0.0,5139.0,0.0,984.0,0,0,8,2 path,0 no foreign neighbour,63.05009841918945,1.0140760132923605
4097,9,9,2.0,0.0,5139.0,0.0,373.0,1,1,8,2 path,0 no foreign neighbour,64.36799621582031,40.61775995413951
4098,7,7,2.0,0.0,5139.0,1.0,984.0,0,0,9,2 path,1 all neighbours foreign,65.42030334472656,1.324421256497513
4099,3,3,3.0,0.0,5139.0,0.0,295.0,1,1,8,3+ branch,0 no foreign neighbour,66.91000366210938,20.021063649703677
4100,7,7,2.0,0.0,5139.0,0.5,984.0,0,0,8,2 path,mixed,66.5895004272461,23.919936703920772
4101,5,5,2.0,0.0,5139.0,0.0,336.0,0,0,1,2 path,0 no foreign neighbour,64.3501968383789,25.21112560701231
4102,7,7,2.0,0.0,5139.0,1.0,984.0,0,0,9,2 path,1 all neighbours foreign,64.74490356445312,1.3768211446241834
4103,8,8,2.0,0.0,5139.0,0.0,452.0,1,0,8,2 path,0 no foreign neighbour,64.5479965209961,51.91422902491199
4104,7,7,2.0,0.0,5139.0,0.0,984.0,0,0,0,2 path,0 no foreign neighbour,69.45780181884766,1.6822593545306852
4105,5,5,1.0,0.0,5139.0,0.0,336.0,0,0,3,1 tip,0 no foreign neighbour,62.1797981262207,7.947187757579506
4106,7,7,2.0,0.0,5139.0,1.0,984.0,0,0,8,2 path,1 all neighbours foreign,65.63619995117188,18.47215444157136
4107,8,8,2.0,0.0,5139.0,0.0,452.0,1,0,8,2 path,0 no foreign neighbour,66.2509994506836,8.9803781194778
4108,4,4,4.0,0.0,5139.0,0.25,543.0,1,1,4,3+ branch,mixed,303.77301025390625,1.3311933050957805
4109,5,5,2.0,0.0,5139.0,0.5,336.0,0,0,3,2 path,mixed,62.22169876098633,6.148611762125868
4110,7,7,2.0,0.0,5139.0,1.0,984.0,0,0,8,2 path,1 all neighbours foreign,63.69940185546875,7.9900443497435445
4111,6,6,2.0,0.0,5139.0,1.0,733.0,1,1,9,2 path,1 all neighbours foreign,66.68170166015625,0.8218006242937068
4112,7,7,2.0,0.0,5139.0,0.5,984.0,0,0,9,2 path,mixed,66.30370330810547,1.309186017288443
4113,6,6,2.0,0.0,5139.0,0.0,733.0,1,1,8,2 path,0 no foreign neighbour,64.65540313720703,5.268978568793133
4114,8,8,3.0,0.0,5139.0,0.0,452.0,1,1,2,3+ branch,0 no foreign neighbour,61.26539993286133,3.214350704306955
4115,7,7,2.0,0.0,5139.0,0.0,984.0,0,0,8,2 path,0 no foreign neighbour,64.37229919433594,6.806530361487618
4116,2,2,2.0,0.0,5139.0,0.0,234.0,1,1,8,2 path,0 no foreign neighbour,66.96260070800781,1.2784332030480337
4117,9,9,2.0,0.0,5139.0,0.0,373.0,1,1,8,2 path,0 no foreign neighbour,64.03350067138672,55.591204169500884
4118,0,0,2.0,0.0,5139.0,1.0,914.0,0,0,2,2 path,1 all neighbours foreign,63.33570098876953,2.3721256526613934
4119,7,7,3.0,0.0,5139.0,0.0,984.0,0,0,9,3+ branch,0 no foreign neighbour,64.5927963256836,2.212688292151762
4120,8,8,2.0,0.0,5139.0,0.0,452.0,1,0,0,2 path,0 no foreign neighbour,64.11090087890625,4.527499728886163
4121,2,2,2.0,0.0,5139.0,0.5,234.0,1,1,2,2 path,mixed,66.1666030883789,2.996382304170551
4122,6,6,2.0,0.0,5139.0,0.5,733.0,1,1,0,2 path,mixed,61.88479995727539,1.5548934394242888
4123,4,4,2.0,0.0,5139.0,0.5,543.0,1,1,2,2 path,mixed,66.55180358886719,9.740705916025831
4124,3,3,2.0,0.0,5139.0,0.5,295.0,1,1,2,2 path,mixed,65.70819854736328,6.197842488747258
4125,7,7,2.0,0.0,5139.0,0.0,984.0,0,0,9,2 path,0 no foreign neighbour,65.4916000366211,0.7297615546844992
4126,2,2,2.0,0.0,5139.0,0.0,234.0,1,1,8,2 path,0 no foreign neighbour,64.43270111083984,9.037735388251972
4127,5,5,2.0,0.0,5139.0,1.0,336.0,0,0,3,2 path,1 all neighbours foreign,63.81949996948242,6.444491961082006
4128,7,7,2.0,0.0,5139.0,0.0,984.0,0,0,9,2 path,0 no foreign neighbour,64.9176025390625,9.04086097140411
4129,1,1,2.0,0.0,5139.0,0.5,276.0,0,0,7,2 path,mixed,63.83700180053711,13.268127242052167
4130,6,6,2.0,0.0,5139.0,0.0,733.0,1,1,9,2 path,0 no foreign neighbour,65.8823013305664,0.8353028598629639
4131,8,8,2.0,0.0,5139.0,1.0,452.0,1,0,8,2 path,1 all neighbours foreign,66.0270004272461,23.099690028908206
4132,5,5,2.0,0.0,5139.0,0.5,336.0,0,0,3,2 path,mixed,61.93550109863281,7.50830747050061
4133,8,8,2.0,0.0,5139.0,0.0,452.0,1,0,8,2 path,0 no foreign neighbour,64.57640075683594,50.45883750163052
4134,8,8,2.0,0.0,5139.0,0.5,452.0,1,0,2,2 path,mixed,65.86219787597656,42.65198345036871
4135,8,8,2.0,0.0,5139.0,0.0,452.0,1,0,8,2 path,0 no foreign neighbour,65.4220962524414,22.081768622868776
4136,1,1,2.0,0.0,5139.0,0.0,276.0,0,0,7,2 path,0 no foreign neighbour,63.665401458740234,16.136152916050378
4137,3,3,2.0,0.0,5139.0,0.0,295.0,1,1,2,2 path,0 no foreign neighbour,66.3750991821289,20.475087604803406
4138,7,7,2.0,0.0,5139.0,0.0,984.0,0,0,9,2 path,0 no foreign neighbour,64.15119934082031,1.7034984683067833
4139,3,3,2.0,0.0,5139.0,0.0,295.0,1,1,2,2 path,0 no foreign neighbour,64.73079681396484,3.72639762494409
4140,6,6,2.0,0.0,5139.0,1.0,733.0,1,1,9,2 path,1 all neighbours foreign,62.82469940185547,0.8232696505801212
4141,4,4,2.0,0.0,5139.0,0.0,543.0,1,1,2,2 path,0 no foreign neighbour,65.03559875488281,5.028992074780687
4142,3,3,2.0,0.0,5139.0,0.0,295.0,1,1,8,2 path,0 no foreign neighbour,66.50409698486328,6.186591548860632
4143,1,1,3.0,0.0,5139.0,0.0,276.0,0,0,7,3+ branch,0 no foreign neighbour,64.82389831542969,23.32192068052934
4144,3,3,2.0,0.0,5139.0,0.0,295.0,1,1,2,2 path,0 no foreign neighbour,65.36019897460938,8.54873077072053
4145,6,6,2.0,0.0,5139.0,0.5,733.0,1,1,8,2 path,mixed,63.8656005859375,4.342565736980499
4146,4,4,2.0,0.0,5139.0,0.5,543.0,1,1,2,2 path,mixed,66.43769836425781,29.281194606544403
4147,6,6,2.0,0.0,5139.0,0.0,733.0,1,1,8,2 path,0 no foreign neighbour,66.31179809570312,7.608141460182511
4148,6,6,2.0,0.0,5139.0,0.5,733.0,1,1,9,2 path,mixed,64.2936019897461,1.0162190130043243
4149,0,0,2.0,0.0,5139.0,0.0,914.0,0,0,2,2 path,0 no foreign neighbour,66.74590301513672,3.9770575393893512
4150,4,4,2.0,0.0,5139.0,0.0,543.0,1,1,2,2 path,0 no foreign neighbour,65.81379699707031,20.906495403378074
4151,1,1,2.0,0.0,5139.0,0.0,276.0,0,0,7,2 path,0 no foreign neighbour,63.622798919677734,30.499584704684928
4152,7,7,2.0,0.0,5139.0,1.0,984.0,0,0,8,2 path,1 all neighbours foreign,64.510498046875,5.2850233094419865
4153,0,0,2.0,0.0,5139.0,0.0,914.0,1,0,0,2 path,0 no foreign neighbour,66.53829956054688,0.5703363813729238
4154,6,6,2.0,0.0,5139.0,0.5,733.0,1,1,9,2 path,mixed,61.387699127197266,1.4059890964809563
4155,4,4,2.0,0.0,5139.0,0.0,543.0,1,1,2,2 path,0 no foreign neighbour,65.8479995727539,6.395021285761431
4156,5,5,3.0,0.0,5139.0,0.0,336.0,0,0,3,3+ branch,0 no foreign neighbour,65.11499786376953,7.292116193600951
4157,5,5,2.0,0.0,5139.0,0.5,336.0,1,0,9,2 path,mixed,64.0781021118164,4.488559455369659
4158,6,6,2.0,0.0,5139.0,1.0,733.0,1,1,8,2 path,1 all neighbours foreign,65.8042984008789,10.668608567363009
4159,6,6,2.0,0.0,5139.0,0.5,733.0,1,1,9,2 path,mixed,64.5470962524414,1.615746305186943
4160,1,1,1.0,0.0,5139.0,0.0,276.0,1,1,2,1 tip,0 no foreign neighbour,63.847801208496094,1.7916832399665947
4161,7,7,2.0,0.0,5139.0,0.0,984.0,0,0,9,2 path,0 no foreign neighbour,70.2582015991211,1.6509666733549273
4162,3,3,3.0,0.0,5139.0,0.0,295.0,1,1,6,3+ branch,0 no foreign neighbour,113.89600372314453,5.379521130569725
4163,2,2,2.0,0.0,5139.0,0.0,234.0,1,1,8,2 path,0 no foreign neighbour,63.700801849365234,43.539309997149445
4164,5,5,2.0,0.0,5139.0,0.5,336.0,0,0,3,2 path,mixed,62.69380187988281,2.345940776641249
4165,9,9,2.0,0.0,5139.0,0.0,373.0,1,1,6,2 path,0 no foreign neighbour,59.02239990234375,3.5756439082758744
4166,6,6,2.0,0.0,5139.0,0.5,733.0,1,1,8,2 path,mixed,64.64600372314453,12.998179357846587
4167,6,6,2.0,0.0,5139.0,1.0,733.0,1,1,0,2 path,1 all neighbours foreign,65.14219665527344,3.1583536476172682
4168,8,8,2.0,0.0,5139.0,0.0,452.0,1,1,2,2 path,0 no foreign neighbour,65.9729995727539,2.1804391083650088
4169,5,5,3.0,0.0,5139.0,0.3333333333333333,336.0,0,0,3,3+ branch,mixed,64.11849975585938,6.539611698616441
4170,9,9,2.0,0.0,5139.0,0.5,373.0,1,1,8,2 path,mixed,64.04090118408203,30.97535546848551
4171,1,1,2.0,0.0,5139.0,0.5,276.0,0,0,7,2 path,mixed,62.98469924926758,1.0052940562901287
4172,8,8,2.0,0.0,5139.0,1.0,452.0,1,0,8,2 path,1 all neighbours foreign,66.47540283203125,36.84492693094315
4173,7,7,2.0,0.0,5139.0,0.5,984.0,0,0,8,2 path,mixed,65.12190246582031,12.413677858956795
4174,8,8,2.0,0.0,5139.0,0.0,452.0,1,0,8,2 path,0 no foreign neighbour,66.45610046386719,22.116482779607686
4175,7,7,2.0,0.0,5139.0,0.0,984.0,0,0,9,2 path,0 no foreign neighbour,67.04190063476562,7.579140644348532
4176,5,5,3.0,0.0,5139.0,0.3333333333333333,336.0,0,0,1,3+ branch,mixed,64.02159881591797,69.1128787205353
4177,8,8,2.0,0.0,5139.0,0.0,452.0,1,0,8,2 path,0 no foreign neighbour,64.26699829101562,25.569041097152112
4178,7,7,2.0,0.0,5139.0,0.0,984.0,0,0,9,2 path,0 no foreign neighbour,65.3917007446289,5.954245197586976
4179,4,4,2.0,0.0,5139.0,0.5,543.0,1,1,0,2 path,mixed,64.22730255126953,1.0388989947760923
4180,3,3,2.0,0.0,5139.0,0.0,295.0,1,1,2,2 path,0 no foreign neighbour,66.63800048828125,10.674508690876653
4181,7,7,2.0,0.0,5139.0,0.5,984.0,0,0,9,2 path,mixed,65.52429962158203,2.1824281483128822
4182,6,6,2.0,0.0,5139.0,0.5,733.0,1,1,7,2 path,mixed,66.09369659423828,42.5105898410418
4183,8,8,2.0,0.0,5139.0,0.5,452.0,1,1,9,2 path,mixed,61.27690124511719,2.5367728698706147
4184,5,5,2.0,0.0,5139.0,0.0,336.0,0,0,1,2 path,0 no foreign neighbour,63.963401794433594,40.29672172219599
4185,5,5,2.0,0.0,5139.0,0.5,336.0,0,0,1,2 path,mixed,65.02870178222656,15.957257973171828
4186,5,5,2.0,0.0,5139.0,0.0,336.0,0,0,3,2 path,0 no foreign neighbour,65.10469818115234,11.263905305873335
4187,5,5,2.0,0.0,5139.0,0.0,336.0,0,0,1,2 path,0 no foreign neighbour,64.17289733886719,68.65430236658158
4188,7,7,2.0,0.0,5139.0,0.5,984.0,0,0,9,2 path,mixed,65.03399658203125,7.774797531155504
4189,0,0,2.0,0.0,5139.0,0.5,914.0,0,0,2,2 path,mixed,67.12319946289062,7.702109801505792
4190,9,9,2.0,0.0,5139.0,0.0,373.0,1,1,9,2 path,0 no foreign neighbour,63.89039993286133,4.700577162717835
4191,0,0,2.0,0.0,5139.0,0.0,914.0,0,0,2,2 path,0 no foreign neighbour,66.0895004272461,4.997606677768667
4192,2,2,1.0,0.0,5139.0,0.0,234.0,1,1,8,1 tip,0 no foreign neighbour,63.495399475097656,55.41632385670838
4193,3,3,2.0,0.0,5139.0,0.0,295.0,1,1,0,2 path,0 no foreign neighbour,66.93240356445312,4.066665180092312
4194,6,6,3.0,0.0,5139.0,0.6666666666666666,733.0,1,1,5,3+ branch,mixed,65.447998046875,12.436495370360179
4195,8,8,2.0,0.0,5139.0,0.0,452.0,1,0,2,2 path,0 no foreign neighbour,65.06189727783203,49.08587871525745
4196,2,2,2.0,0.0,5139.0,0.5,234.0,1,1,8,2 path,mixed,64.25779724121094,33.868561023842894
4197,8,8,2.0,0.0,5139.0,0.0,452.0,1,0,8,2 path,0 no foreign neighbour,64.93399810791016,26.44488117453379
4198,3,3,2.0,0.0,5139.0,0.5,295.0,1,1,2,2 path,mixed,65.65190124511719,47.574892163461335
4199,6,6,2.0,0.0,5139.0,0.5,733.0,1,1,8,2 path,mixed,66.9175033569336,3.5000938479150436
4200,7,7,2.0,0.0,5139.0,0.5,984.0,0,0,8,2 path,mixed,65.39399719238281,32.521101056322124
4201,9,9,2.0,0.0,5139.0,0.5,373.0,1,1,9,2 path,mixed,64.86309814453125,8.184125459774032
4202,6,6,2.0,0.0,5139.0,0.5,733.0,1,1,8,2 path,mixed,66.72239685058594,4.09952803290598
4203,7,7,2.0,0.0,5139.0,1.0,984.0,0,0,8,2 path,1 all neighbours foreign,65.82060241699219,12.855053459513329
4204,6,6,2.0,0.0,5139.0,1.0,733.0,1,1,8,2 path,1 all neighbours foreign,65.80599975585938,7.91037382797006
4205,1,1,2.0,0.0,5139.0,0.0,276.0,0,0,7,2 path,0 no foreign neighbour,64.18289947509766,16.002803691951016
4206,1,1,2.0,0.0,5139.0,0.0,276.0,0,0,7,2 path,0 no foreign neighbour,64.25240325927734,13.79331144501304
4207,6,6,2.0,0.0,5139.0,1.0,733.0,1,1,8,2 path,1 all neighbours foreign,64.01830291748047,18.578365038917834
4208,3,3,2.0,0.0,5139.0,0.0,295.0,1,1,2,2 path,0 no foreign neighbour,65.73079681396484,9.667502003544413
4209,6,6,2.0,0.0,5139.0,1.0,733.0,1,1,0,2 path,1 all neighbours foreign,66.60890197753906,2.114271258013513
4210,8,8,2.0,0.0,5139.0,0.5,452.0,1,0,2,2 path,mixed,65.00270080566406,11.821759688564107
4211,9,9,2.0,0.0,5139.0,0.0,373.0,1,1,8,2 path,0 no foreign neighbour,64.13700103759766,45.39704541878671
4212,5,5,2.0,0.0,5139.0,0.0,336.0,0,0,3,2 path,0 no foreign neighbour,64.69989776611328,35.36396727909671
4213,6,6,2.0,0.0,5139.0,0.0,733.0,1,1,9,2 path,0 no foreign neighbour,63.759498596191406,1.1622589362154527
4214,7,7,2.0,0.0,5139.0,0.0,984.0,0,0,8,2 path,0 no foreign neighbour,65.41329956054688,21.23023662235304
4215,7,7,3.0,0.0,5139.0,0.3333333333333333,984.0,0,0,9,3+ branch,mixed,64.86019897460938,3.9908012084877518
4216,1,1,2.0,0.0,5139.0,0.0,276.0,0,0,7,2 path,0 no foreign neighbour,63.96329879760742,23.24636812347777
4217,3,3,2.0,0.0,5139.0,0.5,295.0,1,1,2,2 path,mixed,66.22540283203125,16.515544143355086
4218,1,1,2.0,0.0,5139.0,0.5,276.0,0,0,7,2 path,mixed,64.91780090332031,1.0951062186061151
4219,6,6,2.0,0.0,5139.0,0.5,733.0,1,1,8,2 path,mixed,65.8009033203125,7.746879091093346
4220,9,9,2.0,0.0,5139.0,0.0,373.0,1,1,8,2 path,0 no foreign neighbour,64.84919738769531,16.862376277982495
4221,5,5,2.0,0.0,5139.0,0.5,336.0,0,0,3,2 path,mixed,64.0479965209961,69.80670834708695
4222,3,3,2.0,0.0,5139.0,0.0,295.0,1,1,2,2 path,0 no foreign neighbour,73.82340240478516,5.232724731898445
4223,5,5,2.0,0.0,5139.0,0.0,336.0,0,0,1,2 path,0 no foreign neighbour,63.30550003051758,52.993056763391785
4224,1,1,3.0,0.0,5139.0,0.0,276.0,0,0,7,3+ branch,0 no foreign neighbour,63.76530075073242,37.44195995475933
4225,1,1,2.0,0.0,5139.0,0.5,276.0,0,0,7,2 path,mixed,64.3948974609375,9.019457180182904
4226,6,6,3.0,0.0,5139.0,0.6666666666666666,733.0,1,1,9,3+ branch,mixed,65.73699951171875,2.7947839668732146
4227,6,6,2.0,0.0,5139.0,0.0,733.0,1,1,2,2 path,0 no foreign neighbour,68.65299987792969,2.601773689845885
4228,6,6,2.0,0.0,5139.0,1.0,733.0,1,1,9,2 path,1 all neighbours foreign,65.5551986694336,7.578457175418623
4229,6,6,2.0,0.0,5139.0,0.5,733.0,1,1,9,2 path,mixed,66.15160369873047,8.136879896105986
4230,7,7,2.0,0.0,5139.0,1.0,984.0,0,0,8,2 path,1 all neighbours foreign,64.20429992675781,5.225327551275385
4231,2,2,2.0,0.0,5139.0,0.0,234.0,1,1,8,2 path,0 no foreign neighbour,64.53980255126953,50.869614281502706
4232,5,5,3.0,0.0,5139.0,0.3333333333333333,336.0,0,0,1,3+ branch,mixed,63.685699462890625,64.86078643482404
4233,7,7,2.0,0.0,5139.0,0.5,984.0,1,0,5,2 path,mixed,65.62329864501953,13.093895150619948
4234,3,3,2.0,0.0,5139.0,0.5,295.0,1,1,2,2 path,mixed,66.49839782714844,12.183944123216602
4235,1,1,1.0,0.0,5139.0,0.0,276.0,0,0,7,1 tip,0 no foreign neighbour,63.84239959716797,34.079634003582434
4236,8,8,2.0,0.0,5139.0,0.0,452.0,1,0,8,2 path,0 no foreign neighbour,65.1095962524414,24.111933383191666
4237,5,5,2.0,0.0,5139.0,1.0,336.0,0,0,3,2 path,1 all neighbours foreign,65.18329620361328,11.905827453947989
4238,6,6,2.0,0.0,5139.0,0.5,733.0,1,1,9,2 path,mixed,64.4220962524414,4.904482995020876
4239,6,6,2.0,0.0,5139.0,1.0,733.0,1,1,8,2 path,1 all neighbours foreign,66.11609649658203,28.741285922359562
4240,9,9,2.0,0.0,5139.0,0.0,373.0,1,1,8,2 path,0 no foreign neighbour,63.17829895019531,6.905527492886176
4241,7,7,2.0,0.0,5139.0,0.5,984.0,0,0,0,2 path,mixed,67.39299774169922,0.9967003570719989
4242,5,5,2.0,0.0,5139.0,0.5,336.0,0,0,3,2 path,mixed,65.28820037841797,14.36049398512523
4243,7,7,2.0,0.0,5139.0,1.0,984.0,0,0,8,2 path,1 all neighbours foreign,63.06290054321289,2.0320155938266145
4244,8,8,2.0,0.0,5139.0,0.0,452.0,1,0,2,2 path,0 no foreign neighbour,64.67289733886719,19.965628609323375
4245,3,3,2.0,0.0,5139.0,0.0,295.0,1,1,2,2 path,0 no foreign neighbour,66.44409942626953,1.3713190806294027
4246,7,7,2.0,0.0,5139.0,0.5,984.0,0,0,9,2 path,mixed,65.3833999633789,9.175793517350932
4247,6,6,2.0,0.0,5139.0,0.0,733.0,1,1,8,2 path,0 no foreign neighbour,64.9395980834961,11.423637532011176
4248,1,1,2.0,0.0,5139.0,0.0,276.0,0,0,7,2 path,0 no foreign neighbour,62.904701232910156,7.593518430803097
4249,7,7,2.0,0.0,5139.0,0.5,984.0,0,0,8,2 path,mixed,64.7417984008789,7.878999492895043
4250,3,3,2.0,0.0,5139.0,0.0,295.0,1,1,2,2 path,0 no foreign neighbour,65.7936019897461,6.112421321035041
4251,5,5,2.0,0.0,5139.0,0.0,336.0,0,0,3,2 path,0 no foreign neighbour,64.57340240478516,25.093279979776987
4252,7,7,2.0,0.0,5139.0,0.0,984.0,0,0,8,2 path,0 no foreign neighbour,64.51959991455078,12.63071599467842
4253,9,9,2.0,0.0,5139.0,0.5,373.0,1,1,8,2 path,mixed,64.16010284423828,82.22495972962393
4254,3,3,2.0,0.0,5139.0,0.0,295.0,1,1,2,2 path,0 no foreign neighbour,66.08619689941406,25.214257789713304
4255,6,6,2.0,0.0,5139.0,1.0,733.0,1,1,8,2 path,1 all neighbours foreign,65.3196029663086,11.029013370103764
4256,5,5,2.0,0.0,5139.0,0.5,336.0,0,0,3,2 path,mixed,63.69179916381836,7.867425696015087
4257,7,7,2.0,0.0,5139.0,0.0,984.0,0,0,8,2 path,0 no foreign neighbour,65.70079803466797,18.640251035176593
4258,9,9,2.0,0.0,5139.0,0.0,373.0,1,1,5,2 path,0 no foreign neighbour,64.02999877929688,25.4762019059428
4259,7,7,2.0,0.0,5139.0,0.0,984.0,0,0,8,2 path,0 no foreign neighbour,65.47100067138672,2.199529856771773
4260,6,6,2.0,0.0,5139.0,0.5,733.0,1,1,9,2 path,mixed,65.53700256347656,9.482917384176403
4261,3,3,2.0,0.0,5139.0,1.0,295.0,1,1,7,2 path,1 all neighbours foreign,66.74349975585938,14.138282431842441
4262,5,5,2.0,0.0,5139.0,0.0,336.0,1,0,9,2 path,0 no foreign neighbour,64.54429626464844,20.910986182459666
4263,1,1,2.0,0.0,5139.0,0.5,276.0,0,0,7,2 path,mixed,63.51380157470703,21.79754255603892
4264,5,5,2.0,0.0,5139.0,0.5,336.0,0,0,1,2 path,mixed,62.92890167236328,8.363877954881563
4265,7,7,2.0,0.0,5139.0,0.5,984.0,0,0,8,2 path,mixed,62.83570098876953,0.7878717916516402
4266,8,8,2.0,0.0,5139.0,0.5,452.0,1,0,8,2 path,mixed,64.33889770507812,83.2316220944565
4267,3,3,2.0,0.0,5139.0,0.5,295.0,1,1,7,2 path,mixed,66.36599731445312,61.21212359410509
4268,9,9,2.0,0.0,5139.0,0.0,373.0,1,1,8,2 path,0 no foreign neighbour,64.44719696044922,18.437674867946825
4269,5,5,2.0,0.0,5139.0,0.0,336.0,1,0,9,2 path,0 no foreign neighbour,62.16120147705078,9.477001888912966
4270,1,1,2.0,0.0,5139.0,0.0,276.0,0,0,7,2 path,0 no foreign neighbour,63.85940170288086,20.9686673961906
4271,2,2,2.0,0.0,5139.0,0.0,234.0,1,1,8,2 path,0 no foreign neighbour,64.5457992553711,36.09969331913806
4272,6,6,2.0,0.0,5139.0,0.5,733.0,1,1,8,2 path,mixed,64.31620025634766,13.788048341657193
4273,5,5,2.0,0.0,5139.0,0.0,336.0,0,0,3,2 path,0 no foreign neighbour,63.067100524902344,2.2375981197197015
4274,1,1,2.0,0.0,5139.0,0.0,276.0,1,1,2,2 path,0 no foreign neighbour,63.749000549316406,8.867410279436378
4275,7,7,2.0,0.0,5139.0,0.5,984.0,0,0,8,2 path,mixed,64.78150177001953,2.9300581233842378
4276,6,6,2.0,0.0,5139.0,1.0,733.0,1,1,8,2 path,1 all neighbours foreign,65.2333984375,48.87706444861173
4277,8,8,2.0,0.0,5139.0,0.0,452.0,1,0,8,2 path,0 no foreign neighbour,64.95819854736328,60.70478376360826
4278,6,6,2.0,0.0,5139.0,0.0,733.0,1,1,8,2 path,0 no foreign neighbour,62.29650115966797,1.1236349617834218
4279,8,8,3.0,0.0,5139.0,0.0,452.0,1,0,2,3+ branch,0 no foreign neighbour,66.4301986694336,13.176351564370663
4280,8,8,2.0,0.0,5139.0,0.0,452.0,1,0,2,2 path,0 no foreign neighbour,64.69429779052734,31.641529173079867
4281,1,1,2.0,0.0,5139.0,0.0,276.0,0,0,7,2 path,0 no foreign neighbour,64.28700256347656,19.966605945069354
4282,5,5,2.0,0.0,5139.0,1.0,336.0,0,0,1,2 path,1 all neighbours foreign,64.872802734375,17.279813387895103
4283,6,6,2.0,0.0,5139.0,1.0,733.0,1,1,9,2 path,1 all neighbours foreign,65.27670288085938,12.293835024534904
4284,2,2,2.0,0.0,5139.0,0.5,234.0,1,1,8,2 path,mixed,64.027099609375,67.77000163102325
4285,6,6,2.0,0.0,5139.0,0.5,733.0,1,1,9,2 path,mixed,66.25679779052734,7.031790952061339
4286,5,5,3.0,0.0,5139.0,0.3333333333333333,336.0,0,0,3,3+ branch,mixed,64.13179779052734,6.0077185314822374
4287,9,9,2.0,0.0,5139.0,0.0,373.0,1,1,8,2 path,0 no foreign neighbour,64.78450012207031,31.728974856513062
4288,5,5,2.0,0.0,5139.0,0.5,336.0,0,0,3,2 path,mixed,63.96929931640625,2.2210817264065663
4289,3,3,2.0,0.0,5139.0,0.5,295.0,1,1,7,2 path,mixed,65.97000122070312,14.28791265993515
4290,9,9,3.0,0.0,5139.0,0.0,373.0,1,1,8,3+ branch,0 no foreign neighbour,63.73590087890625,13.767491009727715
4291,3,3,2.0,0.0,5139.0,0.0,295.0,1,1,2,2 path,0 no foreign neighbour,66.4365005493164,9.323606762818292
4292,6,6,2.0,0.0,5139.0,1.0,733.0,1,1,8,2 path,1 all neighbours foreign,68.7571029663086,2.1945156889372135
4293,7,7,2.0,0.0,5139.0,0.5,984.0,0,0,9,2 path,mixed,62.714698791503906,0.8192443177698606
4294,6,6,2.0,0.0,5139.0,0.5,733.0,1,1,8,2 path,mixed,63.485198974609375,1.0193066886627251
4295,2,2,2.0,0.0,5139.0,0.0,234.0,1,1,8,2 path,0 no foreign neighbour,64.29979705810547,13.97941009663345
4296,5,5,2.0,0.0,5139.0,0.5,336.0,0,0,3,2 path,mixed,64.3667984008789,2.44752006373363
4297,7,7,2.0,0.0,5139.0,0.5,984.0,0,0,9,2 path,mixed,63.922000885009766,2.532383361837204
4298,3,3,2.0,0.0,5139.0,0.0,295.0,1,1,2,2 path,0 no foreign neighbour,66.69730377197266,7.632908084769835
4299,7,7,2.0,0.0,5139.0,1.0,984.0,0,0,8,2 path,1 all neighbours foreign,66.4529037475586,14.313557821570443
4300,6,6,2.0,0.0,5139.0,1.0,733.0,1,1,9,2 path,1 all neighbours foreign,65.06610107421875,7.818613527402785
4301,1,1,2.0,0.0,5139.0,0.5,276.0,0,0,7,2 path,mixed,64.35820007324219,16.061891411948523
4302,3,3,2.0,0.0,5139.0,0.5,295.0,1,1,2,2 path,mixed,65.4561996459961,1.9345096641419817
4303,9,9,2.0,0.0,5139.0,0.5,373.0,1,1,9,2 path,mixed,65.0562973022461,1.3637866121023667
4304,2,2,2.0,0.0,5139.0,0.0,234.0,1,1,8,2 path,0 no foreign neighbour,64.41649627685547,152.464990638097
4305,7,7,2.0,0.0,5139.0,0.0,984.0,0,0,8,2 path,0 no foreign neighbour,65.75050354003906,24.601819976328194
4306,6,6,2.0,0.0,5139.0,1.0,733.0,1,1,9,2 path,1 all neighbours foreign,64.60130310058594,1.2049619883955922
4307,6,6,2.0,0.0,5139.0,0.5,733.0,1,1,8,2 path,mixed,66.7146987915039,32.22121305123972
4308,7,7,2.0,0.0,5139.0,0.5,984.0,0,0,8,2 path,mixed,65.33679962158203,34.50689283962742
4309,5,5,2.0,0.0,5139.0,0.5,336.0,0,0,3,2 path,mixed,64.17549896240234,3.6788915129548605
4310,3,3,2.0,0.0,5139.0,0.0,295.0,1,1,2,2 path,0 no foreign neighbour,65.9530029296875,18.30716552662719
4311,5,5,2.0,0.0,5139.0,0.0,336.0,0,0,3,2 path,0 no foreign neighbour,64.14179992675781,10.141878946524802
4312,7,7,2.0,0.0,5139.0,0.5,984.0,0,0,8,2 path,mixed,65.81490325927734,15.375954370568463
4313,2,2,2.0,0.0,5139.0,0.0,234.0,1,1,7,2 path,0 no foreign neighbour,63.731300354003906,153.46539645816623
4314,9,9,2.0,0.0,5139.0,0.0,373.0,1,1,8,2 path,0 no foreign neighbour,64.10250091552734,69.84121489218109
4315,6,6,2.0,0.0,5139.0,0.0,733.0,1,1,8,2 path,0 no foreign neighbour,65.6613998413086,43.116559319894215
4316,1,1,2.0,0.0,5139.0,0.0,276.0,0,0,7,2 path,0 no foreign neighbour,63.219200134277344,4.026826291378059
4317,7,7,3.0,0.0,5139.0,0.3333333333333333,984.0,0,0,9,3+ branch,mixed,65.77050018310547,5.078757934876976
4318,2,2,2.0,0.0,5139.0,0.0,234.0,1,1,0,2 path,0 no foreign neighbour,56.6786994934082,7.799738567657338
4319,5,5,3.0,0.0,5139.0,0.0,336.0,0,0,1,3+ branch,0 no foreign neighbour,64.17579650878906,42.75287974714008
4320,2,2,2.0,0.0,5139.0,0.0,234.0,1,1,8,2 path,0 no foreign neighbour,64.8405990600586,34.256571507218155
4321,6,6,2.0,0.0,5139.0,0.5,733.0,1,1,8,2 path,mixed,64.69029998779297,8.971472434038768
4322,9,9,2.0,0.0,5139.0,0.0,373.0,1,1,8,2 path,0 no foreign neighbour,64.06849670410156,34.30200180336703
4323,0,0,2.0,0.0,5139.0,0.5,914.0,1,0,0,2 path,mixed,65.54920196533203,1.2242152089839982
4324,2,2,2.0,0.0,5139.0,0.0,234.0,1,1,0,2 path,0 no foreign neighbour,60.9364013671875,7.191326044640489
4325,5,5,2.0,0.0,5139.0,0.5,336.0,0,0,3,2 path,mixed,63.879600524902344,2.4376766989342302
4326,7,7,2.0,0.0,5139.0,0.0,984.0,0,0,9,2 path,0 no foreign neighbour,64.39839935302734,0.8501072343328715
4327,7,7,2.0,0.0,5139.0,0.5,984.0,0,0,9,2 path,mixed,65.6865005493164,0.969014905363591
4328,7,7,4.0,0.0,5139.0,0.0,984.0,1,1,6,3+ branch,0 no foreign neighbour,123.0530014038086,2.218609731255153
4329,7,7,2.0,0.0,5139.0,0.5,984.0,0,0,8,2 path,mixed,65.55650329589844,27.09140206330673
4330,8,8,1.0,0.0,5139.0,1.0,452.0,1,0,2,1 tip,1 all neighbours foreign,63.126800537109375,8.3980918431698
4331,8,8,2.0,0.0,5139.0,0.5,452.0,1,0,8,2 path,mixed,65.26920318603516,82.14972130897706
4332,5,5,2.0,0.0,5139.0,0.5,336.0,0,0,1,2 path,mixed,64.36260223388672,71.37705467012
4333,9,9,2.0,0.0,5139.0,0.0,373.0,1,1,8,2 path,0 no foreign neighbour,63.782798767089844,18.497094616420902
4334,7,7,2.0,0.0,5139.0,0.0,984.0,0,0,8,2 path,0 no foreign neighbour,65.51860046386719,33.4148983226365
4335,6,6,2.0,0.0,5139.0,1.0,733.0,1,1,0,2 path,1 all neighbours foreign,72.4833984375,2.6492744942439654
4336,3,3,2.0,0.0,5139.0,0.5,295.0,1,1,2,2 path,mixed,67.3843994140625,25.051003962399076
4337,6,6,2.0,0.0,5139.0,0.0,733.0,1,1,8,2 path,0 no foreign neighbour,65.97799682617188,10.558726018689669
4338,5,5,2.0,0.0,5139.0,0.5,336.0,0,0,1,2 path,mixed,64.10179901123047,53.99198902805453
4339,5,5,2.0,0.0,5139.0,0.5,336.0,0,0,1,2 path,mixed,64.41709899902344,53.26000098005139
4340,6,6,2.0,0.0,5139.0,0.0,733.0,1,1,8,2 path,0 no foreign neighbour,65.40540313720703,9.19701483160048
4341,1,1,2.0,0.0,5139.0,0.0,276.0,1,1,2,2 path,0 no foreign neighbour,63.83610153198242,2.0978026567084447
4342,5,5,2.0,0.0,5139.0,0.0,336.0,0,0,3,2 path,0 no foreign neighbour,62.37480163574219,22.216846778232146
4343,7,7,3.0,0.0,5139.0,0.3333333333333333,984.0,0,0,9,3+ branch,mixed,66.01300048828125,3.0529588386716697
4344,5,5,2.0,0.0,5139.0,0.0,336.0,0,0,3,2 path,0 no foreign neighbour,64.20770263671875,39.16249492719517
4345,4,4,2.0,0.0,5139.0,1.0,543.0,1,1,2,2 path,1 all neighbours foreign,65.99189758300781,8.750268470939984
4346,1,1,2.0,0.0,5139.0,0.0,276.0,0,0,7,2 path,0 no foreign neighbour,64.10590362548828,1.5815647578246992
4347,5,5,3.0,0.0,5139.0,0.0,336.0,0,0,1,3+ branch,0 no foreign neighbour,63.926998138427734,60.765120458577776
4348,8,8,2.0,0.0,5139.0,0.0,452.0,1,1,8,2 path,0 no foreign neighbour,65.2251968383789,11.999400100112886
4349,8,8,3.0,0.3333333432674408,5139.0,0.3333333333333333,452.0,1,1,8,3+ branch,mixed,64.89089965820312,13.932760942634339
4350,3,3,1.0,0.0,5139.0,1.0,295.0,1,1,2,1 tip,1 all neighbours foreign,66.0363998413086,21.610906471041552
4351,5,5,2.0,0.0,5139.0,0.5,336.0,0,0,3,2 path,mixed,64.12210083007812,26.996412941725346
4352,1,1,2.0,0.0,5139.0,0.0,276.0,1,1,2,2 path,0 no foreign neighbour,62.5093994140625,1.7204016074250952
4353,3,3,2.0,0.0,5139.0,0.5,295.0,1,1,2,2 path,mixed,65.96589660644531,14.776280058660925
4354,4,4,1.0,0.0,5139.0,0.0,543.0,1,1,7,1 tip,0 no foreign neighbour,64.64640045166016,6.550982976645502
4355,1,1,2.0,0.0,5139.0,0.0,276.0,0,0,7,2 path,0 no foreign neighbour,65.02960205078125,15.737302464917066
4356,8,8,2.0,0.0,5139.0,0.0,452.0,1,0,2,2 path,0 no foreign neighbour,65.10700225830078,25.536381234485532
4357,0,0,1.0,0.0,5139.0,0.0,914.0,0,0,2,1 tip,0 no foreign neighbour,68.45259857177734,4.599043395899149
4358,5,5,2.0,0.0,5139.0,0.0,336.0,1,1,9,2 path,0 no foreign neighbour,66.16410064697266,5.696319915174629
4359,6,6,3.0,0.0,5139.0,0.3333333333333333,733.0,1,1,9,3+ branch,mixed,64.61329650878906,3.702384406041467
4360,2,2,2.0,0.0,5139.0,0.0,234.0,1,1,8,2 path,0 no foreign neighbour,64.10079956054688,130.57797254914428
4361,8,8,2.0,0.0,5139.0,0.0,452.0,1,0,8,2 path,0 no foreign neighbour,65.60399627685547,30.98846184905479
4362,8,8,2.0,0.0,5139.0,1.0,452.0,1,0,8,2 path,1 all neighbours foreign,64.89019775390625,20.335353022919453
4363,3,3,2.0,0.0,5139.0,1.0,295.0,1,1,8,2 path,1 all neighbours foreign,66.03829956054688,35.72676093039097
4364,9,9,2.0,0.0,5139.0,0.0,373.0,1,1,5,2 path,0 no foreign neighbour,65.18920135498047,13.839227653923782
4365,6,6,2.0,0.0,5139.0,0.0,733.0,1,1,8,2 path,0 no foreign neighbour,65.2603988647461,89.75640446679972
4366,5,5,2.0,0.0,5139.0,0.5,336.0,0,0,3,2 path,mixed,64.32080078125,41.24257031243353
4367,9,9,2.0,0.0,5139.0,0.5,373.0,1,1,9,2 path,mixed,64.64689636230469,3.596166902091296
4368,3,3,2.0,0.0,5139.0,0.0,295.0,1,1,2,2 path,0 no foreign neighbour,65.15370178222656,18.541427438971567
4369,1,1,2.0,0.0,5139.0,0.5,276.0,0,0,7,2 path,mixed,64.22429656982422,65.90245266472712
4370,2,2,2.0,0.0,5139.0,0.0,234.0,1,1,8,2 path,0 no foreign neighbour,64.16670227050781,103.36382467156741
4371,6,6,2.0,0.0,5139.0,0.0,733.0,1,1,9,2 path,0 no foreign neighbour,64.12629699707031,2.364959107174992
4372,7,7,2.0,0.0,5139.0,1.0,984.0,0,0,8,2 path,1 all neighbours foreign,65.4740982055664,25.401562167103904
4373,1,1,2.0,0.0,5139.0,0.0,276.0,0,0,7,2 path,0 no foreign neighbour,63.775001525878906,11.464948576436425
4374,8,8,2.0,0.0,5139.0,0.5,452.0,1,0,7,2 path,mixed,65.27300262451172,23.042111379932354
4375,5,5,2.0,0.0,5139.0,0.0,336.0,1,1,9,2 path,0 no foreign neighbour,63.52949905395508,8.182108061223403
4376,0,0,3.0,0.0,5139.0,0.3333333333333333,914.0,0,0,6,3+ branch,mixed,203.4969940185547,1.017306332597958
4377,6,6,3.0,0.0,5139.0,0.6666666666666666,733.0,1,1,9,3+ branch,mixed,64.94819641113281,5.655432319392373
4378,2,2,2.0,0.0,5139.0,0.0,234.0,1,1,8,2 path,0 no foreign neighbour,64.08180236816406,56.50483833978347
4379,5,5,2.0,0.0,5139.0,0.5,336.0,0,0,3,2 path,mixed,62.54759979248047,3.0532132174386257
4380,1,1,2.0,0.0,5139.0,0.0,276.0,0,0,7,2 path,0 no foreign neighbour,63.34339904785156,18.534744387288864
4381,7,7,2.0,0.0,5139.0,0.5,984.0,0,0,9,2 path,mixed,65.44640350341797,4.5796204687332125
4382,0,0,3.0,0.0,5139.0,0.6666666666666666,914.0,0,0,6,3+ branch,mixed,152.09800720214844,1.0458000979723177
4383,7,7,2.0,0.0,5139.0,0.5,984.0,0,0,9,2 path,mixed,65.31330108642578,2.3965812042895207
4384,1,1,2.0,0.0,5139.0,0.5,276.0,0,0,7,2 path,mixed,63.93980026245117,12.468631280695634
4385,6,6,2.0,0.0,5139.0,0.5,733.0,1,1,8,2 path,mixed,65.63770294189453,21.48056597731432
4386,9,9,2.0,0.0,5139.0,0.0,373.0,1,1,9,2 path,0 no foreign neighbour,62.89970016479492,19.74396142585607
4387,0,0,2.0,0.0,5139.0,0.0,914.0,1,1,9,2 path,0 no foreign neighbour,1.0,1.0844912773867947
4388,7,7,3.0,0.0,5139.0,0.6666666666666666,984.0,1,1,6,3+ branch,mixed,168.20899963378906,2.818298923461898
4389,6,6,2.0,0.0,5139.0,0.5,733.0,1,1,5,2 path,mixed,64.21209716796875,2.098341779879531
4390,0,0,2.0,0.0,5139.0,1.0,914.0,1,0,0,2 path,1 all neighbours foreign,2.9761900901794434,1.0669998504604414
4391,2,2,1.0,0.0,5139.0,0.0,234.0,1,1,7,1 tip,0 no foreign neighbour,64.12129974365234,64.42709619781084
4392,6,6,2.0,0.0,5139.0,0.0,733.0,1,1,0,2 path,0 no foreign neighbour,66.80829620361328,3.119999067156016
4393,6,6,2.0,0.0,5139.0,0.0,733.0,1,1,0,2 path,0 no foreign neighbour,64.231201171875,3.1274732203286715
4394,8,8,2.0,0.0,5139.0,0.0,452.0,1,1,5,2 path,0 no foreign neighbour,5.710840225219727,4.912018069462449
4395,5,5,2.0,0.0,5139.0,0.5,336.0,0,0,3,2 path,mixed,63.90620040893555,27.380601257651158
4396,7,7,2.0,0.0,5139.0,0.5,984.0,0,0,9,2 path,mixed,67.17939758300781,5.204763133145902
4397,6,6,2.0,0.0,5139.0,1.0,733.0,1,1,9,2 path,1 all neighbours foreign,65.40989685058594,5.787040514037793
4398,8,8,2.0,0.0,5139.0,0.5,452.0,1,1,2,2 path,mixed,64.52300262451172,8.880643063349448
4399,0,0,3.0,0.0,5139.0,0.6666666666666666,914.0,1,1,0,3+ branch,mixed,30.779199600219727,1.065293872931977
4400,9,9,2.0,0.0,5139.0,0.0,373.0,1,1,0,2 path,0 no foreign neighbour,62.047000885009766,1.967240185009137
4401,2,2,2.0,0.0,5139.0,0.0,234.0,1,1,0,2 path,0 no foreign neighbour,63.18730163574219,8.05286840387944
4402,2,2,2.0,0.0,5139.0,0.0,234.0,1,1,0,2 path,0 no foreign neighbour,63.291900634765625,8.05921606444801
4403,1,1,2.0,0.0,5139.0,0.0,276.0,1,1,2,2 path,0 no foreign neighbour,66.68309783935547,4.013989776163197
4404,6,6,3.0,0.0,5139.0,0.3333333333333333,733.0,1,1,5,3+ branch,mixed,18.91670036315918,3.446008427969064
4405,2,2,3.0,0.0,5139.0,0.3333333333333333,234.0,1,1,0,3+ branch,mixed,39.1786003112793,8.176148999260581
4406,4,4,3.0,0.0,5139.0,0.0,543.0,1,1,5,3+ branch,0 no foreign neighbour,20.514299392700195,1.8545599783245479
4407,9,9,2.0,0.0,5139.0,0.0,373.0,1,1,0,2 path,0 no foreign neighbour,60.165401458740234,3.5890580634133142
4408,5,5,1.0,0.0,5139.0,0.0,336.0,1,0,9,1 tip,0 no foreign neighbour,62.41360092163086,10.846959655496342
4409,1,1,2.0,0.0,5139.0,0.0,276.0,0,0,7,2 path,0 no foreign neighbour,64.0438003540039,30.16761868825474
4410,3,3,2.0,0.0,5139.0,0.0,295.0,1,1,2,2 path,0 no foreign neighbour,66.16889953613281,5.722345346945355
4411,7,7,2.0,0.0,5139.0,0.5,984.0,0,0,0,2 path,mixed,56.31169891357422,2.7507036988329983
4412,8,8,3.0,0.0,5139.0,0.0,452.0,1,1,6,3+ branch,0 no foreign neighbour,164.7010040283203,4.8441882743980464
4413,7,7,3.0,0.0,5139.0,0.0,984.0,1,1,6,3+ branch,0 no foreign neighbour,121.33100128173828,2.8151427900220174
4414,0,0,2.0,0.0,5139.0,1.0,914.0,0,0,2,2 path,1 all neighbours foreign,56.44729995727539,0.9703297292314027
4415,9,9,2.0,0.0,5139.0,0.0,373.0,1,1,9,2 path,0 no foreign neighbour,63.597801208496094,3.7575787547178385
4416,9,9,2.0,0.0,5139.0,0.0,373.0,1,1,0,2 path,0 no foreign neighbour,45.774200439453125,3.6755862995813375
4417,1,1,2.0,0.0,5139.0,0.0,276.0,1,1,8,2 path,0 no foreign neighbour,4.569230079650879,5.53622468001694
4418,0,0,2.0,0.0,5139.0,0.5,914.0,1,0,0,2 path,mixed,54.67850112915039,0.8844833841611309
4419,6,6,2.0,0.0,5139.0,0.5,733.0,1,1,5,2 path,mixed,63.84960174560547,16.103046886241742
4420,7,7,2.0,0.0,5139.0,0.0,984.0,0,0,8,2 path,0 no foreign neighbour,65.28679656982422,16.4416620804932
4421,7,7,2.0,0.0,5139.0,0.0,984.0,0,0,8,2 path,0 no foreign neighbour,65.10880279541016,18.82469330123133
4422,1,1,2.0,0.0,5139.0,0.0,276.0,1,1,2,2 path,0 no foreign neighbour,64.17620086669922,3.447018126797261
4423,7,7,2.0,0.0,5139.0,0.5,984.0,0,0,9,2 path,mixed,64.77490234375,13.00716110153369
4424,7,7,3.0,0.0,5139.0,0.0,984.0,0,0,8,3+ branch,0 no foreign neighbour,65.44210052490234,1.061714278561462
4425,7,7,2.0,0.0,5139.0,0.5,984.0,0,0,0,2 path,mixed,50.68769836425781,2.6454332584138838
4426,6,6,2.0,0.0,5139.0,0.5,733.0,1,1,0,2 path,mixed,64.6613998413086,3.254111094664651
4427,7,7,2.0,0.0,5139.0,0.0,984.0,0,0,0,2 path,0 no foreign neighbour,60.17900085449219,2.5985162157973765
4428,7,7,2.0,0.0,5139.0,0.0,984.0,0,0,0,2 path,0 no foreign neighbour,56.42290115356445,2.596357350697195
4429,9,9,1.0,0.0,5139.0,0.0,373.0,1,1,0,1 tip,0 no foreign neighbour,44.941200256347656,3.6080389144370333
4430,9,9,2.0,0.0,5139.0,0.5,373.0,1,1,9,2 path,mixed,63.504398345947266,1.4297068809155415
4431,6,6,3.0,0.0,5139.0,0.6666666666666666,733.0,1,1,9,3+ branch,mixed,62.977901458740234,0.972929182135805
4432,7,7,3.0,0.0,5139.0,0.3333333333333333,984.0,0,0,9,3+ branch,mixed,65.84809875488281,1.037757442405435
4433,9,9,2.0,0.0,5139.0,0.0,373.0,1,1,8,2 path,0 no foreign neighbour,47.705101013183594,3.598297508543033
4434,8,8,2.0,0.0,5139.0,0.5,452.0,1,0,7,2 path,mixed,64.5469970703125,73.09548535754539
4435,6,6,2.0,0.0,5139.0,0.5,733.0,1,1,9,2 path,mixed,64.70909881591797,7.313879136941311
4436,7,7,2.0,0.0,5139.0,0.5,984.0,0,0,8,2 path,mixed,65.17630004882812,7.563096764266508
4437,3,3,2.0,0.0,5139.0,1.0,295.0,1,1,2,2 path,1 all neighbours foreign,66.1947021484375,23.829262282838023
4438,0,0,4.0,0.0,5139.0,0.5,914.0,0,0,6,3+ branch,mixed,176.66700744628906,1.057940523277041
4439,5,5,2.0,0.0,5139.0,1.0,336.0,0,0,1,2 path,1 all neighbours foreign,63.32889938354492,62.090112722830945
4440,0,0,2.0,0.0,5139.0,1.0,914.0,0,0,6,2 path,1 all neighbours foreign,158.406005859375,0.9985063343464727
4441,4,4,4.0,0.0,5139.0,1.0,543.0,1,1,0,3+ branch,1 all neighbours foreign,4.944439888000488,1.8644983311438612
4442,9,9,3.0,0.3333333432674408,5139.0,0.3333333333333333,373.0,1,1,5,3+ branch,mixed,6.976739883422852,3.6806219216613174
4443,0,0,2.0,0.0,5139.0,0.5,914.0,1,0,0,2 path,mixed,60.37110137939453,1.0224482439592693
4444,8,8,2.0,0.0,5139.0,0.5,452.0,1,1,0,2 path,mixed,59.18510055541992,4.239611129948459
4445,9,9,5.0,0.0,5139.0,0.0,373.0,1,1,4,3+ branch,0 no foreign neighbour,385.7250061035156,3.080811554958406
4446,7,7,2.0,0.0,5139.0,0.5,984.0,0,0,9,2 path,mixed,65.59729766845703,1.8415957959336609
4447,0,0,2.0,0.0,5139.0,1.0,914.0,0,0,2,2 path,1 all neighbours foreign,77.74829864501953,0.8714257102667127
4448,7,7,2.0,0.0,5139.0,0.0,984.0,0,0,8,2 path,0 no foreign neighbour,65.13629913330078,11.154596279188988
4449,6,6,2.0,0.0,5139.0,1.0,733.0,1,1,8,2 path,1 all neighbours foreign,65.64600372314453,11.082408724242198
4450,1,1,3.0,0.0,5139.0,0.0,276.0,1,1,0,3+ branch,0 no foreign neighbour,34.40850067138672,5.536023607950881
4451,6,6,2.0,0.0,5139.0,1.0,733.0,1,1,0,2 path,1 all neighbours foreign,59.792301177978516,3.2626288646206985
4452,7,7,2.0,0.0,5139.0,0.0,984.0,0,0,9,2 path,0 no foreign neighbour,60.98550033569336,2.65683549684467
4453,7,7,2.0,0.0,5139.0,0.5,984.0,0,0,8,2 path,mixed,65.87930297851562,1.37175410168107
4454,6,6,3.0,0.0,5139.0,0.3333333333333333,733.0,1,1,0,3+ branch,mixed,62.403499603271484,3.0761531367965396
4455,4,4,3.0,0.0,5139.0,0.6666666666666666,543.0,1,1,5,3+ branch,mixed,1.0,1.8686190935135498
4456,3,3,2.0,0.0,5139.0,0.0,295.0,1,1,8,2 path,0 no foreign neighbour,66.52349853515625,10.036148265118836
4457,3,3,2.0,0.0,5139.0,1.0,295.0,1,1,2,2 path,1 all neighbours foreign,66.7708969116211,3.0628123503489397
4458,0,0,2.0,0.0,5139.0,0.0,914.0,1,0,0,2 path,0 no foreign neighbour,62.75339889526367,0.9466788447300518
4459,6,6,2.0,0.0,5139.0,0.5,733.0,1,1,9,2 path,mixed,65.72779846191406,5.090537067511157
4460,3,3,2.0,0.0,5139.0,0.5,295.0,1,1,2,2 path,mixed,65.00469970703125,31.664380272620797
4461,3,3,2.0,0.0,5139.0,1.0,295.0,1,1,2,2 path,1 all neighbours foreign,65.28079986572266,4.240343851989927
4462,3,3,2.0,0.0,5139.0,0.5,295.0,1,1,2,2 path,mixed,64.73079681396484,2.1816520778687725
4463,1,1,2.0,0.0,5139.0,0.0,276.0,0,0,7,2 path,0 no foreign neighbour,64.4301986694336,31.852429603277912
4464,4,4,2.0,0.0,5139.0,0.0,543.0,1,1,0,2 path,0 no foreign neighbour,46.390499114990234,1.8445705575990092
4465,9,9,1.0,0.0,5139.0,0.0,373.0,1,1,9,1 tip,0 no foreign neighbour,37.74420166015625,3.6198076925437817
4466,7,7,2.0,0.0,5139.0,0.5,984.0,1,1,2,2 path,mixed,67.49130249023438,4.730321322034612
4467,6,6,2.0,0.0,5139.0,0.0,733.0,1,1,8,2 path,0 no foreign neighbour,65.0779037475586,20.446450256255666
4468,7,7,2.0,0.0,5139.0,0.0,984.0,0,0,8,2 path,0 no foreign neighbour,65.58499908447266,15.843273195115941
4469,1,1,2.0,0.0,5139.0,0.5,276.0,1,1,0,2 path,mixed,45.32899856567383,5.477450084865186
4470,6,6,2.0,0.0,5139.0,0.5,733.0,1,1,7,2 path,mixed,65.5510025024414,36.08447320870341
4471,5,5,2.0,0.0,5139.0,1.0,336.0,0,0,1,2 path,1 all neighbours foreign,64.14969635009766,34.82786899763207
4472,7,7,2.0,0.0,5139.0,0.5,984.0,0,0,0,2 path,mixed,61.11289978027344,2.462955790464961
4473,6,6,2.0,0.0,5139.0,0.5,733.0,1,1,0,2 path,mixed,60.909698486328125,3.066175972489769
4474,1,1,2.0,0.0,5139.0,0.5,276.0,0,0,7,2 path,mixed,38.803001403808594,5.436672924475217
4475,1,1,2.0,0.0,5139.0,0.5,276.0,0,0,7,2 path,mixed,63.663299560546875,66.33760554954547
4476,0,0,2.0,0.0,5139.0,0.5,914.0,1,1,0,2 path,mixed,22.043500900268555,1.0700751165429097
4477,1,1,2.0,0.0,5139.0,0.0,276.0,0,0,7,2 path,0 no foreign neighbour,64.29000091552734,29.452146384071856
4478,8,8,2.0,0.0,5139.0,0.5,452.0,1,0,8,2 path,mixed,65.52749633789062,53.34394107397241
4479,0,0,2.0,0.0,5139.0,0.5,914.0,1,0,0,2 path,mixed,36.95800018310547,1.0534006654572423
4480,7,7,2.0,0.0,5139.0,0.5,984.0,0,0,8,2 path,mixed,64.64140319824219,12.781981896137491
4481,3,3,3.0,0.0,5139.0,0.0,295.0,1,1,5,3+ branch,0 no foreign neighbour,17.93899917602539,5.5361362263980745
4482,7,7,2.0,0.0,5139.0,0.5,984.0,0,0,8,2 path,mixed,65.05110168457031,7.46717440207506
4483,7,7,1.0,0.0,5139.0,0.0,984.0,1,0,5,1 tip,0 no foreign neighbour,28.739900588989258,2.782064035607138
4484,4,4,3.0,0.0,5139.0,0.3333333333333333,543.0,1,1,5,3+ branch,mixed,38.194400787353516,1.8617238514920693
4485,3,3,2.0,0.0,5139.0,0.5,295.0,1,1,5,2 path,mixed,1.0,5.54934263422509
4486,7,7,3.0,0.0,5139.0,0.3333333333333333,984.0,0,0,8,3+ branch,mixed,65.67639923095703,23.50437470401168
4487,5,5,2.0,0.0,5139.0,1.0,336.0,0,0,3,2 path,1 all neighbours foreign,64.07119750976562,9.8637699829246
4488,4,4,2.0,0.0,5139.0,0.5,543.0,1,1,0,2 path,mixed,58.48720169067383,1.6636996802743984
4489,0,0,2.0,0.0,5139.0,0.5,914.0,0,0,2,2 path,mixed,60.15800094604492,0.888153281233641
4490,1,1,2.0,0.0,5139.0,0.5,276.0,1,1,2,2 path,mixed,65.19879913330078,2.7828355042009387
4491,1,1,2.0,0.0,5139.0,0.5,276.0,1,1,2,2 path,mixed,63.8671989440918,2.8699758933855457
4492,5,5,2.0,0.0,5139.0,1.0,336.0,0,0,3,2 path,1 all neighbours foreign,64.80799865722656,9.190300691117638
4493,7,7,2.0,0.0,5139.0,0.0,984.0,0,0,0,2 path,0 no foreign neighbour,64.1626968383789,1.734342558954026
4494,7,7,2.0,0.0,5139.0,0.5,984.0,0,0,0,2 path,mixed,61.407100677490234,2.226524990488309
4495,9,9,2.0,0.0,5139.0,0.5,373.0,1,1,0,2 path,mixed,74.02690124511719,3.6596615001662496
4496,9,9,2.0,0.0,5139.0,0.5,373.0,1,1,0,2 path,mixed,55.509300231933594,3.67409763548163
4497,9,9,2.0,0.0,5139.0,0.0,373.0,1,1,9,2 path,0 no foreign neighbour,55.72460174560547,3.4283483371147443
4498,9,9,3.0,0.3333333432674408,5139.0,0.0,373.0,1,1,0,3+ branch,0 no foreign neighbour,59.528900146484375,2.746715051458981
4499,5,5,2.0,0.0,5139.0,0.0,336.0,0,0,1,2 path,0 no foreign neighbour,64.1874008178711,32.457082948260364
4500,5,5,3.0,0.0,5139.0,0.3333333333333333,336.0,0,0,3,3+ branch,mixed,63.965599060058594,11.087790332591439
4501,8,8,2.0,0.0,5139.0,0.5,452.0,1,0,8,2 path,mixed,65.4551010131836,31.79399985490038
4502,6,6,2.0,0.0,5139.0,0.5,733.0,1,1,8,2 path,mixed,65.456298828125,52.898790778294746
4503,5,5,3.0,0.0,5139.0,0.3333333333333333,336.0,0,0,1,3+ branch,mixed,64.70120239257812,23.27886417062405
4504,5,5,2.0,0.0,5139.0,0.0,336.0,0,0,3,2 path,0 no foreign neighbour,37.79999923706055,10.857823269484314
4505,7,7,2.0,0.0,5139.0,0.5,984.0,0,0,9,2 path,mixed,62.3484992980957,0.751495342142998
4506,1,1,2.0,0.0,5139.0,0.0,276.0,1,1,2,2 path,0 no foreign neighbour,63.571800231933594,14.433153742847056
4507,7,7,2.0,0.0,5139.0,0.5,984.0,0,0,8,2 path,mixed,67.04859924316406,5.172630050233932
4508,6,6,2.0,0.0,5139.0,1.0,733.0,1,1,9,2 path,1 all neighbours foreign,62.09600067138672,1.9388619756844947
4509,9,9,2.0,0.0,5139.0,0.0,373.0,1,1,0,2 path,0 no foreign neighbour,55.9640998840332,3.4964902894421375
4510,6,6,2.0,0.0,5139.0,0.0,733.0,1,1,2,2 path,0 no foreign neighbour,64.73249816894531,3.180067910586115
4511,6,6,2.0,0.0,5139.0,0.0,733.0,1,1,9,2 path,0 no foreign neighbour,66.05889892578125,1.7366961002621628
4512,2,2,2.0,0.0,5139.0,0.0,234.0,1,1,0,2 path,0 no foreign neighbour,42.46080017089844,8.115957219396437
4513,2,2,3.0,0.0,5139.0,0.3333333333333333,234.0,1,1,0,3+ branch,mixed,17.700000762939453,8.196672987753114
4514,7,7,3.0,0.0,5139.0,0.6666666666666666,984.0,0,0,0,3+ branch,mixed,59.050201416015625,2.4463815010705288
4515,6,6,3.0,0.0,5139.0,0.3333333333333333,733.0,1,1,9,3+ branch,mixed,64.41519927978516,1.7101888531142957
4516,6,6,2.0,0.0,5139.0,0.0,733.0,1,1,2,2 path,0 no foreign neighbour,66.59980010986328,1.8783461780311554
4517,0,0,2.0,0.0,5139.0,0.5,914.0,0,0,2,2 path,mixed,57.0,0.9477345829761975
4518,4,4,2.0,0.0,5139.0,0.5,543.0,1,1,0,2 path,mixed,54.77830123901367,1.7866137238521578
4519,7,7,2.0,0.0,5139.0,0.0,984.0,0,0,8,2 path,0 no foreign neighbour,68.8279037475586,1.5859455651954726
4520,7,7,2.0,0.0,5139.0,0.0,984.0,0,0,9,2 path,0 no foreign neighbour,61.016300201416016,2.0838740801913924
4521,6,6,2.0,0.0,5139.0,1.0,733.0,1,1,0,2 path,1 all neighbours foreign,63.98640060424805,2.6580984950036757
4522,2,2,1.0,0.0,5139.0,1.0,234.0,1,1,0,1 tip,1 all neighbours foreign,61.58940124511719,8.025559931085429
4523,5,5,2.0,0.0,5139.0,0.0,336.0,0,0,3,2 path,0 no foreign neighbour,39.352298736572266,10.867900128882628
4524,7,7,2.0,0.0,5139.0,0.5,984.0,0,0,0,2 path,mixed,61.34360122680664,2.6388100162361177
4525,6,6,2.0,0.0,5139.0,0.5,733.0,1,1,0,2 path,mixed,57.42470169067383,3.324520815084843
4526,6,6,2.0,0.0,5139.0,0.5,733.0,1,1,9,2 path,mixed,65.27870178222656,1.2536752170027667
4527,7,7,2.0,0.0,5139.0,0.5,984.0,0,0,9,2 path,mixed,64.56089782714844,0.787726714116314
4528,4,4,2.0,0.0,5139.0,1.0,543.0,1,1,0,2 path,1 all neighbours foreign,42.90409851074219,1.8207992162377304
4529,5,5,2.0,0.0,5139.0,0.0,336.0,0,0,1,2 path,0 no foreign neighbour,64.04170227050781,86.84718903889102
4530,2,2,2.0,0.0,5139.0,0.0,234.0,1,1,8,2 path,0 no foreign neighbour,64.1863021850586,13.405185469003754
4531,6,6,3.0,0.0,5139.0,0.3333333333333333,733.0,1,1,6,3+ branch,mixed,133.60800170898438,3.4511270692194094
4532,3,3,2.0,0.0,5139.0,0.5,295.0,1,1,2,2 path,mixed,65.22029876708984,14.745988120540304
4533,3,3,2.0,0.0,5139.0,1.0,295.0,1,1,2,2 path,1 all neighbours foreign,66.63610076904297,16.50819449034031
4534,9,9,2.0,0.0,5139.0,0.0,373.0,1,1,0,2 path,0 no foreign neighbour,65.52580261230469,3.6435167384858653
4535,2,2,4.0,0.0,5139.0,0.0,234.0,1,1,5,3+ branch,0 no foreign neighbour,9.632180213928223,8.174425068971246
4536,2,2,2.0,0.0,5139.0,1.0,234.0,1,1,8,2 path,1 all neighbours foreign,64.44090270996094,67.01831047608223
4537,6,6,2.0,0.0,5139.0,0.0,733.0,1,1,0,2 path,0 no foreign neighbour,47.72919845581055,3.3055337666214615
4538,6,6,2.0,0.0,5139.0,0.0,733.0,1,1,0,2 path,0 no foreign neighbour,65.36669921875,3.2155271022640366
4539,6,6,2.0,0.0,5139.0,0.5,733.0,1,1,9,2 path,mixed,63.53670120239258,1.66216123344523
4540,7,7,2.0,0.0,5139.0,0.5,984.0,0,0,9,2 path,mixed,63.25230026245117,1.1302703237655713
4541,5,5,2.0,0.0,5139.0,0.5,336.0,0,0,1,2 path,mixed,64.2029037475586,105.74693203371473
4542,5,5,2.0,0.0,5139.0,0.5,336.0,0,0,3,2 path,mixed,65.16089630126953,10.513459932873667
4543,7,7,2.0,0.0,5139.0,0.5,984.0,0,0,9,2 path,mixed,65.36039733886719,4.302236431353889
4544,6,6,2.0,0.0,5139.0,0.5,733.0,1,1,9,2 path,mixed,64.89209747314453,4.1090576211687
4545,2,2,2.0,0.0,5139.0,0.0,234.0,1,1,8,2 path,0 no foreign neighbour,64.70379638671875,16.935998609739443
4546,7,7,2.0,0.0,5139.0,0.5,984.0,0,0,9,2 path,mixed,66.33159637451172,1.0257672384466692
4547,4,4,2.0,0.0,5139.0,0.0,543.0,1,1,2,2 path,0 no foreign neighbour,68.84239959716797,1.4681367547970332
4548,4,4,2.0,0.0,5139.0,0.0,543.0,1,1,2,2 path,0 no foreign neighbour,66.72149658203125,3.321465030347655
4549,5,5,2.0,0.0,5139.0,0.0,336.0,0,0,3,2 path,0 no foreign neighbour,64.00540161132812,1.8785394447205253
4550,8,8,2.0,0.0,5139.0,0.5,452.0,1,1,0,2 path,mixed,65.7593994140625,3.9719400857010054
4551,3,3,1.0,0.0,5139.0,0.0,295.0,1,1,2,1 tip,0 no foreign neighbour,58.63949966430664,5.462060441959602
4552,7,7,2.0,0.0,5139.0,1.0,984.0,0,0,9,2 path,1 all neighbours foreign,65.15850067138672,1.3647834458496468
4553,7,7,3.0,0.0,5139.0,1.0,984.0,1,0,5,3+ branch,1 all neighbours foreign,1.0,2.839502969360509
4554,7,7,2.0,0.0,5139.0,0.0,984.0,0,0,0,2 path,0 no foreign neighbour,69.79889678955078,2.210166848404437
4555,6,6,2.0,0.0,5139.0,1.0,733.0,1,1,0,2 path,1 all neighbours foreign,67.56500244140625,2.801747885102652
4556,0,0,2.0,0.0,5139.0,1.0,914.0,0,0,6,2 path,1 all neighbours foreign,105.0250015258789,1.0147056114236956
4557,5,5,3.0,0.0,5139.0,0.0,336.0,1,0,0,3+ branch,0 no foreign neighbour,62.237098693847656,10.874938602586383
4558,1,1,2.0,0.0,5139.0,0.0,276.0,0,0,7,2 path,0 no foreign neighbour,63.68009948730469,40.941841740011746
4559,6,6,2.0,0.0,5139.0,0.0,733.0,1,1,9,2 path,0 no foreign neighbour,66.44640350341797,1.4795915358419816
4560,7,7,2.0,0.0,5139.0,1.0,984.0,0,0,9,2 path,1 all neighbours foreign,67.331298828125,0.9839913090780403
4561,7,7,2.0,0.0,5139.0,0.5,984.0,0,0,9,2 path,mixed,66.09300231933594,2.881404581171843
4562,6,6,2.0,0.0,5139.0,0.5,733.0,1,1,0,2 path,mixed,49.15599822998047,3.4458445093669496
4563,3,3,2.0,0.0,5139.0,0.5,295.0,1,1,2,2 path,mixed,64.78209686279297,33.75289035598928
4564,7,7,2.0,0.0,5139.0,0.5,984.0,1,1,5,2 path,mixed,63.31800079345703,2.514145920215346
4565,4,4,3.0,0.0,5139.0,0.0,543.0,1,1,6,3+ branch,0 no foreign neighbour,212.49200439453125,1.8138595394719625
4566,0,0,2.0,0.0,5139.0,0.0,914.0,1,0,0,2 path,0 no foreign neighbour,62.16339874267578,0.5821438066961327
4567,0,0,2.0,0.0,5139.0,0.0,914.0,0,0,6,2 path,0 no foreign neighbour,65.47429656982422,0.572934080744372
4568,3,3,2.0,0.0,5139.0,0.5,295.0,1,1,0,2 path,mixed,67.37419891357422,5.300458877486225
4569,7,7,2.0,0.0,5139.0,0.5,984.0,0,0,0,2 path,mixed,65.83809661865234,2.5646658097393136
4570,8,8,2.0,0.0,5139.0,0.0,452.0,1,1,2,2 path,0 no foreign neighbour,65.1708984375,5.249417832744796
4571,9,9,2.0,0.0,5139.0,0.0,373.0,1,1,0,2 path,0 no foreign neighbour,63.01350021362305,2.069223697464543
4572,6,6,2.0,0.0,5139.0,0.5,733.0,1,1,0,2 path,mixed,67.86090087890625,1.3675570033133908
4573,7,7,2.0,0.0,5139.0,1.0,984.0,0,0,0,2 path,1 all neighbours foreign,66.74839782714844,1.0370946914753059
4574,8,8,3.0,0.0,5139.0,0.3333333333333333,452.0,1,1,6,3+ branch,mixed,129.5570068359375,4.903029387045174
4575,6,6,2.0,0.0,5139.0,0.0,733.0,1,1,9,2 path,0 no foreign neighbour,64.45330047607422,2.371559048922703
4576,3,3,2.0,0.0,5139.0,0.5,295.0,1,1,0,2 path,mixed,51.264198303222656,5.547836453332967
4577,7,7,2.0,0.0,5139.0,0.5,984.0,0,0,0,2 path,mixed,59.412200927734375,2.592816890528399
4578,7,7,2.0,0.0,5139.0,0.5,984.0,0,0,0,2 path,mixed,68.45269775390625,2.452155211228369
4579,0,0,4.0,0.1666666716337204,5139.0,0.5,914.0,0,0,5,3+ branch,mixed,1.0,1.0846190364630337
4580,0,0,2.0,0.0,5139.0,0.0,914.0,1,0,0,2 path,0 no foreign neighbour,54.8385009765625,0.9918007784788397
4581,4,4,2.0,0.0,5139.0,1.0,543.0,1,1,0,2 path,1 all neighbours foreign,52.17610168457031,1.8527614397171097
4582,4,4,2.0,0.0,5139.0,0.0,543.0,1,1,5,2 path,0 no foreign neighbour,6.486489772796631,1.878699924105637
4583,5,5,2.0,1.0,5139.0,0.0,336.0,1,1,0,2 path,0 no foreign neighbour,61.463199615478516,10.789699157121873
4584,7,7,2.0,0.0,5139.0,1.0,984.0,0,0,9,2 path,1 all neighbours foreign,65.70249938964844,1.1392765016047481
4585,2,2,2.0,0.0,5139.0,0.5,234.0,1,1,2,2 path,mixed,64.28070068359375,4.029442974408282
4586,6,6,2.0,0.0,5139.0,1.0,733.0,1,1,9,2 path,1 all neighbours foreign,64.27279663085938,1.0652809654155813
4587,5,5,2.0,0.0,5139.0,0.0,336.0,0,0,1,2 path,0 no foreign neighbour,64.8230972290039,38.60074695233825
4588,6,6,2.0,0.0,5139.0,0.5,733.0,1,1,8,2 path,mixed,64.87349700927734,15.86421018658135
4589,7,7,2.0,0.0,5139.0,0.5,984.0,0,0,8,2 path,mixed,63.31050109863281,11.340899076553411
4590,8,8,2.0,0.0,5139.0,0.0,452.0,1,1,4,2 path,0 no foreign neighbour,223.36000061035156,4.890667253363
4591,7,7,2.0,0.0,5139.0,0.5,984.0,0,0,9,2 path,mixed,63.965999603271484,3.5727429605358676
4592,6,6,2.0,0.0,5139.0,0.5,733.0,1,1,9,2 path,mixed,66.8114013671875,3.4470548019240113
4593,7,7,2.0,0.0,5139.0,0.5,984.0,0,0,9,2 path,mixed,67.03820037841797,5.345747093945373
4594,6,6,2.0,0.0,5139.0,0.5,733.0,1,1,9,2 path,mixed,65.08650207519531,6.438692962550027
4595,0,0,2.0,0.0,5139.0,0.0,914.0,1,1,0,2 path,0 no foreign neighbour,21.629600524902344,1.0576689409310809
4596,8,8,2.0,0.0,5139.0,0.0,452.0,1,1,9,2 path,0 no foreign neighbour,63.32780075073242,9.006386807400057
4597,8,8,3.0,0.3333333432674408,5139.0,0.3333333333333333,452.0,1,1,2,3+ branch,mixed,63.97060012817383,1.588515674703299
4598,7,7,3.0,0.0,5139.0,0.3333333333333333,984.0,1,1,5,3+ branch,mixed,56.688201904296875,2.8249988463052826
4599,6,6,2.0,0.0,5139.0,0.0,733.0,1,1,0,2 path,0 no foreign neighbour,62.4828987121582,1.353748872087683
4600,6,6,2.0,0.0,5139.0,0.0,733.0,1,1,0,2 path,0 no foreign neighbour,64.17649841308594,2.3895893859401998
4601,7,7,2.0,0.0,5139.0,1.0,984.0,0,0,8,2 path,1 all neighbours foreign,65.22450256347656,15.008577437665357
4602,6,6,2.0,0.0,5139.0,1.0,733.0,1,1,9,2 path,1 all neighbours foreign,62.32460021972656,2.6230892789481284
4603,7,7,2.0,0.0,5139.0,0.0,984.0,0,0,9,2 path,0 no foreign neighbour,63.50550079345703,2.0472110409695516
4604,6,6,3.0,0.0,5139.0,0.6666666666666666,733.0,1,1,9,3+ branch,mixed,63.493099212646484,2.117276364933393
4605,7,7,3.0,0.0,5139.0,0.6666666666666666,984.0,0,0,9,3+ branch,mixed,64.56410217285156,1.6249737613834307
4606,3,3,2.0,0.0,5139.0,0.5,295.0,1,1,6,2 path,mixed,79.43099975585938,5.5201720672573975
4607,0,0,2.0,0.0,5139.0,0.0,914.0,1,0,0,2 path,0 no foreign neighbour,49.98040008544922,1.0363516541684115
4608,4,4,2.0,0.0,5139.0,0.5,543.0,1,1,0,2 path,mixed,44.09429931640625,1.854292114362628
4609,5,5,2.0,0.0,5139.0,0.5,336.0,1,1,5,2 path,mixed,67.65840148925781,10.77731668976525
4610,5,5,2.0,0.0,5139.0,0.0,336.0,1,1,6,2 path,0 no foreign neighbour,54.447200775146484,10.761879799958987
4611,6,6,2.0,0.0,5139.0,1.0,733.0,1,1,9,2 path,1 all neighbours foreign,65.35919952392578,1.936301710563508
4612,7,7,2.0,0.0,5139.0,0.0,984.0,0,0,9,2 path,0 no foreign neighbour,66.61830139160156,1.3723735474785306
4613,4,4,2.0,0.0,5139.0,0.5,543.0,1,1,0,2 path,mixed,97.71150207519531,1.8175539114569763
4614,0,0,2.0,0.0,5139.0,0.5,914.0,1,1,0,2 path,mixed,49.985801696777344,1.0246050975255314
4615,7,7,2.0,0.0,5139.0,0.5,984.0,0,0,0,2 path,mixed,30.652599334716797,2.818825031950409
4616,7,7,2.0,0.0,5139.0,1.0,984.0,0,0,0,2 path,1 all neighbours foreign,64.86849975585938,1.4973063056499702
4617,8,8,3.0,0.0,5139.0,0.0,452.0,1,1,6,3+ branch,0 no foreign neighbour,115.58100128173828,4.7987415228135735
4618,8,8,2.0,0.0,5139.0,0.0,452.0,1,1,8,2 path,0 no foreign neighbour,65.21630096435547,43.58677127598612
4619,0,0,2.0,0.0,5139.0,1.0,914.0,1,0,0,2 path,1 all neighbours foreign,71.64440155029297,0.9886208206589824
4620,8,8,2.0,0.0,5139.0,0.0,452.0,1,1,2,2 path,0 no foreign neighbour,62.73160171508789,3.435122541077181
4621,3,3,1.0,0.0,5139.0,0.0,295.0,1,1,2,1 tip,0 no foreign neighbour,64.7926025390625,3.764144614492395
4622,4,4,2.0,0.0,5139.0,0.5,543.0,1,1,2,2 path,mixed,65.40730285644531,4.062477560049707
4623,6,6,2.0,0.0,5139.0,0.0,733.0,1,1,0,2 path,0 no foreign neighbour,59.18730163574219,3.308804738056632
4624,8,8,2.0,0.0,5139.0,0.0,452.0,1,1,6,2 path,0 no foreign neighbour,99.74340057373047,4.8596787750730375
4625,5,5,3.0,0.0,5139.0,0.3333333333333333,336.0,0,0,3,3+ branch,mixed,63.150901794433594,5.318548581801891
4626,5,5,3.0,0.0,5139.0,0.0,336.0,0,0,3,3+ branch,0 no foreign neighbour,64.30840301513672,53.33851440768477
4627,5,5,3.0,0.0,5139.0,0.0,336.0,0,0,3,3+ branch,0 no foreign neighbour,62.56629943847656,6.977331088879156
4628,5,5,2.0,0.0,5139.0,0.0,336.0,0,0,3,2 path,0 no foreign neighbour,64.34809875488281,5.552391896443189
4629,5,5,3.0,0.0,5139.0,0.3333333333333333,336.0,0,0,3,3+ branch,mixed,64.68569946289062,10.224432114732366
4630,5,5,2.0,0.0,5139.0,0.5,336.0,0,0,3,2 path,mixed,63.302101135253906,5.511294317271694
4631,7,7,2.0,0.0,5139.0,0.0,984.0,1,0,7,2 path,0 no foreign neighbour,66.91919708251953,41.68936319213928
4632,6,6,2.0,0.0,5139.0,1.0,733.0,1,1,8,2 path,1 all neighbours foreign,66.28890228271484,49.940748753151446
4633,0,0,2.0,0.0,5139.0,0.0,914.0,1,0,0,2 path,0 no foreign neighbour,49.13859939575195,1.000279823135138
4634,7,7,2.0,0.0,5139.0,1.0,984.0,0,0,0,2 path,1 all neighbours foreign,58.28860092163086,2.630397500387515
4635,7,7,2.0,0.0,5139.0,0.0,984.0,0,0,8,2 path,0 no foreign neighbour,65.0990982055664,13.475651034216266
4636,7,7,2.0,0.0,5139.0,0.0,984.0,1,1,6,2 path,0 no foreign neighbour,69.93260192871094,2.817874141142092
4637,6,6,2.0,0.0,5139.0,1.0,733.0,1,1,0,2 path,1 all neighbours foreign,101.22599792480469,3.4479545769852633
4638,6,6,2.0,0.0,5139.0,0.5,733.0,1,1,8,2 path,mixed,64.9030990600586,35.96561665768974
4639,7,7,2.0,0.0,5139.0,0.5,984.0,0,0,8,2 path,mixed,66.07939910888672,57.10761441941893
4640,3,3,2.0,0.0,5139.0,1.0,295.0,1,1,2,2 path,1 all neighbours foreign,65.7061996459961,2.967420117695125
4641,7,7,2.0,0.0,5139.0,0.0,984.0,0,0,8,2 path,0 no foreign neighbour,64.66709899902344,8.092033375496378
4642,7,7,2.0,0.0,5139.0,0.5,984.0,0,0,0,2 path,mixed,59.105201721191406,2.6253418556279424
4643,6,6,2.0,0.0,5139.0,1.0,733.0,1,1,0,2 path,1 all neighbours foreign,55.22420120239258,3.2380607427638597
4644,7,7,2.0,0.0,5139.0,0.5,984.0,0,0,8,2 path,mixed,66.26390075683594,16.888873039335724
4645,6,6,2.0,0.0,5139.0,0.0,733.0,1,1,0,2 path,0 no foreign neighbour,63.37540054321289,2.5943762656806997
4646,7,7,2.0,0.0,5139.0,1.0,984.0,0,0,0,2 path,1 all neighbours foreign,65.90019989013672,2.051754558913438
4647,8,8,2.0,0.0,5139.0,1.0,452.0,1,1,8,2 path,1 all neighbours foreign,64.07679748535156,28.212633726766818
4648,6,6,2.0,0.0,5139.0,0.5,733.0,1,1,0,2 path,mixed,63.70790100097656,1.2675345014998658
4649,7,7,2.0,0.0,5139.0,1.0,984.0,0,0,9,2 path,1 all neighbours foreign,67.26080322265625,1.2564946740511482
4650,6,6,2.0,0.0,5139.0,0.0,733.0,1,1,9,2 path,0 no foreign neighbour,67.11170196533203,1.7209078025268763
4651,5,5,2.0,0.0,5139.0,0.0,336.0,1,1,9,2 path,0 no foreign neighbour,65.09839630126953,3.993378542845636
4652,5,5,3.0,0.0,5139.0,0.3333333333333333,336.0,0,0,1,3+ branch,mixed,64.44869995117188,79.07183804146077
4653,4,4,3.0,0.0,5139.0,0.0,543.0,1,1,6,3+ branch,0 no foreign neighbour,240.29800415039062,1.8536247728023008
4654,5,5,2.0,0.0,5139.0,0.0,336.0,0,0,3,2 path,0 no foreign neighbour,64.00669860839844,35.64661617099097
4655,5,5,2.0,0.0,5139.0,0.0,336.0,0,0,3,2 path,0 no foreign neighbour,64.00550079345703,58.96654909597033
4656,3,3,2.0,0.0,5139.0,0.5,295.0,1,1,2,2 path,mixed,67.32109832763672,2.2658081792136255
4657,4,4,2.0,0.0,5139.0,0.0,543.0,1,1,2,2 path,0 no foreign neighbour,44.08000183105469,1.8413399278054439
4658,3,3,2.0,0.0,5139.0,0.0,295.0,1,1,0,2 path,0 no foreign neighbour,62.96609878540039,5.380660237649645
4659,3,3,4.0,0.0,5139.0,0.0,295.0,1,1,0,3+ branch,0 no foreign neighbour,81.5802001953125,5.514054870042726
4660,3,3,2.0,0.0,5139.0,0.0,295.0,1,1,0,2 path,0 no foreign neighbour,56.27859878540039,5.378178007285217
4661,1,1,2.0,0.0,5139.0,0.0,276.0,1,1,2,2 path,0 no foreign neighbour,65.02960205078125,11.042018093620944
4662,5,5,2.0,0.0,5139.0,1.0,336.0,1,1,4,2 path,1 all neighbours foreign,254.77699279785156,9.708616964214663
4663,2,2,2.0,0.0,5139.0,0.5,234.0,1,1,0,2 path,mixed,57.20719909667969,8.132607331348499
4664,2,2,2.0,0.0,5139.0,0.0,234.0,1,1,8,2 path,0 no foreign neighbour,63.20940017700195,11.846218271906457
4665,2,2,2.0,0.0,5139.0,0.0,234.0,1,1,0,2 path,0 no foreign neighbour,53.03300094604492,7.5425859196935106
4666,2,2,2.0,0.0,5139.0,0.0,234.0,1,1,0,2 path,0 no foreign neighbour,61.39310073852539,7.5677955541400594
4667,7,7,2.0,0.0,5139.0,0.5,984.0,0,0,9,2 path,mixed,65.21920013427734,1.092917126376204
4668,6,6,2.0,0.0,5139.0,1.0,733.0,1,1,9,2 path,1 all neighbours foreign,67.13919830322266,1.1174575241145537
4669,6,6,2.0,0.0,5139.0,0.5,733.0,1,1,9,2 path,mixed,65.35469818115234,3.975042388730316
4670,7,7,2.0,0.0,5139.0,1.0,984.0,0,0,9,2 path,1 all neighbours foreign,63.29679870605469,4.5779642218906575
4671,1,1,2.0,0.0,5139.0,0.0,276.0,0,0,7,2 path,0 no foreign neighbour,64.24700164794922,4.0587966840480725
4672,3,3,2.0,0.0,5139.0,0.5,295.0,1,1,2,2 path,mixed,47.8661003112793,5.515662156279347
4673,8,8,2.0,0.0,5139.0,0.5,452.0,1,1,8,2 path,mixed,64.72029876708984,3.1165030089511374
4674,3,3,2.0,0.0,5139.0,0.5,295.0,1,1,2,2 path,mixed,66.96929931640625,5.252861154030346
4675,2,2,2.0,0.0,5139.0,0.0,234.0,1,1,0,2 path,0 no foreign neighbour,67.43209838867188,8.066245267124533
4676,2,2,2.0,0.0,5139.0,0.5,234.0,1,1,0,2 path,mixed,61.929901123046875,7.171495483771911
4677,9,9,2.0,0.0,5139.0,0.5,373.0,1,1,9,2 path,mixed,43.923099517822266,3.6783101219116197
4678,7,7,2.0,0.0,5139.0,0.0,984.0,0,0,0,2 path,0 no foreign neighbour,51.96540069580078,2.6150854911234283
4679,7,7,2.0,0.0,5139.0,0.0,984.0,0,0,8,2 path,0 no foreign neighbour,56.155799865722656,2.6193062758092416
4680,0,0,2.0,0.0,5139.0,0.0,914.0,1,0,0,2 path,0 no foreign neighbour,44.1072998046875,0.9970086767172601
4681,4,4,2.0,0.0,5139.0,1.0,543.0,1,1,0,2 path,1 all neighbours foreign,64.63030242919922,1.2904244461815966
4682,7,7,2.0,0.0,5139.0,1.0,984.0,0,0,9,2 path,1 all neighbours foreign,64.56600189208984,7.168815179909261
4683,6,6,2.0,0.0,5139.0,0.0,733.0,1,1,8,2 path,0 no foreign neighbour,65.7876968383789,9.622371067471754
4684,6,6,3.0,0.0,5139.0,0.6666666666666666,733.0,1,1,5,3+ branch,mixed,62.83489990234375,2.524577936206772
4685,7,7,3.0,0.0,5139.0,0.3333333333333333,984.0,0,0,9,3+ branch,mixed,63.756500244140625,1.955381709372866
4686,6,6,2.0,0.0,5139.0,0.0,733.0,1,1,9,2 path,0 no foreign neighbour,64.66619873046875,1.7785052046498935
4687,7,7,2.0,0.0,5139.0,1.0,984.0,0,0,9,2 path,1 all neighbours foreign,65.28179931640625,3.619917109799509
4688,9,9,1.0,0.0,5139.0,0.0,373.0,1,1,9,1 tip,0 no foreign neighbour,53.9114990234375,3.563902984648025
4689,9,9,2.0,0.0,5139.0,0.0,373.0,1,1,8,2 path,0 no foreign neighbour,63.317901611328125,22.988153693484712
4690,7,7,3.0,0.0,5139.0,0.0,984.0,1,1,6,3+ branch,0 no foreign neighbour,112.34400177001953,2.8238227856523754
4691,7,7,2.0,0.0,5139.0,0.5,984.0,0,0,9,2 path,mixed,66.44010162353516,2.7549315974246786
4692,6,6,2.0,0.0,5139.0,1.0,733.0,1,1,9,2 path,1 all neighbours foreign,66.7593002319336,0.8544554738193354
4693,4,4,2.0,0.0,5139.0,1.0,543.0,1,1,0,2 path,1 all neighbours foreign,46.63309860229492,1.8061302720636
4694,4,4,2.0,0.0,5139.0,1.0,543.0,1,1,0,2 path,1 all neighbours foreign,48.049598693847656,1.8272984545754285
4695,6,6,2.0,0.0,5139.0,1.0,733.0,1,1,0,2 path,1 all neighbours foreign,63.708099365234375,3.0084916561115893
4696,8,8,2.0,0.0,5139.0,0.0,452.0,1,1,8,2 path,0 no foreign neighbour,65.8895034790039,10.468065567558524
4697,8,8,4.0,0.0,5139.0,0.5,452.0,1,1,6,3+ branch,mixed,131.39500427246094,4.5025261343069864
4698,3,3,2.0,0.0,5139.0,0.0,295.0,1,1,6,2 path,0 no foreign neighbour,131.23300170898438,5.357723261516124
4699,7,7,2.0,0.0,5139.0,1.0,984.0,0,0,9,2 path,1 all neighbours foreign,64.73490142822266,7.103050961755359
4700,6,6,1.0,0.0,5139.0,0.0,733.0,1,1,9,1 tip,0 no foreign neighbour,65.54509735107422,5.195833088351107
4701,7,7,2.0,0.0,5139.0,0.5,984.0,0,0,9,2 path,mixed,61.18370056152344,1.6875284695875843
4702,6,6,2.0,0.0,5139.0,1.0,733.0,1,1,9,2 path,1 all neighbours foreign,67.06320190429688,1.5002550789380422
4703,7,7,2.0,0.0,5139.0,0.5,984.0,0,0,8,2 path,mixed,66.8405990600586,0.9462059457670602
4704,7,7,2.0,0.0,5139.0,0.5,984.0,0,0,8,2 path,mixed,65.67790222167969,18.822025428501522
4705,2,2,2.0,1.0,5139.0,0.0,234.0,1,1,8,2 path,0 no foreign neighbour,71.63690185546875,8.069114069733727
4706,2,2,2.0,0.0,5139.0,0.0,234.0,1,1,0,2 path,0 no foreign neighbour,62.075199127197266,8.114770743966325
4707,9,9,3.0,0.0,5139.0,0.0,373.0,1,1,0,3+ branch,0 no foreign neighbour,61.43009948730469,3.7059317785493007
4708,0,0,2.0,0.0,5139.0,0.5,914.0,1,0,0,2 path,mixed,63.8406982421875,0.9681569456481756
4709,4,4,2.0,0.0,5139.0,0.0,543.0,1,1,6,2 path,0 no foreign neighbour,190.36599731445312,1.8532185570033177
4710,8,8,2.0,0.0,5139.0,0.5,452.0,1,0,2,2 path,mixed,65.29100036621094,19.99876790049579
4711,5,5,2.0,0.0,5139.0,0.0,336.0,0,0,3,2 path,0 no foreign neighbour,64.19840240478516,8.524115537430584
4712,5,5,2.0,0.0,5139.0,0.5,336.0,0,0,3,2 path,mixed,63.91429901123047,44.225091822916376
4713,0,0,2.0,0.0,5139.0,0.5,914.0,1,0,0,2 path,mixed,64.30259704589844,0.8935893682598226
4714,4,4,2.0,0.0,5139.0,0.5,543.0,1,1,0,2 path,mixed,63.71030044555664,1.6666017817331933
4715,3,3,2.0,0.0,5139.0,0.0,295.0,1,1,0,2 path,0 no foreign neighbour,65.79460144042969,5.498666605792135
4716,9,9,3.0,0.0,5139.0,0.6666666666666666,373.0,1,1,6,3+ branch,mixed,182.46400451660156,3.328773462997355
4717,3,3,1.0,0.0,5139.0,0.0,295.0,1,1,2,1 tip,0 no foreign neighbour,44.66669845581055,5.504379440239214
4718,0,0,3.0,0.0,5139.0,1.0,914.0,0,0,5,3+ branch,1 all neighbours foreign,1.0,1.077396197066083
4719,7,7,2.0,0.0,5139.0,0.5,984.0,0,0,0,2 path,mixed,47.916500091552734,2.665898361405894
4720,6,6,2.0,0.0,5139.0,0.5,733.0,1,1,0,2 path,mixed,56.112998962402344,3.2863143417816882
4721,6,6,2.0,0.0,5139.0,0.0,733.0,1,1,9,2 path,0 no foreign neighbour,60.104801177978516,1.1030440037612697
4722,7,7,2.0,0.0,5139.0,1.0,984.0,0,0,9,2 path,1 all neighbours foreign,61.688201904296875,0.9234313725224048
4723,0,0,3.0,0.0,5139.0,0.6666666666666666,914.0,1,1,9,3+ branch,mixed,17.779699325561523,1.0727986014418218
4724,7,7,2.0,0.0,5139.0,1.0,984.0,0,0,0,2 path,1 all neighbours foreign,61.872100830078125,1.926765518107435
4725,7,7,2.0,0.0,5139.0,0.5,984.0,0,0,0,2 path,mixed,5.216219902038574,2.819797467009646
4726,0,0,2.0,0.0,5139.0,1.0,914.0,0,0,5,2 path,1 all neighbours foreign,1.0,1.0726727678848818
4727,7,7,2.0,0.0,5139.0,1.0,984.0,0,0,0,2 path,1 all neighbours foreign,59.16529846191406,2.4509812524812356
4728,6,6,2.0,0.0,5139.0,0.5,733.0,1,1,0,2 path,mixed,61.51139831542969,3.0654976784205172
4729,7,7,2.0,0.0,5139.0,0.5,984.0,0,0,9,2 path,mixed,65.93900299072266,9.268767423442098
4730,3,3,2.0,0.0,5139.0,0.5,295.0,1,1,2,2 path,mixed,66.85130310058594,34.16034211386435
4731,9,9,2.0,0.0,5139.0,0.0,373.0,1,1,9,2 path,0 no foreign neighbour,63.95370101928711,8.078589815586056
4732,0,0,1.0,0.0,5139.0,0.0,914.0,0,0,2,1 tip,0 no foreign neighbour,50.041900634765625,1.0215187960886698
4733,0,0,2.0,0.0,5139.0,0.0,914.0,0,0,2,2 path,0 no foreign neighbour,64.1843032836914,4.4357709964890555
4734,7,7,2.0,0.0,5139.0,0.5,984.0,0,0,0,2 path,mixed,62.298500061035156,1.339123464818469
4735,6,6,2.0,0.0,5139.0,0.5,733.0,1,1,9,2 path,mixed,65.42669677734375,1.8789310088268738
4736,3,3,2.0,0.0,5139.0,0.0,295.0,1,1,8,2 path,0 no foreign neighbour,66.20890045166016,19.33287984064931
4737,6,6,3.0,0.3333333432674408,5139.0,0.6666666666666666,733.0,1,1,0,3+ branch,mixed,2.7307701110839844,3.4632582526325133
4738,6,6,2.0,0.0,5139.0,0.0,733.0,1,1,0,2 path,0 no foreign neighbour,71.79429626464844,2.587139363525549
4739,4,4,2.0,0.0,5139.0,0.5,543.0,1,1,0,2 path,mixed,67.2251968383789,0.7104090907781428
4740,0,0,2.0,0.0,5139.0,0.5,914.0,1,0,0,2 path,mixed,41.43000030517578,0.9878039206540025
4741,7,7,2.0,0.0,5139.0,1.0,984.0,0,0,8,2 path,1 all neighbours foreign,64.6353988647461,44.152818134996274
4742,5,5,2.0,0.0,5139.0,1.0,336.0,0,0,1,2 path,1 all neighbours foreign,64.69380187988281,41.675874439961774
4743,5,5,3.0,0.0,5139.0,0.6666666666666666,336.0,0,0,3,3+ branch,mixed,62.878501892089844,19.654056922970597
4744,6,6,3.0,0.0,5139.0,0.6666666666666666,733.0,1,1,8,3+ branch,mixed,64.93579864501953,36.26162525451462
4745,6,6,2.0,0.0,5139.0,1.0,733.0,1,1,8,2 path,1 all neighbours foreign,64.45950317382812,10.874833308835713
4746,5,5,3.0,0.0,5139.0,0.6666666666666666,336.0,0,0,1,3+ branch,mixed,64.6707992553711,4.6301697209611525
4747,5,5,4.0,0.0,5139.0,0.25,336.0,0,0,1,3+ branch,mixed,64.51899719238281,3.7215249291817916
4748,4,4,2.0,0.0,5139.0,0.5,543.0,1,1,0,2 path,mixed,59.65359878540039,1.4500437815030243
4749,0,0,2.0,0.0,5139.0,0.5,914.0,1,1,0,2 path,mixed,42.354801177978516,1.0549964415294562
4750,0,0,2.0,0.0,5139.0,1.0,914.0,1,1,0,2 path,1 all neighbours foreign,46.88890075683594,1.0227634317896845
4751,4,4,2.0,0.0,5139.0,0.0,543.0,1,1,0,2 path,0 no foreign neighbour,62.89670181274414,1.7315348467510046
4752,0,0,2.0,0.0,5139.0,1.0,914.0,1,0,0,2 path,1 all neighbours foreign,60.972801208496094,0.9303012860655667
4753,8,8,2.0,0.0,5139.0,0.0,452.0,1,0,2,2 path,0 no foreign neighbour,64.91259765625,57.1930239733139
4754,8,8,2.0,0.0,5139.0,0.0,452.0,1,0,2,2 path,0 no foreign neighbour,64.99169921875,1.7697788576253486
4755,8,8,2.0,0.0,5139.0,0.0,452.0,1,1,8,2 path,0 no foreign neighbour,64.77140045166016,2.8514730652053966
4756,8,8,2.0,0.0,5139.0,0.0,452.0,1,1,0,2 path,0 no foreign neighbour,63.247100830078125,2.7092638194289855
4757,9,9,3.0,0.0,5139.0,0.0,373.0,1,1,5,3+ branch,0 no foreign neighbour,4.746029853820801,3.687298151262117
4758,5,5,2.0,0.0,5139.0,0.5,336.0,0,0,3,2 path,mixed,64.06189727783203,16.76715695327848
4759,5,5,3.0,0.0,5139.0,0.0,336.0,1,1,5,3+ branch,0 no foreign neighbour,1.0,10.914595060249763
4760,0,0,3.0,0.0,5139.0,0.6666666666666666,914.0,0,0,5,3+ branch,mixed,1.0,1.069535207034166
4761,7,7,2.0,0.0,5139.0,0.0,984.0,0,0,9,2 path,0 no foreign neighbour,66.34310150146484,12.4648531802249
4762,9,9,2.0,0.0,5139.0,0.0,373.0,1,1,9,2 path,0 no foreign neighbour,62.53139877319336,3.3204334184544564
4763,9,9,2.0,0.0,5139.0,0.0,373.0,1,1,8,2 path,0 no foreign neighbour,64.83709716796875,9.633269077498422
4764,9,9,2.0,0.0,5139.0,0.0,373.0,1,1,9,2 path,0 no foreign neighbour,59.92470169067383,3.592867290961488
4765,9,9,3.0,0.0,5139.0,0.0,373.0,1,1,5,3+ branch,0 no foreign neighbour,4.0,3.696700823872797
4766,5,5,3.0,0.0,5139.0,0.0,336.0,1,1,5,3+ branch,0 no foreign neighbour,34.86669921875,10.906075148612354
4767,9,9,3.0,0.0,5139.0,0.0,373.0,1,1,5,3+ branch,0 no foreign neighbour,11.39680004119873,3.7100669693752906
4768,9,9,2.0,0.0,5139.0,0.0,373.0,1,1,9,2 path,0 no foreign neighbour,70.00499725341797,3.5366794563255675
4769,9,9,2.0,0.0,5139.0,0.0,373.0,1,1,9,2 path,0 no foreign neighbour,63.9005012512207,2.6283498686026823
4770,9,9,2.0,0.0,5139.0,0.5,373.0,1,1,9,2 path,mixed,62.37179946899414,3.5880119199006293
4771,9,9,3.0,0.0,5139.0,0.0,373.0,1,1,5,3+ branch,0 no foreign neighbour,8.680560111999512,3.7172247400503653
4772,8,8,2.0,0.0,5139.0,0.0,452.0,1,0,7,2 path,0 no foreign neighbour,65.42479705810547,29.403627122257433
4773,8,8,2.0,0.0,5139.0,0.5,452.0,1,1,0,2 path,mixed,52.569400787353516,4.8859549510142
4774,4,4,4.0,0.3333333432674408,5139.0,0.25,543.0,1,1,0,3+ branch,mixed,86.13249969482422,1.8892019678027847
4775,4,4,1.0,0.0,5139.0,1.0,543.0,1,1,0,1 tip,1 all neighbours foreign,10.888899803161621,1.8949656911512005
4776,0,0,2.0,0.0,5139.0,0.0,914.0,0,0,2,2 path,0 no foreign neighbour,64.97239685058594,1.4243590501281391
4777,4,4,2.0,0.0,5139.0,1.0,543.0,1,1,2,2 path,1 all neighbours foreign,65.32479858398438,4.483291418584417
4778,6,6,2.0,0.0,5139.0,0.5,733.0,1,1,8,2 path,mixed,64.10209655761719,10.585507437849277
4779,7,7,2.0,0.0,5139.0,0.5,984.0,0,0,8,2 path,mixed,65.6864013671875,5.703547905100464
4780,1,1,3.0,0.3333333432674408,5139.0,0.0,276.0,1,1,2,3+ branch,0 no foreign neighbour,63.27539825439453,1.480741079655239
4781,9,9,2.0,0.0,5139.0,0.0,373.0,1,1,8,2 path,0 no foreign neighbour,64.16560363769531,8.195014436020605
4782,5,5,2.0,0.0,5139.0,0.5,336.0,0,0,3,2 path,mixed,64.86209869384766,2.5125077524062527
4783,2,2,2.0,0.0,5139.0,0.0,234.0,1,1,8,2 path,0 no foreign neighbour,63.92190170288086,23.355050662498897
4784,6,6,2.0,0.0,5139.0,0.5,733.0,1,1,9,2 path,mixed,63.831298828125,7.585894285882334
4785,7,7,2.0,0.0,5139.0,0.5,984.0,0,0,0,2 path,mixed,57.224300384521484,2.6018685443449634
4786,6,6,2.0,0.0,5139.0,0.5,733.0,1,1,0,2 path,mixed,56.16460037231445,3.2055683769220815
4787,7,7,2.0,0.0,5139.0,1.0,984.0,0,0,9,2 path,1 all neighbours foreign,67.14330291748047,1.0619367043076717
4788,6,6,2.0,0.0,5139.0,0.5,733.0,1,1,0,2 path,mixed,98.61060333251953,3.441978746597365
4789,0,0,2.0,0.0,5139.0,0.5,914.0,1,0,0,2 path,mixed,48.22090148925781,1.0260500262227745
4790,9,9,2.0,0.0,5139.0,0.5,373.0,1,1,4,2 path,mixed,186.35299682617188,3.459690033037467
4791,7,7,2.0,0.0,5139.0,0.5,984.0,1,0,5,2 path,mixed,3.682539939880371,2.836094815931358
4792,8,8,4.0,0.0,5139.0,0.25,452.0,1,1,5,3+ branch,mixed,7.554049968719482,4.9200250404318755
4793,1,1,2.0,0.0,5139.0,0.0,276.0,1,1,2,2 path,0 no foreign neighbour,64.26349639892578,3.850392252610585
4794,1,1,2.0,0.0,5139.0,0.0,276.0,1,1,2,2 path,0 no foreign neighbour,53.58000183105469,5.283660428210636
4795,3,3,2.0,0.0,5139.0,1.0,295.0,1,1,2,2 path,1 all neighbours foreign,68.67980194091797,4.1132823721286
4796,2,2,2.0,0.0,5139.0,0.5,234.0,1,1,0,2 path,mixed,64.58280181884766,6.791049858914351
4797,2,2,2.0,0.0,5139.0,0.5,234.0,1,1,8,2 path,mixed,64.27400207519531,6.957202848770176
4798,6,6,2.0,0.0,5139.0,0.5,733.0,1,1,8,2 path,mixed,65.13980102539062,22.658119326642698
4799,6,6,2.0,0.0,5139.0,0.5,733.0,1,1,9,2 path,mixed,66.59089660644531,2.434829154718234
4800,4,4,2.0,0.0,5139.0,0.0,543.0,1,1,0,2 path,0 no foreign neighbour,53.144100189208984,1.8012167039616718
4801,4,4,2.0,0.0,5139.0,0.0,543.0,1,1,5,2 path,0 no foreign neighbour,54.89360046386719,1.819589158716119
4802,6,6,2.0,0.0,5139.0,0.0,733.0,1,1,0,2 path,0 no foreign neighbour,64.88990020751953,0.9084906955635761
4803,0,0,2.0,0.0,5139.0,0.5,914.0,1,1,0,2 path,mixed,52.552799224853516,1.0533741359973516
4804,0,0,3.0,0.0,5139.0,0.0,914.0,1,0,0,3+ branch,0 no foreign neighbour,63.97439956665039,0.5960514412632171
4805,4,4,3.0,0.0,5139.0,0.0,543.0,1,1,0,3+ branch,0 no foreign neighbour,1.0,1.8793796446257724
4806,4,4,2.0,0.0,5139.0,0.0,543.0,1,1,0,2 path,0 no foreign neighbour,29.513500213623047,1.8674081144648276
4807,6,6,2.0,0.0,5139.0,0.5,733.0,1,1,9,2 path,mixed,66.53459930419922,2.442494396924888
4808,7,7,2.0,0.0,5139.0,1.0,984.0,1,1,5,2 path,1 all neighbours foreign,66.8147964477539,2.8280799678399737
4809,6,6,2.0,0.0,5139.0,1.0,733.0,1,1,0,2 path,1 all neighbours foreign,65.05819702148438,2.8399030456632968
4810,7,7,2.0,0.0,5139.0,0.5,984.0,0,0,0,2 path,mixed,64.66719818115234,1.9098352517489852
4811,7,7,2.0,0.0,5139.0,0.5,984.0,0,0,9,2 path,mixed,65.12560272216797,0.8794834202756698
4812,6,6,2.0,0.0,5139.0,1.0,733.0,1,1,8,2 path,1 all neighbours foreign,65.66280364990234,18.512498525022153
4813,9,9,2.0,0.0,5139.0,0.0,373.0,1,1,8,2 path,0 no foreign neighbour,63.851600646972656,52.082618417128174
4814,8,8,3.0,0.0,5139.0,0.3333333333333333,452.0,1,1,5,3+ branch,mixed,3.9516100883483887,4.91550089530644
4815,6,6,2.0,0.0,5139.0,1.0,733.0,1,1,9,2 path,1 all neighbours foreign,62.50519943237305,0.9422758973486227
4816,8,8,3.0,0.0,5139.0,0.0,452.0,1,1,5,3+ branch,0 no foreign neighbour,10.0,4.9426185963409095
4817,8,8,3.0,0.0,5139.0,0.3333333333333333,452.0,1,0,2,3+ branch,mixed,64.74250030517578,8.868795002717288
4818,2,2,2.0,0.0,5139.0,0.0,234.0,1,1,0,2 path,0 no foreign neighbour,65.98500061035156,5.124362646946858
4819,2,2,2.0,0.0,5139.0,0.5,234.0,1,1,0,2 path,mixed,34.89469909667969,8.188170288811218
4820,8,8,2.0,0.0,5139.0,1.0,452.0,1,0,8,2 path,1 all neighbours foreign,65.51249694824219,47.12740145569037
4821,1,1,1.0,0.0,5139.0,0.0,276.0,1,1,2,1 tip,0 no foreign neighbour,60.50170135498047,5.420909260269653
4822,1,1,2.0,0.0,5139.0,0.0,276.0,0,0,7,2 path,0 no foreign neighbour,62.547298431396484,12.762079935003467
4823,4,4,2.0,0.0,5139.0,0.5,543.0,1,1,0,2 path,mixed,63.830501556396484,0.776918615830875
4824,3,3,2.0,0.0,5139.0,0.5,295.0,1,1,2,2 path,mixed,66.52629852294922,28.443423102323628
4825,3,3,3.0,0.0,5139.0,0.0,295.0,1,1,6,3+ branch,0 no foreign neighbour,108.48200225830078,5.4902366524744295
4826,4,4,2.0,0.0,5139.0,0.0,543.0,1,1,0,2 path,0 no foreign neighbour,58.192501068115234,1.8560681155573682
4827,4,4,2.0,0.0,5139.0,1.0,543.0,1,1,2,2 path,1 all neighbours foreign,46.81529998779297,1.8624086819081698
4828,6,6,2.0,0.0,5139.0,0.5,733.0,1,1,8,2 path,mixed,64.8114013671875,15.701283599512967
4829,7,7,2.0,0.0,5139.0,0.5,984.0,0,0,8,2 path,mixed,66.51300048828125,16.713352347212762
4830,7,7,2.0,0.0,5139.0,0.5,984.0,0,0,9,2 path,mixed,64.5364990234375,2.4137338002167237
4831,6,6,2.0,0.0,5139.0,0.5,733.0,1,1,9,2 path,mixed,64.80460357666016,3.2992245800601423
4832,7,7,2.0,0.0,5139.0,1.0,984.0,0,0,8,2 path,1 all neighbours foreign,64.68000030517578,1.2760473894572957
4833,1,1,3.0,0.0,5139.0,0.0,276.0,0,0,7,3+ branch,0 no foreign neighbour,65.29889678955078,5.869672990648145
4834,1,1,3.0,0.0,5139.0,0.0,276.0,1,1,2,3+ branch,0 no foreign neighbour,44.11109924316406,5.441251035498524
4835,4,4,2.0,0.0,5139.0,0.0,543.0,1,1,0,2 path,0 no foreign neighbour,2.9767398834228516,1.886038375990461
4836,8,8,1.0,0.0,5139.0,0.0,452.0,1,0,0,1 tip,0 no foreign neighbour,58.87120056152344,4.845475057076559
4837,5,5,2.0,0.0,5139.0,0.5,336.0,1,1,0,2 path,mixed,50.05329895019531,10.86602466808075
4838,5,5,2.0,0.0,5139.0,0.0,336.0,0,0,3,2 path,0 no foreign neighbour,42.09090042114258,10.880715254192905
4839,5,5,2.0,0.0,5139.0,0.5,336.0,0,0,3,2 path,mixed,63.73830032348633,8.930853702585347
4840,5,5,2.0,0.0,5139.0,0.5,336.0,0,0,1,2 path,mixed,63.9552001953125,47.88840422906874
4841,7,7,2.0,0.0,5139.0,0.0,984.0,0,0,0,2 path,0 no foreign neighbour,62.96480178833008,1.8881589734493749
4842,7,7,3.0,0.0,5139.0,0.0,984.0,0,0,0,3+ branch,0 no foreign neighbour,46.775001525878906,2.833099603475398
4843,7,7,4.0,0.0,5139.0,0.25,984.0,1,0,5,3+ branch,mixed,7.895520210266113,2.8351382110875285
4844,1,1,3.0,0.3333333432674408,5139.0,0.0,276.0,0,0,7,3+ branch,0 no foreign neighbour,65.46800231933594,2.0287881868646207
4845,6,6,2.0,0.0,5139.0,0.0,733.0,1,1,5,2 path,0 no foreign neighbour,33.599998474121094,3.4404321993620433
4846,6,6,2.0,0.0,5139.0,0.5,733.0,1,1,0,2 path,mixed,64.19940185546875,2.1037628726525224
4847,3,3,2.0,0.0,5139.0,0.0,295.0,1,1,6,2 path,0 no foreign neighbour,60.78260040283203,5.396041226056088
4848,3,3,2.0,0.0,5139.0,0.5,295.0,1,1,2,2 path,mixed,60.30059814453125,5.259558050167705
4849,6,6,2.0,0.0,5139.0,0.0,733.0,1,1,0,2 path,0 no foreign neighbour,49.183799743652344,3.4171097404183906
4850,6,6,2.0,0.0,5139.0,0.0,733.0,1,1,0,2 path,0 no foreign neighbour,57.66669845581055,3.405653618889873
4851,3,3,2.0,0.0,5139.0,0.0,295.0,1,1,2,2 path,0 no foreign neighbour,66.14399719238281,33.65220781869519
4852,2,2,2.0,0.0,5139.0,1.0,234.0,1,1,0,2 path,1 all neighbours foreign,62.484798431396484,8.14537346779874
4853,2,2,2.0,0.0,5139.0,0.5,234.0,1,1,0,2 path,mixed,30.03700065612793,8.190167099493955
4854,7,7,3.0,0.0,5139.0,0.6666666666666666,984.0,0,0,0,3+ branch,mixed,69.28160095214844,2.8175833129356795
4855,4,4,2.0,0.0,5139.0,1.0,543.0,1,1,0,2 path,1 all neighbours foreign,65.33899688720703,1.0507461483430012
4856,7,7,2.0,0.0,5139.0,0.0,984.0,0,0,9,2 path,0 no foreign neighbour,66.89769744873047,11.244725802239588
4857,7,7,5.0,0.0,5139.0,0.8,984.0,0,0,0,3+ branch,mixed,36.94369888305664,2.834043914896659
4858,3,3,2.0,0.0,5139.0,0.5,295.0,1,1,2,2 path,mixed,65.83450317382812,16.98914054615663
4859,8,8,2.0,0.0,5139.0,0.0,452.0,1,1,0,2 path,0 no foreign neighbour,62.2156982421875,4.220792318934372
4860,4,4,2.0,0.0,5139.0,1.0,543.0,1,1,0,2 path,1 all neighbours foreign,45.38800048828125,1.8170774545358088
4861,4,4,2.0,0.0,5139.0,1.0,543.0,1,1,2,2 path,1 all neighbours foreign,52.66490173339844,1.8204867181006714
4862,1,1,2.0,0.0,5139.0,0.5,276.0,1,1,2,2 path,mixed,59.61479949951172,4.775432492477308
4863,1,1,3.0,0.0,5139.0,0.0,276.0,1,1,2,3+ branch,0 no foreign neighbour,94.40679931640625,5.520569677264153
4864,6,6,2.0,0.0,5139.0,0.5,733.0,1,1,0,2 path,mixed,74.81819915771484,3.4175727082834686
4865,4,4,2.0,0.0,5139.0,0.0,543.0,1,1,5,2 path,0 no foreign neighbour,1.0,1.8725007230035378
4866,0,0,2.0,0.0,5139.0,0.0,914.0,0,0,2,2 path,0 no foreign neighbour,35.9010009765625,1.0580880148031897
4867,5,5,2.0,0.0,5139.0,0.5,336.0,0,0,3,2 path,mixed,65.39340209960938,1.6191697381767054
4868,2,2,2.0,0.0,5139.0,1.0,234.0,1,1,6,2 path,1 all neighbours foreign,124.52999877929688,6.657311532985414
4869,4,4,4.0,0.0,5139.0,0.0,543.0,1,1,0,3+ branch,0 no foreign neighbour,56.22090148925781,1.8731023741778559
4870,4,4,2.0,0.0,5139.0,0.0,543.0,1,1,0,2 path,0 no foreign neighbour,66.52079772949219,1.864861241121516
4871,8,8,3.0,0.0,5139.0,0.3333333333333333,452.0,1,1,0,3+ branch,mixed,14.0,4.9150098462886955
4872,0,0,4.0,0.0,5139.0,0.25,914.0,1,1,0,3+ branch,mixed,3.0,1.084533353822948
4873,4,4,2.0,0.0,5139.0,0.5,543.0,1,1,0,2 path,mixed,30.398000717163086,1.8669337986275354
4874,6,6,2.0,0.0,5139.0,0.0,733.0,1,1,8,2 path,0 no foreign neighbour,65.46720123291016,32.49867147292913
4875,7,7,3.0,0.0,5139.0,0.3333333333333333,984.0,0,0,8,3+ branch,mixed,64.97750091552734,37.52584056736448
4876,8,8,2.0,0.0,5139.0,0.0,452.0,1,1,0,2 path,0 no foreign neighbour,48.48740005493164,4.899343698841298
4877,6,6,2.0,0.0,5139.0,0.0,733.0,1,1,0,2 path,0 no foreign neighbour,52.26190185546875,3.3078903629037963
4878,7,7,2.0,0.0,5139.0,0.0,984.0,0,0,0,2 path,0 no foreign neighbour,41.66279983520508,2.8258760078648386
4879,7,7,2.0,0.0,5139.0,0.0,984.0,0,0,8,2 path,0 no foreign neighbour,64.40080261230469,9.061600380472605
4880,4,4,4.0,0.0,5139.0,0.5,543.0,1,1,2,3+ branch,mixed,41.0,1.867131265067201
4881,4,4,2.0,0.0,5139.0,0.5,543.0,1,1,6,2 path,mixed,128.86300659179688,1.7734743897720953
4882,0,0,2.0,0.0,5139.0,0.0,914.0,0,0,6,2 path,0 no foreign neighbour,105.5270004272461,1.055477606541086
4883,0,0,4.0,0.0,5139.0,0.25,914.0,1,0,0,3+ branch,mixed,50.930999755859375,1.0849847934094248
4884,4,4,3.0,0.0,5139.0,0.0,543.0,1,1,4,3+ branch,0 no foreign neighbour,478.0820007324219,1.8371631102881163
4885,3,3,3.0,0.0,5139.0,1.0,295.0,1,1,5,3+ branch,1 all neighbours foreign,1.0,5.562965088333003
4886,8,8,3.0,0.0,5139.0,0.0,452.0,1,1,6,3+ branch,0 no foreign neighbour,141.343994140625,4.825798096153272
4887,8,8,2.0,0.0,5139.0,0.5,452.0,1,1,2,2 path,mixed,64.0374984741211,11.071370084718419
4888,2,2,2.0,0.0,5139.0,1.0,234.0,1,1,0,2 path,1 all neighbours foreign,51.786399841308594,8.057396019466156
4889,2,2,2.0,0.0,5139.0,0.0,234.0,1,1,0,2 path,0 no foreign neighbour,42.54840087890625,8.11389145479559
4890,4,4,2.0,0.0,5139.0,1.0,543.0,1,1,0,2 path,1 all neighbours foreign,78.5,1.853580232533238
4891,3,3,2.0,0.0,5139.0,0.5,295.0,1,1,0,2 path,mixed,54.563499450683594,5.530810203688511
4892,8,8,2.0,0.0,5139.0,0.5,452.0,1,1,6,2 path,mixed,103.30799865722656,4.834384354877508
4893,3,3,2.0,0.0,5139.0,0.5,295.0,1,1,2,2 path,mixed,56.17770004272461,4.960911874451572
4894,9,9,1.0,0.0,5139.0,0.0,373.0,1,1,5,1 tip,0 no foreign neighbour,29.277799606323242,3.670313605582198
4895,7,7,3.0,0.0,5139.0,0.3333333333333333,984.0,0,0,0,3+ branch,mixed,62.87799835205078,2.835990835475066
4896,7,7,2.0,0.0,5139.0,1.0,984.0,0,0,0,2 path,1 all neighbours foreign,50.06990051269531,2.744780195772455
4897,0,0,3.0,0.0,5139.0,0.6666666666666666,914.0,0,0,6,3+ branch,mixed,138.35800170898438,1.078032712239751
4898,7,7,2.0,0.0,5139.0,0.5,984.0,0,0,0,2 path,mixed,69.17870330810547,2.702103412661497
4899,1,1,2.0,0.0,5139.0,0.5,276.0,1,1,2,2 path,mixed,64.74980163574219,59.32089354677817
4900,4,4,2.0,0.0,5139.0,0.0,543.0,1,1,6,2 path,0 no foreign neighbour,181.343994140625,1.842370428114417
4901,7,7,2.0,0.0,5139.0,0.0,984.0,0,0,8,2 path,0 no foreign neighbour,60.03519821166992,1.8877402920456852
4902,7,7,3.0,0.0,5139.0,0.0,984.0,1,1,6,3+ branch,0 no foreign neighbour,196.26499938964844,2.8278847122631734
4903,8,8,3.0,0.0,5139.0,0.3333333333333333,452.0,1,1,5,3+ branch,mixed,61.89929962158203,4.331477644900071
4904,4,4,2.0,0.0,5139.0,1.0,543.0,1,1,2,2 path,1 all neighbours foreign,64.4739990234375,1.735412719961807
4905,8,8,2.0,0.0,5139.0,1.0,452.0,1,0,8,2 path,1 all neighbours foreign,65.01909637451172,30.113710289733845
4906,9,9,2.0,0.0,5139.0,0.0,373.0,1,1,8,2 path,0 no foreign neighbour,64.7782974243164,28.6755074247449
4907,9,9,1.0,0.0,5139.0,0.0,373.0,1,1,8,1 tip,0 no foreign neighbour,13.595999717712402,3.6929879568646413
4908,7,7,2.0,0.0,5139.0,0.0,984.0,0,0,9,2 path,0 no foreign neighbour,64.81710052490234,1.4333297415896147
4909,7,7,4.0,0.0,5139.0,0.25,984.0,1,1,6,3+ branch,mixed,188.0399932861328,2.818324878406846
4910,1,1,2.0,0.0,5139.0,1.0,276.0,0,0,7,2 path,1 all neighbours foreign,64.63919830322266,30.463777740755475
4911,1,1,2.0,0.0,5139.0,0.5,276.0,0,0,7,2 path,mixed,63.33649826049805,2.3029404582409536
4912,8,8,2.0,0.0,5139.0,0.0,452.0,1,0,2,2 path,0 no foreign neighbour,66.0177001953125,22.14038892600451
4913,8,8,1.0,0.0,5139.0,0.0,452.0,1,1,8,1 tip,0 no foreign neighbour,25.672399520874023,4.943674282362846
4914,7,7,3.0,0.0,5139.0,0.0,984.0,1,1,4,3+ branch,0 no foreign neighbour,299.34100341796875,2.7974939161534245
4915,8,8,2.0,0.0,5139.0,0.0,452.0,1,1,0,2 path,0 no foreign neighbour,50.88460159301758,4.862038659254639
4916,0,0,2.0,0.0,5139.0,0.5,914.0,0,0,6,2 path,mixed,78.63870239257812,1.0307495501003086
4917,9,9,2.0,0.0,5139.0,0.0,373.0,1,1,0,2 path,0 no foreign neighbour,32.74549865722656,3.6797282462728513
4918,6,6,3.0,0.0,5139.0,0.6666666666666666,733.0,0,0,4,3+ branch,mixed,144.3249969482422,3.4426542546454124
4919,0,0,3.0,0.0,5139.0,0.3333333333333333,914.0,0,0,5,3+ branch,mixed,1.0,1.0842352014091068
4920,7,7,3.0,0.0,5139.0,0.6666666666666666,984.0,0,0,9,3+ branch,mixed,65.88870239257812,1.1029872121620947
4921,5,5,2.0,0.0,5139.0,0.0,336.0,0,0,1,2 path,0 no foreign neighbour,63.67390060424805,111.1512510923239
4922,7,7,3.0,0.0,5139.0,0.0,984.0,1,0,5,3+ branch,0 no foreign neighbour,17.647899627685547,2.8272608941316095
4923,4,4,2.0,0.0,5139.0,0.0,543.0,1,1,5,2 path,0 no foreign neighbour,36.5625,1.8655464323977877
4924,9,9,2.0,0.0,5139.0,0.0,373.0,1,1,0,2 path,0 no foreign neighbour,37.33330154418945,3.6550837664075706
4925,3,3,3.0,0.0,5139.0,0.3333333333333333,295.0,1,1,6,3+ branch,mixed,289.4070129394531,5.488888211887049
4926,6,6,2.0,0.0,5139.0,0.5,733.0,1,1,9,2 path,mixed,64.40299987792969,1.6531851607670107
4927,1,1,3.0,0.0,5139.0,0.0,276.0,1,1,0,3+ branch,0 no foreign neighbour,1.4375,5.537453045957616
4928,8,8,2.0,0.0,5139.0,0.5,452.0,1,1,8,2 path,mixed,64.51799774169922,6.133721282106866
4929,6,6,2.0,0.0,5139.0,0.0,733.0,1,1,9,2 path,0 no foreign neighbour,65.0426025390625,1.0145227757236313
4930,6,6,2.0,0.0,5139.0,1.0,733.0,1,1,8,2 path,1 all neighbours foreign,65.39579772949219,36.098329864442384
4931,4,4,2.0,0.0,5139.0,1.0,543.0,1,1,0,2 path,1 all neighbours foreign,23.2716007232666,1.8510470029805155
4932,7,7,2.0,0.0,5139.0,0.0,984.0,0,0,8,2 path,0 no foreign neighbour,66.00070190429688,36.992130441235666
4933,5,5,2.0,0.0,5139.0,0.5,336.0,0,0,3,2 path,mixed,64.3458023071289,11.605541140044876
4934,5,5,2.0,0.0,5139.0,0.5,336.0,1,0,9,2 path,mixed,65.13469696044922,5.179207393790504
4935,1,1,2.0,0.0,5139.0,0.0,276.0,0,0,7,2 path,0 no foreign neighbour,63.40599822998047,8.876044137199724
4936,1,1,2.0,0.0,5139.0,0.0,276.0,0,0,7,2 path,0 no foreign neighbour,66.72250366210938,4.0139794902023676
4937,7,7,2.0,0.0,5139.0,0.5,984.0,0,0,8,2 path,mixed,65.24310302734375,18.226692674641914
4938,8,8,1.0,0.0,5139.0,0.0,452.0,1,0,7,1 tip,0 no foreign neighbour,64.76180267333984,69.3328072015236
4939,8,8,4.0,0.0,5139.0,0.5,452.0,1,1,5,3+ branch,mixed,7.714290142059326,4.9099424738344215
4940,0,0,2.0,0.0,5139.0,1.0,914.0,0,0,6,2 path,1 all neighbours foreign,1.0,1.0689272044839324
4941,6,6,3.0,0.0,5139.0,0.0,733.0,1,1,6,3+ branch,0 no foreign neighbour,137.4510040283203,3.4428269051973683
4942,3,3,2.0,0.0,5139.0,0.5,295.0,1,1,2,2 path,mixed,65.92389678955078,11.218911340999641
4943,3,3,2.0,0.0,5139.0,0.0,295.0,1,1,7,2 path,0 no foreign neighbour,66.28620147705078,82.3879677531776
4944,4,4,3.0,0.0,5139.0,0.0,543.0,1,1,5,3+ branch,0 no foreign neighbour,21.04290008544922,1.855467912265122
4945,4,4,3.0,0.0,5139.0,0.0,543.0,1,1,4,3+ branch,0 no foreign neighbour,572.5,1.8478379006297414
4946,0,0,3.0,0.0,5139.0,0.6666666666666666,914.0,0,0,6,3+ branch,mixed,22.843799591064453,1.0726680402682254
4947,4,4,2.0,0.0,5139.0,0.5,543.0,1,1,6,2 path,mixed,124.49400329589844,1.8646701796283145
4948,3,3,2.0,0.0,5139.0,1.0,295.0,1,1,7,2 path,1 all neighbours foreign,66.4343032836914,18.41920213369531
4949,3,3,3.0,0.0,5139.0,0.3333333333333333,295.0,1,1,4,3+ branch,mixed,199.24400329589844,5.536744347582038
4950,4,4,2.0,0.0,5139.0,0.0,543.0,1,1,5,2 path,0 no foreign neighbour,9.602149963378906,1.8496587754454556
4951,9,9,1.0,0.0,5139.0,0.0,373.0,1,1,0,1 tip,0 no foreign neighbour,108.4749984741211,3.6347511229413985
4952,7,7,2.0,0.0,5139.0,0.5,984.0,0,0,9,2 path,mixed,66.10070037841797,2.031636383223602
4953,7,7,2.0,0.0,5139.0,0.5,984.0,1,0,5,2 path,mixed,13.697400093078613,2.834031642304941
4954,0,0,2.0,0.0,5139.0,0.5,914.0,1,0,0,2 path,mixed,37.25239944458008,1.0561327417322064
4955,1,1,2.0,0.0,5139.0,0.0,276.0,1,1,2,2 path,0 no foreign neighbour,58.56909942626953,4.883622470481039
4956,4,4,2.0,0.0,5139.0,0.0,543.0,1,1,6,2 path,0 no foreign neighbour,160.28900146484375,1.8733401302032722
4957,9,9,2.0,0.0,5139.0,0.0,373.0,1,1,0,2 path,0 no foreign neighbour,53.35049819946289,3.35077252482867
4958,7,7,2.0,0.0,5139.0,0.5,984.0,0,0,9,2 path,mixed,65.49009704589844,5.104822943293172
4959,6,6,2.0,0.0,5139.0,0.5,733.0,1,1,0,2 path,mixed,90.60279846191406,3.4187679133712043
4960,7,7,2.0,0.0,5139.0,0.5,984.0,1,1,2,2 path,mixed,65.44270324707031,1.783983077007717
4961,4,4,2.0,0.0,5139.0,0.5,543.0,1,1,6,2 path,mixed,105.18399810791016,1.8512270725735795
4962,6,6,2.0,0.0,5139.0,0.0,733.0,1,1,0,2 path,0 no foreign neighbour,62.946800231933594,3.3074676867935007
4963,0,0,2.0,0.0,5139.0,0.5,914.0,0,0,2,2 path,mixed,67.64649963378906,0.5576843961891037
4964,0,0,2.0,0.0,5139.0,0.0,914.0,1,0,0,2 path,0 no foreign neighbour,46.12900161743164,1.0587088112279366
4965,3,3,2.0,0.0,5139.0,0.5,295.0,1,1,2,2 path,mixed,71.23639678955078,2.4732428490303326
4966,6,6,2.0,0.0,5139.0,0.5,733.0,1,1,9,2 path,mixed,66.68319702148438,3.8497843719979166
4967,3,3,3.0,0.0,5139.0,1.0,295.0,1,1,7,3+ branch,1 all neighbours foreign,65.206298828125,5.555982569418102
4968,1,1,2.0,0.0,5139.0,0.0,276.0,1,1,2,2 path,0 no foreign neighbour,65.83660125732422,1.9136885404108435
4969,6,6,3.0,0.0,5139.0,0.0,733.0,1,1,0,3+ branch,0 no foreign neighbour,1.0,3.4692539888804808
4970,6,6,2.0,1.0,5139.0,0.5,733.0,1,1,0,2 path,mixed,50.18320083618164,3.423355317953874
4971,1,1,2.0,0.0,5139.0,0.0,276.0,0,0,7,2 path,0 no foreign neighbour,64.32060241699219,82.94217528399227
4972,4,4,2.0,0.0,5139.0,0.0,543.0,1,1,2,2 path,0 no foreign neighbour,65.97769927978516,3.9000185642289495
4973,4,4,2.0,0.0,5139.0,0.5,543.0,1,1,0,2 path,mixed,61.57720184326172,1.6733298304753776
4974,7,7,2.0,0.0,5139.0,0.5,984.0,0,0,8,2 path,mixed,65.30159759521484,1.7564368669337695
4975,7,7,2.0,0.0,5139.0,0.5,984.0,0,0,9,2 path,mixed,62.58190155029297,1.9723637971297798
4976,6,6,2.0,0.0,5139.0,0.0,733.0,1,1,8,2 path,0 no foreign neighbour,66.14320373535156,43.329553078508795
4977,6,6,2.0,0.0,5139.0,1.0,733.0,1,1,9,2 path,1 all neighbours foreign,64.81600189208984,1.0953225239717255
4978,8,8,2.0,0.0,5139.0,0.0,452.0,1,1,5,2 path,0 no foreign neighbour,1.931030035018921,4.92230320482393
4979,7,7,2.0,0.0,5139.0,0.0,984.0,0,0,9,2 path,0 no foreign neighbour,63.81679916381836,0.6954566198037958
4980,7,7,4.0,0.0,5139.0,0.25,984.0,1,1,4,3+ branch,mixed,304.635986328125,2.4425452919100064
4981,0,0,4.0,0.0,5139.0,0.25,914.0,1,1,8,3+ branch,mixed,2.9629600048065186,1.0832897292345678
4982,8,8,3.0,0.0,5139.0,0.3333333333333333,452.0,1,1,4,3+ branch,mixed,226.9219970703125,4.832507296771017
4983,7,7,2.0,0.0,5139.0,0.5,984.0,0,0,0,2 path,mixed,64.87920379638672,0.9985953805763624
4984,9,9,2.0,0.0,5139.0,0.0,373.0,1,1,0,2 path,0 no foreign neighbour,60.38759994506836,3.513159102353769
4985,0,0,2.0,0.0,5139.0,0.5,914.0,1,0,4,2 path,mixed,161.07699584960938,1.0396889507944873
4986,6,6,2.0,0.0,5139.0,0.0,733.0,1,1,0,2 path,0 no foreign neighbour,57.46760177612305,3.2537441821230124
4987,5,5,1.0,0.0,5139.0,0.0,336.0,1,1,0,1 tip,0 no foreign neighbour,38.91210174560547,10.89328546902028
4988,9,9,2.0,0.0,5139.0,0.5,373.0,1,1,9,2 path,mixed,55.68349838256836,3.576659099207569
4989,0,0,2.0,0.0,5139.0,0.5,914.0,1,0,0,2 path,mixed,82.05259704589844,1.0487799027657045
4990,6,6,2.0,0.0,5139.0,0.5,733.0,1,1,8,2 path,mixed,66.29000091552734,6.327915184435898
4991,6,6,2.0,0.0,5139.0,0.5,733.0,1,1,8,2 path,mixed,65.20240020751953,30.5479414399774
4992,3,3,2.0,0.0,5139.0,0.5,295.0,1,1,0,2 path,mixed,62.43239974975586,5.3355291979598
4993,7,7,2.0,0.0,5139.0,0.0,984.0,0,0,8,2 path,0 no foreign neighbour,66.75740051269531,9.043476842641699
4994,2,2,1.0,0.0,5139.0,0.0,234.0,1,1,7,1 tip,0 no foreign neighbour,64.13619995117188,173.0860684920872
4995,8,8,4.0,0.0,5139.0,0.75,452.0,1,0,0,3+ branch,mixed,47.160499572753906,4.919198342121288
4996,8,8,2.0,0.0,5139.0,0.0,452.0,1,1,2,2 path,0 no foreign neighbour,64.75479888916016,9.416411088936961
4997,5,5,2.0,0.0,5139.0,0.5,336.0,0,0,1,2 path,mixed,64.03079986572266,45.4141101193275
4998,7,7,1.0,0.0,5139.0,1.0,984.0,0,0,9,1 tip,1 all neighbours foreign,50.91859817504883,2.7993647852983714
4999,2,2,3.0,0.0,5139.0,0.0,234.0,1,1,8,3+ branch,0 no foreign neighbour,65.47550201416016,39.20591640848309
5000,6,6,2.0,0.0,5139.0,1.0,733.0,1,1,9,2 path,1 all neighbours foreign,66.1697998046875,3.658317334403148
5001,4,4,4.0,0.0,5139.0,0.25,543.0,1,1,0,3+ branch,mixed,62.32389831542969,1.8553023982457522
5002,5,5,2.0,0.0,5139.0,0.5,336.0,0,0,3,2 path,mixed,63.70389938354492,5.066557134922792
5003,9,9,2.0,0.0,5139.0,0.0,373.0,1,1,8,2 path,0 no foreign neighbour,64.16280364990234,39.177838664671796
5004,1,1,2.0,0.0,5139.0,0.0,276.0,0,0,7,2 path,0 no foreign neighbour,65.97660064697266,2.276948893482573
5005,5,5,3.0,0.0,5139.0,0.3333333333333333,336.0,1,1,4,3+ branch,mixed,231.2449951171875,10.583018847891305
5006,4,4,3.0,0.0,5139.0,0.0,543.0,1,1,0,3+ branch,0 no foreign neighbour,52.52239990234375,1.8731507807618613
5007,4,4,2.0,0.0,5139.0,0.5,543.0,1,1,0,2 path,mixed,64.6321029663086,1.8636594472063581
5008,3,3,2.0,0.0,5139.0,0.5,295.0,1,1,2,2 path,mixed,67.10169982910156,14.189326568133229
5009,3,3,2.0,0.0,5139.0,0.0,295.0,1,1,2,2 path,0 no foreign neighbour,66.18460083007812,35.71639648509781
5010,4,4,2.0,0.0,5139.0,0.5,543.0,1,1,6,2 path,mixed,54.804100036621094,1.8570530784430757
5011,9,9,2.0,0.0,5139.0,0.0,373.0,1,1,9,2 path,0 no foreign neighbour,66.6146011352539,2.9476519018557963
5012,5,5,4.0,0.0,5139.0,0.0,336.0,0,0,1,3+ branch,0 no foreign neighbour,64.29789733886719,21.622132850723716
5013,2,2,2.0,0.0,5139.0,0.5,234.0,1,1,0,2 path,mixed,55.37419891357422,8.165577252813454
5014,2,2,2.0,0.0,5139.0,0.0,234.0,1,1,7,2 path,0 no foreign neighbour,63.79169845581055,155.6599746531243
5015,5,5,2.0,0.0,5139.0,0.5,336.0,0,0,3,2 path,mixed,63.4474983215332,11.600297693607933
5016,9,9,2.0,0.0,5139.0,0.0,373.0,1,1,9,2 path,0 no foreign neighbour,66.04879760742188,3.102075436944864
5017,3,3,2.0,0.0,5139.0,0.0,295.0,1,1,2,2 path,0 no foreign neighbour,69.16220092773438,2.5833552995785456
5018,3,3,2.0,0.0,5139.0,0.5,295.0,1,1,2,2 path,mixed,66.18160247802734,10.82546985727108
5019,7,7,2.0,0.0,5139.0,0.0,984.0,0,0,8,2 path,0 no foreign neighbour,65.23179626464844,35.55697500248534
5020,5,5,2.0,0.0,5139.0,0.0,336.0,0,0,3,2 path,0 no foreign neighbour,64.14540100097656,17.967892821305217
5021,6,6,2.0,0.0,5139.0,1.0,733.0,1,1,9,2 path,1 all neighbours foreign,64.09529876708984,1.6656188362399456
5022,5,5,2.0,0.0,5139.0,0.0,336.0,0,0,3,2 path,0 no foreign neighbour,63.954898834228516,45.848043561232586
5023,5,5,2.0,0.0,5139.0,0.5,336.0,0,0,1,2 path,mixed,64.13289642333984,49.345169860693666
5024,1,1,2.0,0.0,5139.0,0.0,276.0,0,0,7,2 path,0 no foreign neighbour,64.5469970703125,46.43550281888495
5025,8,8,2.0,0.0,5139.0,0.0,452.0,1,1,0,2 path,0 no foreign neighbour,67.01370239257812,4.418185155957854
5026,3,3,5.0,0.0,5139.0,0.2,295.0,1,1,4,3+ branch,mixed,321.135986328125,4.876969468057358
5027,6,6,2.0,0.0,5139.0,0.0,733.0,1,1,8,2 path,0 no foreign neighbour,66.17030334472656,65.12211529920607
5028,6,6,4.0,0.0,5139.0,1.0,733.0,0,0,4,3+ branch,1 all neighbours foreign,588.31298828125,3.4474360389131884
5029,7,7,2.0,0.0,5139.0,1.0,984.0,0,0,8,2 path,1 all neighbours foreign,66.41210174560547,6.949331193720871
5030,3,3,2.0,0.0,5139.0,0.0,295.0,1,1,0,2 path,0 no foreign neighbour,65.36289978027344,2.9114411525957324
5031,0,0,3.0,0.0,5139.0,1.0,914.0,0,0,6,3+ branch,1 all neighbours foreign,1.0,1.0683460984073718
5032,3,3,2.0,0.0,5139.0,0.5,295.0,1,1,6,2 path,mixed,85.04959869384766,5.517404686341207
5033,6,6,3.0,0.0,5139.0,0.0,733.0,1,1,5,3+ branch,0 no foreign neighbour,5.7636399269104,3.4653301291562237
5034,6,6,4.0,0.0,5139.0,0.5,733.0,1,1,0,3+ branch,mixed,40.704898834228516,3.454983869083723
5035,8,8,3.0,0.0,5139.0,0.6666666666666666,452.0,1,1,6,3+ branch,mixed,143.625,4.9161408841755545
5036,0,0,3.0,0.0,5139.0,0.6666666666666666,914.0,1,0,0,3+ branch,mixed,6.22806978225708,1.0835707688190266
5037,6,6,3.0,0.0,5139.0,0.3333333333333333,733.0,0,0,4,3+ branch,mixed,178.68800354003906,3.4472542481395014
5038,0,0,4.0,0.0,5139.0,1.0,914.0,1,0,0,3+ branch,1 all neighbours foreign,1.0,1.0676094169457357
5039,8,8,2.0,0.0,5139.0,1.0,452.0,1,1,0,2 path,1 all neighbours foreign,14.918000221252441,4.9119324253388665
5040,8,8,2.0,0.0,5139.0,1.0,452.0,1,1,4,2 path,1 all neighbours foreign,12.5556001663208,4.917374705679438
5041,8,8,2.0,0.0,5139.0,0.5,452.0,1,1,4,2 path,mixed,423.5119934082031,4.752892813393899
5042,5,5,2.0,0.0,5139.0,0.5,336.0,0,0,3,2 path,mixed,65.0,52.77390117829471
5043,7,7,3.0,0.0,5139.0,0.0,984.0,1,1,6,3+ branch,0 no foreign neighbour,61.207801818847656,2.8207795948483088
5044,7,7,3.0,0.0,5139.0,0.6666666666666666,984.0,1,1,4,3+ branch,mixed,888.0709838867188,2.7570277238369023
5045,7,7,2.0,0.0,5139.0,0.0,984.0,1,1,6,2 path,0 no foreign neighbour,70.40450286865234,2.8194310153080426
5046,8,8,4.0,0.0,5139.0,1.0,452.0,1,1,5,3+ branch,1 all neighbours foreign,3.714289903640747,4.936117780921923
5047,7,7,3.0,0.0,5139.0,0.6666666666666666,984.0,1,0,5,3+ branch,mixed,4.897059917449951,2.839569053274825
5048,6,6,4.0,0.0,5139.0,1.0,733.0,1,1,0,3+ branch,1 all neighbours foreign,118.7750015258789,3.455930696976098
5049,6,6,2.0,0.0,5139.0,0.5,733.0,1,1,5,2 path,mixed,56.14250183105469,3.324705455679248
5050,8,8,3.0,0.0,5139.0,0.0,452.0,1,0,4,3+ branch,0 no foreign neighbour,401.7139892578125,4.7897260892506965
5051,0,0,3.0,0.0,5139.0,0.6666666666666666,914.0,0,0,6,3+ branch,mixed,1.0,1.0796070005857918
5052,0,0,4.0,0.0,5139.0,0.25,914.0,1,1,0,3+ branch,mixed,1.0,1.0767996792852268
5053,0,0,5.0,0.0,5139.0,0.4,914.0,1,1,8,3+ branch,mixed,1.0,1.074711320156827
5054,6,6,3.0,0.0,5139.0,0.6666666666666666,733.0,1,1,5,3+ branch,mixed,1.0,3.4659321767629243
5055,6,6,2.0,0.0,5139.0,0.5,733.0,1,1,9,2 path,mixed,64.10040283203125,1.7151425147313653
5056,6,6,3.0,0.0,5139.0,0.6666666666666666,733.0,0,0,4,3+ branch,mixed,1020.2899780273438,3.3883676006786514
5057,0,0,3.0,0.0,5139.0,0.6666666666666666,914.0,1,0,4,3+ branch,mixed,23.5,1.0685346153494912
5058,0,0,3.0,0.0,5139.0,0.6666666666666666,914.0,0,0,6,3+ branch,mixed,49.42369842529297,1.0713923383046615
5059,4,4,4.0,0.0,5139.0,1.0,543.0,1,1,4,3+ branch,1 all neighbours foreign,502.25799560546875,1.8701941193514624
5060,5,5,3.0,0.0,5139.0,1.0,336.0,1,1,6,3+ branch,1 all neighbours foreign,222.63600158691406,10.929574709369488
5061,0,0,2.0,1.0,5139.0,1.0,914.0,1,0,4,2 path,1 all neighbours foreign,1.6093800067901611,1.070539068170457
5062,0,0,6.0,0.0,5139.0,0.8333333333333334,914.0,0,0,5,3+ branch,mixed,50.10449981689453,1.088404498591496
5063,0,0,3.0,0.0,5139.0,0.6666666666666666,914.0,0,0,5,3+ branch,mixed,21.406200408935547,1.0846775493471448
5064,7,7,4.0,0.0,5139.0,0.5,984.0,1,1,6,3+ branch,mixed,165.3300018310547,2.8181884229492575
5065,4,4,3.0,0.0,5139.0,0.3333333333333333,543.0,1,1,4,3+ branch,mixed,453.25,1.6947965776145208
5066,4,4,2.0,0.0,5139.0,0.5,543.0,1,1,4,2 path,mixed,188.1009979248047,1.8580649108820575
5067,0,0,4.0,0.0,5139.0,0.5,914.0,0,0,5,3+ branch,mixed,4.877190113067627,1.0776787988886982
5068,4,4,2.0,0.0,5139.0,0.5,543.0,1,1,0,2 path,mixed,6.578120231628418,1.871040670686051
5069,0,0,2.0,0.0,5139.0,0.0,914.0,1,1,0,2 path,0 no foreign neighbour,1.3333300352096558,1.0829187992577554
5070,0,0,4.0,0.0,5139.0,0.25,914.0,0,0,5,3+ branch,mixed,1.0,1.0827315577138967
5071,0,0,2.0,0.0,5139.0,0.0,914.0,0,0,5,2 path,0 no foreign neighbour,1.966670036315918,1.0847149811288492
5072,0,0,6.0,0.0,5139.0,0.5,914.0,0,0,5,3+ branch,mixed,1.0,1.0843546938874558
5073,0,0,2.0,0.0,5139.0,0.0,914.0,1,1,8,2 path,0 no foreign neighbour,1.0,1.0825667989614387
5074,0,0,4.0,0.0,5139.0,0.0,914.0,0,0,5,3+ branch,0 no foreign neighbour,1.0,1.0848009568839958
5075,8,8,3.0,0.0,5139.0,0.0,452.0,1,1,2,3+ branch,0 no foreign neighbour,1.0,4.940506102069921
5076,8,8,3.0,0.0,5139.0,0.0,452.0,1,1,5,3+ branch,0 no foreign neighbour,1.0,4.940442212635382
5077,8,8,2.0,0.0,5139.0,0.0,452.0,1,1,5,2 path,0 no foreign neighbour,1.0,4.935883704080397
5078,8,8,3.0,0.0,5139.0,0.0,452.0,1,1,6,3+ branch,0 no foreign neighbour,253.23399353027344,4.924735726289627
5079,8,8,4.0,0.0,5139.0,0.25,452.0,1,0,5,3+ branch,mixed,20.32979965209961,4.914641188810076
5080,6,6,3.0,0.0,5139.0,0.6666666666666666,733.0,1,1,6,3+ branch,mixed,184.07400512695312,3.4406654556372422
5081,5,5,4.0,0.0,5139.0,0.25,336.0,1,1,4,3+ branch,mixed,491.0690002441406,10.321159711158481
5082,0,0,2.0,0.0,5139.0,1.0,914.0,1,1,0,2 path,1 all neighbours foreign,32.259700775146484,1.0637826612416337
5083,4,4,4.0,0.0,5139.0,0.5,543.0,1,1,6,3+ branch,mixed,136.3459930419922,1.855257287284828
5084,7,7,4.0,0.0,5139.0,0.25,984.0,0,0,0,3+ branch,mixed,80.435302734375,2.833345013760784
5085,7,7,3.0,0.0,5139.0,0.0,984.0,1,1,6,3+ branch,0 no foreign neighbour,113.44300079345703,2.782899519937526
5086,6,6,2.0,0.0,5139.0,0.0,733.0,1,1,6,2 path,0 no foreign neighbour,71.79750061035156,3.453260578124757
5087,6,6,3.0,0.0,5139.0,0.3333333333333333,733.0,0,0,4,3+ branch,mixed,285.9129943847656,3.427232086819479
5088,8,8,3.0,0.0,5139.0,0.0,452.0,1,1,6,3+ branch,0 no foreign neighbour,273.52301025390625,4.813858620485163
5089,0,0,2.0,0.0,5139.0,0.5,914.0,1,0,8,2 path,mixed,1.0,1.071075392748623
5090,4,4,4.0,0.0,5139.0,0.75,543.0,1,1,5,3+ branch,mixed,9.059700012207031,1.8651340626352773
5091,0,0,1.0,0.0,5139.0,0.0,914.0,0,0,2,1 tip,0 no foreign neighbour,15.381600379943848,1.0721453517518038
5092,0,0,3.0,0.0,5139.0,0.0,914.0,1,0,4,3+ branch,0 no foreign neighbour,398.260986328125,0.9972418605818669
5093,8,8,4.0,0.0,5139.0,0.0,452.0,1,1,6,3+ branch,0 no foreign neighbour,290.0119934082031,4.923116537174377
5094,1,1,6.0,0.0,5139.0,0.8333333333333334,276.0,0,0,7,3+ branch,mixed,500.3219909667969,4.9844028312204065
5095,6,6,2.0,0.0,5139.0,0.0,733.0,0,0,4,2 path,0 no foreign neighbour,577.343017578125,3.3524160003965457
5096,4,4,3.0,0.0,5139.0,0.3333333333333333,543.0,1,1,6,3+ branch,mixed,136.7969970703125,1.8685940080156225
5097,4,4,3.0,0.0,5139.0,0.3333333333333333,543.0,1,1,6,3+ branch,mixed,100.2249984741211,1.8600619489719517
5098,0,0,3.0,0.0,5139.0,1.0,914.0,1,0,0,3+ branch,1 all neighbours foreign,40.14289855957031,1.07201393603358
5099,2,2,3.0,0.0,5139.0,0.0,234.0,1,1,6,3+ branch,0 no foreign neighbour,246.28900146484375,8.206051197359866
5100,2,2,3.0,0.0,5139.0,0.0,234.0,1,1,4,3+ branch,0 no foreign neighbour,1065.1199951171875,8.141060713813088
5101,7,7,4.0,0.0,5139.0,0.75,984.0,1,1,4,3+ branch,mixed,1450.800048828125,2.2734628063847153
5102,9,9,3.0,0.0,5139.0,0.0,373.0,1,1,5,3+ branch,0 no foreign neighbour,24.261899948120117,3.6695740617475745
5103,8,8,2.0,0.0,5139.0,1.0,452.0,1,1,4,2 path,1 all neighbours foreign,335.8139953613281,4.885085342666303
5104,8,8,3.0,0.0,5139.0,0.3333333333333333,452.0,1,1,4,3+ branch,mixed,353.43499755859375,4.8619568390779975
5105,6,6,2.0,0.0,5139.0,0.5,733.0,1,1,0,2 path,mixed,55.6953010559082,3.1262390683982466
5106,7,7,2.0,0.0,5139.0,0.5,984.0,0,0,0,2 path,mixed,59.88050079345703,2.5370484936399067
5107,0,0,3.0,0.0,5139.0,0.3333333333333333,914.0,0,0,5,3+ branch,mixed,3.4516100883483887,1.0816801590525569
5108,7,7,2.0,0.0,5139.0,1.0,984.0,0,0,9,2 path,1 all neighbours foreign,68.2113037109375,9.13948508373504
5109,8,8,2.0,0.0,5139.0,1.0,452.0,1,1,4,2 path,1 all neighbours foreign,217.06900024414062,4.795530985524992
5110,5,5,3.0,0.0,5139.0,0.6666666666666666,336.0,1,1,6,3+ branch,mixed,201.59500122070312,10.83869667429908
5111,5,5,3.0,0.0,5139.0,0.3333333333333333,336.0,1,1,9,3+ branch,mixed,228.57000732421875,10.677054781232355
5112,9,9,4.0,0.0,5139.0,0.5,373.0,1,1,0,3+ branch,mixed,1.0,3.6918878426575046
5113,2,2,2.0,0.0,5139.0,0.0,234.0,1,1,4,2 path,0 no foreign neighbour,254.83799743652344,7.829951327607066
5114,5,5,2.0,0.0,5139.0,0.0,336.0,1,1,0,2 path,0 no foreign neighbour,71.1803970336914,10.552257765018217
5115,1,1,2.0,1.0,5139.0,0.0,276.0,1,1,2,2 path,0 no foreign neighbour,63.0161018371582,5.551116573193107
5116,4,4,2.0,0.0,5139.0,0.0,543.0,1,1,4,2 path,0 no foreign neighbour,488.90301513671875,1.8451317022399674
5117,1,1,3.0,0.0,5139.0,0.0,276.0,1,1,0,3+ branch,0 no foreign neighbour,69.15560150146484,5.543123842357083
5118,1,1,1.0,0.0,5139.0,0.0,276.0,1,1,0,1 tip,0 no foreign neighbour,29.84480094909668,5.5563131323466655
5119,7,7,2.0,0.0,5139.0,0.5,984.0,1,0,7,2 path,mixed,66.4009017944336,50.064266984281524
5120,8,8,3.0,0.0,5139.0,0.3333333333333333,452.0,1,1,6,3+ branch,mixed,165.65499877929688,4.862375953945974
5121,4,4,3.0,0.0,5139.0,0.0,543.0,1,1,0,3+ branch,0 no foreign neighbour,38.91780090332031,1.853113411247334
5122,4,4,3.0,0.0,5139.0,0.0,543.0,1,1,6,3+ branch,0 no foreign neighbour,148.5290069580078,1.8454151648258896
5123,9,9,3.0,0.0,5139.0,0.0,373.0,1,1,5,3+ branch,0 no foreign neighbour,1.257580041885376,3.7013146823808163
5124,2,2,2.0,0.0,5139.0,0.0,234.0,1,1,8,2 path,0 no foreign neighbour,7.6984100341796875,8.209567144402435
5125,7,7,2.0,0.0,5139.0,0.5,984.0,1,0,5,2 path,mixed,5.656720161437988,2.8276412255460723
5126,1,1,3.0,0.0,5139.0,0.0,276.0,1,1,2,3+ branch,0 no foreign neighbour,18.910400390625,5.522091869700043
5127,3,3,4.0,0.0,5139.0,0.0,295.0,1,1,5,3+ branch,0 no foreign neighbour,1.0,5.5425216171513245
5128,4,4,2.0,0.0,5139.0,0.0,543.0,1,1,0,2 path,0 no foreign neighbour,18.880599975585938,1.881285535396793
5129,0,0,3.0,0.0,5139.0,0.0,914.0,0,0,5,3+ branch,0 no foreign neighbour,1.0,1.0752559322646122
5130,7,7,4.0,0.0,5139.0,0.5,984.0,1,0,5,3+ branch,mixed,1.0,2.8343565271112605
5131,8,8,2.0,0.0,5139.0,0.0,452.0,1,1,5,2 path,0 no foreign neighbour,2.9264700412750244,4.928707340734143
5132,7,7,4.0,0.0,5139.0,0.5,984.0,0,0,0,3+ branch,mixed,1.0,2.8400400153970353
5133,2,2,2.0,0.0,5139.0,0.5,234.0,1,1,8,2 path,mixed,4.0307698249816895,8.19714736400291
5134,4,4,2.0,0.0,5139.0,0.0,543.0,1,1,5,2 path,0 no foreign neighbour,1.0,1.861055215986683
5135,0,0,2.0,0.0,5139.0,1.0,914.0,0,0,5,2 path,1 all neighbours foreign,7.506669998168945,1.0738670651252196
5136,4,4,2.0,0.0,5139.0,0.0,543.0,1,1,5,2 path,0 no foreign neighbour,1.0,1.88018071649437
5137,0,0,2.0,0.0,5139.0,0.5,914.0,1,1,0,2 path,mixed,9.0,1.057801996860769
5138,2,2,2.0,0.0,5139.0,0.0,234.0,1,1,0,2 path,0 no foreign neighbour,37.964698791503906,8.204819180946133
5139,8,8,1.0,0.0,5139.0,0.0,452.0,1,1,5,1 tip,0 no foreign neighbour,13.6628999710083,4.899363495815783
