dense_id	source_id	cfa_node_ids
0	3	3
1	7	7
2	11	11
3	13	13
4	15	15
5	17	17
6	19	19
7	21	21
8	23	23
9	25	25
10	29	29
11	35	35
12	39	39
13	53	53
14	67	67
15	77	77
16	79	79
17	85	85
18	93	93
19	99	99
20	103	103
21	105	105
22	119	119
23	129	129
24	135	135
25	153	153
26	163	163
27	177	177
28	191	191
29	195	195
30	201	201
31	207	207
32	211	211
33	213	213
34	227	227
35	229	229
36	239	239
37	245	245
38	247	247
39	257	257
40	263	263
41	265	265
42	269	269
43	277	277
44	291	291
45	293	293
46	305	305
47	309	309
48	311	311
49	323	323
50	335	335
51	341	341
52	353	353
53	357	357
54	371	371
55	389	389
56	401	401
57	431	431
58	437	437
59	439	439
60	441	441
61	443	443
62	455	455
63	479	479
64	491	491
65	497	497
66	509	509
67	521	521
68	539	539
69	551	551
70	581	581
71	611	611
72	617	617
73	635	635
74	733	733
75	749	749
76	751	751
77	753	753
78	755	755
79	767	767
80	773	773
81	847	847
82	855	855
83	875	875
84	971	971
85	989	989
86	995	995
87	999	999
88	1003	1003
89	1009	1009
90	1027	1027
91	1045	1045
92	1051	1051
93	1057	1057
94	1089	1089
95	1133	1133
96	1135	1135
97	1137	1137
98	1143	1143
99	1149	1149
100	1155	1155
101	1167	1167
102	1197	1197
103	1199	1199
104	1205	1205
105	1211	1211
106	1223	1223
107	1241	1241
108	1249	1249
109	1251	1251
110	1253	1253
111	1259	1259
112	1271	1271
113	1277	1277
114	1287	1287
115	1297	1297
116	1335	1335
117	1337	1337
118	1339	1339
119	1345	1345
120	1351	1351
121	1363	1363
122	1369	1369
123	1387	1387
124	1441	1441
125	1477	1477
126	1483	1483
127	1495	1495
128	1501	1501
129	1507	1507
130	1519	1519
131	1543	1543
132	1549	1549
133	1555	1555
134	1561	1561
135	1573	1573
136	1585	1585
137	1591	1591
138	1597	1597
139	1603	1603
140	1609	1609
141	1615	1615
142	1653	1653
143	1655	1655
144	1657	1657
145	1669	1669
146	1675	1675
147	1681	1681
148	1685	1685
149	1691	1691
150	1703	1703
151	1709	1709
152	1715	1715
153	1721	1721
154	1739	1739
155	1763	1763
156	1769	1769
157	1781	1781
158	1793	1793
159	1811	1811
160	1835	1835
161	1841	1841
162	1859	1859
163	1861	1861
164	1867	1867
165	1873	1873
166	1885	1885
167	1891	1891
168	1897	1897
169	1903	1903
170	1909	1909
171	1915	1915
172	1927	1927
173	1939	1939
174	1945	1945
175	1951	1951
176	1957	1957
177	1963	1963
178	1969	1969
179	1981	1981
180	1987	1987
181	1999	1999
182	2005	2005
183	2017	2017
184	2029	2029
185	2035	2035
186	2047	2047
187	2053	2053
188	2079	2079
189	2081	2081
190	2083	2083
191	2089	2089
192	2095	2095
193	2101	2101
194	2107	2107
195	2113	2113
196	2125	2125
197	2131	2131
198	2155	2155
199	2161	2161
200	2167	2167
201	2173	2173
202	2179	2179
203	2185	2185
204	2191	2191
205	2197	2197
206	2209	2209
207	2215	2215
208	2221	2221
209	2225	2225
210	2231	2231
211	2243	2243
212	2261	2261
213	2267	2267
214	2273	2273
215	2279	2279
216	2291	2291
217	2297	2297
218	2309	2309
219	2315	2315
220	2321	2321
221	2327	2327
222	2333	2333
223	2345	2345
224	2357	2357
225	2363	2363
226	2369	2369
227	2375	2375
228	2381	2381
229	2385	2385
230	2397	2397
231	2403	2403
232	2409	2409
233	2415	2415
234	2421	2421
235	2427	2427
236	2439	2439
237	2449	2449
238	2493	2493
239	2509	2509
240	2511	2511
241	2521	2521
242	2523	2523
243	2535	2535
244	2541	2541
245	2545	2545
246	2553	2553
247	2555	2555
248	2567	2567
249	2577	2577
250	2579	2579
251	2627	2627
252	2649	2649
253	2653	2653
254	2657	2657
255	2687	2687
256	2693	2693
257	2699	2699
258	2705	2705
259	2709	2709
260	2711	2711
261	2759	2759
262	2783	2783
263	2785	2785
264	2793	2793
265	2805	2805
266	2829	2829
267	2833	2833
268	2835	2835
269	3461	3461
270	4281	4281
271	4473	4473
272	5181	5181
273	5515	5515
274	5689	5689
275	5695	5695
276	5699	5699
277	5701	5701
278	6009	6009
279	6011	6011
280	6741	6741
281	6747	6747
282	6751	6751
283	6753	6753
284	6831	6831
285	7273	7273
286	7451	7451
287	7655	7655
288	8271	8271
289	8469	8469
290	8475	8475
291	8481	8481
292	8485	8485
293	8487	8487
294	8937	8937
295	9153	9153
296	9249	9249
297	9375	9375
298	9713	9713
299	9715	9715
300	10175	10175
301	10343	10343
302	10349	10349
303	10367	10367
304	10615	10615
305	10621	10621
306	10685	10685
307	10687	10687
308	10825	10825
309	11613	11613
310	11667	11667
311	12237	12237
312	12241	12241
313	12677	12677
314	12875	12875
315	12887	12887
316	12891	12891
317	12893	12893
318	13073	13073
319	13127	13127
320	13683	13683
321	13689	13689
322	13729	13729
323	13829	13829
324	14097	14097
325	14565	14565
326	14577	14577
327	14925	14925
328	15453	15453
329	15597	15597
330	16301	16301
331	16677	16677
332	17023	17023
333	17041	17041
334	17365	17365
335	17873	17873
336	17909	17909
337	17951	17951
338	18473	18473
339	18575	18575
340	18985	18985
341	19081	19081
342	19187	19187
343	19259	19259
344	19289	19289
345	19427	19427
346	20097	20097
347	20203	20203
348	20299	20299
349	20425	20425
350	20873	20873
351	20875	20875
352	20917	20917
353	21049	21049
354	21103	21103
355	21275	21275
356	21475	21475
357	21487	21487
358	21711	21711
359	21715	21715
360	21847	21847
361	21913	21913
362	22087	22087
363	22653	22653
364	22663	22663
365	23499	23499
366	23545	23545
367	23547	23547
368	24669	24669
369	24951	24951
370	24987	24987
371	24991	24991
372	25405	25405
373	25485	25485
374	25487	25487
375	25607	25607
376	25707	25707
377	25709	25709
378	25733	25733
379	26337	26337
380	26371	26371
381	27245	27245
382	27323	27323
383	27687	27687
384	28593	28593
385	28715	28715
386	28815	28815
387	28965	28965
388	29085	29085
389	29091	29091
390	29919	29919
391	29993	29993
392	30257	30257
393	30261	30261
394	30263	30263
395	30365	30365
396	30389	30389
397	30503	30503
398	30539	30539
399	30869	30869
400	30989	30989
401	31013	31013
402	31577	31577
403	31725	31725
404	31749	31749
405	31753	31753
406	31777	31777
407	32225	32225
408	32357	32357
409	32423	32423
410	32465	32465
411	32469	32469
412	32471	32471
413	32741	32741
414	32771	32771
415	32831	32831
416	32861	32861
417	33701	33701
418	33803	33803
419	34229	34229
420	34577	34577
421	34667	34667
422	35297	35297
423	35353	35353
424	35365	35365
425	35707	35707
426	36383	36383
427	36675	36675
428	36997	36997
429	37013	37013
430	37015	37015
431	37183	37183
432	37297	37297
433	37593	37593
434	37901	37901
435	38105	38105
436	38123	38123
437	38235	38235
438	38251	38251
439	38475	38475
440	38481	38481
441	38571	38571
442	38581	38581
443	39417	39417
444	39437	39437
445	39677	39677
446	39681	39681
447	39683	39683
448	40013	40013
449	40043	40043
450	40157	40157
451	40181	40181
452	40187	40187
453	40917	40917
454	41125	41125
455	41377	41377
456	41413	41413
457	41555	41555
458	41637	41637
459	41903	41903
460	42035	42035
461	42395	42395
462	42533	42533
463	43329	43329
464	43395	43395
465	43747	43747
466	43813	43813
467	43831	43831
468	43885	43885
469	44011	44011
470	44185	44185
471	44335	44335
472	44341	44341
473	44347	44347
474	44353	44353
475	44357	44357
476	44359	44359
477	44381	44381
478	44383	44383
479	44987	44987
480	45209	45209
481	45247	45247
482	45255	45255
483	45433	45433
484	45499	45499
485	45501	45501
486	45559	45559
487	45679	45679
488	45695	45695
489	45699	45699
490	45939	45939
491	46065	46065
492	46569	46569
493	46671	46671
494	46809	46809
495	47019	47019
496	47611	47611
497	47683	47683
498	47971	47971
499	48175	48175
500	48235	48235
501	48589	48589
502	48593	48593
503	48713	48713
504	48737	48737
505	48741	48741
506	49061	49061
507	49187	49187
508	49499	49499
509	49653	49653
510	49881	49881
511	49941	49941
512	50361	50361
513	50751	50751
514	50757	50757
515	50767	50767
516	51019	51019
517	51055	51055
518	51097	51097
519	51773	51773
520	51775	51775
521	51859	51859
522	52027	52027
523	52291	52291
524	52387	52387
525	52709	52709
526	53147	53147
527	53195	53195
528	53225	53225
529	53381	53381
530	53525	53525
531	53765	53765
532	54051	54051
533	54135	54135
534	54147	54147
535	54627	54627
536	54639	54639
537	54675	54675
538	54765	54765
539	54849	54849
540	55023	55023
541	55041	55041
542	55051	55051
543	55053	55053
544	55107	55107
545	55233	55233
546	55263	55263
547	55449	55449
548	55987	55987
549	56095	56095
550	56341	56341
551	56347	56347
552	56353	56353
553	56495	56495
554	56711	56711
555	56715	56715
556	56717	56717
557	56729	56729
558	56733	56733
559	56735	56735
560	56963	56963
561	57009	57009
562	57011	57011
563	57113	57113
564	57183	57183
565	57469	57469
566	57471	57471
567	57477	57477
568	57489	57489
569	57561	57561
570	57625	57625
571	57641	57641
572	57643	57643
573	57685	57685
574	57733	57733
575	57745	57745
576	57749	57749
577	57787	57787
578	57877	57877
579	57881	57881
580	57883	57883
581	58051	58051
582	58081	58081
583	58147	58147
584	58207	58207
585	58369	58369
586	58429	58429
587	58579	58579
588	58627	58627
589	58669	58669
590	58681	58681
591	58741	58741
592	58775	58775
593	58777	58777
594	58849	58849
595	58933	58933
596	58983	58983
597	58985	58985
598	59003	59003
599	59015	59015
600	59021	59021
601	59033	59033
602	59061	59061
603	59063	59063
604	59135	59135
605	59147	59147
606	59177	59177
607	59247	59247
608	59253	59253
609	59257	59257
610	59259	59259
611	59331	59331
612	59367	59367
613	59371	59371
614	59373	59373
615	59385	59385
616	59395	59395
617	59397	59397
618	59425	59425
619	59433	59433
620	59463	59463
621	59465	59465
622	59467	59467
623	59579	59579
624	59581	59581
625	59597	59597
626	59633	59633
627	59663	59663
628	59793	59793
629	59805	59805
630	59827	59827
631	59829	59829
632	59877	59877
633	59997	59997
634	60003	60003
635	60007	60007
636	60009	60009
637	60051	60051
638	60057	60057
639	60129	60129
640	60147	60147
641	60195	60195
642	60201	60201
643	60213	60213
644	60267	60267
645	60339	60339
646	60393	60393
647	60441	60441
648	60459	60459
649	60471	60471
650	60573	60573
651	60585	60585
652	60615	60615
653	60619	60619
654	60681	60681
655	60685	60685
656	60687	60687
657	60753	60753
658	60783	60783
659	60829	60829
660	60865	60865
661	60877	60877
662	60883	60883
663	60893	60893
664	60895	60895
665	60913	60913
666	60917	60917
667	60919	60919
668	60931	60931
669	60937	60937
670	60961	60961
671	61015	61015
672	61045	61045
673	61063	61063
674	61069	61069
675	61075	61075
676	61087	61087
677	61105	61105
678	61141	61141
679	61201	61201
680	61205	61205
681	61207	61207
682	61255	61255
683	61267	61267
684	61349	61349
685	61357	61357
686	61363	61363
687	61375	61375
688	61423	61423
689	61429	61429
690	61459	61459
691	61483	61483
692	61535	61535
693	61537	61537
694	61543	61543
695	61549	61549
696	61553	61553
697	61583	61583
698	61587	61587
699	61601	61601
700	61623	61623
701	61625	61625
702	61667	61667
703	61685	61685
704	61689	61689
705	61691	61691
706	61703	61703
707	61709	61709
708	61715	61715
709	61719	61719
710	61721	61721
711	61739	61739
712	61745	61745
713	61793	61793
714	61817	61817
715	61823	61823
716	61837	61837
717	61839	61839
718	61851	61851
719	61863	61863
720	61869	61869
721	61873	61873
722	61875	61875
723	61925	61925
724	61933	61933
725	61997	61997
726	62055	62055
727	62067	62067
728	62069	62069
729	62125	62125
730	62127	62127
731	62175	62175
732	62245	62245
733	62275	62275
734	62293	62293
735	62299	62299
736	62311	62311
737	62317	62317
738	62323	62323
739	62335	62335
740	62365	62365
741	62369	62369
742	62371	62371
743	62395	62395
744	62399	62399
745	62401	62401
746	62417	62417
747	62419	62419
748	62431	62431
749	62441	62441
750	62443	62443
751	62449	62449
752	62459	62459
753	62471	62471
754	62485	62485
755	62567	62567
756	62569	62569
757	62605	62605
758	62611	62611
759	62629	62629
760	62651	62651
761	62671	62671
762	62677	62677
763	62683	62683
764	62687	62687
765	62689	62689
766	62705	62705
767	62713	62713
768	62723	62723
769	62725	62725
770	62735	62735
771	62737	62737
772	62749	62749
773	62827	62827
774	62875	62875
775	62905	62905
776	62911	62911
777	62975	62975
778	63011	63011
779	63029	63029
780	63053	63053
781	63077	63077
782	63083	63083
783	63153	63153
784	63155	63155
785	63173	63173
786	63203	63203
787	158713	158713
788	199901	199901
789	229707	229707
790	236385	236385
791	259969	259969
792	262663	262663
793	267695	267695
794	282613	282613
795	289391	289391
796	333569	333569
797	381133	381133
798	394127	394127
799	400025	400025
800	400849	400849
801	401099	401099
802	410065	410065
803	410067	410067
804	410073	410073
805	416187	416187
806	442029	442029
807	451165	451165
808	464163	464163
809	482993	482993
810	487473	487473
811	496897	496897
812	501581	501581
813	515901	515901
814	530295	530295
815	574311	574311
816	607741	607741
817	645691	645691
818	645729	645729
819	650407	650407
820	652661	652661
821	653649	653649
822	656193	656193
823	688755	688755
824	698491	698491
825	707715	707715
826	747129	747129
827	758335	758335
828	762867	762867
829	783287	783287
830	789153	789153
831	822571	822571
832	825271	825271
833	833139	833139
834	847253	847253
835	891645	891645
836	893547	893547
837	898601	898601
838	901833	901833
839	902283	902283
840	914183	914183
841	927787	927787
842	928371	928371
843	938801	938801
844	939035	939035
845	954677	954677
846	981905	981905
847	984113	984113
848	993325	993325
849	1053243	1053243
850	1059003	1059003
851	1075045	1075045
852	1080983	1080983
853	1100247	1100247
854	1118763	1118763
855	1152967	1152967
856	1164965	1164965
857	1168465	1168465
858	1190415	1190415
859	1192313	1192313
860	1194207	1194207
861	1207767	1207767
862	1242633	1242633
863	1247111	1247111
864	1257037	1257037
865	1274503	1274503
866	1277979	1277979
867	1279363	1279363
868	1292579	1292579
869	1292607	1292607
870	1324295	1324295
871	1335295	1335295
872	1336547	1336547
873	1344657	1344657
874	1361631	1361631
875	1372081	1372081
876	1374787	1374787
877	1391019	1391019
878	1398243	1398243
879	1412009	1412009
880	1476741	1476741
881	1505939	1505939
882	1506077	1506077
883	1511987	1511987
884	1530818	1530818
885	1553481	1553481
886	1561957	1561957
887	1612679	1612679
888	1630607	1630607
889	1630807	1630807
890	1645323	1645323
891	1647443	1647443
892	1689705	1689705
893	1767961	1767961
894	1809395	1809395
895	1871617	1871617
896	1871715	1871715
897	1880865	1880865
898	1892417	1892417
899	1892421	1892421
900	1904997	1904997
901	1911765	1911765
902	1921398	1921398
903	1925560	1925560
904	1939649	1939649
905	1970874	1970874
906	2000547	2000547
907	2004197	2004197
908	2015991	2015991
909	2019163	2019163
910	2037443	2037443
911	2056027	2056027
912	2077153	2077153
913	2098155	2098155
914	2112617	2112617
915	2114303	2114303
916	2130026	2130026
917	2135721	2135721
918	2146624	2146624
919	2204788	2204788
920	2208782	2208782
921	2215054	2215054
922	2216224	2216224
923	2226934	2226934
924	2235107	2235107
925	2242713	2242713
926	2249910	2249910
927	2252687	2252687
928	2253003	2253003
929	2253909	2253909
930	2265435	2265435
931	2275518	2275518
932	2277703	2277703
933	2286726	2286726
934	2305900	2305900
935	2309545	2309545
936	2335393	2335393
937	2352674	2352674
938	2377276	2377276
939	2383119	2383119
940	2392699	2392699
941	2426479	2426479
942	2438269	2438269
943	2450187	2450187
944	2456681	2456681
945	2471195	2471195
946	2471197	2471197
947	2514069	2514069
948	2514987	2514987
949	2519251	2519251
950	2532020	2532020
951	2534209	2534209
952	2541629	2541629
953	2543050	2543050
954	2551316	2551316
955	2571472	2571472
956	2572530	2572530
957	2582015	2582015
958	2590611	2590611
959	2595067	2595067
960	2635838	2635838
961	2643261	2643261
962	2648170	2648170
963	2650509	2650509
964	2651909	2651909
965	2654431	2654431
966	2667204	2667204
967	2674534	2674534
968	2709599	2709599
969	2718797	2718797
970	2730067	2730067
971	2735937	2735937
972	2764475	2764475
973	2769161	2769161
974	2775533	2775533
975	2776722	2776722
976	2779826	2779826
977	2782515	2782515
978	2794111	2794111
979	2795999	2795999
980	2805649	2805649
981	2816309	2816309
982	2821867	2821867
983	2843215	2843215
984	2852893	2852893
985	2859663	2859663
986	2859901	2859901
987	2860767	2860767
988	2873474	2873474
989	2886800	2886800
990	2890166	2890166
991	2914750	2914750
992	2923297	2923297
993	2939006	2939006
994	2939402	2939402
995	2967509	2967509
996	2971691	2971691
997	3001779	3001779
998	3002177	3002177
999	3005526	3005526
1000	3010267	3010267
1001	3014700	3014700
1002	3018242	3018242
1003	3024415	3024415
1004	3035117	3035117
1005	3074361	3074361
1006	3079936	3079936
1007	3081816	3081816
1008	3096017	3096017
1009	3097472	3097472
1010	3102700	3102700
1011	3114791	3114791
1012	3116115	3116115
1013	3116235	3116235
1014	3123212	3123212
1015	3133835	3133835
1016	3137065	3137065
1017	3145902	3145902
1018	3154983	3154983
1019	3163989	3163989
1020	3181123	3181123
1021	3198212	3198212
1022	3202156	3202156
1023	3202997	3202997
1024	3215922	3215922
1025	3216615	3216615
1026	3216662	3216662
1027	3217707	3217707
1028	3219621	3219621
1029	3220633	3220633
1030	3237945	3237945
1031	3255622	3255622
1032	3261263	3261263
1033	3267405	3267405
1034	3288147	3288147
1035	3291114	3291114
1036	3299254	3299254
1037	3299284	3299284
1038	3318544	3318544
1039	3322469	3322469
1040	3325561	3325561
1041	3337815	3337815
1042	3345001	3345001
1043	3345991	3345991
1044	3345995	3345995
1045	3346843	3346843
1046	3350327	3350327
1047	3357470	3357470
1048	3360583	3360583
1049	3372797	3372797
1050	3375821	3375821
1051	3379963	3379963
1052	3385685	3385685
1053	3394177	3394177
1054	3402781	3402781
1055	3418418	3418418
1056	3426361	3426361
1057	3431927	3431927
1058	3453286	3453286
1059	3453743	3453743
1060	3463881	3463881
1061	3471293	3471293
1062	3477840	3477840
1063	3481582	3481582
1064	3482199	3482199
1065	3490169	3490169
1066	3496802	3496802
1067	3499305	3499305
1068	3502095	3502095
1069	3522156	3522156
1070	3535527	3535527
1071	3542018	3542018
1072	3564753	3564753
1073	3570818	3570818
1074	3574057	3574057
1075	3595847	3595847
1076	3595951	3595951
1077	3601131	3601131
1078	3619233	3619233
1079	3624554	3624554
1080	3630415	3630415
1081	3630543	3630543
1082	3634851	3634851
1083	3635407	3635407
1084	3636246	3636246
1085	3637066	3637066
1086	3638331	3638331
1087	3639206	3639206
1088	3658758	3658758
1089	3658974	3658974
1090	3658982	3658982
1091	3660458	3660458
1092	3672075	3672075
1093	3675384	3675384
1094	3675842	3675842
1095	3686506	3686506
1096	3688924	3688924
1097	3692468	3692468
1098	3697863	3697863
1099	3700178	3700178
1100	3701663	3701663
1101	3707894	3707894
1102	3713571	3713571
1103	3727673	3727673
1104	3731216	3731216
1105	3739604	3739604
1106	3754669	3754669
1107	3758717	3758717
1108	3776549	3776549
1109	3779202	3779202
1110	3782439	3782439
1111	3786734	3786734
1112	3792544	3792544
1113	3795475	3795475
1114	3798355	3798355
1115	3812821	3812821
1116	3814095	3814095
1117	3818991	3818991
1118	3820558	3820558
1119	3821314	3821314
1120	3829542	3829542
1121	3836727	3836727
1122	3839527	3839527
1123	3839738	3839738
1124	3847478	3847478
1125	3859009	3859009
1126	3862916	3862916
1127	3864316	3864316
1128	3870531	3870531
1129	3872245	3872245
1130	3881277	3881277
1131	3888749	3888749
1132	3889383	3889383
1133	3890937	3890937
1134	3891361	3891361
1135	3892557	3892557
1136	3896055	3896055
1137	3899776	3899776
1138	3900568	3900568
1139	3904541	3904541
1140	3908981	3908981
1141	3912619	3912619
1142	3918845	3918845
1143	3926974	3926974
1144	3927160	3927160
1145	3930099	3930099
1146	3936587	3936587
1147	3939526	3939526
1148	3945267	3945267
1149	3948175	3948175
1150	3951684	3951684
1151	3956764	3956764
1152	3960433	3960433
1153	3960797	3960797
1154	3966258	3966258
1155	3969852	3969852
1156	3971986	3971986
1157	3977026	3977026
1158	3981042	3981042
1159	3986798	3986798
1160	3987520	3987520
1161	3988102	3988102
1162	3990186	3990186
1163	3992398	3992398
1164	3992839	3992839
1165	4006330	4006330
1166	4010284	4010284
1167	4020050	4020050
1168	4022264	4022264
1169	4024097	4024097
1170	4025322	4025322
1171	4031283	4031283
1172	4034900	4034900
1173	4035968	4035968
1174	4039735	4039735
1175	4042705	4042705
1176	4043277	4043277
1177	4049509	4049509
1178	4052995	4052995
1179	4063067	4063067
1180	4067512	4067512
1181	4068078	4068078
1182	4070175	4070175
1183	4071709	4071709
1184	4074425	4074425
1185	4076235	4076235
1186	4088003	4088003
1187	4090256	4090256
1188	4093087	4093087
1189	4096502	4096502
1190	4102685	4102685
1191	4104041	4104041
1192	4106537	4106537
1193	4108628	4108628
1194	4108692	4108692
1195	4115599	4115599
1196	4116628	4116628
1197	4119390	4119390
1198	4124404	4124404
1199	4130725	4130725
1200	4131516	4131516
1201	4132145	4132145
1202	4132693	4132693
1203	4136448	4136448
1204	4140567	4140567
1205	4141221	4141221
1206	4143796	4143796
1207	4146244	4146244
1208	4146566	4146566
1209	4151821	4151821
1210	4153445	4153445
1211	4154825	4154825
1212	4174829	4174829
1213	4180540	4180540
1214	4183278	4183278
1215	4189166	4189166
1216	4190941	4190941
1217	4191771	4191771
1218	4200192	4200192
1219	4203389	4203389
1220	4205557	4205557
1221	4210434	4210434
1222	4211185	4211185
1223	4212307	4212307
1224	4213557	4213557
1225	4214947	4214947
1226	4217088	4217088
1227	4218030	4218030
1228	4221140	4221140
1229	4226879	4226879
1230	4227007	4227007
1231	4228435	4228435
1232	4229677	4229677
1233	4231211	4231211
1234	4238654	4238654
1235	4242895	4242895
1236	4242999	4242999
1237	4246521	4246521
1238	4251891	4251891
1239	4263994	4263994
1240	4270497	4270497
1241	4275240	4275240
1242	4279069	4279069
1243	4281651	4281651
1244	4290537	4290537
1245	4290639	4290639
1246	4297690	4297690
1247	4305511	4305511
1248	4371753	4371753
1249	4372249	4372249
1250	4378523	4378523
1251	4383447	4383447
1252	4405621	4405621
1253	4405627	4405627
1254	4414149	4414149
1255	4419569	4419569
1256	4427295	4427295
1257	4444113	4444113
1258	4464605	4464605
1259	4472607	4472607
1260	4474583	4474583
1261	4477759	4477759
1262	4477761	4477761
1263	4479483	4479483
1264	4479489	4479489
1265	4481307	4481307
1266	4486665	4486665
1267	4491909	4491909
1268	4495205	4495205
1269	4498863	4498863
1270	4513027	4513027
1271	4521215	4521215
1272	4540683	4540683
1273	4544755	4544755
1274	4544761	4544761
1275	4550271	4550271
1276	4561519	4561519
1277	4566517	4566517
1278	4567803	4567803
1279	4568977	4568977
1280	4568979	4568979
1281	4603615	4603615
1282	4604893	4604893
1283	4605625	4605625
1284	4605631	4605631
1285	4620603	4620603
1286	4637587	4637587
1287	4639685	4639685
1288	4643449	4643449
1289	4644305	4644305
1290	4645083	4645083
1291	4646005	4646005
1292	4648325	4648325
1293	4648335	4648335
1294	4665787	4665787
1295	4676255	4676255
1296	4685525	4685525
1297	4685531	4685531
1298	4685537	4685537
1299	4691035	4691035
1300	4697005	4697005
1301	4702283	4702283
1302	4702893	4702893
1303	4705755	4705755
1304	4709427	4709427
1305	4723073	4723073
1306	4725731	4725731
1307	4726831	4726831
1308	4746415	4746415
1309	4746417	4746417
1310	4748087	4748087
1311	4756141	4756141
1312	4756147	4756147
1313	4775669	4775669
1314	4787495	4787495
1315	4787501	4787501
1316	4809993	4809993
1317	4810015	4810015
1318	4814359	4814359
1319	4827719	4827719
1320	4831867	4831867
1321	4840417	4840417
1322	4845477	4845477
1323	4850551	4850551
1324	4856113	4856113
1325	4872971	4872971
1326	4875167	4875167
1327	4878755	4878755
1328	4885865	4885865
1329	4889487	4889487
1330	4897651	4897651
1331	4900983	4900983
1332	4901351	4901351
1333	4903027	4903027
1334	4908825	4908825
1335	4908835	4908835
1336	4910815	4910815
1337	4911581	4911581
1338	4917635	4917635
1339	4917637	4917637
1340	4919563	4919563
1341	4920339	4920339
1342	4920377	4920377
1343	4920385	4920385
1344	4920791	4920791
1345	4931005	4931005
1346	4935973	4935973
1347	4938027	4938027
1348	4943829	4943829
1349	4957199	4957199
1350	4963697	4963697
1351	4964883	4964883
1352	4970965	4970965
1353	4973047	4973047
1354	4973049	4973049
1355	4978233	4978233
1356	4978239	4978239
1357	4985965	4985965
1358	4986019	4986019
1359	4986025	4986025
1360	4986029	4986029
1361	4990485	4990485
1362	4991515	4991515
1363	5004523	5004523
1364	5006667	5006667
1365	5010327	5010327
1366	5010337	5010337
1367	5017855	5017855
1368	5035151	5035151
1369	5037297	5037297
1370	5037969	5037969
1371	5044131	5044131
1372	5044137	5044137
1373	5046827	5046827
1374	5049271	5049271
1375	5049293	5049293
1376	5049485	5049485
1377	5059587	5059587
1378	5064431	5064431
1379	5066535	5066535
1380	5066699	5066699
1381	5068627	5068627
1382	5074351	5074351
1383	5080609	5080609
1384	5081749	5081749
1385	5083667	5083667
1386	5087237	5087237
1387	5088787	5088787
1388	5106015	5106015
1389	5106507	5106507
1390	5117849	5117849
1391	5147495	5147495
1392	5148933	5148933
1393	5148941	5148941
1394	5150295	5150295
1395	5150917	5150917
1396	5153613	5153613
1397	5163825	5163825
1398	5164343	5164343
1399	5164373	5164373
1400	5171843	5171843
1401	5172787	5172787
1402	5175133	5175133
1403	5187811	5187811
1404	5190195	5190195
1405	5190253	5190253
1406	5191131	5191131
1407	5195415	5195415
1408	5195431	5195431
1409	5221357	5221357
1410	5237381	5237381
1411	5237619	5237619
1412	5241889	5241889
1413	5250553	5250553
1414	5259471	5259471
1415	5260761	5260761
1416	5266163	5266163
1417	5271613	5271613
1418	5275501	5275501
1419	5284829	5284829
1420	5288779	5288779
1421	5312097	5312097
1422	5312103	5312103
1423	5320705	5320705
1424	5320869	5320869
1425	5323401	5323401
1426	5323407	5323407
1427	5323413	5323413
1428	5323419	5323419
1429	5323649	5323649
1430	5325771	5325771
1431	5326313	5326313
1432	5359521	5359521
1433	5360129	5360129
1434	5361159	5361159
1435	5365363	5365363
1436	5367183	5367183
1437	5372073	5372073
1438	5397477	5397477
1439	5398315	5398315
1440	5403937	5403937
1441	5405901	5405901
1442	5408529	5408529
1443	5408803	5408803
1444	5408929	5408929
1445	5411061	5411061
1446	5411067	5411067
1447	5411073	5411073
1448	5418509	5418509
1449	5424967	5424967
1450	5430715	5430715
1451	5431257	5431257
1452	5433805	5433805
1453	5451003	5451003
1454	5457131	5457131
1455	5460495	5460495
1456	5467333	5467333
1457	5468331	5468331
1458	5471077	5471077
1459	5479283	5479283
1460	5479285	5479285
1461	5482957	5482957
1462	5489639	5489639
1463	5492409	5492409
1464	5493845	5493845
1465	5503853	5503853
1466	5505679	5505679
1467	5510857	5510857
1468	5510863	5510863
1469	5510869	5510869
1470	5511127	5511127
1471	5525461	5525461
1472	5532487	5532487
1473	5537579	5537579
1474	5537585	5537585
1475	5540781	5540781
1476	5545711	5545711
1477	5547821	5547821
1478	5550235	5550235
1479	5552537	5552537
1480	5561475	5561475
1481	5568283	5568283
1482	5576695	5576695
1483	5577697	5577697
1484	5577753	5577753
1485	5580077	5580077
1486	5582571	5582571
1487	5589821	5589821
1488	5594095	5594095
1489	5594101	5594101
1490	5601089	5601089
1491	5602363	5602363
1492	5611571	5611571
1493	5617431	5617431
1494	5618583	5618583
1495	5628523	5628523
1496	5628529	5628529
1497	5628535	5628535
1498	5629217	5629217
1499	5629223	5629223
1500	5629229	5629229
1501	5630387	5630387
1502	5630435	5630435
1503	5632941	5632941
1504	5634091	5634091
1505	5634097	5634097
1506	5634103	5634103
1507	5635581	5635581
1508	5635845	5635845
1509	5645973	5645973
1510	5647613	5647613
1511	5656959	5656959
1512	5657121	5657121
1513	5657129	5657129
1514	5660225	5660225
1515	5666205	5666205
1516	5668905	5668905
1517	5668927	5668927
1518	5672997	5672997
1519	5680853	5680853
1520	5681483	5681483
1521	5682241	5682241
1522	5687967	5687967
1523	5687973	5687973
1524	5687977	5687977
1525	5693709	5693709
1526	5698265	5698265
1527	5698633	5698633
1528	5711567	5711567
1529	5711569	5711569
1530	5712151	5712151
1531	5713923	5713923
1532	5716813	5716813
1533	5721923	5721923
1534	5734939	5734939
1535	5740635	5740635
1536	5742869	5742869
1537	5748483	5748483
1538	5751821	5751821
1539	5758139	5758139
1540	5759367	5759367
1541	5759801	5759801
1542	5769829	5769829
1543	5776051	5776051
1544	5776111	5776111
1545	5789599	5789599
1546	5794351	5794351
1547	5827503	5827503
1548	5827507	5827507
1549	5827509	5827509
1550	5837715	5837715
1551	5845775	5845775
1552	5847281	5847281
1553	5850081	5850081
1554	5850193	5850193
1555	5852415	5852415
1556	5852421	5852421
1557	5852425	5852425
1558	5853255	5853255
1559	5854199	5854199
1560	5856203	5856203
1561	5858963	5858963
1562	5863965	5863965
1563	5874511	5874511
1564	5879805	5879805
1565	5882529	5882529
1566	5882535	5882535
1567	5887419	5887419
1568	5892931	5892931
1569	5902485	5902485
1570	5908533	5908533
1571	5912391	5912391
1572	5920587	5920587
1573	5929259	5929259
1574	5937243	5937243
1575	5937261	5937261
1576	5940675	5940675
1577	5944081	5944081
1578	5946241	5946241
1579	5949431	5949431
1580	5952383	5952383
1581	5953587	5953587
1582	5956901	5956901
1583	5962233	5962233
1584	5965639	5965639
1585	5986163	5986163
1586	5986169	5986169
1587	5992145	5992145
1588	5997947	5997947
1589	5998413	5998413
1590	6003857	6003857
1591	6004821	6004821
1592	6006905	6006905
1593	6006909	6006909
1594	6020099	6020099
1595	6022757	6022757
1596	6022865	6022865
1597	6023681	6023681
1598	6028867	6028867
1599	6028873	6028873
1600	6029403	6029403
1601	6031853	6031853
1602	6031859	6031859
1603	6035423	6035423
1604	6038521	6038521
1605	6045895	6045895
1606	6047365	6047365
1607	6053251	6053251
1608	6064053	6064053
1609	6064161	6064161
1610	6068027	6068027
1611	6068029	6068029
1612	6072533	6072533
1613	6074909	6074909
1614	6083675	6083675
1615	6089209	6089209
1616	6096493	6096493
1617	6097097	6097097
1618	6098109	6098109
1619	6099069	6099069
1620	6099071	6099071
1621	6099827	6099827
1622	6099877	6099877
1623	6116801	6116801
1624	6119219	6119219
1625	6124007	6124007
1626	6125209	6125209
1627	6133655	6133655
1628	6134195	6134195
1629	6135833	6135833
1630	6143393	6143393
1631	6145455	6145455
1632	6158051	6158051
1633	6159965	6159965
1634	6160241	6160241
1635	6162195	6162195
1636	6162201	6162201
1637	6162207	6162207
1638	6162697	6162697
1639	6172775	6172775
1640	6173723	6173723
1641	6178245	6178245
1642	6182213	6182213
1643	6188243	6188243
1644	6199211	6199211
1645	6199415	6199415
1646	6203461	6203461
1647	6203465	6203465
1648	6205511	6205511
1649	6206509	6206509
1650	6209343	6209343
1651	6209345	6209345
1652	6216593	6216593
1653	6218013	6218013
1654	6220917	6220917
1655	6223931	6223931
1656	6231879	6231879
1657	6232015	6232015
1658	6239417	6239417
1659	6240331	6240331
1660	6244907	6244907
1661	6245033	6245033
1662	6245039	6245039
1663	6253457	6253457
1664	6254391	6254391
1665	6254567	6254567
1666	6255033	6255033
1667	6255035	6255035
1668	6258417	6258417
1669	6259707	6259707
1670	6259713	6259713
1671	6261409	6261409
1672	6262239	6262239
1673	6262647	6262647
1674	6266699	6266699
1675	6272347	6272347
1676	6280063	6280063
1677	6283967	6283967
1678	6286031	6286031
1679	6302447	6302447
1680	6303109	6303109
1681	6306873	6306873
1682	6311047	6311047
1683	6314861	6314861
1684	6318455	6318455
1685	6323959	6323959
1686	6325679	6325679
1687	6329065	6329065
1688	6333145	6333145
1689	6334673	6334673
1690	6338027	6338027
1691	6341727	6341727
1692	6357359	6357359
1693	6358209	6358209
1694	6359925	6359925
1695	6360551	6360551
1696	6366575	6366575
1697	6367745	6367745
1698	6380733	6380733
1699	6381665	6381665
1700	6381671	6381671
1701	6381677	6381677
1702	6381689	6381689
1703	6385393	6385393
1704	6388827	6388827
1705	6396883	6396883
1706	6397309	6397309
1707	6397459	6397459
1708	6397465	6397465
1709	6403637	6403637
1710	6404999	6404999
1711	6406865	6406865
1712	6407425	6407425
1713	6407431	6407431
1714	6411683	6411683
1715	6411689	6411689
1716	6417179	6417179
1717	6418991	6418991
1718	6419019	6419019
1719	6419021	6419021
1720	6422875	6422875
1721	6425857	6425857
1722	6431943	6431943
1723	6434877	6434877
1724	6435717	6435717
1725	6444797	6444797
1726	6451197	6451197
1727	6453037	6453037
1728	6456539	6456539
1729	6467039	6467039
1730	6471435	6471435
1731	6471439	6471439
1732	6473025	6473025
1733	6473027	6473027
1734	6480095	6480095
1735	6480101	6480101
1736	6485363	6485363
1737	6490535	6490535
1738	6490915	6490915
1739	6496859	6496859
1740	6500609	6500609
1741	6502369	6502369
1742	6502371	6502371
1743	6502677	6502677
1744	6504369	6504369
1745	6508811	6508811
1746	6516341	6516341
1747	6517259	6517259
1748	6522823	6522823
1749	6522849	6522849
1750	6523797	6523797
1751	6524273	6524273
1752	6524873	6524873
1753	6528893	6528893
1754	6528899	6528899
1755	6530773	6530773
1756	6543435	6543435
1757	6549265	6549265
1758	6550901	6550901
1759	6550907	6550907
1760	6558247	6558247
1761	6559233	6559233
1762	6562599	6562599
1763	6564727	6564727
1764	6564733	6564733
1765	6564739	6564739
1766	6567049	6567049
1767	6572301	6572301
1768	6575847	6575847
1769	6575853	6575853
1770	6580075	6580075
1771	6580077	6580077
1772	6580259	6580259
1773	6581741	6581741
1774	6584445	6584445
1775	6590573	6590573
1776	6591819	6591819
1777	6596267	6596267
1778	6598683	6598683
1779	6599547	6599547
1780	6600787	6600787
1781	6608599	6608599
1782	6611171	6611171
1783	6612563	6612563
1784	6613449	6613449
1785	6613453	6613453
1786	6613617	6613617
1787	6613985	6613985
1788	6614003	6614003
1789	6618563	6618563
1790	6618569	6618569
1791	6622035	6622035
1792	6623979	6623979
1793	6624483	6624483
1794	6626161	6626161
1795	6631735	6631735
1796	6634155	6634155
1797	6635677	6635677
1798	6640019	6640019
1799	6645703	6645703
1800	6646823	6646823
1801	6646825	6646825
1802	6650855	6650855
1803	6654965	6654965
1804	6655497	6655497
1805	6657577	6657577
1806	6659529	6659529
1807	6659987	6659987
1808	6660495	6660495
1809	6661005	6661005
1810	6662171	6662171
1811	6662177	6662177
1812	6663781	6663781
1813	6666067	6666067
1814	6672097	6672097
1815	6676883	6676883
1816	6676885	6676885
1817	6677187	6677187
1818	6679919	6679919
1819	6680923	6680923
1820	6681605	6681605
1821	6682745	6682745
1822	6683513	6683513
1823	6683517	6683517
1824	6693573	6693573
1825	6695931	6695931
1826	6696763	6696763
1827	6699579	6699579
1828	6700103	6700103
1829	6703957	6703957
1830	6709491	6709491
1831	6718293	6718293
1832	6720017	6720017
1833	6724405	6724405
1834	6724409	6724409
1835	6731057	6731057
1836	6733073	6733073
1837	6738019	6738019
1838	6739787	6739787
1839	6739791	6739791
1840	6739793	6739793
1841	6741089	6741089
1842	6744455	6744455
1843	6744461	6744461
1844	6747125	6747125
1845	6750563	6750563
1846	6752993	6752993
1847	6753077	6753077
1848	6754803	6754803
1849	6754875	6754875
1850	6760051	6760051
1851	6761139	6761139
1852	6764225	6764225
1853	6764243	6764243
1854	6764807	6764807
1855	6765875	6765875
1856	6765879	6765879
1857	6767571	6767571
1858	6768807	6768807
1859	6768813	6768813
1860	6768817	6768817
1861	6772261	6772261
1862	6773435	6773435
1863	6777233	6777233
1864	6777771	6777771
1865	6778213	6778213
1866	6779111	6779111
1867	6779117	6779117
1868	6779601	6779601
1869	6780133	6780133
1870	6780499	6780499
1871	6784829	6784829
1872	6790007	6790007
1873	6793301	6793301
1874	6794783	6794783
1875	6796423	6796423
1876	6796425	6796425
1877	6798315	6798315
1878	6798321	6798321
1879	6798461	6798461
1880	6799413	6799413
1881	6799419	6799419
1882	6807681	6807681
1883	6809133	6809133
1884	6810963	6810963
1885	6810969	6810969
1886	6810973	6810973
1887	6810975	6810975
1888	6815169	6815169
1889	6816737	6816737
1890	6820081	6820081
1891	6829055	6829055
1892	6832083	6832083
1893	6836407	6836407
1894	6837403	6837403
1895	6837631	6837631
1896	6839569	6839569
1897	6839575	6839575
1898	6844939	6844939
1899	6846539	6846539
1900	6852489	6852489
1901	6853431	6853431
1902	6855993	6855993
1903	6861093	6861093
1904	6861267	6861267
1905	6861271	6861271
1906	6861273	6861273
1907	6865761	6865761
1908	6865767	6865767
1909	6869723	6869723
1910	6875025	6875025
1911	6882119	6882119
1912	6882921	6882921
1913	6887973	6887973
1914	6889059	6889059
1915	6894491	6894491
1916	6894493	6894493
1917	6900957	6900957
1918	6906755	6906755
1919	6908135	6908135
1920	6909831	6909831
1921	6911131	6911131
1922	6912355	6912355
1923	6913155	6913155
1924	6913185	6913185
1925	6915731	6915731
1926	6916643	6916643
1927	6921095	6921095
1928	6921097	6921097
1929	6922767	6922767
1930	6922773	6922773
1931	6922905	6922905
1932	6927953	6927953
1933	6932159	6932159
1934	6935611	6935611
1935	6936163	6936163
1936	6938033	6938033
1937	6938111	6938111
1938	6949319	6949319
1939	6955623	6955623
1940	6956271	6956271
1941	6961233	6961233
1942	6964083	6964083
1943	6965577	6965577
1944	6966425	6966425
1945	6966647	6966647
1946	6966653	6966653
1947	6966659	6966659
1948	6966665	6966665
1949	6966669	6966669
1950	6968505	6968505
1951	6972219	6972219
1952	6977293	6977293
1953	6979977	6979977
1954	6981467	6981467
1955	6984317	6984317
1956	6990651	6990651
1957	6991435	6991435
1958	6991445	6991445
1959	6991801	6991801
1960	6998589	6998589
1961	6998591	6998591
1962	6999327	6999327
1963	6999333	6999333
1964	7003629	7003629
1965	7006693	7006693
1966	7018363	7018363
1967	7021843	7021843
1968	7022707	7022707
1969	7030185	7030185
1970	7030189	7030189
1971	7031855	7031855
1972	7032071	7032071
1973	7032287	7032287
1974	7032293	7032293
1975	7034115	7034115
1976	7036711	7036711
1977	7037609	7037609
1978	7039083	7039083
1979	7042353	7042353
1980	7043947	7043947
1981	7049761	7049761
1982	7049765	7049765
1983	7050165	7050165
1984	7050345	7050345
1985	7050477	7050477
1986	7052515	7052515
1987	7053549	7053549
1988	7054767	7054767
1989	7054955	7054955
1990	7063543	7063543
1991	7063621	7063621
1992	7063731	7063731
1993	7064119	7064119
1994	7064123	7064123
1995	7069789	7069789
1996	7069811	7069811
1997	7071425	7071425
1998	7072453	7072453
1999	7072459	7072459
2000	7072477	7072477
2001	7078231	7078231
2002	7078237	7078237
2003	7079577	7079577
2004	7083105	7083105
2005	7086039	7086039
2006	7088535	7088535
2007	7088559	7088559
2008	7089219	7089219
2009	7090701	7090701
2010	7091279	7091279
2011	7093841	7093841
2012	7096853	7096853
2013	7099593	7099593
2014	7100613	7100613
2015	7105685	7105685
2016	7108283	7108283
2017	7113133	7113133
2018	7114095	7114095
2019	7114101	7114101
2020	7116955	7116955
2021	7117275	7117275
2022	7117921	7117921
2023	7117927	7117927
2024	7118099	7118099
2025	7118105	7118105
2026	7126717	7126717
2027	7129479	7129479
2028	7129485	7129485
2029	7130171	7130171
2030	7134305	7134305
2031	7134311	7134311
2032	7139493	7139493
2033	7139495	7139495
2034	7142775	7142775
2035	7146573	7146573
2036	7151379	7151379
2037	7151457	7151457
2038	7151463	7151463
2039	7160617	7160617
2040	7163267	7163267
2041	7164485	7164485
2042	7168901	7168901
2043	7171437	7171437
2044	7171787	7171787
2045	7171793	7171793
2046	7173869	7173869
2047	7174203	7174203
2048	7174393	7174393
2049	7181571	7181571
2050	7188391	7188391
2051	7191947	7191947
2052	7192775	7192775
2053	7192781	7192781
2054	7193597	7193597
2055	7193629	7193629
2056	7195239	7195239
2057	7195459	7195459
2058	7195463	7195463
2059	7199819	7199819
2060	7200427	7200427
2061	7202337	7202337
2062	7204029	7204029
2063	7204765	7204765
2064	7205207	7205207
2065	7206159	7206159
2066	7206281	7206281
2067	7206605	7206605
2068	7207963	7207963
2069	7209811	7209811
2070	7215691	7215691
2071	7216415	7216415
2072	7219381	7219381
2073	7223769	7223769
2074	7224237	7224237
2075	7226511	7226511
2076	7228257	7228257
2077	7228341	7228341
2078	7229651	7229651
2079	7229957	7229957
2080	7232439	7232439
2081	7234019	7234019
2082	7234405	7234405
2083	7234411	7234411
2084	7234421	7234421
2085	7236599	7236599
2086	7236605	7236605
2087	7237061	7237061
2088	7240183	7240183
2089	7240187	7240187
2090	7244453	7244453
2091	7246885	7246885
2092	7251585	7251585
2093	7252841	7252841
2094	7256633	7256633
2095	7256645	7256645
2096	7259949	7259949
2097	7260427	7260427
2098	7264041	7264041
2099	7264043	7264043
2100	7264825	7264825
2101	7265099	7265099
2102	7265481	7265481
2103	7265487	7265487
2104	7265703	7265703
2105	7265709	7265709
2106	7269111	7269111
2107	7269487	7269487
2108	7274917	7274917
2109	7274999	7274999
2110	7275127	7275127
2111	7275133	7275133
2112	7275137	7275137
2113	7276257	7276257
2114	7277035	7277035
2115	7280779	7280779
2116	7281385	7281385
2117	7282045	7282045
2118	7283337	7283337
2119	7283609	7283609
2120	7284465	7284465
2121	7289893	7289893
2122	7292893	7292893
2123	7293813	7293813
2124	7295117	7295117
2125	7297661	7297661
2126	7298799	7298799
2127	7299017	7299017
2128	7300639	7300639
2129	7302933	7302933
2130	7305439	7305439
2131	7305561	7305561
2132	7305939	7305939
2133	7306301	7306301
2134	7310397	7310397
2135	7310403	7310403
2136	7310409	7310409
2137	7310419	7310419
2138	7311447	7311447
2139	7312417	7312417
2140	7315725	7315725
2141	7320415	7320415
2142	7321581	7321581
2143	7321637	7321637
2144	7321661	7321661
2145	7321671	7321671
2146	7322127	7322127
2147	7326445	7326445
2148	7327079	7327079
2149	7327977	7327977
2150	7328661	7328661
2151	7334129	7334129
2152	7334469	7334469
2153	7337025	7337025
2154	7337919	7337919
2155	7338739	7338739
2156	7340029	7340029
2157	7340273	7340273
2158	7341585	7341585
2159	7342147	7342147
2160	7345073	7345073
2161	7345661	7345661
2162	7346017	7346017
2163	7346119	7346119
2164	7346415	7346415
2165	7346417	7346417
2166	7347755	7347755
2167	7348691	7348691
2168	7351751	7351751
2169	7355349	7355349
2170	7355699	7355699
2171	7358625	7358625
2172	7358751	7358751
2173	7358855	7358855
2174	7359059	7359059
2175	7360085	7360085
2176	7361437	7361437
2177	7361443	7361443
2178	7363093	7363093
2179	7363743	7363743
2180	7368507	7368507
2181	7371829	7371829
2182	7372271	7372271
2183	7375509	7375509
2184	7376249	7376249
2185	7376575	7376575
2186	7377739	7377739
2187	7377741	7377741
2188	7383203	7383203
2189	7383207	7383207
2190	7385897	7385897
2191	7386649	7386649
2192	7387669	7387669
2193	7387675	7387675
2194	7388005	7388005
2195	7389097	7389097
2196	7389327	7389327
2197	7389623	7389623
2198	7389627	7389627
2199	7390905	7390905
2200	7390909	7390909
2201	7392015	7392015
2202	7392591	7392591
2203	7394947	7394947
2204	7394949	7394949
2205	7395911	7395911
2206	7396845	7396845
2207	7399391	7399391
2208	7401227	7401227
2209	7402025	7402025
2210	7402027	7402027
2211	7402209	7402209
2212	7405005	7405005
2213	7405011	7405011
2214	7406707	7406707
2215	7408677	7408677
2216	7409131	7409131
2217	7409677	7409677
2218	7409683	7409683
2219	7409687	7409687
2220	7414795	7414795
2221	7415203	7415203
2222	7416357	7416357
2223	7416581	7416581
2224	7417421	7417421
2225	7417941	7417941
2226	7418195	7418195
2227	7418927	7418927
2228	7419169	7419169
2229	7419719	7419719
2230	7421909	7421909
2231	7422269	7422269
2232	7422981	7422981
2233	7422993	7422993
2234	7425863	7425863
2235	7426467	7426467
2236	7427645	7427645
2237	7428209	7428209
2238	7428309	7428309
2239	7428311	7428311
2240	7428947	7428947
2241	7431969	7431969
2242	7432091	7432091
2243	7432553	7432553
2244	7433207	7433207
2245	7435211	7435211
2246	7437647	7437647
2247	7439443	7439443
2248	7440311	7440311
2249	7440337	7440337
2250	7441081	7441081
2251	7441175	7441175
2252	7443189	7443189
2253	7443763	7443763
2254	7444653	7444653
2255	7447829	7447829
2256	7450435	7450435
2257	7455039	7455039
2258	7455041	7455041
2259	7455941	7455941
2260	7456439	7456439
2261	7457101	7457101
2262	7457257	7457257
2263	7460229	7460229
2264	7460475	7460475
2265	7461923	7461923
2266	7462113	7462113
2267	7464209	7464209
2268	7467353	7467353
2269	7467633	7467633
2270	7468797	7468797
2271	7470481	7470481
2272	7470487	7470487
2273	7470541	7470541
2274	7471237	7471237
2275	7471351	7471351
2276	7471691	7471691
2277	7471697	7471697
2278	7472271	7472271
2279	7472273	7472273
2280	7472343	7472343
2281	7472843	7472843
2282	7481429	7481429
2283	7483005	7483005
2284	7483011	7483011
2285	7483865	7483865
2286	7483871	7483871
2287	7485641	7485641
2288	7485697	7485697
2289	7485699	7485699
2290	7485881	7485881
2291	7486103	7486103
2292	7486109	7486109
2293	7486771	7486771
2294	7487979	7487979
2295	7488045	7488045
2296	7494867	7494867
2297	7495761	7495761
2298	7495957	7495957
2299	7495961	7495961
2300	7495975	7495975
2301	7498025	7498025
2302	7498463	7498463
2303	7500345	7500345
2304	7500823	7500823
2305	7503113	7503113
2306	7503959	7503959
2307	7505727	7505727
2308	7505731	7505731
2309	7505825	7505825
2310	7506503	7506503
2311	7507013	7507013
2312	7507475	7507475
2313	7507553	7507553
2314	7508177	7508177
2315	7509129	7509129
2316	7510351	7510351
2317	7511197	7511197
2318	7513531	7513531
2319	7514727	7514727
2320	7515261	7515261
2321	7516259	7516259
2322	7516265	7516265
2323	7516269	7516269
2324	7516271	7516271
2325	7516587	7516587
2326	7516947	7516947
2327	7516999	7516999
2328	7518175	7518175
2329	7519709	7519709
2330	7523989	7523989
2331	7523993	7523993
2332	7523995	7523995
2333	7524137	7524137
2334	7525047	7525047
2335	7525209	7525209
2336	7527143	7527143
2337	7530311	7530311
2338	7531439	7531439
2339	7531445	7531445
2340	7531817	7531817
2341	7531823	7531823
2342	7531827	7531827
2343	7531829	7531829
2344	7532339	7532339
2345	7533549	7533549
2346	7534737	7534737
2347	7534975	7534975
2348	7537349	7537349
2349	7537485	7537485
2350	7537491	7537491
2351	7537981	7537981
2352	7538169	7538169
2353	7539963	7539963
2354	7540461	7540461
2355	7542731	7542731
2356	7543241	7543241
2357	7548881	7548881
2358	7549757	7549757
2359	7551275	7551275
2360	7556297	7556297
2361	7557713	7557713
2362	7557719	7557719
2363	7557979	7557979
2364	7560309	7560309
2365	7560313	7560313
2366	7560315	7560315
2367	7560381	7560381
2368	7561295	7561295
2369	7561299	7561299
2370	7561933	7561933
2371	7565889	7565889
2372	7566843	7566843
2373	7566847	7566847
2374	7567573	7567573
2375	7569067	7569067
2376	7569071	7569071
2377	7569073	7569073
2378	7569121	7569121
2379	7570359	7570359
2380	7571173	7571173
2381	7571275	7571275
2382	7572367	7572367
2383	7573661	7573661
2384	7573747	7573747
2385	7573877	7573877
2386	7575107	7575107
2387	7575185	7575185
2388	7575515	7575515
2389	7576183	7576183
2390	7576395	7576395
2391	7576637	7576637
2392	7576819	7576819
2393	7577423	7577423
2394	7577951	7577951
2395	7579485	7579485
2396	7579527	7579527
2397	7581563	7581563
2398	7582349	7582349
2399	7582355	7582355
2400	7582361	7582361
2401	7582365	7582365
2402	7583077	7583077
2403	7583083	7583083
2404	7583921	7583921
2405	7583929	7583929
2406	7584303	7584303
2407	7584367	7584367
2408	7584373	7584373
2409	7586583	7586583
2410	7586859	7586859
2411	7586943	7586943
2412	7587399	7587399
2413	7588511	7588511
2414	7588807	7588807
2415	7591115	7591115
2416	7592713	7592713
2417	7593559	7593559
2418	7595763	7595763
2419	7596469	7596469
2420	7598035	7598035
2421	7598179	7598179
2422	7598445	7598445
2423	7598451	7598451
2424	7599005	7599005
2425	7601015	7601015
2426	7603209	7603209
2427	7603743	7603743
2428	7603771	7603771
2429	7603971	7603971
2430	7604313	7604313
2431	7604821	7604821
2432	7604965	7604965
2433	7605225	7605225
2434	7605857	7605857
2435	7606317	7606317
2436	7606341	7606341
2437	7608695	7608695
2438	7610581	7610581
2439	7612987	7612987
2440	7614729	7614729
2441	7615389	7615389
2442	7615539	7615539
2443	7615919	7615919
2444	7615925	7615925
2445	7616919	7616919
2446	7617517	7617517
2447	7618233	7618233
2448	7618361	7618361
2449	7618533	7618533
2450	7618739	7618739
2451	7618741	7618741
2452	7619015	7619015
2453	7619021	7619021
2454	7619429	7619429
2455	7620005	7620005
2456	7620049	7620049
2457	7621391	7621391
2458	7625781	7625781
2459	7626393	7626393
2460	7626963	7626963
2461	7626993	7626993
2462	7627017	7627017
2463	7628843	7628843
2464	7628867	7628867
2465	7630031	7630031
2466	7630409	7630409
2467	7631617	7631617
2468	7632015	7632015
2469	7632021	7632021
2470	7632207	7632207
2471	7633201	7633201
2472	7633779	7633779
2473	7633785	7633785
2474	7633913	7633913
2475	7634185	7634185
2476	7635697	7635697
2477	7635703	7635703
2478	7635709	7635709
2479	7635715	7635715
2480	7635721	7635721
2481	7635847	7635847
2482	7635919	7635919
2483	7636435	7636435
2484	7636457	7636457
2485	7637035	7637035
2486	7637691	7637691
2487	7637885	7637885
2488	7637891	7637891
2489	7637897	7637897
2490	7639195	7639195
2491	7639655	7639655
2492	7640037	7640037
2493	7640049	7640049
2494	7640401	7640401
2495	7641681	7641681
2496	7641869	7641869
2497	7642159	7642159
2498	7643755	7643755
2499	7644015	7644015
2500	7644309	7644309
2501	7644421	7644421
2502	7646509	7646509
2503	7647493	7647493
2504	7647649	7647649
2505	7648371	7648371
2506	7649015	7649015
2507	7649201	7649201
2508	7652983	7652983
2509	7653115	7653115
2510	7653757	7653757
2511	7654143	7654143
2512	7655987	7655987
2513	7656785	7656785
2514	7657377	7657377
2515	7658213	7658213
2516	7660459	7660459
2517	7660487	7660487
2518	7660489	7660489
2519	7660711	7660711
2520	7661295	7661295
2521	7661301	7661301
2522	7661307	7661307
2523	7663875	7663875
2524	7664041	7664041
2525	7666175	7666175
2526	7666737	7666737
2527	7667287	7667287
2528	7667293	7667293
2529	7669429	7669429
2530	7669635	7669635
2531	7670595	7670595
2532	7671643	7671643
2533	7671647	7671647
2534	7671757	7671757
2535	7671835	7671835
2536	7672039	7672039
2537	7672045	7672045
2538	7672719	7672719
2539	7672965	7672965
2540	7673193	7673193
2541	7675437	7675437
2542	7675773	7675773
2543	7676025	7676025
2544	7676101	7676101
2545	7677541	7677541
2546	7678231	7678231
2547	7678831	7678831
2548	7682023	7682023
2549	7682039	7682039
2550	7683123	7683123
2551	7684279	7684279
2552	7684381	7684381
2553	7684481	7684481
2554	7686331	7686331
2555	7686697	7686697
2556	7686703	7686703
2557	7687181	7687181
2558	7690979	7690979
2559	7691487	7691487
2560	7693003	7693003
2561	7694801	7694801
2562	7694805	7694805
2563	7695895	7695895
2564	7697513	7697513
2565	7697549	7697549
2566	7697591	7697591
2567	7697765	7697765
2568	7698613	7698613
2569	7699117	7699117
2570	7699207	7699207
2571	7699843	7699843
2572	7699921	7699921
2573	7700501	7700501
2574	7700549	7700549
2575	7701713	7701713
2576	7702019	7702019
2577	7702025	7702025
2578	7702359	7702359
2579	7702821	7702821
2580	7704147	7704147
2581	7704251	7704251
2582	7705647	7705647
2583	7705743	7705743
2584	7708371	7708371
2585	7708929	7708929
2586	7709861	7709861
2587	7710307	7710307
2588	7710369	7710369
2589	7711109	7711109
2590	7711397	7711397
2591	7711497	7711497
2592	7711999	7711999
2593	7712641	7712641
2594	7712731	7712731
2595	7713283	7713283
2596	7714095	7714095
2597	7716847	7716847
2598	7717451	7717451
2599	7718017	7718017
2600	7718319	7718319
2601	7718325	7718325
2602	7719141	7719141
2603	7719797	7719797
2604	7720327	7720327
2605	7720439	7720439
2606	7721001	7721001
2607	7722185	7722185
2608	7722345	7722345
2609	7723425	7723425
2610	7724475	7724475
2611	7724973	7724973
2612	7725381	7725381
2613	7725543	7725543
2614	7725549	7725549
2615	7726775	7726775
2616	7726791	7726791
2617	7727177	7727177
2618	7728645	7728645
2619	7728877	7728877
2620	7729907	7729907
2621	7730551	7730551
2622	7730629	7730629
2623	7733151	7733151
2624	7733153	7733153
2625	7733159	7733159
2626	7733371	7733371
2627	7733375	7733375
2628	7733377	7733377
2629	7735079	7735079
2630	7735159	7735159
2631	7735749	7735749
2632	7736805	7736805
2633	7737361	7737361
2634	7737391	7737391
2635	7737851	7737851
2636	7739921	7739921
2637	7740825	7740825
2638	7741287	7741287
2639	7741733	7741733
2640	7742257	7742257
2641	7742585	7742585
2642	7743077	7743077
2643	7746699	7746699
2644	7746807	7746807
2645	7746953	7746953
2646	7748717	7748717
2647	7748747	7748747
2648	7748753	7748753
2649	7748761	7748761
2650	7749015	7749015
2651	7749595	7749595
2652	7749939	7749939
2653	7749945	7749945
2654	7752273	7752273
2655	7752435	7752435
2656	7752437	7752437
2657	7752571	7752571
2658	7752665	7752665
2659	7753373	7753373
2660	7754031	7754031
2661	7754037	7754037
2662	7754465	7754465
2663	7754647	7754647
2664	7754655	7754655
2665	7754661	7754661
2666	7755275	7755275
2667	7756181	7756181
2668	7756911	7756911
2669	7756953	7756953
2670	7758309	7758309
2671	7759145	7759145
2672	7759939	7759939
2673	7760095	7760095
2674	7762341	7762341
2675	7763329	7763329
2676	7763797	7763797
2677	7764635	7764635
2678	7766265	7766265
2679	7770561	7770561
2680	7770703	7770703
2681	7771181	7771181
2682	7771751	7771751
2683	7773889	7773889
2684	7774391	7774391
2685	7775135	7775135
2686	7775205	7775205
2687	7775811	7775811
2688	7776007	7776007
2689	7776067	7776067
2690	7776147	7776147
2691	7776221	7776221
2692	7777801	7777801
2693	7779115	7779115
2694	7779229	7779229
2695	7779231	7779231
2696	7779249	7779249
2697	7780051	7780051
2698	7780427	7780427
2699	7782039	7782039
2700	7782465	7782465
2701	7783023	7783023
2702	7783677	7783677
2703	7783777	7783777
2704	7784079	7784079
2705	7784881	7784881
2706	7785843	7785843
2707	7786585	7786585
2708	7787077	7787077
2709	7787081	7787081
2710	7790377	7790377
2711	7790681	7790681
2712	7791325	7791325
2713	7791329	7791329
2714	7791331	7791331
2715	7792437	7792437
2716	7792445	7792445
2717	7792461	7792461
2718	7793025	7793025
2719	7793057	7793057
2720	7793121	7793121
2721	7793131	7793131
2722	7793341	7793341
2723	7794307	7794307
2724	7794309	7794309
2725	7794377	7794377
2726	7795785	7795785
2727	7795949	7795949
2728	7796069	7796069
2729	7796343	7796343
2730	7797007	7797007
2731	7797111	7797111
2732	7797209	7797209
2733	7798839	7798839
2734	7798999	7798999
2735	7799001	7799001
2736	7799145	7799145
2737	7799149	7799149
2738	7800923	7800923
2739	7802169	7802169
2740	7802305	7802305
2741	7802309	7802309
2742	7803299	7803299
2743	7803845	7803845
2744	7804735	7804735
2745	7804855	7804855
2746	7804861	7804861
2747	7805879	7805879
2748	7806479	7806479
2749	7807931	7807931
2750	7808587	7808587
2751	7808843	7808843
2752	7810965	7810965
2753	7810971	7810971
2754	7810977	7810977
2755	7810983	7810983
2756	7811935	7811935
2757	7812613	7812613
2758	7812729	7812729
2759	7813725	7813725
2760	7813979	7813979
2761	7813983	7813983
2762	7813985	7813985
2763	7814983	7814983
2764	7815217	7815217
2765	7815221	7815221
2766	7815947	7815947
2767	7817057	7817057
2768	7817773	7817773
2769	7817791	7817791
2770	7817797	7817797
2771	7819017	7819017
2772	7819023	7819023
2773	7819029	7819029
2774	7819461	7819461
2775	7819463	7819463
2776	7819685	7819685
2777	7820411	7820411
2778	7820417	7820417
2779	7820423	7820423
2780	7820429	7820429
2781	7820513	7820513
2782	7821125	7821125
2783	7822117	7822117
2784	7822305	7822305
2785	7822973	7822973
2786	7823593	7823593
2787	7824375	7824375
2788	7824893	7824893
2789	7826775	7826775
2790	7827957	7827957
2791	7828715	7828715
2792	7829343	7829343
2793	7829737	7829737
2794	7830705	7830705
2795	7832165	7832165
2796	7832171	7832171
2797	7832523	7832523
2798	7832541	7832541
2799	7833209	7833209
2800	7833897	7833897
2801	7833903	7833903
2802	7834041	7834041
2803	7834575	7834575
2804	7834579	7834579
2805	7834581	7834581
2806	7834907	7834907
2807	7834969	7834969
2808	7835487	7835487
2809	7835529	7835529
2810	7837051	7837051
2811	7837563	7837563
2812	7837567	7837567
2813	7837569	7837569
2814	7839397	7839397
2815	7839407	7839407
2816	7840719	7840719
2817	7841715	7841715
2818	7842459	7842459
2819	7842465	7842465
2820	7842469	7842469
2821	7842471	7842471
2822	7842681	7842681
2823	7842685	7842685
2824	7842687	7842687
2825	7843425	7843425
2826	7843801	7843801
2827	7843805	7843805
2828	7843991	7843991
2829	7843997	7843997
2830	7844477	7844477
2831	7844483	7844483
2832	7844501	7844501
2833	7844757	7844757
2834	7844799	7844799
2835	7844801	7844801
2836	7844881	7844881
2837	7844997	7844997
2838	7846311	7846311
2839	7846689	7846689
2840	7846845	7846845
2841	7847615	7847615
2842	7847633	7847633
2843	7848069	7848069
2844	7849131	7849131
2845	7849137	7849137
2846	7849139	7849139
2847	7849695	7849695
2848	7852223	7852223
2849	7852973	7852973
2850	7853063	7853063
2851	7853069	7853069
2852	7853535	7853535
2853	7853559	7853559
2854	7854177	7854177
2855	7854545	7854545
2856	7856153	7856153
2857	7856299	7856299
2858	7856949	7856949
2859	7857519	7857519
2860	7857627	7857627
2861	7857933	7857933
2862	7858209	7858209
2863	7859075	7859075
2864	7859603	7859603
2865	7861019	7861019
2866	7862353	7862353
2867	7862663	7862663
2868	7862665	7862665
2869	7863385	7863385
2870	7863391	7863391
2871	7863705	7863705
2872	7864165	7864165
2873	7864901	7864901
2874	7865467	7865467
2875	7865569	7865569
2876	7865585	7865585
2877	7865727	7865727
2878	7865949	7865949
2879	7866887	7866887
2880	7866893	7866893
2881	7866899	7866899
2882	7867345	7867345
2883	7867695	7867695
2884	7867797	7867797
2885	7867827	7867827
2886	7870027	7870027
2887	7871121	7871121
2888	7871127	7871127
2889	7871225	7871225
2890	7871505	7871505
2891	7871511	7871511
2892	7872519	7872519
2893	7872525	7872525
2894	7872535	7872535
2895	7872719	7872719
2896	7872863	7872863
2897	7873287	7873287
2898	7873341	7873341
2899	7873347	7873347
2900	7873651	7873651
2901	7874965	7874965
2902	7875253	7875253
2903	7877979	7877979
2904	7877985	7877985
2905	7877991	7877991
2906	7879113	7879113
2907	7879119	7879119
2908	7881151	7881151
2909	7881933	7881933
2910	7881939	7881939
2911	7881945	7881945
2912	7881951	7881951
2913	7882137	7882137
2914	7882881	7882881
2915	7882971	7882971
2916	7884951	7884951
2917	7884957	7884957
2918	7885529	7885529
2919	7885535	7885535
2920	7887563	7887563
2921	7887941	7887941
2922	7890029	7890029
2923	7890047	7890047
2924	7890053	7890053
2925	7890057	7890057
2926	7891053	7891053
2927	7891059	7891059
2928	7891965	7891965
2929	7892157	7892157
2930	7892757	7892757
2931	7893239	7893239
2932	7894385	7894385
2933	7894397	7894397
2934	7894661	7894661
2935	7894787	7894787
2936	7894817	7894817
2937	7895057	7895057
2938	7895543	7895543
2939	7896929	7896929
2940	7896979	7896979
2941	7897481	7897481
2942	7897601	7897601
2943	7897983	7897983
2944	7898341	7898341
2945	7900639	7900639
2946	7900643	7900643
2947	7900645	7900645
2948	7900789	7900789
2949	7901847	7901847
2950	7902093	7902093
2951	7902099	7902099
2952	7902105	7902105
2953	7902411	7902411
2954	7902905	7902905
2955	7902911	7902911
2956	7902917	7902917
2957	7902927	7902927
2958	7903263	7903263
2959	7903281	7903281
2960	7903835	7903835
2961	7904093	7904093
2962	7904561	7904561
2963	7905223	7905223
2964	7905247	7905247
2965	7905453	7905453
2966	7905509	7905509
2967	7905903	7905903
2968	7905909	7905909
2969	7905913	7905913
2970	7906061	7906061
2971	7906067	7906067
2972	7906363	7906363
2973	7906369	7906369
2974	7907115	7907115
2975	7907921	7907921
2976	7907949	7907949
2977	7907951	7907951
2978	7908191	7908191
2979	7908673	7908673
2980	7908675	7908675
2981	7909517	7909517
2982	7909781	7909781
2983	7910249	7910249
2984	7910647	7910647
2985	7910743	7910743
2986	7910891	7910891
2987	7910915	7910915
2988	7910943	7910943
2989	7910981	7910981
2990	7912343	7912343
2991	7912791	7912791
2992	7912935	7912935
2993	7912959	7912959
2994	7912963	7912963
2995	7913963	7913963
2996	7915505	7915505
2997	7916293	7916293
2998	7916501	7916501
2999	7916919	7916919
3000	7916931	7916931
3001	7917629	7917629
3002	7918179	7918179
3003	7919441	7919441
3004	7919697	7919697
3005	7919909	7919909
3006	7921297	7921297
3007	7921763	7921763
3008	7922049	7922049
3009	7922055	7922055
3010	7922061	7922061
3011	7922065	7922065
3012	7922067	7922067
3013	7923333	7923333
3014	7923335	7923335
3015	7923603	7923603
3016	7923621	7923621
3017	7923627	7923627
3018	7923637	7923637
3019	7923669	7923669
3020	7923759	7923759
3021	7924715	7924715
3022	7925425	7925425
3023	7926073	7926073
3024	7927275	7927275
3025	7927937	7927937
3026	7928519	7928519
3027	7928899	7928899
3028	7928965	7928965
3029	7929267	7929267
3030	7931053	7931053
3031	7931071	7931071
3032	7931203	7931203
3033	7931543	7931543
3034	7931795	7931795
3035	7931801	7931801
3036	7932071	7932071
3037	7932147	7932147
3038	7932365	7932365
3039	7933087	7933087
3040	7933623	7933623
3041	7933753	7933753
3042	7934167	7934167
3043	7935189	7935189
3044	7936481	7936481
3045	7937107	7937107
3046	7937413	7937413
3047	7938277	7938277
3048	7938543	7938543
3049	7938635	7938635
3050	7938815	7938815
3051	7938833	7938833
3052	7941177	7941177
3053	7941717	7941717
3054	7941909	7941909
3055	7942443	7942443
3056	7943615	7943615
3057	7944951	7944951
3058	7945337	7945337
3059	7945455	7945455
3060	7945777	7945777
3061	7945837	7945837
3062	7945979	7945979
3063	7946465	7946465
3064	7946657	7946657
3065	7947137	7947137
3066	7947305	7947305
3067	7947401	7947401
3068	7947407	7947407
3069	7947455	7947455
3070	7947515	7947515
3071	7947553	7947553
3072	7948269	7948269
3073	7948623	7948623
3074	7949333	7949333
3075	7949391	7949391
3076	7949419	7949419
3077	7949421	7949421
3078	7949551	7949551
3079	7949569	7949569
3080	7950065	7950065
3081	7950263	7950263
3082	7951279	7951279
3083	7951681	7951681
3084	7951919	7951919
3085	7951973	7951973
3086	7952021	7952021
3087	7953507	7953507
3088	7953513	7953513
3089	7953645	7953645
3090	7953675	7953675
3091	7953693	7953693
3092	7954405	7954405
3093	7954587	7954587
3094	7954617	7954617
3095	7955641	7955641
3096	7955799	7955799
3097	7955811	7955811
3098	7955827	7955827
3099	7955829	7955829
3100	7955899	7955899
3101	7955901	7955901
3102	7956331	7956331
3103	7956333	7956333
3104	7957105	7957105
3105	7957981	7957981
3106	7958273	7958273
3107	7958583	7958583
3108	7958793	7958793
3109	7958797	7958797
3110	7958835	7958835
3111	7959105	7959105
3112	7959473	7959473
3113	7959911	7959911
3114	7960039	7960039
3115	7961267	7961267
3116	7962265	7962265
3117	7962269	7962269
3118	7962271	7962271
3119	7962561	7962561
3120	7962745	7962745
3121	7963075	7963075
3122	7963111	7963111
3123	7964253	7964253
3124	7964579	7964579
3125	7964921	7964921
3126	7964927	7964927
3127	7965067	7965067
3128	7965085	7965085
3129	7965151	7965151
3130	7965389	7965389
3131	7965671	7965671
3132	7972433	7972433
3133	7974947	7974947
3134	7975159	7975159
3135	7975263	7975263
3136	7975547	7975547
3137	7978175	7978175
3138	7978187	7978187
3139	7980573	7980573
3140	7980579	7980579
3141	7980585	7980585
3142	7980591	7980591
3143	7981085	7981085
3144	7981429	7981429
3145	7986037	7986037
3146	7986089	7986089
3147	7991655	7991655
3148	7991807	7991807
3149	7992921	7992921
3150	7993337	7993337
3151	7993617	7993617
3152	7993619	7993619
3153	7993695	7993695
3154	7993973	7993973
3155	7994281	7994281
3156	7994293	7994293
3157	7994575	7994575
3158	7994823	7994823
3159	7995761	7995761
3160	7997239	7997239
3161	7998115	7998115
3162	7998187	7998187
3163	7998373	7998373
3164	7998821	7998821
3165	7999189	7999189
3166	7999285	7999285
3167	8000041	8000041
3168	8000119	8000119
3169	8000179	8000179
3170	8000533	8000533
3171	8000623	8000623
3172	8000725	8000725
3173	8000731	8000731
3174	8001243	8001243
3175	8001933	8001933
3176	8002069	8002069
3177	8002341	8002341
3178	8002345	8002345
3179	8002547	8002547
3180	8002709	8002709
3181	8003177	8003177
3182	8003875	8003875
3183	8003905	8003905
3184	8003911	8003911
3185	8003917	8003917
3186	8003923	8003923
3187	8004097	8004097
3188	8004133	8004133
3189	8005633	8005633
3190	8005807	8005807
3191	8006085	8006085
3192	8006097	8006097
3193	8006559	8006559
3194	8006583	8006583
3195	8007203	8007203
3196	8007285	8007285
3197	8007759	8007759
3198	8007921	8007921
3199	8007957	8007957
3200	8007989	8007989
3201	8007995	8007995
3202	8008063	8008063
3203	8008237	8008237
3204	8008317	8008317
3205	8008425	8008425
3206	8008767	8008767
3207	8008773	8008773
3208	8008803	8008803
3209	8008807	8008807
3210	8008809	8008809
3211	8008995	8008995
3212	8009379	8009379
3213	8009997	8009997
3214	8010063	8010063
3215	8010159	8010159
3216	8010285	8010285
3217	8010417	8010417
3218	8010499	8010499
3219	8010607	8010607
3220	8010625	8010625
3221	8010643	8010643
3222	8011051	8011051
3223	8011053	8011053
3224	8011851	8011851
3225	8011925	8011925
3226	8012103	8012103
3227	8012105	8012105
3228	8012267	8012267
3229	8012297	8012297
3230	8013019	8013019
3231	8013049	8013049
3232	8013181	8013181
3233	8013187	8013187
3234	8013193	8013193
3235	8013499	8013499
3236	8013555	8013555
3237	8013585	8013585
3238	8013741	8013741
3239	8013867	8013867
3240	8014369	8014369
3241	8014635	8014635
3242	8014953	8014953
3243	8015223	8015223
3244	8015419	8015419
3245	8015675	8015675
3246	8015975	8015975
3247	8015979	8015979
3248	8016169	8016169
3249	8016485	8016485
3250	8016643	8016643
3251	8016833	8016833
3252	8017037	8017037
3253	8017043	8017043
3254	8017053	8017053
3255	8017091	8017091
3256	8017385	8017385
3257	8017571	8017571
3258	8017595	8017595
3259	8017819	8017819
3260	8017885	8017885
3261	8018491	8018491
3262	8018883	8018883
3263	8019185	8019185
3264	8019461	8019461
3265	8019605	8019605
3266	8020067	8020067
3267	8021157	8021157
3268	8021547	8021547
3269	8021685	8021685
3270	8022375	8022375
3271	8022435	8022435
3272	8022477	8022477
3273	8022589	8022589
3274	8022823	8022823
3275	8022883	8022883
3276	8023357	8023357
3277	8023361	8023361
3278	8023363	8023363
3279	8023663	8023663
3280	8023971	8023971
3281	8023977	8023977
3282	8023983	8023983
3283	8024113	8024113
3284	8024173	8024173
3285	8024397	8024397
3286	8024421	8024421
3287	8024469	8024469
3288	8024487	8024487
3289	8024493	8024493
3290	8024571	8024571
3291	8024595	8024595
3292	8024691	8024691
3293	8024893	8024893
3294	8024929	8024929
3295	8026895	8026895
3296	8027125	8027125
3297	8027335	8027335
3298	8027389	8027389
3299	8027419	8027419
3300	8027447	8027447
3301	8027743	8027743
3302	8028013	8028013
3303	8028043	8028043
3304	8028047	8028047
3305	8028055	8028055
3306	8028195	8028195
3307	8028201	8028201
3308	8028207	8028207
3309	8028291	8028291
3310	8028357	8028357
3311	8028965	8028965
3312	8029025	8029025
3313	8029245	8029245
3314	8029381	8029381
3315	8029945	8029945
3316	8030017	8030017
3317	8030149	8030149
3318	8030295	8030295
3319	8030433	8030433
3320	8030559	8030559
3321	8031667	8031667
3322	8031703	8031703
3323	8032309	8032309
3324	8033459	8033459
3325	8033561	8033561
3326	8033679	8033679
3327	8033681	8033681
3328	8033735	8033735
3329	8034029	8034029
3330	8034109	8034109
3331	8034169	8034169
3332	8034373	8034373
3333	8034469	8034469
3334	8034571	8034571
3335	8034703	8034703
3336	8034979	8034979
3337	8035001	8035001
3338	8035349	8035349
3339	8035391	8035391
3340	8035413	8035413
3341	8035421	8035421
3342	8035463	8035463
3343	8035917	8035917
3344	8036201	8036201
3345	8036945	8036945
3346	8037285	8037285
3347	8037309	8037309
3348	8037321	8037321
3349	8037779	8037779
3350	8037809	8037809
3351	8038023	8038023
3352	8038193	8038193
3353	8038469	8038469
3354	8038475	8038475
3355	8038479	8038479
3356	8038487	8038487
3357	8038511	8038511
3358	8038841	8038841
3359	8038991	8038991
3360	8039039	8039039
3361	8039043	8039043
3362	8039231	8039231
3363	8039471	8039471
3364	8039977	8039977
3365	8040031	8040031
3366	8040109	8040109
3367	8040115	8040115
3368	8040121	8040121
3369	8040139	8040139
3370	8040145	8040145
3371	8040797	8040797
3372	8041267	8041267
3373	8041285	8041285
3374	8041507	8041507
3375	8041711	8041711
3376	8041747	8041747
3377	8041753	8041753
3378	8041765	8041765
3379	8041831	8041831
3380	8042081	8042081
3381	8042679	8042679
3382	8043031	8043031
3383	8043283	8043283
3384	8044003	8044003
3385	8044281	8044281
3386	8044635	8044635
3387	8044773	8044773
3388	8044971	8044971
3389	8045335	8045335
3390	8045811	8045811
3391	8046249	8046249
3392	8046267	8046267
3393	8046291	8046291
3394	8046309	8046309
3395	8046441	8046441
3396	8046471	8046471
3397	8046661	8046661
3398	8046663	8046663
3399	8046765	8046765
3400	8046795	8046795
3401	8047687	8047687
3402	8048119	8048119
3403	8048161	8048161
3404	8048291	8048291
3405	8048321	8048321
3406	8048393	8048393
3407	8048757	8048757
3408	8049009	8049009
3409	8049123	8049123
3410	8049293	8049293
3411	8049523	8049523
3412	8049565	8049565
3413	8049619	8049619
3414	8049667	8049667
3415	8049733	8049733
3416	8049739	8049739
3417	8049967	8049967
3418	8049973	8049973
3419	8050333	8050333
3420	8050447	8050447
3421	8050607	8050607
3422	8050609	8050609
3423	8050651	8050651
3424	8050741	8050741
3425	8050981	8050981
3426	8051087	8051087
3427	8051143	8051143
3428	8051177	8051177
3429	8051263	8051263
3430	8051293	8051293
3431	8051773	8051773
3432	8051797	8051797
3433	8052397	8052397
3434	8052623	8052623
3435	8052659	8052659
3436	8052809	8052809
3437	8052825	8052825
3438	8052839	8052839
3439	8053209	8053209
3440	8053335	8053335
3441	8053481	8053481
3442	8053505	8053505
3443	8053649	8053649
3444	8053817	8053817
3445	8053995	8053995
3446	8054039	8054039
3447	8054159	8054159
3448	8054201	8054201
3449	8054249	8054249
3450	8054811	8054811
3451	8054813	8054813
3452	8054831	8054831
3453	8054891	8054891
3454	8055005	8055005
3455	8055017	8055017
3456	8055041	8055041
3457	8055443	8055443
3458	8055655	8055655
3459	8055751	8055751
3460	8055829	8055829
3461	8055925	8055925
3462	8055979	8055979
3463	8056045	8056045
3464	8056049	8056049
3465	8056145	8056145
3466	8056345	8056345
3467	8056399	8056399
3468	8056501	8056501
3469	8056519	8056519
3470	8056531	8056531
3471	8056885	8056885
3472	8057009	8057009
3473	8057045	8057045
3474	8057063	8057063
3475	8057291	8057291
3476	8057303	8057303
3477	8057369	8057369
3478	8057381	8057381
3479	8057465	8057465
3480	8057483	8057483
3481	8057763	8057763
3482	8057765	8057765
3483	8057951	8057951
3484	8057963	8057963
3485	8057975	8057975
3486	8058335	8058335
3487	8058467	8058467
3488	8058627	8058627
3489	8058629	8058629
3490	8059121	8059121
3491	8059403	8059403
3492	8059461	8059461
3493	8059641	8059641
3494	8059671	8059671
3495	8059749	8059749
3496	8059845	8059845
3497	8060047	8060047
3498	8060071	8060071
3499	8060125	8060125
3500	8060207	8060207
3501	8064671	8064671
3502	8065205	8065205
3503	8066909	8066909
3504	8066987	8066987
3505	8066993	8066993
3506	8066997	8066997
3507	8067151	8067151
3508	8067785	8067785
3509	8068125	8068125
3510	8072597	8072597
3511	8072749	8072749
3512	8075169	8075169
3513	8075173	8075173
3514	8075251	8075251
3515	8075335	8075335
3516	8075341	8075341
3517	8075347	8075347
3518	8075371	8075371
3519	8075967	8075967
3520	8079269	8079269
3521	8083589	8083589
3522	8083601	8083601
3523	8083781	8083781
3524	8083829	8083829
3525	8083943	8083943
3526	8083955	8083955
3527	8083961	8083961
3528	8083985	8083985
3529	8084099	8084099
3530	8084151	8084151
3531	8084337	8084337
3532	8084535	8084535
3533	8084541	8084541
3534	8084693	8084693
3535	8084699	8084699
3536	8084793	8084793
3537	8084903	8084903
3538	8084945	8084945
3539	8085005	8085005
3540	8085047	8085047
3541	8085191	8085191
3542	8085215	8085215
3543	8086047	8086047
3544	8086059	8086059
3545	8086085	8086085
3546	8086183	8086183
3547	8086213	8086213
3548	8086291	8086291
3549	8086465	8086465
3550	8086651	8086651
3551	8086807	8086807
3552	8087329	8087329
3553	8087443	8087443
3554	8087485	8087485
3555	8087677	8087677
3556	8087791	8087791
3557	8088281	8088281
3558	8088323	8088323
3559	8088329	8088329
3560	8088455	8088455
3561	8088579	8088579
3562	8088581	8088581
3563	8088677	8088677
3564	8088701	8088701
3565	8088855	8088855
3566	8088923	8088923
3567	8088947	8088947
3568	8088971	8088971
3569	8089651	8089651
3570	8089661	8089661
3571	8089693	8089693
3572	8089897	8089897
3573	8090005	8090005
3574	8090107	8090107
3575	8090143	8090143
3576	8090161	8090161
3577	8090221	8090221
3578	8090423	8090423
3579	8090677	8090677
3580	8090681	8090681
3581	8090683	8090683
3582	8090725	8090725
3583	8090731	8090731
3584	8090737	8090737
3585	8090845	8090845
3586	8091287	8091287
3587	8091321	8091321
3588	8091353	8091353
3589	8091395	8091395
3590	8091443	8091443
3591	8091605	8091605
3592	8091861	8091861
3593	8091927	8091927
3594	8091999	8091999
3595	8092101	8092101
3596	8092185	8092185
3597	8092365	8092365
3598	8092377	8092377
3599	8092443	8092443
3600	8092575	8092575
3601	8092773	8092773
3602	8092869	8092869
3603	8093019	8093019
3604	8093253	8093253
3605	8093259	8093259
3606	8093379	8093379
3607	8093415	8093415
3608	8093541	8093541
3609	8093607	8093607
3610	8093679	8093679
3611	8093733	8093733
3612	8093773	8093773
3613	8093823	8093823
3614	8093827	8093827
3615	8093959	8093959
3616	8094007	8094007
3617	8094049	8094049
3618	8094139	8094139
3619	8094379	8094379
3620	8094589	8094589
3621	8094649	8094649
3622	8094715	8094715
3623	8094745	8094745
3624	8094835	8094835
3625	8094847	8094847
3626	8094895	8094895
3627	8095027	8095027
3628	8095123	8095123
3629	8095171	8095171
3630	8095183	8095183
3631	8095243	8095243
3632	8095255	8095255
3633	8095357	8095357
3634	8095405	8095405
3635	8095469	8095469
3636	8095535	8095535
3637	8095715	8095715
3638	8095733	8095733
3639	8095817	8095817
3640	8095835	8095835
3641	8095853	8095853
3642	8095919	8095919
3643	8095937	8095937
3644	8095943	8095943
3645	8096171	8096171
3646	8096225	8096225
3647	8096489	8096489
3648	8096591	8096591
3649	8096609	8096609
3650	8096645	8096645
3651	8096751	8096751
3652	8096799	8096799
3653	8096853	8096853
3654	8096925	8096925
3655	8096943	8096943
3656	8096993	8096993
3657	8097059	8097059
3658	8097077	8097077
3659	8097113	8097113
3660	8097185	8097185
3661	8097353	8097353
3662	8097383	8097383
3663	8097585	8097585
3664	8097615	8097615
3665	8097697	8097697
3666	8097887	8097887
3667	8097895	8097895
3668	8098091	8098091
3669	8098453	8098453
3670	8098513	8098513
3671	8098543	8098543
3672	8098567	8098567
3673	8098627	8098627
3674	8098649	8098649
3675	8098651	8098651
3676	8098819	8098819
3677	8098939	8098939
3678	8098951	8098951
3679	8099137	8099137
3680	8099227	8099227
3681	8099287	8099287
3682	8099419	8099419
3683	8099425	8099425
3684	8099427	8099427
3685	8099553	8099553
3686	8099555	8099555
3687	8099591	8099591
3688	8099897	8099897
3689	8099915	8099915
3690	8099999	8099999
3691	8100023	8100023
3692	8100065	8100065
3693	8100179	8100179
3694	8100197	8100197
3695	8100263	8100263
3696	8100365	8100365
3697	8100383	8100383
3698	8100497	8100497
3699	8100527	8100527
3700	8100581	8100581
3701	8100635	8100635
3702	8100683	8100683
3703	8100821	8100821
3704	8100983	8100983
3705	8100989	8100989
3706	8101049	8101049
3707	8101259	8101259
3708	8101265	8101265
3709	8101637	8101637
3710	8101717	8101717
3711	8101783	8101783
3712	8102029	8102029
3713	8102227	8102227
3714	8102383	8102383
3715	8102439	8102439
3716	8102487	8102487
3717	8102499	8102499
3718	8102535	8102535
3719	8102649	8102649
3720	8102873	8102873
3721	8102927	8102927
3722	8103209	8103209
3723	8103233	8103233
3724	8103371	8103371
3725	8103497	8103497
3726	8103551	8103551
3727	8103617	8103617
3728	8103779	8103779
3729	8103791	8103791
3730	8103803	8103803
3731	8103821	8103821
3732	8103839	8103839
3733	8103875	8103875
3734	8103887	8103887
3735	8103893	8103893
3736	8103899	8103899
3737	8103923	8103923
3738	8104223	8104223
3739	8104229	8104229
3740	8104457	8104457
3741	8104625	8104625
3742	8104643	8104643
3743	8104709	8104709
3744	8104733	8104733
3745	8104745	8104745
3746	8104859	8104859
3747	8104961	8104961
3748	8105123	8105123
3749	8105165	8105165
3750	8105255	8105255
3751	8105261	8105261
3752	8105267	8105267
3753	8105483	8105483
3754	8105603	8105603
3755	8105717	8105717
3756	8105849	8105849
3757	8105879	8105879
3758	8105885	8105885
3759	8105945	8105945
3760	8105969	8105969
3761	8106017	8106017
3762	8106047	8106047
3763	8106053	8106053
3764	8106395	8106395
3765	8106431	8106431
3766	8106533	8106533
3767	8106677	8106677
3768	8106707	8106707
3769	8106837	8106837
3770	8106839	8106839
3771	8106863	8106863
3772	8106887	8106887
3773	8106893	8106893
3774	8106911	8106911
3775	8106941	8106941
3776	8106977	8106977
3777	8106999	8106999
3778	8107001	8107001
3779	8107055	8107055
3780	8107061	8107061
3781	8107091	8107091
3782	8107145	8107145
3783	8107163	8107163
3784	8107169	8107169
3785	8107181	8107181
3786	8107205	8107205
3787	8107229	8107229
3788	8107277	8107277
3789	8107295	8107295
3790	8107301	8107301
3791	8107313	8107313
3792	8107343	8107343
3793	8107427	8107427
3794	8107457	8107457
3795	8107607	8107607
3796	8107625	8107625
3797	8107903	8107903
3798	8107961	8107961
3799	8108009	8108009
3800	8108165	8108165
3801	8108225	8108225
3802	8108243	8108243
3803	8108291	8108291
3804	8108375	8108375
3805	8108423	8108423
3806	8108459	8108459
3807	8108471	8108471
3808	8108543	8108543
3809	8108623	8108623
3810	8108661	8108661
3811	8108685	8108685
3812	8108727	8108727
3813	8108775	8108775
3814	8108859	8108859
3815	8108907	8108907
3816	8108919	8108919
3817	8108961	8108961
3818	8109037	8109037
3819	8109057	8109057
3820	8109135	8109135
3821	8109189	8109189
3822	8109207	8109207
3823	8109243	8109243
3824	8109255	8109255
3825	8109273	8109273
3826	8109279	8109279
3827	8109297	8109297
3828	8109423	8109423
3829	8109477	8109477
3830	8109513	8109513
3831	8109561	8109561
3832	8109591	8109591
3833	8109651	8109651
3834	8109711	8109711
3835	8109765	8109765
3836	8109837	8109837
3837	8109961	8109961
3838	8110081	8110081
3839	8110129	8110129
3840	8110147	8110147
3841	8110195	8110195
3842	8110255	8110255
3843	8110291	8110291
3844	8110357	8110357
3845	8110375	8110375
3846	8110399	8110399
3847	8110453	8110453
3848	8110483	8110483
3849	8110557	8110557
3850	8110647	8110647
3851	8110737	8110737
3852	8110743	8110743
3853	8110749	8110749
3854	8110761	8110761
3855	8110767	8110767
3856	8110773	8110773
3857	8110899	8110899
3858	8110923	8110923
3859	8110929	8110929
3860	8110935	8110935
3861	8110959	8110959
3862	8110995	8110995
3863	8111013	8111013
3864	8111085	8111085
3865	8111193	8111193
3866	8111223	8111223
3867	8111259	8111259
3868	8111283	8111283
3869	8111325	8111325
3870	8111331	8111331
3871	8111409	8111409
3872	8111463	8111463
3873	8111469	8111469
3874	8111475	8111475
3875	8111509	8111509
3876	8111511	8111511
3877	8111541	8111541
3878	8111607	8111607
3879	8111613	8111613
3880	8111617	8111617
3881	8111673	8111673
3882	8111769	8111769
3883	8111775	8111775
3884	8111943	8111943
3885	8112027	8112027
3886	8112045	8112045
3887	8112051	8112051
3888	8112081	8112081
3889	8112087	8112087
3890	8112105	8112105
3891	8112111	8112111
3892	8112129	8112129
3893	8112137	8112137
3894	8112149	8112149
3895	8112323	8112323
3896	8112363	8112363
3897	8112381	8112381
3898	8112453	8112453
3899	8112459	8112459
3900	8112495	8112495
3901	8112501	8112501
3902	8112585	8112585
3903	8112621	8112621
3904	8112645	8112645
3905	8112663	8112663
3906	8112675	8112675
3907	8112711	8112711
3908	8112759	8112759
3909	8112813	8112813
3910	8112825	8112825
3911	8112843	8112843
3912	8112873	8112873
3913	8112877	8112877
3914	8112879	8112879
3915	8112921	8112921
3916	8113035	8113035
3917	8113107	8113107
3918	8113159	8113159
3919	8113173	8113173
3920	8113191	8113191
3921	8113293	8113293
3922	8113485	8113485
3923	8113599	8113599
3924	8113605	8113605
3925	8113713	8113713
3926	8113743	8113743
3927	8113887	8113887
3928	8113945	8113945
3929	8113993	8113993
3930	8114005	8114005
3931	8114029	8114029
3932	8114065	8114065
3933	8114143	8114143
3934	8114155	8114155
3935	8114179	8114179
3936	8114191	8114191
3937	8114197	8114197
3938	8114451	8114451
3939	8114499	8114499
3940	8114583	8114583
3941	8114631	8114631
3942	8114739	8114739
3943	8114805	8114805
3944	8114877	8114877
3945	8114887	8114887
3946	8114985	8114985
3947	8114991	8114991
3948	8115033	8115033
3949	8115105	8115105
3950	8115177	8115177
3951	8115189	8115189
3952	8115195	8115195
3953	8115225	8115225
3954	8115487	8115487
3955	8115499	8115499
3956	8116225	8116225
3957	8116587	8116587
3958	8117031	8117031
3959	8118001	8118001
3960	8118493	8118493
3961	8118881	8118881
3962	8119561	8119561
3963	8119775	8119775
3964	8121825	8121825
3965	8121831	8121831
3966	8123671	8123671
3967	8123837	8123837
3968	8123843	8123843
3969	8123849	8123849
3970	8123855	8123855
3971	8125997	8125997
3972	8126001	8126001
3973	8126515	8126515
3974	8126985	8126985
3975	8126991	8126991
3976	8127071	8127071
3977	8127175	8127175
3978	8127181	8127181
3979	8127187	8127187
3980	8127325	8127325
3981	8127331	8127331
3982	8127349	8127349
3983	8127383	8127383
3984	8127385	8127385
3985	8127475	8127475
3986	8127481	8127481
3987	8127491	8127491
3988	8127703	8127703
3989	8127705	8127705
3990	8127719	8127719
3991	8127721	8127721
3992	8127749	8127749
3993	8127805	8127805
3994	8127811	8127811
3995	8127817	8127817
3996	8127823	8127823
3997	8127829	8127829
3998	8127835	8127835
3999	8127841	8127841
4000	8127847	8127847
4001	8127851	8127851
4002	8127863	8127863
4003	8127875	8127875
4004	8127881	8127881
4005	8127903	8127903
4006	8127905	8127905
4007	8128375	8128375
4008	8128545	8128545
4009	8128611	8128611
4010	8128615	8128615
4011	8128627	8128627
4012	8128631	8128631
4013	8128633	8128633
4014	8128827	8128827
4015	8128923	8128923
4016	8129301	8129301
4017	8129307	8129307
4018	8129335	8129335
4019	8129359	8129359
4020	8129467	8129467
4021	8129925	8129925
4022	8129927	8129927
4023	8129931	8129931
4024	8129941	8129941
4025	8129951	8129951
4026	8129953	8129953
4027	8129989	8129989
4028	8129993	8129993
4029	8130055	8130055
4030	8130061	8130061
4031	8130063	8130063
4032	8130073	8130073
4033	8130081	8130081
4034	8130117	8130117
4035	8130125	8130125
4036	8130135	8130135
4037	8130165	8130165
4038	8130173	8130173
4039	8130175	8130175
4040	8130177	8130177
4041	8130181	8130181
4042	8130213	8130213
4043	8130221	8130221
4044	8130231	8130231
4045	8130237	8130237
4046	8130257	8130257
4047	8130263	8130263
4048	8130275	8130275
4049	8130277	8130277
4050	8130279	8130279
4051	8130281	8130281
4052	8130317	8130317
4053	8130325	8130325
4054	8130339	8130339
4055	8130341	8130341
4056	8130361	8130361
4057	8130363	8130363
4058	8130365	8130365
4059	8130371	8130371
4060	8130379	8130379
4061	8130391	8130391
4062	8130401	8130401
4063	8130403	8130403
4064	8130407	8130407
4065	8130415	8130415
4066	8130427	8130427
4067	8130439	8130439
4068	8130445	8130445
4069	8130471	8130471
4070	8130473	8130473
4071	8130487	8130487
4072	8130493	8130493
4073	8130495	8130495
4074	8130509	8130509
4075	8130513	8130513
4076	8130531	8130531
4077	8130549	8130549
4078	8130551	8130551
4079	8130555	8130555
4080	8130587	8130587
4081	8130589	8130589
4082	8130593	8130593
4083	8130599	8130599
4084	8130607	8130607
4085	8130609	8130609
4086	8130641	8130641
4087	8130651	8130651
4088	8130657	8130657
4089	8130663	8130663
4090	8130667	8130667
4091	8130669	8130669
4092	8130689	8130689
4093	8130723	8130723
4094	8130769	8130769
4095	8130789	8130789
4096	8130795	8130795
4097	8130813	8130813
4098	8130847	8130847
4099	8130853	8130853
4100	8130867	8130867
4101	8130875	8130875
4102	8130877	8130877
4103	8130891	8130891
4104	8130901	8130901
4105	8130903	8130903
4106	8130911	8130911
4107	8130913	8130913
4108	8130915	8130915
4109	8130927	8130927
4110	8130941	8130941
4111	8130947	8130947
4112	8130953	8130953
4113	8130955	8130955
4114	8130969	8130969
4115	8130971	8130971
4116	8130977	8130977
4117	8130987	8130987
4118	8130993	8130993
4119	8131001	8131001
4120	8131003	8131003
4121	8131021	8131021
4122	8131025	8131025
4123	8131027	8131027
4124	8131047	8131047
4125	8131063	8131063
4126	8131075	8131075
4127	8131083	8131083
4128	8131091	8131091
4129	8131093	8131093
4130	8131109	8131109
4131	8131111	8131111
4132	8131115	8131115
4133	8131119	8131119
4134	8131123	8131123
4135	8131141	8131141
4136	8131147	8131147
4137	8131175	8131175
4138	8131177	8131177
4139	8131179	8131179
4140	8131187	8131187
4141	8131193	8131193
4142	8131199	8131199
4143	8131237	8131237
4144	8131251	8131251
4145	8131259	8131259
4146	8131263	8131263
4147	8131301	8131301
4148	8131311	8131311
4149	8131313	8131313
4150	8131325	8131325
4151	8131327	8131327
4152	8131339	8131339
4153	8131347	8131347
4154	8131355	8131355
4155	8131357	8131357
4156	8131361	8131361
4157	8131367	8131367
4158	8131375	8131375
4159	8131385	8131385
4160	8131407	8131407
4161	8131413	8131413
4162	8131415	8131415
4163	8131417	8131417
4164	8131421	8131421
4165	8131435	8131435
4166	8131443	8131443
4167	8131447	8131447
4168	8131461	8131461
4169	8131463	8131463
4170	8131471	8131471
4171	8131491	8131491
4172	8131509	8131509
4173	8131523	8131523
4174	8131525	8131525
4175	8131533	8131533
4176	8131535	8131535
4177	8131547	8131547
4178	8131553	8131553
4179	8131563	8131563
4180	8131565	8131565
4181	8131569	8131569
4182	8131579	8131579
4183	8131581	8131581
4184	8131591	8131591
4185	8131597	8131597
4186	8131605	8131605
4187	8131607	8131607
4188	8131621	8131621
4189	8131625	8131625
4190	8131627	8131627
4191	8131647	8131647
4192	8131651	8131651
4193	8131653	8131653
4194	8131669	8131669
4195	8131677	8131677
4196	8131685	8131685
4197	8131695	8131695
4198	8131705	8131705
4199	8131711	8131711
4200	8131725	8131725
4201	8131733	8131733
4202	8131735	8131735
4203	8131757	8131757
4204	8131767	8131767
4205	8131771	8131771
4206	8131775	8131775
4207	8131777	8131777
4208	8131795	8131795
4209	8131797	8131797
4210	8131801	8131801
4211	8131803	8131803
4212	8131807	8131807
4213	8131827	8131827
4214	8131833	8131833
4215	8131837	8131837
4216	8131851	8131851
4217	8131853	8131853
4218	8131863	8131863
4219	8131871	8131871
4220	8131879	8131879
4221	8131891	8131891
4222	8131897	8131897
4223	8131901	8131901
4224	8131903	8131903
4225	8131907	8131907
4226	8131913	8131913
4227	8131929	8131929
4228	8131931	8131931
4229	8131933	8131933
4230	8131935	8131935
4231	8131937	8131937
4232	8131941	8131941
4233	8131943	8131943
4234	8131945	8131945
4235	8131951	8131951
4236	8131953	8131953
4237	8131961	8131961
4238	8131965	8131965
4239	8131967	8131967
4240	8131969	8131969
4241	8131971	8131971
4242	8131987	8131987
4243	8131989	8131989
4244	8131993	8131993
4245	8131999	8131999
4246	8132007	8132007
4247	8132011	8132011
4248	8132015	8132015
4249	8132017	8132017
4250	8132021	8132021
4251	8132027	8132027
4252	8132029	8132029
4253	8132031	8132031
4254	8132033	8132033
4255	8132037	8132037
4256	8132043	8132043
4257	8132045	8132045
4258	8132049	8132049
4259	8132051	8132051
4260	8132069	8132069
4261	8132071	8132071
4262	8132077	8132077
4263	8132081	8132081
4264	8132085	8132085
4265	8132095	8132095
4266	8132103	8132103
4267	8132107	8132107
4268	8132111	8132111
4269	8132121	8132121
4270	8132127	8132127
4271	8132143	8132143
4272	8132149	8132149
4273	8132153	8132153
4274	8132159	8132159
4275	8132163	8132163
4276	8132177	8132177
4277	8132183	8132183
4278	8132185	8132185
4279	8132195	8132195
4280	8132203	8132203
4281	8132209	8132209
4282	8132221	8132221
4283	8132223	8132223
4284	8132225	8132225
4285	8132231	8132231
4286	8132235	8132235
4287	8132237	8132237
4288	8132239	8132239
4289	8132241	8132241
4290	8132251	8132251
4291	8132253	8132253
4292	8132255	8132255
4293	8132257	8132257
4294	8132259	8132259
4295	8132277	8132277
4296	8132281	8132281
4297	8132283	8132283
4298	8132295	8132295
4299	8132299	8132299
4300	8132301	8132301
4301	8132311	8132311
4302	8132315	8132315
4303	8132317	8132317
4304	8132325	8132325
4305	8132335	8132335
4306	8132337	8132337
4307	8132339	8132339
4308	8132343	8132343
4309	8132347	8132347
4310	8132351	8132351
4311	8132371	8132371
4312	8132381	8132381
4313	8132385	8132385
4314	8132387	8132387
4315	8132391	8132391
4316	8132399	8132399
4317	8132403	8132403
4318	8132405	8132405
4319	8132407	8132407
4320	8132413	8132413
4321	8132415	8132415
4322	8132419	8132419
4323	8132421	8132421
4324	8132423	8132423
4325	8132429	8132429
4326	8132433	8132433
4327	8132435	8132435
4328	8132441	8132441
4329	8132443	8132443
4330	8132445	8132445
4331	8132449	8132449
4332	8132451	8132451
4333	8132455	8132455
4334	8132461	8132461
4335	8132463	8132463
4336	8132467	8132467
4337	8132479	8132479
4338	8132487	8132487
4339	8132491	8132491
4340	8132493	8132493
4341	8132495	8132495
4342	8132497	8132497
4343	8132509	8132509
4344	8132513	8132513
4345	8132515	8132515
4346	8132531	8132531
4347	8132533	8132533
4348	8132535	8132535
4349	8132541	8132541
4350	8132549	8132549
4351	8132561	8132561
4352	8132563	8132563
4353	8132573	8132573
4354	8132575	8132575
4355	8132581	8132581
4356	8132587	8132587
4357	8132595	8132595
4358	8132603	8132603
4359	8132607	8132607
4360	8132617	8132617
4361	8132619	8132619
4362	8132623	8132623
4363	8132627	8132627
4364	8132629	8132629
4365	8132633	8132633
4366	8132635	8132635
4367	8132641	8132641
4368	8132645	8132645
4369	8132649	8132649
4370	8132651	8132651
4371	8132653	8132653
4372	8132657	8132657
4373	8132663	8132663
4374	8132667	8132667
4375	8132669	8132669
4376	8132671	8132671
4377	8132673	8132673
4378	8132687	8132687
4379	8132691	8132691
4380	8132693	8132693
4381	8132697	8132697
4382	8132977	8132977
4383	8133005	8133005
4384	8133013	8133013
4385	8133047	8133047
4386	8133057	8133057
4387	8133079	8133079
4388	8133085	8133085
4389	8133097	8133097
4390	8133173	8133173
4391	8133245	8133245
4392	8133271	8133271
4393	8133273	8133273
4394	8133329	8133329
4395	8133345	8133345
4396	8133353	8133353
4397	8133355	8133355
4398	8133379	8133379
4399	8133385	8133385
4400	8133411	8133411
4401	8133437	8133437
4402	8133439	8133439
4403	8133459	8133459
4404	8133511	8133511
4405	8133517	8133517
4406	8133577	8133577
4407	8133671	8133671
4408	8133681	8133681
4409	8133689	8133689
4410	8133711	8133711
4411	8133727	8133727
4412	8133757	8133757
4413	8133761	8133761
4414	8133773	8133773
4415	8133775	8133775
4416	8133777	8133777
4417	8133845	8133845
4418	8133885	8133885
4419	8133919	8133919
4420	8133921	8133921
4421	8133945	8133945
4422	8133951	8133951
4423	8133995	8133995
4424	8134005	8134005
4425	8134027	8134027
4426	8134029	8134029
4427	8134033	8134033
4428	8134035	8134035
4429	8134081	8134081
4430	8134083	8134083
4431	8134129	8134129
4432	8134131	8134131
4433	8134163	8134163
4434	8134175	8134175
4435	8134179	8134179
4436	8134181	8134181
4437	8134247	8134247
4438	8134299	8134299
4439	8134343	8134343
4440	8134361	8134361
4441	8134383	8134383
4442	8134389	8134389
4443	8134391	8134391
4444	8134441	8134441
4445	8134467	8134467
4446	8134479	8134479
4447	8134491	8134491
4448	8134509	8134509
4449	8134511	8134511
4450	8134513	8134513
4451	8134553	8134553
4452	8134555	8134555
4453	8134589	8134589
4454	8134627	8134627
4455	8134631	8134631
4456	8134645	8134645
4457	8134651	8134651
4458	8134657	8134657
4459	8134695	8134695
4460	8134721	8134721
4461	8134723	8134723
4462	8134869	8134869
4463	8134879	8134879
4464	8134905	8134905
4465	8134919	8134919
4466	8134953	8134953
4467	8134985	8134985
4468	8134987	8134987
4469	8135015	8135015
4470	8135039	8135039
4471	8135055	8135055
4472	8135057	8135057
4473	8135059	8135059
4474	8135077	8135077
4475	8135079	8135079
4476	8135097	8135097
4477	8135111	8135111
4478	8135129	8135129
4479	8135137	8135137
4480	8135195	8135195
4481	8135231	8135231
4482	8135237	8135237
4483	8135239	8135239
4484	8135255	8135255
4485	8135305	8135305
4486	8135311	8135311
4487	8135331	8135331
4488	8135343	8135343
4489	8135345	8135345
4490	8135375	8135375
4491	8135377	8135377
4492	8135395	8135395
4493	8135433	8135433
4494	8135451	8135451
4495	8135467	8135467
4496	8135469	8135469
4497	8135521	8135521
4498	8135589	8135589
4499	8135615	8135615
4500	8135617	8135617
4501	8135627	8135627
4502	8135641	8135641
4503	8135645	8135645
4504	8135647	8135647
4505	8135657	8135657
4506	8135665	8135665
4507	8135673	8135673
4508	8135675	8135675
4509	8135699	8135699
4510	8135701	8135701
4511	8135717	8135717
4512	8135721	8135721
4513	8135723	8135723
4514	8135731	8135731
4515	8135733	8135733
4516	8135753	8135753
4517	8135783	8135783
4518	8135785	8135785
4519	8135789	8135789
4520	8135795	8135795
4521	8135797	8135797
4522	8135831	8135831
4523	8135839	8135839
4524	8135899	8135899
4525	8135901	8135901
4526	8135935	8135935
4527	8135937	8135937
4528	8136001	8136001
4529	8136073	8136073
4530	8136083	8136083
4531	8136125	8136125
4532	8136145	8136145
4533	8136147	8136147
4534	8136153	8136153
4535	8136169	8136169
4536	8136171	8136171
4537	8136177	8136177
4538	8136239	8136239
4539	8136241	8136241
4540	8136243	8136243
4541	8136261	8136261
4542	8136263	8136263
4543	8136273	8136273
4544	8136275	8136275
4545	8136303	8136303
4546	8136323	8136323
4547	8136357	8136357
4548	8136359	8136359
4549	8136397	8136397
4550	8136401	8136401
4551	8136425	8136425
4552	8136449	8136449
4553	8136455	8136455
4554	8136585	8136585
4555	8136587	8136587
4556	8136603	8136603
4557	8136621	8136621
4558	8136629	8136629
4559	8136639	8136639
4560	8136641	8136641
4561	8136663	8136663
4562	8136669	8136669
4563	8136681	8136681
4564	8136701	8136701
4565	8136733	8136733
4566	8136771	8136771
4567	8136773	8136773
4568	8136777	8136777
4569	8136795	8136795
4570	8136797	8136797
4571	8136811	8136811
4572	8136863	8136863
4573	8136865	8136865
4574	8136867	8136867
4575	8136917	8136917
4576	8136971	8136971
4577	8136981	8136981
4578	8136983	8136983
4579	8136985	8136985
4580	8136997	8136997
4581	8137021	8137021
4582	8137023	8137023
4583	8137051	8137051
4584	8137077	8137077
4585	8137103	8137103
4586	8137113	8137113
4587	8137119	8137119
4588	8137121	8137121
4589	8137123	8137123
4590	8137131	8137131
4591	8137149	8137149
4592	8137151	8137151
4593	8137181	8137181
4594	8137183	8137183
4595	8137197	8137197
4596	8137217	8137217
4597	8137219	8137219
4598	8137253	8137253
4599	8137277	8137277
4600	8137279	8137279
4601	8137303	8137303
4602	8137444	8137444
4603	8137446	8137446
4604	8137448	8137448
4605	8137450	8137450
4606	8137454	8137454
4607	8137476	8137476
4608	8137498	8137498
4609	8137506	8137506
4610	8137508	8137508
4611	8137510	8137510
4612	8137512	8137512
4613	8137552	8137552
4614	8137554	8137554
4615	8137604	8137604
4616	8137638	8137638
4617	8137644	8137644
4618	8137646	8137646
4619	8137658	8137658
4620	8137672	8137672
4621	8137710	8137710
4622	8137748	8137748
4623	8137766	8137766
4624	8137790	8137790
4625	8137800	8137800
4626	8137803	8137803
4627	8137805	8137805
4628	8137833	8137833
4629	8137835	8137835
4630	8137837	8137837
4631	8137865	8137865
4632	8137867	8137867
4633	8137873	8137873
4634	8137877	8137877
4635	8137901	8137901
4636	8137911	8137911
4637	8137979	8137979
4638	8138051	8138051
4639	8138053	8138053
4640	8138069	8138069
4641	8138077	8138077
4642	8138079	8138079
4643	8138081	8138081
4644	8138091	8138091
4645	8138093	8138093
4646	8138095	8138095
4647	8138103	8138103
4648	8138105	8138105
4649	8138107	8138107
4650	8138109	8138109
4651	8138111	8138111
4652	8138113	8138113
4653	8138152	8138152
4654	8138234	8138234
4655	8138236	8138236
4656	8138242	8138242
4657	8138256	8138256
4658	8138272	8138272
4659	8138274	8138274
4660	8138276	8138276
4661	8138293	8138293
4662	8138301	8138301
4663	8138345	8138345
4664	8138347	8138347
4665	8138357	8138357
4666	8138359	8138359
4667	8138361	8138361
4668	8138363	8138363
4669	8138413	8138413
4670	8138415	8138415
4671	8138473	8138473
4672	8138497	8138497
4673	8138509	8138509
4674	8138557	8138557
4675	8138565	8138565
4676	8138567	8138567
4677	8138603	8138603
4678	8138633	8138633
4679	8138635	8138635
4680	8138657	8138657
4681	8138659	8138659
4682	8138677	8138677
4683	8138679	8138679
4684	8138681	8138681
4685	8138683	8138683
4686	8138745	8138745
4687	8138747	8138747
4688	8138761	8138761
4689	8138763	8138763
4690	8138825	8138825
4691	8138869	8138869
4692	8138871	8138871
4693	8138873	8138873
4694	8138875	8138875
4695	8138889	8138889
4696	8138925	8138925
4697	8138927	8138927
4698	8138935	8138935
4699	8138952	8138952
4700	8138954	8138954
4701	8138956	8138956
4702	8138958	8138958
4703	8138994	8138994
4704	8138996	8138996
4705	8139002	8139002
4706	8139004	8139004
4707	8139030	8139030
4708	8139034	8139034
4709	8139036	8139036
4710	8139050	8139050
4711	8139058	8139058
4712	8139060	8139060
4713	8139122	8139122
4714	8139124	8139124
4715	8139164	8139164
4716	8139170	8139170
4717	8139182	8139182
4718	8139184	8139184
4719	8139190	8139190
4720	8139192	8139192
4721	8139202	8139202
4722	8139204	8139204
4723	8139226	8139226
4724	8139228	8139228
4725	8139242	8139242
4726	8139246	8139246
4727	8139258	8139258
4728	8139260	8139260
4729	8139272	8139272
4730	8139280	8139280
4731	8139296	8139296
4732	8139310	8139310
4733	8139312	8139312
4734	8139318	8139318
4735	8139320	8139320
4736	8139322	8139322
4737	8139326	8139326
4738	8139328	8139328
4739	8139338	8139338
4740	8139340	8139340
4741	8139352	8139352
4742	8139354	8139354
4743	8139356	8139356
4744	8139383	8139383
4745	8139394	8139394
4746	8139396	8139396
4747	8139398	8139398
4748	8139406	8139406
4749	8139418	8139418
4750	8139420	8139420
4751	8139434	8139434
4752	8139436	8139436
4753	8139454	8139454
4754	8139456	8139456
4755	8139466	8139466
4756	8139468	8139468
4757	8139470	8139470
4758	8139490	8139490
4759	8139492	8139492
4760	8139494	8139494
4761	8139498	8139498
4762	8139502	8139502
4763	8139508	8139508
4764	8139510	8139510
4765	8139524	8139524
4766	8139528	8139528
4767	8139530	8139530
4768	8139538	8139538
4769	8139540	8139540
4770	8139542	8139542
4771	8139544	8139544
4772	8139558	8139558
4773	8139560	8139560
4774	8139562	8139562
4775	8139564	8139564
4776	8139572	8139572
4777	8139574	8139574
4778	8139576	8139576
4779	8139578	8139578
4780	8139588	8139588
4781	8139606	8139606
4782	8139610	8139610
4783	8139622	8139622
4784	8139630	8139630
4785	8139632	8139632
4786	8139634	8139634
4787	8139650	8139650
4788	8139664	8139664
4789	8139692	8139692
4790	8139696	8139696
4791	8139704	8139704
4792	8139708	8139708
4793	8139740	8139740
4794	8139742	8139742
4795	8139748	8139748
4796	8139768	8139768
4797	8139770	8139770
4798	8139776	8139776
4799	8139778	8139778
4800	8139800	8139800
4801	8139802	8139802
4802	8139838	8139838
4803	8139852	8139852
4804	8139854	8139854
4805	8139856	8139856
4806	8139858	8139858
4807	8139868	8139868
4808	8139874	8139874
4809	8139880	8139880
4810	8139882	8139882
4811	8139888	8139888
4812	8139890	8139890
4813	8139898	8139898
4814	8139900	8139900
4815	8139934	8139934
4816	8139944	8139944
4817	8139946	8139946
4818	8139948	8139948
4819	8139950	8139950
4820	8139956	8139956
4821	8139966	8139966
4822	8139968	8139968
4823	8139974	8139974
4824	8139986	8139986
4825	8139988	8139988
4826	8140002	8140002
4827	8140004	8140004
4828	8140030	8140030
4829	8140032	8140032
4830	8140034	8140034
4831	8140036	8140036
4832	8140040	8140040
4833	8140046	8140046
4834	8140048	8140048
4835	8140112	8140112
4836	8140116	8140116
4837	8140118	8140118
4838	8140120	8140120
4839	8140122	8140122
4840	8140124	8140124
4841	8140154	8140154
4842	8140182	8140182
4843	8140188	8140188
4844	8140196	8140196
4845	8140218	8140218
4846	8140220	8140220
4847	8140228	8140228
4848	8140266	8140266
4849	8140270	8140270
4850	8140272	8140272
4851	8140280	8140280
4852	8140286	8140286
4853	8140288	8140288
4854	8140310	8140310
4855	8140324	8140324
4856	8140348	8140348
4857	8140350	8140350
4858	8140362	8140362
4859	8140364	8140364
4860	8140408	8140408
4861	8140410	8140410
4862	8140416	8140416
4863	8140418	8140418
4864	8140434	8140434
4865	8140474	8140474
4866	8140540	8140540
4867	8140548	8140548
4868	8140562	8140562
4869	8140596	8140596
4870	8140598	8140598
4871	8140600	8140600
4872	8140606	8140606
4873	8140608	8140608
4874	8140614	8140614
4875	8140616	8140616
4876	8140618	8140618
4877	8140626	8140626
4878	8140638	8140638
4879	8140640	8140640
4880	8140658	8140658
4881	8140660	8140660
4882	8140670	8140670
4883	8140672	8140672
4884	8140678	8140678
4885	8140749	8140749
4886	8140783	8140783
4887	8140801	8140801
4888	8140803	8140803
4889	8140805	8140805
4890	8140821	8140821
4891	8140849	8140849
4892	8140873	8140873
4893	8140911	8140911
4894	8140921	8140921
4895	8140923	8140923
4896	8140925	8140925
4897	8140931	8140931
4898	8140933	8140933
4899	8140961	8140961
4900	8141091	8141091
4901	8141099	8141099
4902	8141101	8141101
4903	8141105	8141105
4904	8141109	8141109
4905	8141123	8141123
4906	8141153	8141153
4907	8141155	8141155
4908	8141183	8141183
4909	8141199	8141199
4910	8141201	8141201
4911	8141203	8141203
4912	8141233	8141233
4913	8141235	8141235
4914	8141279	8141279
4915	8141309	8141309
4916	8141341	8141341
4917	8141379	8141379
4918	8141391	8141391
4919	8141397	8141397
4920	8141405	8141405
4921	8141417	8141417
4922	8141441	8141441
4923	8141449	8141449
4924	8141455	8141455
4925	8141465	8141465
4926	8141485	8141485
4927	8141539	8141539
4928	8141551	8141551
4929	8141587	8141587
4930	8141589	8141589
4931	8141595	8141595
4932	8141603	8141603
4933	8141617	8141617
4934	8141621	8141621
4935	8141623	8141623
4936	8141645	8141645
4937	8141655	8141655
4938	8141657	8141657
4939	8141661	8141661
4940	8141663	8141663
4941	8141669	8141669
4942	8141671	8141671
4943	8141677	8141677
4944	8141691	8141691
4945	8141693	8141693
4946	8141699	8141699
4947	8141703	8141703
4948	8141731	8141731
4949	8141743	8141743
4950	8141747	8141747
4951	8141755	8141755
4952	8141759	8141759
4953	8141769	8141769
4954	8141777	8141777
4955	8141785	8141785
4956	8141789	8141789
4957	8141815	8141815
4958	8141823	8141823
4959	8141851	8141851
4960	8141867	8141867
4961	8141869	8141869
4962	8141879	8141879
4963	8141937	8141937
4964	8141947	8141947
4965	8141951	8141951
4966	8141967	8141967
4967	8141971	8141971
4968	8142039	8142039
4969	8142059	8142059
4970	8142115	8142115
4971	8142123	8142123
4972	8142131	8142131
4973	8142167	8142167
4974	8142171	8142171
4975	8142175	8142175
4976	8142197	8142197
4977	8142207	8142207
4978	8142213	8142213
4979	8142221	8142221
4980	8142247	8142247
4981	8142251	8142251
4982	8142253	8142253
4983	8142259	8142259
4984	8142261	8142261
4985	8142277	8142277
4986	8142283	8142283
4987	8142285	8142285
4988	8142293	8142293
4989	8142303	8142303
4990	8142307	8142307
4991	8142325	8142325
4992	8142327	8142327
4993	8142329	8142329
4994	8142333	8142333
4995	8142335	8142335
4996	8142341	8142341
4997	8142343	8142343
4998	8142349	8142349
4999	8142367	8142367
5000	8142377	8142377
5001	8142389	8142389
5002	8142391	8142391
5003	8142401	8142401
5004	8142409	8142409
5005	8142411	8142411
5006	8142415	8142415
5007	8142419	8142419
5008	8142427	8142427
5009	8142437	8142437
5010	8142445	8142445
5011	8142453	8142453
5012	8142457	8142457
5013	8142495	8142495
5014	8142517	8142517
5015	8142521	8142521
5016	8142525	8142525
5017	8142535	8142535
5018	8142539	8142539
5019	8142553	8142553
5020	8142591	8142591
5021	8142597	8142597
5022	8142657	8142657
5023	8142663	8142663
5024	8142681	8142681
5025	8142793	8142793
5026	8142799	8142799
5027	8142841	8142841
5028	8142913	8142913
5029	8142917	8142917
5030	8143099	8143099
5031	8143231	8143231
5032	8143235	8143235
5033	8143267	8143267
5034	8143285	8143285
5035	8143291	8143291
5036	8143297	8143297
5037	8143307	8143307
5038	8144201	8144201
5039	8144207	8144207
5040	8144225	8144225
5041	8144235	8144235
5042	8144255	8144255
5043	8144399	8144399
5044	8144403	8144403
5045	8144405	8144405
5046	8144501	8144501
5047	8144507	8144507
5048	8144511	8144511
5049	8144513	8144513
5050	8144529	8144529
5051	8144671	8144671
5052	8144677	8144677
5053	8144683	8144683
5054	8144689	8144689
5055	8144695	8144695
5056	8144897	8144897
5057	8144971	8144971
5058	8144977	8144977
5059	8144983	8144983
5060	8144989	8144989
5061	8145079	8145079
5062	8145185	8145185
5063	8145189	8145189
5064	8145191	8145191
5065	8145201	8145201
5066	8145203	8145203
5067	8145221	8145221
5068	8145227	8145227
5069	8145257	8145257
5070	8145263	8145263
5071	8145269	8145269
5072	8145275	8145275
5073	8145281	8145281
5074	8145285	8145285
5075	8145297	8145297
5076	8145303	8145303
5077	8145309	8145309
5078	8145313	8145313
5079	8145315	8145315
5080	8145333	8145333
5081	8145405	8145405
5082	8145489	8145489
5083	8145499	8145499
5084	8145511	8145511
5085	8145513	8145513
5086	8145531	8145531
5087	8145533	8145533
5088	8145563	8145563
5089	8145617	8145617
5090	8145623	8145623
5091	8145647	8145647
5092	8145653	8145653
5093	8145683	8145683
5094	8145731	8145731
5095	8145785	8145785
5096	8145815	8145815
5097	8145819	8145819
5098	8145821	8145821
5099	8145863	8145863
5100	8145873	8145873
5101	8145959	8145959
5102	8145967	8145967
5103	8145999	8145999
5104	8146003	8146003
5105	8146009	8146009
5106	8146011	8146011
5107	8146025	8146025
5108	8146027	8146027
5109	8146034	8146034
5110	8146038	8146038
5111	8146040	8146040
5112	8146042	8146042
5113	8146046	8146046
5114	8146076	8146076
5115	8146082	8146082
5116	8146092	8146092
5117	8146096	8146096
5118	8146098	8146098
5119	8146104	8146104
5120	8146130	8146130
5121	8146208	8146208
5122	8146214	8146214
5123	8184093	8184093
5124	8300549	8300549
5125	8375509	8375509
5126	8395035	8395035
5127	8415237	8415237
5128	8522583	8522583
5129	8619105	8619105
5130	8749461	8749461
5131	8847185	8847185
5132	9577845	9577845
5133	10134907	10134907
5134	10747743	10747743
5135	10776581	10776581
5136	10906597	10906597
5137	12291929	12291929
5138	12590129	12590129
5139	13137217	13137217
