node,label,label_name,degree,clustering,component_size,boundary,class_size,error,stable_error,cluster,degree_bin,boundary_bin,coverage,dist_from_mean_coordinate,n_modes,n_routes
0,0,bus,2.0,1.0,4562.0,0.0,3145.0,0,0,6,2 path,0 no foreign neighbour,731.31591796875,0.21023894846439362,1.0,11.0
1,0,bus,1.0,0.0,4562.0,1.0,3145.0,0,0,4,1 tip,1 all neighbours foreign,108.21859741210938,0.01586422696709633,1.0,2.0
2,3,bus+trolley,3.0,0.0,4562.0,0.0,610.0,1,1,4,3+ branch,0 no foreign neighbour,425.76690673828125,0.010282108560204506,2.0,8.0
3,2,bus+tram+trolley,5.0,0.0,4562.0,0.6,88.0,1,1,4,3+ branch,mixed,298.7049255371094,0.015118534676730633,3.0,5.0
4,3,bus+trolley,1.0,0.0,4562.0,0.0,610.0,1,1,4,1 tip,0 no foreign neighbour,217.8396759033203,0.025322508066892624,2.0,4.0
5,1,bus+tram,2.0,0.0,4562.0,1.0,149.0,1,1,4,2 path,1 all neighbours foreign,182.1178436279297,0.040593527257442474,2.0,3.0
6,0,bus,2.0,0.0,4562.0,0.0,3145.0,0,0,0,2 path,0 no foreign neighbour,156.56179809570312,0.18074871599674225,1.0,3.0
7,0,bus,1.0,0.0,4562.0,0.0,3145.0,0,0,2,1 tip,0 no foreign neighbour,35.44072723388672,0.41195404529571533,1.0,1.0
8,2,bus+tram+trolley,3.0,0.0,4562.0,0.3333333333333333,88.0,1,1,4,3+ branch,mixed,298.7049255371094,0.016643723472952843,3.0,5.0
9,0,bus,1.0,0.0,4562.0,1.0,3145.0,0,0,4,1 tip,1 all neighbours foreign,199.1723175048828,0.014649788849055767,1.0,3.0
10,0,bus,2.0,0.0,4562.0,0.0,3145.0,0,0,4,2 path,0 no foreign neighbour,245.42333984375,0.2768457531929016,1.0,6.0
11,0,bus,2.0,0.0,4562.0,0.0,3145.0,0,0,3,2 path,0 no foreign neighbour,161.4864044189453,0.25472110509872437,1.0,3.0
12,0,bus,2.0,0.0,4562.0,0.0,3145.0,0,0,3,2 path,0 no foreign neighbour,161.4864044189453,0.2618703842163086,1.0,3.0
13,0,bus,2.0,0.0,4562.0,0.0,3145.0,0,0,2,2 path,0 no foreign neighbour,45.96323013305664,0.3147421181201935,1.0,1.0
14,0,bus,0.0,0.0,4562.0,,3145.0,0,0,2,0 isolated,,45.96323013305664,0.37789663672447205,1.0,1.0
15,0,bus,1.0,0.0,4562.0,0.0,3145.0,0,0,2,1 tip,0 no foreign neighbour,127.79696655273438,0.9171947836875916,1.0,2.0
16,0,bus,1.0,0.0,4562.0,0.0,3145.0,0,0,2,1 tip,0 no foreign neighbour,103.18426513671875,0.16629905998706818,1.0,3.0
17,0,bus,2.0,0.0,4562.0,0.5,3145.0,0,0,4,2 path,mixed,140.14976501464844,0.09631161391735077,1.0,2.0
18,3,bus+trolley,4.0,0.0,4562.0,1.0,610.0,1,1,0,3+ branch,1 all neighbours foreign,671.7396240234375,0.09286964684724808,2.0,13.0
19,0,bus,2.0,0.0,4562.0,0.5,3145.0,0,0,4,2 path,mixed,91.38290405273438,0.039162106812000275,1.0,2.0
20,3,bus+trolley,1.0,0.0,4562.0,0.0,610.0,1,1,4,1 tip,0 no foreign neighbour,164.19163513183594,0.017268316820263863,2.0,3.0
21,3,bus+trolley,3.0,0.6666666865348816,4562.0,0.0,610.0,1,1,4,3+ branch,0 no foreign neighbour,419.2349853515625,0.016839060932397842,2.0,7.0
22,3,bus+trolley,2.0,1.0,4562.0,0.5,610.0,1,1,3,2 path,mixed,429.8078308105469,0.06601221859455109,2.0,7.0
23,0,bus,1.0,0.0,4562.0,0.0,3145.0,0,0,3,1 tip,0 no foreign neighbour,176.7269744873047,0.0808991938829422,1.0,3.0
24,2,bus+tram+trolley,12.0,0.0,4562.0,0.9166666666666666,88.0,1,1,6,3+ branch,mixed,981.4891967773438,0.1274697482585907,3.0,19.0
25,0,bus,2.0,0.0,4562.0,0.0,3145.0,0,0,4,2 path,0 no foreign neighbour,135.9119873046875,0.1108226478099823,1.0,3.0
26,0,bus,2.0,0.0,4562.0,0.5,3145.0,0,0,0,2 path,mixed,527.3326416015625,0.08801863342523575,1.0,8.0
27,0,bus,1.0,0.0,4562.0,0.0,3145.0,0,0,6,1 tip,0 no foreign neighbour,462.58917236328125,0.2395796924829483,1.0,7.0
28,0,bus,1.0,0.0,4562.0,0.0,3145.0,0,0,4,1 tip,0 no foreign neighbour,140.14976501464844,0.10009844601154327,1.0,2.0
29,3,bus+trolley,1.0,0.0,4562.0,0.0,610.0,1,1,4,1 tip,0 no foreign neighbour,108.7686538696289,0.08806635439395905,2.0,2.0
30,0,bus,3.0,0.0,4562.0,0.0,3145.0,0,0,4,3+ branch,0 no foreign neighbour,160.76904296875,0.05536656826734543,1.0,3.0
31,3,bus+trolley,3.0,0.0,4562.0,0.0,610.0,1,1,5,3+ branch,0 no foreign neighbour,377.01409912109375,0.13551431894302368,2.0,6.0
32,0,bus,2.0,0.0,4562.0,0.0,3145.0,0,0,4,2 path,0 no foreign neighbour,288.5032958984375,0.016543062403798103,1.0,5.0
33,0,bus,1.0,0.0,4562.0,0.0,3145.0,0,0,6,1 tip,0 no foreign neighbour,616.6498413085938,0.3303002417087555,1.0,8.0
34,0,bus,3.0,0.0,4562.0,0.0,3145.0,0,0,6,3+ branch,0 no foreign neighbour,851.3088989257812,0.19944526255130768,1.0,13.0
35,0,bus,2.0,0.0,4562.0,0.0,3145.0,0,0,6,2 path,0 no foreign neighbour,207.3431854248047,0.7667174935340881,1.0,3.0
36,0,bus,1.0,0.0,4562.0,0.0,3145.0,0,0,4,1 tip,0 no foreign neighbour,101.78938293457031,0.0544392466545105,1.0,2.0
37,3,bus+trolley,2.0,0.0,4562.0,0.0,610.0,1,1,3,2 path,0 no foreign neighbour,344.69879150390625,0.15311361849308014,2.0,6.0
38,2,bus+tram+trolley,6.0,0.0,4562.0,1.0,88.0,1,1,5,3+ branch,1 all neighbours foreign,648.8674926757812,0.10645360499620438,3.0,12.0
39,0,bus,2.0,1.0,4562.0,1.0,3145.0,0,0,3,2 path,1 all neighbours foreign,372.9205017089844,0.05224890261888504,1.0,6.0
40,0,bus,4.0,0.0,4562.0,0.0,3145.0,0,0,5,3+ branch,0 no foreign neighbour,604.0567626953125,0.09242381155490875,1.0,10.0
41,0,bus,3.0,0.0,4562.0,0.0,3145.0,0,0,4,3+ branch,0 no foreign neighbour,103.50289154052734,0.034290164709091187,1.0,4.0
42,3,bus+trolley,2.0,0.0,4562.0,1.0,610.0,1,1,4,2 path,1 all neighbours foreign,185.53880310058594,0.09743350744247437,2.0,4.0
43,0,bus,2.0,0.0,4562.0,0.0,3145.0,0,0,6,2 path,0 no foreign neighbour,84.23640441894531,1.0050780773162842,1.0,2.0
44,0,bus,1.0,0.0,4562.0,0.0,3145.0,0,0,6,1 tip,0 no foreign neighbour,78.6676254272461,1.0345680713653564,1.0,1.0
45,0,bus,6.0,0.2666666805744171,4562.0,0.0,3145.0,0,0,6,3+ branch,0 no foreign neighbour,845.7272338867188,0.1396132856607437,1.0,15.0
46,3,bus+trolley,3.0,0.0,4562.0,0.0,610.0,1,1,0,3+ branch,0 no foreign neighbour,731.9319458007812,0.12314730882644653,2.0,13.0
47,0,bus,2.0,0.0,4562.0,0.5,3145.0,0,0,4,2 path,mixed,213.27635192871094,0.10188200324773788,1.0,3.0
48,0,bus,2.0,0.0,4562.0,0.0,3145.0,0,0,3,2 path,0 no foreign neighbour,349.343994140625,0.07554330676794052,1.0,6.0
49,0,bus,1.0,0.0,4562.0,0.0,3145.0,0,0,3,1 tip,0 no foreign neighbour,296.30047607421875,0.22847095131874084,1.0,5.0
50,0,bus,2.0,0.0,4562.0,0.0,3145.0,0,0,3,2 path,0 no foreign neighbour,223.6063690185547,0.1496693640947342,1.0,3.0
51,0,bus,1.0,0.0,4562.0,0.0,3145.0,0,0,0,1 tip,0 no foreign neighbour,195.19168090820312,0.43173667788505554,1.0,3.0
52,0,bus,1.0,0.0,4562.0,0.0,3145.0,0,0,4,1 tip,0 no foreign neighbour,143.71241760253906,0.09489661455154419,1.0,2.0
53,0,bus,2.0,0.0,4562.0,0.0,3145.0,0,0,0,2 path,0 no foreign neighbour,266.3921203613281,0.4174691438674927,1.0,6.0
54,0,bus,1.0,0.0,4562.0,1.0,3145.0,0,0,3,1 tip,1 all neighbours foreign,399.6602783203125,0.07977326214313507,1.0,6.0
55,0,bus,2.0,1.0,4562.0,0.0,3145.0,0,0,6,2 path,0 no foreign neighbour,700.7504272460938,0.35354477167129517,1.0,13.0
56,0,bus,1.0,0.0,4562.0,1.0,3145.0,0,0,3,1 tip,1 all neighbours foreign,121.74457550048828,0.05811123177409172,1.0,2.0
57,0,bus,1.0,0.0,4562.0,0.0,3145.0,0,0,3,1 tip,0 no foreign neighbour,312.3847961425781,0.16836634278297424,1.0,5.0
58,3,bus+trolley,2.0,0.0,4562.0,0.5,610.0,1,1,3,2 path,mixed,230.247314453125,0.1526004672050476,2.0,4.0
59,0,bus,1.0,0.0,4562.0,1.0,3145.0,0,0,3,1 tip,1 all neighbours foreign,194.39053344726562,0.17250120639801025,1.0,3.0
60,0,bus,2.0,0.0,4562.0,1.0,3145.0,0,0,3,2 path,1 all neighbours foreign,151.3848419189453,0.05025921389460564,1.0,3.0
61,0,bus,1.0,0.0,4562.0,0.0,3145.0,0,0,2,1 tip,0 no foreign neighbour,36.85954284667969,0.08574800193309784,1.0,1.0
62,3,bus+trolley,2.0,0.0,4562.0,1.0,610.0,1,1,4,2 path,1 all neighbours foreign,222.88137817382812,0.13999943435192108,2.0,5.0
63,0,bus,2.0,1.0,4562.0,0.0,3145.0,0,0,6,2 path,0 no foreign neighbour,772.6412963867188,0.25041890144348145,1.0,12.0
64,0,bus,2.0,0.0,4562.0,0.0,3145.0,0,0,0,2 path,0 no foreign neighbour,303.6572265625,0.4356295168399811,1.0,5.0
65,0,bus,2.0,0.0,4562.0,0.5,3145.0,0,0,4,2 path,mixed,144.37567138671875,0.11077422648668289,1.0,3.0
66,0,bus,2.0,0.0,4562.0,0.0,3145.0,0,0,4,2 path,0 no foreign neighbour,70.42781829833984,0.16877904534339905,1.0,2.0
67,3,bus+trolley,2.0,0.0,4562.0,0.5,610.0,1,1,0,2 path,mixed,550.8074951171875,0.1301460713148117,2.0,10.0
68,0,bus,1.0,0.0,4562.0,0.0,3145.0,0,0,4,1 tip,0 no foreign neighbour,213.27635192871094,0.11075851321220398,1.0,3.0
69,3,bus+trolley,4.0,0.0,4562.0,0.25,610.0,1,1,4,3+ branch,mixed,332.76885986328125,0.11956426501274109,2.0,6.0
70,0,bus,1.0,0.0,4562.0,1.0,3145.0,0,0,4,1 tip,1 all neighbours foreign,233.75360107421875,0.12481413036584854,1.0,4.0
71,3,bus+trolley,5.0,0.0,4562.0,0.2,610.0,1,1,0,3+ branch,mixed,413.60986328125,0.13434410095214844,2.0,7.0
72,0,bus,2.0,0.0,4562.0,0.5,3145.0,0,0,4,2 path,mixed,121.59606170654297,0.11037100851535797,1.0,2.0
73,3,bus+trolley,5.0,0.0,4562.0,0.8,610.0,1,1,0,3+ branch,mixed,526.536376953125,0.17012281715869904,2.0,9.0
74,3,bus+trolley,2.0,0.0,4562.0,1.0,610.0,1,1,0,2 path,1 all neighbours foreign,332.76885986328125,0.1285371482372284,2.0,6.0
75,0,bus,1.0,0.0,4562.0,1.0,3145.0,0,0,4,1 tip,1 all neighbours foreign,374.93280029296875,0.13906340301036835,1.0,6.0
76,3,bus+trolley,3.0,0.0,4562.0,1.0,610.0,1,1,0,3+ branch,1 all neighbours foreign,210.2602996826172,0.1626632660627365,2.0,4.0
77,0,bus,1.0,0.0,4562.0,0.0,3145.0,0,0,4,1 tip,0 no foreign neighbour,49.764957427978516,0.18459062278270721,1.0,1.0
78,0,bus,1.0,0.0,4562.0,1.0,3145.0,0,0,0,1 tip,1 all neighbours foreign,54.14945983886719,0.08120112121105194,1.0,1.0
79,0,bus,4.0,0.3333333432674408,4562.0,0.0,3145.0,0,0,0,3+ branch,0 no foreign neighbour,650.5624389648438,0.3624866306781769,1.0,12.0
80,3,bus+trolley,2.0,0.0,4562.0,0.0,610.0,1,1,0,2 path,0 no foreign neighbour,607.7535400390625,0.14004077017307281,2.0,11.0
81,0,bus,4.0,0.0,4562.0,0.0,3145.0,0,0,4,3+ branch,0 no foreign neighbour,129.5747528076172,0.15592125058174133,1.0,3.0
82,0,bus,1.0,0.0,4562.0,0.0,3145.0,0,0,4,1 tip,0 no foreign neighbour,86.48314666748047,0.17063461244106293,1.0,2.0
83,0,bus,2.0,0.0,4562.0,0.5,3145.0,0,0,4,2 path,mixed,98.22265625,0.1174069419503212,1.0,2.0
84,0,bus,2.0,0.0,4562.0,0.5,3145.0,0,0,4,2 path,mixed,275.91064453125,0.15775804221630096,1.0,5.0
85,0,bus,3.0,0.0,4562.0,0.3333333333333333,3145.0,0,0,4,3+ branch,mixed,202.5106964111328,0.07414460927248001,1.0,4.0
86,0,bus,2.0,0.0,4562.0,0.0,3145.0,0,0,3,2 path,0 no foreign neighbour,187.2158660888672,0.09882108867168427,1.0,3.0
87,0,bus,1.0,0.0,4562.0,1.0,3145.0,0,0,4,1 tip,1 all neighbours foreign,199.1723175048828,0.024387972429394722,1.0,3.0
88,0,bus,2.0,0.0,4562.0,0.0,3145.0,0,0,4,2 path,0 no foreign neighbour,246.22398376464844,0.1509442925453186,1.0,6.0
89,0,bus,2.0,0.0,4562.0,0.0,3145.0,0,0,2,2 path,0 no foreign neighbour,68.64012145996094,0.10846377164125443,1.0,1.0
90,0,bus,3.0,0.0,4562.0,0.0,3145.0,0,0,2,3+ branch,0 no foreign neighbour,126.0635986328125,0.12467864155769348,1.0,2.0
91,0,bus,2.0,1.0,4562.0,0.0,3145.0,0,0,4,2 path,0 no foreign neighbour,102.32760620117188,0.12805724143981934,1.0,2.0
92,0,bus,1.0,0.0,4562.0,0.0,3145.0,0,0,0,1 tip,0 no foreign neighbour,128.67555236816406,0.6060239672660828,1.0,2.0
93,0,bus,1.0,0.0,4562.0,0.0,3145.0,0,0,6,1 tip,0 no foreign neighbour,207.3431854248047,0.6292179226875305,1.0,3.0
94,2,bus+tram+trolley,3.0,0.0,4562.0,1.0,88.0,1,1,4,3+ branch,1 all neighbours foreign,423.3840637207031,0.0400577187538147,3.0,8.0
95,0,bus,4.0,0.0,4562.0,0.0,3145.0,0,0,6,3+ branch,0 no foreign neighbour,518.2152709960938,0.25655871629714966,1.0,14.0
96,0,bus,4.0,0.1666666716337204,4562.0,0.0,3145.0,0,0,0,3+ branch,0 no foreign neighbour,578.846435546875,0.38447487354278564,1.0,13.0
97,0,bus,2.0,0.0,4562.0,0.0,3145.0,0,0,4,2 path,0 no foreign neighbour,142.3748016357422,0.16020962595939636,1.0,3.0
98,0,bus,2.0,0.0,4562.0,0.0,3145.0,0,0,4,2 path,0 no foreign neighbour,142.3748016357422,0.15761639177799225,1.0,3.0
99,0,bus,2.0,0.0,4562.0,0.0,3145.0,0,0,2,2 path,0 no foreign neighbour,43.01979446411133,0.2819381654262543,1.0,1.0
100,3,bus+trolley,3.0,0.6666666865348816,4562.0,0.3333333333333333,610.0,1,1,5,3+ branch,mixed,489.1378479003906,0.07924626022577286,2.0,10.0
101,0,bus,2.0,0.0,4562.0,0.0,3145.0,0,0,2,2 path,0 no foreign neighbour,36.85954284667969,0.08463259786367416,1.0,1.0
102,3,bus+trolley,2.0,0.0,4562.0,0.5,610.0,1,1,3,2 path,mixed,389.3781433105469,0.11370063573122025,2.0,7.0
103,0,bus,1.0,0.0,4562.0,0.0,3145.0,0,0,6,1 tip,0 no foreign neighbour,207.3431854248047,0.558691680431366,1.0,3.0
104,0,bus,2.0,0.0,4562.0,0.0,3145.0,0,0,6,2 path,0 no foreign neighbour,78.6676254272461,1.0628008842468262,1.0,1.0
105,0,bus,5.0,0.0,4562.0,0.0,3145.0,0,0,6,3+ branch,0 no foreign neighbour,312.3369140625,0.42451223731040955,1.0,7.0
106,3,bus+trolley,2.0,0.0,4562.0,0.0,610.0,1,1,3,2 path,0 no foreign neighbour,434.006591796875,0.04994496703147888,2.0,8.0
107,1,bus+tram,2.0,0.0,4562.0,0.5,149.0,1,1,2,2 path,mixed,136.07220458984375,0.07784470915794373,2.0,3.0
108,0,bus,1.0,0.0,4562.0,0.0,3145.0,0,0,6,1 tip,0 no foreign neighbour,731.31591796875,0.24457217752933502,1.0,11.0
109,3,bus+trolley,2.0,0.0,4562.0,1.0,610.0,1,1,5,2 path,1 all neighbours foreign,671.5846557617188,0.1300169825553894,2.0,10.0
110,0,bus,4.0,0.0,4562.0,0.25,3145.0,0,0,3,3+ branch,mixed,325.3085632324219,0.1715049296617508,1.0,5.0
111,3,bus+trolley,1.0,0.0,4562.0,0.0,610.0,1,1,5,1 tip,0 no foreign neighbour,377.01409912109375,0.13209286332130432,2.0,6.0
112,0,bus,2.0,0.0,4562.0,0.0,3145.0,0,0,3,2 path,0 no foreign neighbour,166.58421325683594,0.1654951125383377,1.0,3.0
113,0,bus,2.0,0.0,4562.0,1.0,3145.0,0,0,5,2 path,1 all neighbours foreign,477.4966735839844,0.160152867436409,1.0,8.0
114,0,bus,1.0,0.0,4562.0,0.0,3145.0,0,0,2,1 tip,0 no foreign neighbour,103.77983093261719,0.18301235139369965,1.0,2.0
115,0,bus,1.0,0.0,4562.0,1.0,3145.0,0,0,4,1 tip,1 all neighbours foreign,247.77182006835938,0.1480499655008316,1.0,4.0
116,0,bus,5.0,0.0,4562.0,0.0,3145.0,0,0,4,3+ branch,0 no foreign neighbour,273.9530944824219,0.2578369081020355,1.0,5.0
117,0,bus,1.0,0.0,4562.0,0.0,3145.0,0,0,4,1 tip,0 no foreign neighbour,115.08850860595703,0.21437962353229523,1.0,3.0
118,0,bus,2.0,0.0,4562.0,0.0,3145.0,0,0,6,2 path,0 no foreign neighbour,462.0556335449219,0.40505340695381165,1.0,9.0
119,0,bus,1.0,0.0,4562.0,0.0,3145.0,0,0,4,1 tip,0 no foreign neighbour,253.41702270507812,0.20069459080696106,1.0,4.0
120,0,bus,1.0,0.0,4562.0,0.0,3145.0,0,0,6,1 tip,0 no foreign neighbour,462.0556335449219,0.4030859172344208,1.0,9.0
121,1,bus+tram,5.0,0.0,4562.0,0.8,149.0,1,1,0,3+ branch,mixed,729.20556640625,0.07615651935338974,2.0,12.0
122,0,bus,1.0,0.0,4562.0,0.0,3145.0,0,0,0,1 tip,0 no foreign neighbour,774.92626953125,0.09195272624492645,1.0,14.0
123,0,bus,2.0,0.0,4562.0,0.5,3145.0,0,0,4,2 path,mixed,253.41702270507812,0.19981856644153595,1.0,4.0
124,0,bus,2.0,0.0,4562.0,0.5,3145.0,0,0,4,2 path,mixed,222.6241912841797,0.1716109961271286,1.0,3.0
125,1,bus+tram,2.0,0.0,4562.0,0.0,149.0,1,1,0,2 path,0 no foreign neighbour,729.20556640625,0.06893282383680344,2.0,12.0
126,0,bus,1.0,0.0,4562.0,0.0,3145.0,0,0,6,1 tip,0 no foreign neighbour,354.1955261230469,0.21719463169574738,1.0,5.0
127,0,bus,1.0,0.0,4562.0,0.0,3145.0,0,0,4,1 tip,0 no foreign neighbour,213.65756225585938,0.15751799941062927,1.0,4.0
128,0,bus,2.0,0.0,4562.0,0.0,3145.0,0,0,4,2 path,0 no foreign neighbour,135.9119873046875,0.12196234613656998,1.0,3.0
129,3,bus+trolley,3.0,0.3333333432674408,4562.0,0.3333333333333333,610.0,1,1,0,3+ branch,mixed,492.7497863769531,0.0824621319770813,2.0,9.0
130,0,bus,1.0,0.0,4562.0,0.0,3145.0,0,0,2,1 tip,0 no foreign neighbour,51.91919708251953,0.06573990732431412,1.0,1.0
131,0,bus,1.0,0.0,4562.0,0.0,3145.0,0,0,4,1 tip,0 no foreign neighbour,106.45765686035156,0.21288049221038818,1.0,4.0
132,0,bus,4.0,0.0,4562.0,0.0,3145.0,0,0,0,3+ branch,0 no foreign neighbour,508.6546936035156,0.032461978495121,1.0,11.0
133,0,bus,2.0,0.0,4562.0,0.0,3145.0,0,0,0,2 path,0 no foreign neighbour,430.36083984375,0.14717181026935577,1.0,8.0
134,0,bus,3.0,0.0,4562.0,0.0,3145.0,0,0,0,3+ branch,0 no foreign neighbour,508.6546936035156,0.02732713893055916,1.0,11.0
135,0,bus,3.0,0.0,4562.0,0.0,3145.0,0,0,0,3+ branch,0 no foreign neighbour,461.87554931640625,0.15339501202106476,1.0,8.0
136,0,bus,3.0,0.0,4562.0,0.6666666666666666,3145.0,0,0,0,3+ branch,mixed,408.6112976074219,0.069489024579525,1.0,6.0
137,0,bus,1.0,0.0,4562.0,0.0,3145.0,0,0,4,1 tip,0 no foreign neighbour,143.4483184814453,0.3604229986667633,1.0,3.0
138,0,bus,3.0,0.0,4562.0,0.0,3145.0,0,0,2,3+ branch,0 no foreign neighbour,112.9832763671875,0.15005099773406982,1.0,3.0
139,3,bus+trolley,2.0,0.0,4562.0,0.0,610.0,1,1,5,2 path,0 no foreign neighbour,726.4025268554688,0.06895265728235245,2.0,13.0
140,3,bus+trolley,4.0,0.0,4562.0,0.5,610.0,1,1,3,3+ branch,mixed,439.29632568359375,0.04314802959561348,2.0,8.0
141,0,bus,3.0,0.3333333432674408,4562.0,0.0,3145.0,0,0,0,3+ branch,0 no foreign neighbour,195.19168090820312,0.39770495891571045,1.0,3.0
142,0,bus,1.0,0.0,4562.0,0.0,3145.0,0,0,0,1 tip,0 no foreign neighbour,191.9852752685547,0.5025749802589417,1.0,5.0
143,0,bus,2.0,0.0,4562.0,1.0,3145.0,0,0,0,2 path,1 all neighbours foreign,660.7534790039062,0.07912803441286087,1.0,10.0
144,0,bus,1.0,0.0,4562.0,0.0,3145.0,0,0,2,1 tip,0 no foreign neighbour,43.01979446411133,0.2714906632900238,1.0,1.0
145,3,bus+trolley,3.0,0.0,4562.0,0.6666666666666666,610.0,1,1,6,3+ branch,mixed,1046.8199462890625,0.09556268900632858,2.0,21.0
146,0,bus,5.0,0.10000000149011612,4562.0,0.0,3145.0,0,0,0,3+ branch,0 no foreign neighbour,423.2243347167969,0.14106225967407227,1.0,10.0
147,0,bus,1.0,0.0,4562.0,0.0,3145.0,0,0,4,1 tip,0 no foreign neighbour,168.4439697265625,0.1943584829568863,1.0,3.0
148,0,bus,1.0,0.0,4562.0,0.0,3145.0,0,0,4,1 tip,0 no foreign neighbour,156.56179809570312,0.18357744812965393,1.0,3.0
149,0,bus,2.0,0.0,4562.0,0.0,3145.0,0,0,2,2 path,0 no foreign neighbour,43.01979446411133,0.2564423978328705,1.0,1.0
150,0,bus,2.0,0.0,4562.0,0.0,3145.0,0,0,4,2 path,0 no foreign neighbour,220.4493408203125,0.20956140756607056,1.0,4.0
151,0,bus,2.0,0.0,4562.0,0.0,3145.0,0,0,4,2 path,0 no foreign neighbour,217.06192016601562,0.05223113298416138,1.0,4.0
152,0,bus,1.0,0.0,4562.0,0.0,3145.0,0,0,0,1 tip,0 no foreign neighbour,505.3338928222656,0.34981679916381836,1.0,10.0
153,0,bus,2.0,0.0,4562.0,0.0,3145.0,0,0,2,2 path,0 no foreign neighbour,43.01979446411133,0.26556798815727234,1.0,1.0
154,0,bus,2.0,0.0,4562.0,0.0,3145.0,0,0,0,2 path,0 no foreign neighbour,246.3623809814453,0.35123592615127563,1.0,5.0
155,0,bus,1.0,0.0,4562.0,0.0,3145.0,0,0,0,1 tip,0 no foreign neighbour,603.5745239257812,0.3426382839679718,1.0,12.0
156,0,bus,2.0,0.0,4562.0,0.0,3145.0,0,0,4,2 path,0 no foreign neighbour,121.37213897705078,0.1520959585905075,1.0,2.0
157,0,bus,2.0,0.0,4562.0,0.0,3145.0,0,0,4,2 path,0 no foreign neighbour,198.95822143554688,0.156194269657135,1.0,4.0
158,0,bus,3.0,0.3333333432674408,4562.0,0.6666666666666666,3145.0,0,0,3,3+ branch,mixed,212.80787658691406,0.10309945791959763,1.0,3.0
159,0,bus,2.0,0.0,4562.0,0.0,3145.0,0,0,2,2 path,0 no foreign neighbour,43.01979446411133,0.4344664514064789,1.0,1.0
160,0,bus,1.0,0.0,4562.0,0.0,3145.0,0,0,0,1 tip,0 no foreign neighbour,142.93829345703125,0.24965690076351166,1.0,2.0
161,0,bus,1.0,0.0,4562.0,0.0,3145.0,0,0,4,1 tip,0 no foreign neighbour,151.94009399414062,0.14861857891082764,1.0,3.0
162,0,bus,2.0,0.0,4562.0,0.5,3145.0,0,0,4,2 path,mixed,168.39027404785156,0.15927661955356598,1.0,3.0
163,0,bus,1.0,0.0,4562.0,0.0,3145.0,0,0,4,1 tip,0 no foreign neighbour,155.86660766601562,0.16300272941589355,1.0,3.0
164,3,bus+trolley,2.0,0.0,4562.0,1.0,610.0,1,1,4,2 path,1 all neighbours foreign,306.94244384765625,0.019770096987485886,2.0,5.0
165,0,bus,2.0,0.0,4562.0,0.0,3145.0,0,0,4,2 path,0 no foreign neighbour,104.02025604248047,0.22489748895168304,1.0,3.0
166,3,bus+trolley,2.0,0.0,4562.0,0.5,610.0,1,1,4,2 path,mixed,108.7686538696289,0.08698698878288269,2.0,2.0
167,3,bus+trolley,2.0,0.0,4562.0,0.0,610.0,1,1,4,2 path,0 no foreign neighbour,150.3232879638672,0.08822868019342422,2.0,3.0
168,0,bus,1.0,0.0,4562.0,0.0,3145.0,0,0,0,1 tip,0 no foreign neighbour,190.1260223388672,0.3876841962337494,1.0,3.0
169,0,bus,1.0,0.0,4562.0,0.0,3145.0,0,0,0,1 tip,0 no foreign neighbour,190.1260223388672,0.40862777829170227,1.0,3.0
170,0,bus,2.0,0.0,4562.0,0.0,3145.0,0,0,0,2 path,0 no foreign neighbour,190.1260223388672,0.4097033441066742,1.0,3.0
171,0,bus,4.0,0.0,4562.0,0.0,3145.0,0,0,0,3+ branch,0 no foreign neighbour,338.5787048339844,0.23928053677082062,1.0,7.0
172,0,bus,2.0,0.0,4562.0,0.5,3145.0,0,0,3,2 path,mixed,276.9018249511719,0.09445662051439285,1.0,5.0
173,0,bus,2.0,0.0,4562.0,0.0,3145.0,0,0,4,2 path,0 no foreign neighbour,142.93829345703125,0.27341601252555847,1.0,2.0
174,0,bus,6.0,0.06666667014360428,4562.0,0.0,3145.0,0,0,4,3+ branch,0 no foreign neighbour,235.69349670410156,0.16692739725112915,1.0,5.0
175,2,bus+tram+trolley,5.0,0.0,4562.0,0.8,88.0,1,1,5,3+ branch,mixed,880.5620727539062,0.04539633169770241,3.0,19.0
176,2,bus+tram+trolley,6.0,0.06666667014360428,4562.0,1.0,88.0,1,1,5,3+ branch,1 all neighbours foreign,483.9707946777344,0.07056034356355667,3.0,11.0
177,3,bus+trolley,2.0,0.0,4562.0,0.0,610.0,1,1,3,2 path,0 no foreign neighbour,740.4356689453125,0.04265228286385536,2.0,13.0
178,6,trolley,1.0,0.0,4562.0,1.0,261.0,1,1,4,1 tip,1 all neighbours foreign,259.8737487792969,0.07753393054008484,1.0,4.0
179,3,bus+trolley,2.0,0.0,4562.0,0.0,610.0,1,1,3,2 path,0 no foreign neighbour,353.501708984375,0.04526526480913162,2.0,7.0
180,3,bus+trolley,2.0,0.0,4562.0,0.5,610.0,1,1,3,2 path,mixed,396.8030700683594,0.07826011627912521,2.0,6.0
181,3,bus+trolley,2.0,0.0,4562.0,0.5,610.0,1,1,4,2 path,mixed,399.5565490722656,0.03654024377465248,2.0,7.0
182,3,bus+trolley,2.0,0.0,4562.0,1.0,610.0,1,1,4,2 path,1 all neighbours foreign,147.96510314941406,0.03619673475623131,2.0,3.0
183,3,bus+trolley,4.0,0.0,4562.0,0.75,610.0,1,1,5,3+ branch,mixed,647.5153198242188,0.06972884386777878,2.0,11.0
184,3,bus+trolley,2.0,0.0,4562.0,0.5,610.0,1,1,4,2 path,mixed,340.8791198730469,0.038624733686447144,2.0,6.0
185,3,bus+trolley,1.0,0.0,4562.0,0.0,610.0,1,1,4,1 tip,0 no foreign neighbour,153.7247314453125,0.03046678751707077,2.0,3.0
186,3,bus+trolley,2.0,0.0,4562.0,0.0,610.0,1,1,3,2 path,0 no foreign neighbour,326.5667724609375,0.07936038076877594,2.0,5.0
187,6,trolley,1.0,0.0,4562.0,1.0,261.0,1,1,4,1 tip,1 all neighbours foreign,44.69582748413086,0.03934034705162048,1.0,1.0
188,6,trolley,1.0,0.0,4562.0,1.0,261.0,1,1,3,1 tip,1 all neighbours foreign,77.62226867675781,0.07621889561414719,1.0,2.0
189,3,bus+trolley,3.0,0.0,4562.0,1.0,610.0,1,1,4,3+ branch,1 all neighbours foreign,237.56256103515625,0.035189189016819,2.0,4.0
190,0,bus,3.0,0.3333333432674408,4562.0,0.0,3145.0,0,0,6,3+ branch,0 no foreign neighbour,207.3431854248047,0.5774927735328674,1.0,3.0
191,3,bus+trolley,4.0,0.1666666716337204,4562.0,0.25,610.0,1,1,3,3+ branch,mixed,400.67218017578125,0.0798666775226593,2.0,6.0
192,3,bus+trolley,2.0,0.0,4562.0,0.0,610.0,1,1,4,2 path,0 no foreign neighbour,153.7247314453125,0.02486741915345192,2.0,3.0
193,3,bus+trolley,2.0,0.0,4562.0,0.5,610.0,1,1,3,2 path,mixed,211.99319458007812,0.08668244630098343,2.0,5.0
194,3,bus+trolley,1.0,0.0,4562.0,0.0,610.0,1,1,5,1 tip,0 no foreign neighbour,474.6383056640625,0.11916466802358627,2.0,9.0
195,3,bus+trolley,1.0,0.0,4562.0,0.0,610.0,1,1,2,1 tip,0 no foreign neighbour,153.7247314453125,0.020996341481804848,2.0,3.0
196,6,trolley,1.0,0.0,4562.0,1.0,261.0,1,1,4,1 tip,1 all neighbours foreign,107.77013397216797,0.02663297951221466,1.0,2.0
197,3,bus+trolley,4.0,0.0,4562.0,0.75,610.0,1,1,4,3+ branch,mixed,153.7247314453125,0.019844355061650276,2.0,3.0
198,0,bus,1.0,0.0,4562.0,0.0,3145.0,0,0,6,1 tip,0 no foreign neighbour,78.6676254272461,1.1411279439926147,1.0,1.0
199,3,bus+trolley,3.0,0.3333333432674408,4562.0,0.3333333333333333,610.0,1,1,5,3+ branch,mixed,544.8746337890625,0.12430143356323242,2.0,10.0
200,3,bus+trolley,3.0,0.0,4562.0,0.6666666666666666,610.0,1,1,2,3+ branch,mixed,172.08119201660156,0.09539035707712173,2.0,4.0
201,6,trolley,1.0,0.0,4562.0,1.0,261.0,1,1,2,1 tip,1 all neighbours foreign,56.69687271118164,0.021112976595759392,1.0,1.0
202,3,bus+trolley,1.0,0.0,4562.0,1.0,610.0,1,1,3,1 tip,1 all neighbours foreign,433.7344055175781,0.13889183104038239,2.0,8.0
203,6,trolley,1.0,0.0,4562.0,1.0,261.0,1,1,2,1 tip,1 all neighbours foreign,48.07526779174805,0.10640247911214828,1.0,1.0
204,6,trolley,2.0,0.0,4562.0,1.0,261.0,1,1,4,2 path,1 all neighbours foreign,122.0845718383789,0.08756936341524124,1.0,2.0
205,2,bus+tram+trolley,5.0,0.0,4562.0,0.8,88.0,1,1,5,3+ branch,mixed,527.4368896484375,0.13794422149658203,3.0,10.0
206,3,bus+trolley,2.0,0.0,4562.0,1.0,610.0,1,1,2,2 path,1 all neighbours foreign,101.94381713867188,0.11342713236808777,2.0,2.0
207,0,bus,1.0,0.0,4562.0,0.0,3145.0,0,0,2,1 tip,0 no foreign neighbour,43.01979446411133,0.3884570300579071,1.0,1.0
208,2,bus+tram+trolley,3.0,0.0,4562.0,0.3333333333333333,88.0,1,1,5,3+ branch,mixed,588.661865234375,0.13761447370052338,3.0,11.0
209,3,bus+trolley,1.0,0.0,4562.0,1.0,610.0,1,1,4,1 tip,1 all neighbours foreign,146.32278442382812,0.02551872842013836,2.0,2.0
210,6,trolley,3.0,0.0,4562.0,0.3333333333333333,261.0,1,1,3,3+ branch,mixed,114.4892578125,0.1203492134809494,1.0,2.0
211,2,bus+tram+trolley,3.0,0.0,4562.0,0.3333333333333333,88.0,1,1,3,3+ branch,mixed,483.8371887207031,0.14200784265995026,3.0,11.0
212,2,bus+tram+trolley,5.0,0.10000000149011612,4562.0,0.8,88.0,1,1,5,3+ branch,mixed,648.8674926757812,0.09648960828781128,3.0,12.0
213,6,trolley,1.0,0.0,4562.0,1.0,261.0,1,1,4,1 tip,1 all neighbours foreign,93.77643585205078,0.02077367715537548,1.0,2.0
214,2,bus+tram+trolley,6.0,0.0,4562.0,0.5,88.0,1,1,3,3+ branch,mixed,483.8371887207031,0.14557930827140808,3.0,11.0
215,6,trolley,2.0,1.0,4562.0,1.0,261.0,1,1,2,2 path,1 all neighbours foreign,235.00393676757812,0.10102653503417969,1.0,4.0
216,0,bus,2.0,0.0,4562.0,0.0,3145.0,0,0,2,2 path,0 no foreign neighbour,43.01979446411133,0.36921226978302,1.0,1.0
217,6,trolley,1.0,0.0,4562.0,1.0,261.0,1,1,4,1 tip,1 all neighbours foreign,107.77013397216797,0.014434080570936203,1.0,2.0
218,3,bus+trolley,2.0,0.0,4562.0,0.0,610.0,1,1,5,2 path,0 no foreign neighbour,377.01409912109375,0.1418030858039856,2.0,6.0
219,3,bus+trolley,4.0,0.0,4562.0,1.0,610.0,1,1,3,3+ branch,1 all neighbours foreign,415.74139404296875,0.11149405688047409,2.0,8.0
220,3,bus+trolley,2.0,0.0,4562.0,0.5,610.0,1,1,5,2 path,mixed,377.01409912109375,0.14845190942287445,2.0,6.0
221,6,trolley,1.0,0.0,4562.0,1.0,261.0,1,1,4,1 tip,1 all neighbours foreign,93.77643585205078,0.02060270495712757,1.0,2.0
222,0,bus,2.0,0.0,4562.0,0.0,3145.0,0,0,2,2 path,0 no foreign neighbour,111.95793914794922,0.2911911606788635,1.0,2.0
223,3,bus+trolley,5.0,0.20000000298023224,4562.0,0.8,610.0,1,1,3,3+ branch,mixed,481.96160888671875,0.12196767330169678,2.0,9.0
224,2,bus+tram+trolley,6.0,0.06666667014360428,4562.0,1.0,88.0,1,1,4,3+ branch,1 all neighbours foreign,472.030517578125,0.011498563922941685,3.0,9.0
225,3,bus+trolley,2.0,0.0,4562.0,0.0,610.0,1,1,3,2 path,0 no foreign neighbour,447.2369384765625,0.12631624937057495,2.0,8.0
226,3,bus+trolley,2.0,0.0,4562.0,1.0,610.0,1,1,5,2 path,1 all neighbours foreign,645.1798095703125,0.1556476652622223,2.0,11.0
227,3,bus+trolley,1.0,0.0,4562.0,0.0,610.0,1,1,4,1 tip,0 no foreign neighbour,153.7247314453125,0.029459284618496895,2.0,3.0
228,3,bus+trolley,1.0,0.0,4562.0,0.0,610.0,1,1,3,1 tip,0 no foreign neighbour,525.1421508789062,0.07904490828514099,2.0,10.0
229,3,bus+trolley,1.0,0.0,4562.0,0.0,610.0,1,1,3,1 tip,0 no foreign neighbour,246.6279754638672,0.1357230693101883,2.0,4.0
230,0,bus,2.0,0.0,4562.0,0.0,3145.0,0,0,4,2 path,0 no foreign neighbour,254.75601196289062,0.17504297196865082,1.0,6.0
231,3,bus+trolley,7.0,0.0,4562.0,0.8571428571428571,610.0,1,1,5,3+ branch,mixed,645.1798095703125,0.1648702174425125,2.0,11.0
232,3,bus+trolley,3.0,0.0,4562.0,0.6666666666666666,610.0,1,1,3,3+ branch,mixed,246.6279754638672,0.13963738083839417,2.0,4.0
233,3,bus+trolley,1.0,0.0,4562.0,0.0,610.0,1,1,4,1 tip,0 no foreign neighbour,399.5565490722656,0.03596538305282593,2.0,7.0
234,3,bus+trolley,2.0,0.0,4562.0,0.0,610.0,1,1,3,2 path,0 no foreign neighbour,434.5830993652344,0.1732596904039383,2.0,8.0
235,3,bus+trolley,1.0,0.0,4562.0,0.0,610.0,1,1,3,1 tip,0 no foreign neighbour,246.6279754638672,0.14523091912269592,2.0,4.0
236,3,bus+trolley,4.0,0.0,4562.0,0.5,610.0,1,1,5,3+ branch,mixed,434.5830993652344,0.17885005474090576,2.0,8.0
237,3,bus+trolley,1.0,0.0,4562.0,0.0,610.0,1,1,2,1 tip,0 no foreign neighbour,208.23789978027344,0.1620253324508667,2.0,3.0
238,3,bus+trolley,1.0,0.0,4562.0,0.0,610.0,1,1,3,1 tip,0 no foreign neighbour,107.9586181640625,0.13819697499275208,2.0,2.0
239,3,bus+trolley,1.0,0.0,4562.0,0.0,610.0,1,1,4,1 tip,0 no foreign neighbour,442.17718505859375,0.054442502558231354,2.0,9.0
240,3,bus+trolley,2.0,0.0,4562.0,1.0,610.0,1,1,3,2 path,1 all neighbours foreign,306.67333984375,0.18709784746170044,2.0,5.0
241,3,bus+trolley,3.0,0.0,4562.0,0.0,610.0,1,1,4,3+ branch,0 no foreign neighbour,497.6534423828125,0.05823811516165733,2.0,11.0
242,6,trolley,1.0,0.0,4562.0,0.0,261.0,1,1,3,1 tip,0 no foreign neighbour,164.80023193359375,0.19222253561019897,1.0,3.0
243,6,trolley,1.0,0.0,4562.0,1.0,261.0,1,1,4,1 tip,1 all neighbours foreign,46.530452728271484,0.10723142325878143,1.0,1.0
244,3,bus+trolley,3.0,0.0,4562.0,0.3333333333333333,610.0,1,1,3,3+ branch,mixed,591.40673828125,0.05936029925942421,2.0,12.0
245,3,bus+trolley,1.0,0.0,4562.0,0.0,610.0,1,1,4,1 tip,0 no foreign neighbour,274.25567626953125,0.05877876281738281,2.0,6.0
246,3,bus+trolley,3.0,0.0,4562.0,1.0,610.0,1,1,3,3+ branch,1 all neighbours foreign,179.70481872558594,0.1290818303823471,2.0,3.0
247,3,bus+trolley,5.0,0.0,4562.0,0.6,610.0,1,1,3,3+ branch,mixed,407.63458251953125,0.05889962241053581,2.0,9.0
248,6,trolley,1.0,0.0,4562.0,1.0,261.0,1,1,2,1 tip,1 all neighbours foreign,54.09006881713867,0.11926185339689255,1.0,1.0
249,0,bus,0.0,0.0,4562.0,,3145.0,0,0,0,0 isolated,,78.11233520507812,0.5216537714004517,1.0,1.0
250,6,trolley,1.0,0.0,4562.0,1.0,261.0,1,1,4,1 tip,1 all neighbours foreign,98.3192367553711,0.05459978058934212,1.0,2.0
251,3,bus+trolley,2.0,0.0,4562.0,1.0,610.0,1,1,2,2 path,1 all neighbours foreign,116.76675415039062,0.10883637517690659,2.0,2.0
252,6,trolley,1.0,0.0,4562.0,1.0,261.0,1,1,4,1 tip,1 all neighbours foreign,46.530452728271484,0.10421981662511826,1.0,1.0
253,3,bus+trolley,1.0,0.0,4562.0,0.0,610.0,1,1,3,1 tip,0 no foreign neighbour,335.9142150878906,0.11307444423437119,2.0,5.0
254,0,bus,3.0,0.3333333432674408,4562.0,0.0,3145.0,0,0,6,3+ branch,0 no foreign neighbour,206.7878875732422,0.5105645656585693,1.0,3.0
255,3,bus+trolley,3.0,0.0,4562.0,1.0,610.0,1,1,3,3+ branch,1 all neighbours foreign,349.1763610839844,0.016097214072942734,2.0,7.0
256,3,bus+trolley,3.0,0.0,4562.0,0.6666666666666666,610.0,1,1,5,3+ branch,mixed,542.9348754882812,0.21729160845279694,2.0,12.0
257,3,bus+trolley,2.0,0.0,4562.0,0.0,610.0,1,1,3,2 path,0 no foreign neighbour,335.9142150878906,0.11346674710512161,2.0,5.0
258,3,bus+trolley,4.0,0.0,4562.0,0.75,610.0,1,1,0,3+ branch,mixed,477.87823486328125,0.07099493592977524,2.0,8.0
259,6,trolley,1.0,0.0,4562.0,1.0,261.0,1,1,4,1 tip,1 all neighbours foreign,107.77013397216797,0.010043256916105747,1.0,2.0
260,3,bus+trolley,1.0,0.0,4562.0,0.0,610.0,1,1,3,1 tip,0 no foreign neighbour,518.1454467773438,0.22031576931476593,2.0,11.0
261,3,bus+trolley,1.0,0.0,4562.0,0.0,610.0,1,1,3,1 tip,0 no foreign neighbour,335.9142150878906,0.11402035504579544,2.0,5.0
262,3,bus+trolley,3.0,0.0,4562.0,0.3333333333333333,610.0,1,1,3,3+ branch,mixed,542.9348754882812,0.22313973307609558,2.0,12.0
263,0,bus,1.0,0.0,4562.0,0.0,3145.0,0,0,6,1 tip,0 no foreign neighbour,581.4747314453125,0.29295453429222107,1.0,6.0
264,5,tram+trolley,3.0,0.3333333432674408,4562.0,1.0,21.0,1,1,4,3+ branch,1 all neighbours foreign,342.7226257324219,0.06127297878265381,2.0,8.0
265,3,bus+trolley,2.0,0.0,4562.0,0.0,610.0,1,1,5,2 path,0 no foreign neighbour,472.8682861328125,0.11490827053785324,2.0,7.0
266,3,bus+trolley,6.0,0.0,4562.0,1.0,610.0,1,1,3,3+ branch,1 all neighbours foreign,412.435791015625,0.22252710163593292,2.0,9.0
267,3,bus+trolley,2.0,0.0,4562.0,1.0,610.0,1,1,4,2 path,1 all neighbours foreign,306.94244384765625,0.011380823329091072,2.0,5.0
268,2,bus+tram+trolley,7.0,0.095238097012043,4562.0,1.0,88.0,1,1,0,3+ branch,1 all neighbours foreign,406.74383544921875,0.057988446205854416,3.0,8.0
269,3,bus+trolley,2.0,0.0,4562.0,1.0,610.0,1,1,5,2 path,1 all neighbours foreign,573.3037719726562,0.11695603281259537,2.0,8.0
270,6,trolley,1.0,0.0,4562.0,1.0,261.0,1,1,4,1 tip,1 all neighbours foreign,87.086669921875,0.21973052620887756,1.0,2.0
271,6,trolley,1.0,0.0,4562.0,1.0,261.0,1,1,4,1 tip,1 all neighbours foreign,107.77013397216797,0.015927733853459358,1.0,2.0
272,5,tram+trolley,2.0,0.0,4562.0,1.0,21.0,1,1,4,2 path,1 all neighbours foreign,205.1116943359375,0.05609595775604248,2.0,5.0
273,3,bus+trolley,1.0,0.0,4562.0,0.0,610.0,1,1,3,1 tip,0 no foreign neighbour,426.5401916503906,0.2121136486530304,2.0,7.0
274,6,trolley,1.0,0.0,4562.0,1.0,261.0,1,1,3,1 tip,1 all neighbours foreign,54.09006881713867,0.11797700077295303,1.0,1.0
275,3,bus+trolley,3.0,0.0,4562.0,0.6666666666666666,610.0,1,1,3,3+ branch,mixed,686.205810546875,0.1998988538980484,2.0,11.0
276,3,bus+trolley,2.0,0.0,4562.0,1.0,610.0,1,1,4,2 path,1 all neighbours foreign,306.94244384765625,0.02132561430335045,2.0,5.0
277,3,bus+trolley,2.0,0.0,4562.0,0.5,610.0,1,1,4,2 path,mixed,243.99411010742188,0.05079483985900879,2.0,4.0
278,3,bus+trolley,2.0,0.0,4562.0,0.0,610.0,1,1,3,2 path,0 no foreign neighbour,273.1539306640625,0.14999613165855408,2.0,5.0
279,0,bus,1.0,0.0,4562.0,0.0,3145.0,0,0,2,1 tip,0 no foreign neighbour,43.01979446411133,0.414320707321167,1.0,1.0
280,3,bus+trolley,2.0,0.0,4562.0,1.0,610.0,1,1,3,2 path,1 all neighbours foreign,295.58026123046875,0.16152910888195038,2.0,5.0
281,3,bus+trolley,5.0,0.0,4562.0,0.6,610.0,1,1,3,3+ branch,mixed,632.537841796875,0.17797009646892548,2.0,12.0
282,6,trolley,1.0,0.0,4562.0,1.0,261.0,1,1,2,1 tip,1 all neighbours foreign,107.77013397216797,0.028988542035222054,1.0,2.0
283,6,trolley,1.0,0.0,4562.0,1.0,261.0,1,1,2,1 tip,1 all neighbours foreign,111.02748107910156,0.16550329327583313,1.0,2.0
284,3,bus+trolley,1.0,0.0,4562.0,0.0,610.0,1,1,4,1 tip,0 no foreign neighbour,322.4595642089844,0.17071448266506195,2.0,6.0
285,2,bus+tram+trolley,3.0,0.0,4562.0,0.6666666666666666,88.0,1,1,3,3+ branch,mixed,338.3848571777344,0.17280641198158264,3.0,7.0
286,3,bus+trolley,2.0,0.0,4562.0,1.0,610.0,1,1,4,2 path,1 all neighbours foreign,230.550048828125,0.034190889447927475,2.0,4.0
287,0,bus,2.0,0.0,4562.0,0.0,3145.0,0,0,4,2 path,0 no foreign neighbour,224.1880645751953,0.2457410842180252,1.0,5.0
288,3,bus+trolley,3.0,0.0,4562.0,0.0,610.0,1,1,4,3+ branch,0 no foreign neighbour,322.4595642089844,0.1659741848707199,2.0,6.0
289,2,bus+tram+trolley,5.0,0.0,4562.0,0.8,88.0,1,1,3,3+ branch,mixed,338.3848571777344,0.17780917882919312,3.0,7.0
290,6,trolley,1.0,0.0,4562.0,1.0,261.0,1,1,4,1 tip,1 all neighbours foreign,107.77013397216797,0.03625453636050224,1.0,2.0
291,3,bus+trolley,3.0,0.0,4562.0,0.6666666666666666,610.0,1,1,4,3+ branch,mixed,322.4595642089844,0.15981413424015045,2.0,6.0
292,3,bus+trolley,3.0,0.3333333432674408,4562.0,1.0,610.0,1,1,3,3+ branch,1 all neighbours foreign,290.4259033203125,0.18063223361968994,2.0,5.0
293,3,bus+trolley,2.0,0.0,4562.0,0.0,610.0,1,1,3,2 path,0 no foreign neighbour,733.4231567382812,0.039245087653398514,2.0,13.0
294,3,bus+trolley,3.0,0.0,4562.0,0.6666666666666666,610.0,1,1,5,3+ branch,mixed,471.5048828125,0.09920280426740646,2.0,8.0
295,6,trolley,1.0,0.0,4562.0,1.0,261.0,1,1,3,1 tip,1 all neighbours foreign,111.02748107910156,0.18029078841209412,1.0,2.0
296,6,trolley,1.0,0.0,4562.0,1.0,261.0,1,1,4,1 tip,1 all neighbours foreign,46.54893112182617,0.15769515931606293,1.0,1.0
297,6,trolley,1.0,0.0,4562.0,1.0,261.0,1,1,3,1 tip,1 all neighbours foreign,186.3256072998047,0.10554379224777222,1.0,3.0
298,3,bus+trolley,2.0,0.0,4562.0,0.5,610.0,1,1,4,2 path,mixed,265.0361022949219,0.1514609456062317,2.0,5.0
299,2,bus+tram+trolley,6.0,0.0,4562.0,0.8333333333333334,88.0,1,1,3,3+ branch,mixed,734.4701538085938,0.04512818902730942,3.0,16.0
300,3,bus+trolley,3.0,0.0,4562.0,1.0,610.0,1,1,3,3+ branch,1 all neighbours foreign,371.0740051269531,0.17124195396900177,2.0,6.0
301,6,trolley,1.0,0.0,4562.0,1.0,261.0,1,1,4,1 tip,1 all neighbours foreign,46.54893112182617,0.1483977735042572,1.0,1.0
302,3,bus+trolley,2.0,0.0,4562.0,1.0,610.0,1,1,3,2 path,1 all neighbours foreign,476.279541015625,0.11188790202140808,2.0,8.0
303,6,trolley,1.0,0.0,4562.0,1.0,261.0,1,1,3,1 tip,1 all neighbours foreign,111.02748107910156,0.1620202213525772,1.0,2.0
304,3,bus+trolley,3.0,0.0,4562.0,1.0,610.0,1,1,4,3+ branch,1 all neighbours foreign,175.71665954589844,0.14282773435115814,2.0,4.0
305,3,bus+trolley,3.0,0.0,4562.0,1.0,610.0,1,1,5,3+ branch,1 all neighbours foreign,848.392578125,0.04573852941393852,2.0,18.0
306,6,trolley,1.0,0.0,4562.0,1.0,261.0,1,1,3,1 tip,1 all neighbours foreign,186.3256072998047,0.1071811392903328,1.0,3.0
307,3,bus+trolley,2.0,1.0,4562.0,0.0,610.0,1,1,3,2 path,0 no foreign neighbour,327.1240234375,0.09097524732351303,2.0,5.0
308,6,trolley,1.0,0.0,4562.0,1.0,261.0,1,1,2,1 tip,1 all neighbours foreign,46.54893112182617,0.1344832479953766,1.0,1.0
309,3,bus+trolley,2.0,0.0,4562.0,1.0,610.0,1,1,2,2 path,1 all neighbours foreign,117.91265106201172,0.12617799639701843,2.0,3.0
310,0,bus,2.0,1.0,4562.0,1.0,3145.0,0,0,2,2 path,1 all neighbours foreign,192.5504150390625,0.10304860025644302,1.0,3.0
311,3,bus+trolley,2.0,0.0,4562.0,0.5,610.0,1,1,3,2 path,mixed,270.6138000488281,0.12971515953540802,2.0,5.0
312,6,trolley,1.0,0.0,4562.0,1.0,261.0,1,1,2,1 tip,1 all neighbours foreign,91.94868469238281,0.1283520758152008,1.0,2.0
313,6,trolley,1.0,0.0,4562.0,1.0,261.0,1,1,2,1 tip,1 all neighbours foreign,54.09006881713867,0.11902088671922684,1.0,1.0
314,3,bus+trolley,2.0,0.0,4562.0,0.5,610.0,1,1,3,2 path,mixed,222.55348205566406,0.15553811192512512,2.0,4.0
315,6,trolley,1.0,0.0,4562.0,1.0,261.0,1,1,2,1 tip,1 all neighbours foreign,46.54893112182617,0.12766413390636444,1.0,1.0
316,2,bus+tram+trolley,3.0,0.0,4562.0,0.3333333333333333,88.0,1,1,3,3+ branch,mixed,202.69186401367188,0.19707246124744415,3.0,7.0
317,3,bus+trolley,2.0,0.0,4562.0,0.5,610.0,1,1,5,2 path,mixed,573.3037719726562,0.11806663125753403,2.0,8.0
318,3,bus+trolley,1.0,0.0,4562.0,0.0,610.0,1,1,3,1 tip,0 no foreign neighbour,335.9142150878906,0.11701655387878418,2.0,5.0
319,3,bus+trolley,3.0,0.0,4562.0,1.0,610.0,1,1,4,3+ branch,1 all neighbours foreign,221.1164093017578,0.12881824374198914,2.0,5.0
320,3,bus+trolley,2.0,0.0,4562.0,0.5,610.0,1,1,5,2 path,mixed,335.9142150878906,0.11396247148513794,2.0,5.0
321,5,tram+trolley,5.0,0.10000000149011612,4562.0,1.0,21.0,1,1,2,3+ branch,1 all neighbours foreign,179.31219482421875,0.11661908030509949,2.0,5.0
322,3,bus+trolley,2.0,0.0,4562.0,1.0,610.0,1,1,4,2 path,1 all neighbours foreign,243.99411010742188,0.05099695548415184,2.0,4.0
323,3,bus+trolley,2.0,0.0,4562.0,1.0,610.0,1,1,3,2 path,1 all neighbours foreign,270.7591247558594,0.11349102854728699,2.0,4.0
324,2,bus+tram+trolley,2.0,0.0,4562.0,0.5,88.0,1,1,2,2 path,mixed,202.69186401367188,0.21004948019981384,3.0,7.0
325,6,trolley,1.0,0.0,4562.0,1.0,261.0,1,1,2,1 tip,1 all neighbours foreign,54.09006881713867,0.12025312334299088,1.0,1.0
326,3,bus+trolley,1.0,0.0,4562.0,0.0,610.0,1,1,3,1 tip,0 no foreign neighbour,165.09225463867188,0.14936378598213196,2.0,3.0
327,3,bus+trolley,2.0,0.0,4562.0,1.0,610.0,1,1,4,2 path,1 all neighbours foreign,141.6905059814453,0.13928870856761932,2.0,3.0
328,6,trolley,1.0,0.0,4562.0,1.0,261.0,1,1,4,1 tip,1 all neighbours foreign,91.94868469238281,0.11820682138204575,1.0,2.0
329,3,bus+trolley,3.0,0.0,4562.0,0.6666666666666666,610.0,1,1,4,3+ branch,mixed,221.1164093017578,0.12955103814601898,2.0,5.0
330,3,bus+trolley,2.0,0.0,4562.0,0.5,610.0,1,1,3,2 path,mixed,154.54116821289062,0.13007089495658875,2.0,3.0
331,3,bus+trolley,2.0,0.0,4562.0,0.0,610.0,1,1,2,2 path,0 no foreign neighbour,148.603515625,0.1304038166999817,2.0,3.0
332,6,trolley,1.0,0.0,4562.0,1.0,261.0,1,1,4,1 tip,1 all neighbours foreign,107.66357421875,0.0553288534283638,1.0,2.0
333,3,bus+trolley,2.0,0.0,4562.0,0.5,610.0,1,1,3,2 path,mixed,107.9586181640625,0.1363096833229065,2.0,2.0
334,3,bus+trolley,2.0,0.0,4562.0,1.0,610.0,1,1,4,2 path,1 all neighbours foreign,72.51289367675781,0.12664130330085754,2.0,2.0
335,0,bus,2.0,0.0,4562.0,0.0,3145.0,0,0,2,2 path,0 no foreign neighbour,134.34779357910156,0.17894218862056732,1.0,3.0
336,3,bus+trolley,1.0,0.0,4562.0,0.0,610.0,1,1,4,1 tip,0 no foreign neighbour,148.603515625,0.13313375413417816,2.0,3.0
337,3,bus+trolley,2.0,0.0,4562.0,0.5,610.0,1,1,4,2 path,mixed,148.603515625,0.13655443489551544,2.0,3.0
338,6,trolley,1.0,0.0,4562.0,1.0,261.0,1,1,4,1 tip,1 all neighbours foreign,245.2744903564453,0.059797417372465134,1.0,5.0
339,3,bus+trolley,2.0,0.0,4562.0,1.0,610.0,1,1,4,2 path,1 all neighbours foreign,138.78167724609375,0.21699099242687225,2.0,3.0
340,3,bus+trolley,3.0,0.0,4562.0,1.0,610.0,1,1,4,3+ branch,1 all neighbours foreign,291.3569641113281,0.06739503890275955,2.0,6.0
341,0,bus,1.0,0.0,4562.0,0.0,3145.0,0,0,4,1 tip,0 no foreign neighbour,129.5747528076172,0.1614508479833603,1.0,3.0
342,3,bus+trolley,1.0,0.0,4562.0,0.0,610.0,1,1,3,1 tip,0 no foreign neighbour,165.09225463867188,0.14478744566440582,2.0,3.0
343,3,bus+trolley,2.0,0.0,4562.0,0.5,610.0,1,1,4,2 path,mixed,261.72906494140625,0.0744553953409195,2.0,5.0
344,3,bus+trolley,3.0,0.0,4562.0,0.3333333333333333,610.0,1,1,3,3+ branch,mixed,310.44146728515625,0.14398297667503357,2.0,6.0
345,3,bus+trolley,2.0,0.0,4562.0,0.5,610.0,1,1,3,2 path,mixed,230.247314453125,0.15201164782047272,2.0,4.0
346,3,bus+trolley,2.0,0.0,4562.0,0.5,610.0,1,1,4,2 path,mixed,222.88137817382812,0.13905973732471466,2.0,5.0
347,0,bus,1.0,0.0,4562.0,0.0,3145.0,0,0,0,1 tip,0 no foreign neighbour,131.80982971191406,0.12923887372016907,1.0,2.0
348,3,bus+trolley,1.0,0.0,4562.0,0.0,610.0,1,1,3,1 tip,0 no foreign neighbour,222.55348205566406,0.15437741577625275,2.0,4.0
349,3,bus+trolley,1.0,0.0,4562.0,0.0,610.0,1,1,4,1 tip,0 no foreign neighbour,149.75270080566406,0.146566703915596,2.0,3.0
350,3,bus+trolley,2.0,0.0,4562.0,0.5,610.0,1,1,3,2 path,mixed,350.31695556640625,0.15609335899353027,2.0,6.0
351,3,bus+trolley,1.0,0.0,4562.0,0.0,610.0,1,1,4,1 tip,0 no foreign neighbour,265.0361022949219,0.1546340137720108,2.0,5.0
352,6,trolley,1.0,0.0,4562.0,0.0,261.0,1,1,2,1 tip,0 no foreign neighbour,138.85104370117188,0.052132513374090195,1.0,2.0
353,0,bus,2.0,0.0,4562.0,0.0,3145.0,0,0,2,2 path,0 no foreign neighbour,73.12620544433594,0.23310257494449615,1.0,2.0
354,3,bus+trolley,1.0,0.0,4562.0,0.0,610.0,1,1,4,1 tip,0 no foreign neighbour,322.4595642089844,0.16173960268497467,2.0,6.0
355,6,trolley,2.0,1.0,4562.0,1.0,261.0,1,1,4,2 path,1 all neighbours foreign,138.85104370117188,0.06044236570596695,1.0,2.0
356,6,trolley,1.0,0.0,4562.0,1.0,261.0,1,1,4,1 tip,1 all neighbours foreign,107.69601440429688,0.06501471251249313,1.0,2.0
357,3,bus+trolley,2.0,1.0,4562.0,0.5,610.0,1,1,4,2 path,mixed,362.8871765136719,0.17249123752117157,2.0,8.0
358,3,bus+trolley,5.0,0.10000000149011612,4562.0,0.8,610.0,1,1,6,3+ branch,mixed,763.5575561523438,0.11827605217695236,2.0,15.0
359,0,bus,2.0,0.0,4562.0,0.0,3145.0,0,0,2,2 path,0 no foreign neighbour,43.01979446411133,0.3445702791213989,1.0,1.0
360,3,bus+trolley,2.0,1.0,4562.0,0.0,610.0,1,1,6,2 path,0 no foreign neighbour,945.5333862304688,0.1130852997303009,2.0,18.0
361,3,bus+trolley,3.0,0.0,4562.0,1.0,610.0,1,1,4,3+ branch,1 all neighbours foreign,248.99685668945312,0.06440859287977219,2.0,5.0
362,3,bus+trolley,1.0,0.0,4562.0,0.0,610.0,1,1,0,1 tip,0 no foreign neighbour,917.9522094726562,0.1084236428141594,2.0,17.0
363,3,bus+trolley,2.0,0.0,4562.0,0.5,610.0,1,1,3,2 path,mixed,830.0592041015625,0.18271370232105255,2.0,15.0
364,6,trolley,1.0,0.0,4562.0,0.0,261.0,1,1,4,1 tip,0 no foreign neighbour,107.69601440429688,0.07189775258302689,1.0,2.0
365,3,bus+trolley,4.0,0.5,4562.0,0.5,610.0,1,1,6,3+ branch,mixed,1187.5760498046875,0.1051487997174263,2.0,25.0
366,3,bus+trolley,3.0,0.0,4562.0,0.6666666666666666,610.0,1,1,3,3+ branch,mixed,723.9317016601562,0.19618050754070282,2.0,12.0
367,0,bus,2.0,0.0,4562.0,0.0,3145.0,0,0,2,2 path,0 no foreign neighbour,43.01979446411133,0.3510373532772064,1.0,1.0
368,3,bus+trolley,1.0,0.0,4562.0,0.0,610.0,1,1,6,1 tip,0 no foreign neighbour,1046.8199462890625,0.10174321383237839,2.0,21.0
369,6,trolley,2.0,0.0,4562.0,0.5,261.0,1,1,4,2 path,mixed,107.69601440429688,0.07688820362091064,1.0,2.0
370,3,bus+trolley,4.0,0.5,4562.0,0.75,610.0,1,1,3,3+ branch,mixed,459.9283447265625,0.21280722320079803,2.0,8.0
371,3,bus+trolley,6.0,0.2666666805744171,4562.0,0.6666666666666666,610.0,1,1,0,3+ branch,mixed,251.14138793945312,0.07960814237594604,2.0,5.0
372,3,bus+trolley,2.0,0.0,4562.0,0.5,610.0,1,1,0,2 path,mixed,98.46749114990234,0.08364282548427582,2.0,2.0
373,3,bus+trolley,3.0,0.0,4562.0,0.6666666666666666,610.0,1,1,4,3+ branch,mixed,98.46749114990234,0.08810144662857056,2.0,2.0
374,3,bus+trolley,4.0,0.0,4562.0,1.0,610.0,1,1,2,3+ branch,1 all neighbours foreign,208.23789978027344,0.1594371497631073,2.0,3.0
375,3,bus+trolley,7.0,0.190476194024086,4562.0,0.7142857142857143,610.0,1,1,6,3+ branch,mixed,1092.82421875,0.08627671748399734,2.0,22.0
376,3,bus+trolley,1.0,0.0,4562.0,0.0,610.0,1,1,3,1 tip,0 no foreign neighbour,513.165771484375,0.22315289080142975,2.0,11.0
377,6,trolley,2.0,0.0,4562.0,0.5,261.0,1,1,4,2 path,mixed,54.36271286010742,0.09218540787696838,1.0,1.0
378,3,bus+trolley,1.0,0.0,4562.0,0.0,610.0,1,1,3,1 tip,0 no foreign neighbour,513.165771484375,0.21964286267757416,2.0,11.0
379,0,bus,2.0,0.0,4562.0,0.0,3145.0,0,0,6,2 path,0 no foreign neighbour,564.5611572265625,0.1352786421775818,1.0,10.0
380,3,bus+trolley,2.0,0.0,4562.0,1.0,610.0,1,1,0,2 path,1 all neighbours foreign,598.5123291015625,0.09347622096538544,2.0,11.0
381,6,trolley,1.0,0.0,4562.0,0.0,261.0,1,1,4,1 tip,0 no foreign neighbour,54.36271286010742,0.08597799390554428,1.0,1.0
382,6,trolley,1.0,0.0,4562.0,0.0,261.0,1,1,4,1 tip,0 no foreign neighbour,107.69601440429688,0.07962199300527573,1.0,2.0
383,6,trolley,1.0,0.0,4562.0,1.0,261.0,1,1,4,1 tip,1 all neighbours foreign,107.69601440429688,0.07326239347457886,1.0,2.0
384,3,bus+trolley,3.0,0.0,4562.0,1.0,610.0,1,1,4,3+ branch,1 all neighbours foreign,248.99685668945312,0.06692510098218918,2.0,5.0
385,6,trolley,1.0,0.0,4562.0,1.0,261.0,1,1,4,1 tip,1 all neighbours foreign,107.69601440429688,0.06156652048230171,1.0,2.0
386,3,bus+trolley,2.0,0.0,4562.0,0.5,610.0,1,1,0,2 path,mixed,264.13006591796875,0.06622619181871414,2.0,5.0
387,6,trolley,1.0,0.0,4562.0,1.0,261.0,1,1,4,1 tip,1 all neighbours foreign,245.2744903564453,0.06774403899908066,1.0,5.0
388,6,trolley,1.0,0.0,4562.0,0.0,261.0,1,1,4,1 tip,0 no foreign neighbour,138.85104370117188,0.061162661761045456,1.0,2.0
389,6,trolley,3.0,0.0,4562.0,0.3333333333333333,261.0,1,1,4,3+ branch,mixed,138.85104370117188,0.055442191660404205,1.0,2.0
390,3,bus+trolley,2.0,0.0,4562.0,1.0,610.0,1,1,5,2 path,1 all neighbours foreign,411.24090576171875,0.1458195596933365,2.0,9.0
391,0,bus,2.0,0.0,4562.0,0.0,3145.0,0,0,3,2 path,0 no foreign neighbour,196.7063751220703,0.19325831532478333,1.0,3.0
392,6,trolley,1.0,0.0,4562.0,1.0,261.0,1,1,4,1 tip,1 all neighbours foreign,54.36271286010742,0.046294745057821274,1.0,1.0
393,3,bus+trolley,6.0,0.2666666805744171,4562.0,0.6666666666666666,610.0,1,1,5,3+ branch,mixed,528.7284545898438,0.14245010912418365,2.0,10.0
394,2,bus+tram+trolley,2.0,0.0,4562.0,0.5,88.0,1,1,5,2 path,mixed,513.92822265625,0.14508667588233948,3.0,9.0
395,2,bus+tram+trolley,3.0,0.0,4562.0,1.0,88.0,1,1,5,3+ branch,1 all neighbours foreign,447.4221496582031,0.14690320193767548,3.0,8.0
396,0,bus,5.0,0.0,4562.0,0.4,3145.0,0,0,5,3+ branch,mixed,1075.9593505859375,0.16707171499729156,1.0,18.0
397,3,bus+trolley,1.0,0.0,4562.0,1.0,610.0,1,1,3,1 tip,1 all neighbours foreign,334.1741943359375,0.1491166204214096,2.0,5.0
398,2,bus+tram+trolley,2.0,0.0,4562.0,1.0,88.0,1,1,5,2 path,1 all neighbours foreign,473.1570129394531,0.146596297621727,3.0,8.0
399,3,bus+trolley,3.0,0.6666666865348816,4562.0,0.3333333333333333,610.0,1,1,5,3+ branch,mixed,632.8092041015625,0.144966721534729,2.0,10.0
400,3,bus+trolley,2.0,0.0,4562.0,1.0,610.0,1,1,5,2 path,1 all neighbours foreign,769.519775390625,0.139518603682518,2.0,14.0
401,6,trolley,2.0,0.0,4562.0,1.0,261.0,1,1,3,2 path,1 all neighbours foreign,66.41399383544922,0.14345495402812958,1.0,1.0
402,3,bus+trolley,4.0,0.0,4562.0,0.5,610.0,1,1,3,3+ branch,mixed,358.01934814453125,0.10483110696077347,2.0,6.0
403,3,bus+trolley,3.0,0.0,4562.0,0.6666666666666666,610.0,1,1,0,3+ branch,mixed,546.8992309570312,0.0782538503408432,2.0,10.0
404,0,bus,2.0,0.0,4562.0,0.5,3145.0,0,0,4,2 path,mixed,126.0635986328125,0.11954168230295181,1.0,2.0
405,6,trolley,1.0,0.0,4562.0,1.0,261.0,1,1,0,1 tip,1 all neighbours foreign,36.31120300292969,0.07075480371713638,1.0,1.0
406,3,bus+trolley,2.0,0.0,4562.0,1.0,610.0,1,1,5,2 path,1 all neighbours foreign,500.92413330078125,0.10439161956310272,2.0,9.0
407,6,trolley,1.0,0.0,4562.0,0.0,261.0,1,1,3,1 tip,0 no foreign neighbour,158.5396728515625,0.09962330758571625,1.0,3.0
408,6,trolley,2.0,0.0,4562.0,0.5,261.0,1,1,3,2 path,mixed,158.5396728515625,0.09445246309041977,1.0,3.0
409,3,bus+trolley,2.0,0.0,4562.0,1.0,610.0,1,1,3,2 path,1 all neighbours foreign,384.9156494140625,0.08973192423582077,2.0,7.0
410,6,trolley,1.0,0.0,4562.0,1.0,261.0,1,1,3,1 tip,1 all neighbours foreign,158.5396728515625,0.08659183233976364,1.0,3.0
411,3,bus+trolley,11.0,0.072727270424366,4562.0,0.9090909090909091,610.0,1,1,6,3+ branch,mixed,1311.9532470703125,0.05793607980012894,2.0,22.0
412,3,bus+trolley,7.0,0.1428571492433548,4562.0,0.7142857142857143,610.0,1,1,5,3+ branch,mixed,389.1355285644531,0.08443481475114822,2.0,8.0
413,6,trolley,1.0,0.0,4562.0,1.0,261.0,1,1,0,1 tip,1 all neighbours foreign,154.83355712890625,0.052951663732528687,1.0,3.0
414,6,trolley,1.0,0.0,4562.0,1.0,261.0,1,1,3,1 tip,1 all neighbours foreign,135.96180725097656,0.08213256299495697,1.0,3.0
415,3,bus+trolley,5.0,0.0,4562.0,0.6,610.0,1,1,0,3+ branch,mixed,444.66412353515625,0.04707859084010124,2.0,8.0
416,3,bus+trolley,3.0,0.0,4562.0,0.3333333333333333,610.0,1,1,5,3+ branch,mixed,485.2569580078125,0.08022519946098328,2.0,10.0
417,3,bus+trolley,1.0,0.0,4562.0,0.0,610.0,1,1,4,1 tip,0 no foreign neighbour,208.57591247558594,0.040065888315439224,2.0,4.0
418,3,bus+trolley,2.0,1.0,4562.0,0.5,610.0,1,1,3,2 path,mixed,441.6781005859375,0.07493442296981812,2.0,9.0
419,0,bus,4.0,0.1666666716337204,4562.0,0.0,3145.0,0,0,6,3+ branch,0 no foreign neighbour,736.725341796875,0.4106004238128662,1.0,16.0
420,3,bus+trolley,3.0,0.3333333432674408,4562.0,0.6666666666666666,610.0,1,1,5,3+ branch,mixed,532.6605224609375,0.07111100852489471,2.0,9.0
421,3,bus+trolley,1.0,0.0,4562.0,0.0,610.0,1,1,4,1 tip,0 no foreign neighbour,218.72557067871094,0.034503452479839325,2.0,5.0
422,3,bus+trolley,2.0,0.0,4562.0,0.0,610.0,1,1,4,2 path,0 no foreign neighbour,218.72557067871094,0.03154469281435013,2.0,5.0
423,3,bus+trolley,2.0,0.0,4562.0,0.5,610.0,1,1,4,2 path,mixed,303.38751220703125,0.024838831275701523,2.0,8.0
424,3,bus+trolley,2.0,0.0,4562.0,0.0,610.0,1,1,3,2 path,0 no foreign neighbour,445.5589904785156,0.07292694598436356,2.0,9.0
425,3,bus+trolley,2.0,0.0,4562.0,0.5,610.0,1,1,4,2 path,mixed,234.56822204589844,0.02552037686109543,2.0,6.0
426,3,bus+trolley,7.0,0.1428571492433548,4562.0,0.8571428571428571,610.0,1,1,5,3+ branch,mixed,728.1820678710938,0.08414384722709656,2.0,13.0
427,3,bus+trolley,2.0,1.0,4562.0,0.0,610.0,1,1,0,2 path,0 no foreign neighbour,208.57591247558594,0.03882180526852608,2.0,4.0
428,3,bus+trolley,2.0,0.0,4562.0,1.0,610.0,1,1,0,2 path,1 all neighbours foreign,779.300537109375,0.07595586776733398,2.0,13.0
429,6,trolley,2.0,0.0,4562.0,1.0,261.0,1,1,5,2 path,1 all neighbours foreign,170.17788696289062,0.08584676682949066,1.0,4.0
430,3,bus+trolley,5.0,0.0,4562.0,0.8,610.0,1,1,4,3+ branch,mixed,160.7325439453125,0.11415422707796097,2.0,4.0
431,6,trolley,1.0,0.0,4562.0,0.0,261.0,1,1,3,1 tip,0 no foreign neighbour,158.5396728515625,0.0888177677989006,1.0,3.0
432,3,bus+trolley,1.0,0.0,4562.0,0.0,610.0,1,1,4,1 tip,0 no foreign neighbour,161.0974578857422,0.10718467086553574,2.0,4.0
433,1,bus+tram,3.0,0.0,4562.0,0.6666666666666666,149.0,1,1,6,3+ branch,mixed,754.7686157226562,0.16510407626628876,2.0,11.0
434,3,bus+trolley,2.0,0.0,4562.0,0.0,610.0,1,1,5,2 path,0 no foreign neighbour,583.753662109375,0.08806528151035309,2.0,10.0
435,3,bus+trolley,2.0,0.0,4562.0,0.5,610.0,1,1,5,2 path,mixed,519.4032592773438,0.08723509311676025,2.0,8.0
436,6,trolley,2.0,0.0,4562.0,0.5,261.0,1,1,0,2 path,mixed,154.83355712890625,0.051800280809402466,1.0,3.0
437,3,bus+trolley,3.0,0.0,4562.0,0.0,610.0,1,1,4,3+ branch,0 no foreign neighbour,161.0974578857422,0.10180478543043137,2.0,4.0
438,6,trolley,1.0,0.0,4562.0,1.0,261.0,1,1,3,1 tip,1 all neighbours foreign,158.5396728515625,0.10019014775753021,1.0,3.0
439,3,bus+trolley,2.0,0.0,4562.0,0.0,610.0,1,1,5,2 path,0 no foreign neighbour,565.781982421875,0.0868886262178421,2.0,9.0
440,6,trolley,1.0,0.0,4562.0,1.0,261.0,1,1,0,1 tip,1 all neighbours foreign,36.31120300292969,0.05601203069090843,1.0,1.0
441,3,bus+trolley,2.0,0.0,4562.0,1.0,610.0,1,1,3,2 path,1 all neighbours foreign,571.0225830078125,0.08658809214830399,2.0,9.0
442,6,trolley,1.0,0.0,4562.0,1.0,261.0,1,1,4,1 tip,1 all neighbours foreign,40.0788459777832,0.08996730297803879,1.0,1.0
443,3,bus+trolley,4.0,0.0,4562.0,0.5,610.0,1,1,5,3+ branch,mixed,635.6785888671875,0.10510148108005524,2.0,11.0
444,6,trolley,1.0,0.0,4562.0,1.0,261.0,1,1,0,1 tip,1 all neighbours foreign,36.31120300292969,0.07058684527873993,1.0,1.0
445,6,trolley,1.0,0.0,4562.0,0.0,261.0,1,1,2,1 tip,0 no foreign neighbour,102.2294921875,0.08662677556276321,1.0,2.0
446,3,bus+trolley,3.0,0.0,4562.0,1.0,610.0,1,1,4,3+ branch,1 all neighbours foreign,142.6498260498047,0.08668581396341324,2.0,3.0
447,3,bus+trolley,1.0,0.0,4562.0,0.0,610.0,1,1,0,1 tip,0 no foreign neighbour,492.7497863769531,0.07935120910406113,2.0,9.0
448,0,bus,1.0,0.0,4562.0,0.0,3145.0,0,0,2,1 tip,0 no foreign neighbour,43.9744873046875,0.23176278173923492,1.0,1.0
449,6,trolley,2.0,0.0,4562.0,0.0,261.0,1,1,2,2 path,0 no foreign neighbour,102.2294921875,0.08706536889076233,1.0,2.0
450,6,trolley,1.0,0.0,4562.0,0.0,261.0,1,1,2,1 tip,0 no foreign neighbour,84.27762603759766,0.08305887877941132,1.0,2.0
451,6,trolley,2.0,0.0,4562.0,1.0,261.0,1,1,3,2 path,1 all neighbours foreign,102.2294921875,0.0872839018702507,1.0,2.0
452,3,bus+trolley,3.0,0.0,4562.0,0.6666666666666666,610.0,1,1,5,3+ branch,mixed,972.7039794921875,0.08164986222982407,2.0,15.0
453,6,trolley,2.0,0.0,4562.0,0.0,261.0,1,1,2,2 path,0 no foreign neighbour,84.27762603759766,0.0798545777797699,1.0,2.0
454,3,bus+trolley,5.0,0.10000000149011612,4562.0,0.8,610.0,1,1,5,3+ branch,mixed,549.85888671875,0.07861413061618805,2.0,9.0
455,6,trolley,1.0,0.0,4562.0,1.0,261.0,1,1,4,1 tip,1 all neighbours foreign,84.27762603759766,0.07284560054540634,1.0,2.0
456,6,trolley,1.0,0.0,4562.0,1.0,261.0,1,1,2,1 tip,1 all neighbours foreign,37.20766067504883,0.07219726592302322,1.0,1.0
457,3,bus+trolley,1.0,0.0,4562.0,0.0,610.0,1,1,5,1 tip,0 no foreign neighbour,460.0527648925781,0.07481720298528671,2.0,7.0
458,3,bus+trolley,3.0,0.0,4562.0,0.6666666666666666,610.0,1,1,6,3+ branch,mixed,1046.8199462890625,0.102540023624897,2.0,21.0
459,6,trolley,1.0,0.0,4562.0,0.0,261.0,1,1,4,1 tip,0 no foreign neighbour,84.27762603759766,0.07272705435752869,1.0,2.0
460,3,bus+trolley,5.0,0.0,4562.0,0.4,610.0,1,1,4,3+ branch,mixed,260.5548400878906,0.16436438262462616,2.0,6.0
461,3,bus+trolley,5.0,0.30000001192092896,4562.0,0.4,610.0,1,1,6,3+ branch,mixed,1103.3319091796875,0.1059522032737732,2.0,22.0
462,3,bus+trolley,2.0,0.0,4562.0,0.0,610.0,1,1,0,2 path,0 no foreign neighbour,580.0223999023438,0.15505874156951904,2.0,11.0
463,3,bus+trolley,4.0,0.0,4562.0,0.75,610.0,1,1,5,3+ branch,mixed,493.80535888671875,0.07714919745922089,2.0,8.0
464,3,bus+trolley,1.0,0.0,4562.0,0.0,610.0,1,1,0,1 tip,0 no foreign neighbour,917.9522094726562,0.10888683050870895,2.0,17.0
465,3,bus+trolley,2.0,0.0,4562.0,0.5,610.0,1,1,0,2 path,mixed,607.7535400390625,0.1463829129934311,2.0,11.0
466,6,trolley,3.0,0.0,4562.0,1.0,261.0,1,1,3,3+ branch,1 all neighbours foreign,94.14507293701172,0.07947614789009094,1.0,2.0
467,3,bus+trolley,2.0,0.0,4562.0,0.5,610.0,1,1,6,2 path,mixed,945.5333862304688,0.11376192420721054,2.0,18.0
468,3,bus+trolley,2.0,0.0,4562.0,0.0,610.0,1,1,0,2 path,0 no foreign neighbour,550.8074951171875,0.13762423396110535,2.0,10.0
469,6,trolley,2.0,0.0,4562.0,0.5,261.0,1,1,4,2 path,mixed,84.27762603759766,0.0816822201013565,1.0,2.0
470,3,bus+trolley,3.0,0.0,4562.0,1.0,610.0,1,1,5,3+ branch,1 all neighbours foreign,1029.43994140625,0.08326811343431473,2.0,16.0
471,3,bus+trolley,4.0,0.0,4562.0,0.75,610.0,1,1,0,3+ branch,mixed,731.9319458007812,0.12491573393344879,2.0,13.0
472,3,bus+trolley,4.0,0.1666666716337204,4562.0,0.75,610.0,1,1,0,3+ branch,mixed,458.6707458496094,0.17615678906440735,2.0,8.0
473,3,bus+trolley,2.0,0.0,4562.0,1.0,610.0,1,1,4,2 path,1 all neighbours foreign,142.6498260498047,0.0859857127070427,2.0,3.0
474,3,bus+trolley,2.0,0.0,4562.0,0.5,610.0,1,1,0,2 path,mixed,711.6611938476562,0.11071625351905823,2.0,13.0
475,6,trolley,1.0,0.0,4562.0,0.0,261.0,1,1,3,1 tip,0 no foreign neighbour,102.2294921875,0.08761373907327652,1.0,2.0
476,6,trolley,1.0,0.0,4562.0,1.0,261.0,1,1,4,1 tip,1 all neighbours foreign,40.0788459777832,0.09121459722518921,1.0,1.0
477,3,bus+trolley,1.0,0.0,4562.0,0.0,610.0,1,1,4,1 tip,0 no foreign neighbour,161.0974578857422,0.09826032817363739,2.0,4.0
478,6,trolley,1.0,0.0,4562.0,1.0,261.0,1,1,2,1 tip,1 all neighbours foreign,102.2294921875,0.08668215572834015,1.0,2.0
479,3,bus+trolley,2.0,0.0,4562.0,0.0,610.0,1,1,0,2 path,0 no foreign neighbour,161.0974578857422,0.10581320524215698,2.0,4.0
480,3,bus+trolley,3.0,0.0,4562.0,0.3333333333333333,610.0,1,1,5,3+ branch,mixed,759.497314453125,0.08791656047105789,2.0,13.0
481,3,bus+trolley,1.0,0.0,4562.0,0.0,610.0,1,1,4,1 tip,0 no foreign neighbour,160.7325439453125,0.10973610728979111,2.0,4.0
482,6,trolley,1.0,0.0,4562.0,1.0,261.0,1,1,4,1 tip,1 all neighbours foreign,40.53773880004883,0.18040910363197327,1.0,1.0
483,3,bus+trolley,3.0,0.0,4562.0,0.0,610.0,1,1,0,3+ branch,0 no foreign neighbour,580.0223999023438,0.14804008603096008,2.0,11.0
484,3,bus+trolley,1.0,0.0,4562.0,0.0,610.0,1,1,4,1 tip,0 no foreign neighbour,260.5548400878906,0.15960553288459778,2.0,6.0
485,3,bus+trolley,3.0,0.0,4562.0,0.0,610.0,1,1,0,3+ branch,0 no foreign neighbour,646.5809936523438,0.17380377650260925,2.0,11.0
486,6,trolley,1.0,0.0,4562.0,1.0,261.0,1,1,3,1 tip,1 all neighbours foreign,170.17788696289062,0.08556986600160599,1.0,4.0
487,6,trolley,1.0,0.0,4562.0,1.0,261.0,1,1,4,1 tip,1 all neighbours foreign,83.91271209716797,0.12654168903827667,1.0,2.0
488,6,trolley,1.0,0.0,4562.0,1.0,261.0,1,1,4,1 tip,1 all neighbours foreign,226.4861297607422,0.1076495423913002,1.0,5.0
489,0,bus,1.0,0.0,4562.0,1.0,3145.0,0,0,5,1 tip,1 all neighbours foreign,760.240478515625,0.15431080758571625,1.0,12.0
490,3,bus+trolley,2.0,0.0,4562.0,0.5,610.0,1,1,0,2 path,mixed,711.2963256835938,0.10183131694793701,2.0,13.0
491,3,bus+trolley,2.0,0.0,4562.0,0.5,610.0,1,1,0,2 path,mixed,711.8956298828125,0.09468962997198105,2.0,13.0
492,3,bus+trolley,5.0,0.0,4562.0,0.6,610.0,1,1,3,3+ branch,mixed,319.84747314453125,0.21489693224430084,2.0,8.0
493,3,bus+trolley,5.0,0.0,4562.0,0.8,610.0,1,1,6,3+ branch,mixed,1423.69287109375,0.08924245089292526,2.0,28.0
494,3,bus+trolley,3.0,0.0,4562.0,1.0,610.0,1,1,6,3+ branch,1 all neighbours foreign,980.2515869140625,0.07474810630083084,2.0,18.0
495,3,bus+trolley,1.0,0.0,4562.0,0.0,610.0,1,1,0,1 tip,0 no foreign neighbour,880.4995727539062,0.08461008965969086,2.0,16.0
496,6,trolley,1.0,0.0,4562.0,1.0,261.0,1,1,3,1 tip,1 all neighbours foreign,111.14481353759766,0.20648857951164246,1.0,2.0
497,6,trolley,1.0,0.0,4562.0,1.0,261.0,1,1,0,1 tip,1 all neighbours foreign,289.5428161621094,0.07356425374746323,1.0,6.0
498,3,bus+trolley,3.0,0.0,4562.0,1.0,610.0,1,1,3,3+ branch,1 all neighbours foreign,448.1338806152344,0.2039196789264679,2.0,8.0
499,3,bus+trolley,7.0,0.0,4562.0,0.8571428571428571,610.0,1,1,6,3+ branch,mixed,899.5343017578125,0.07398217916488647,2.0,16.0
500,3,bus+trolley,2.0,0.0,4562.0,1.0,610.0,1,1,3,2 path,1 all neighbours foreign,427.8353271484375,0.12974196672439575,2.0,6.0
501,6,trolley,2.0,0.0,4562.0,1.0,261.0,1,1,4,2 path,1 all neighbours foreign,111.14481353759766,0.19693441689014435,1.0,2.0
502,3,bus+trolley,2.0,0.0,4562.0,1.0,610.0,1,1,4,2 path,1 all neighbours foreign,138.10214233398438,0.19244004786014557,2.0,2.0
503,0,bus,3.0,0.0,4562.0,0.3333333333333333,3145.0,0,0,3,3+ branch,mixed,316.41131591796875,0.15483714640140533,1.0,6.0
504,6,trolley,1.0,0.0,4562.0,1.0,261.0,1,1,0,1 tip,1 all neighbours foreign,189.33340454101562,0.08610671013593674,1.0,4.0
505,6,trolley,2.0,0.0,4562.0,0.5,261.0,1,1,0,2 path,mixed,202.12896728515625,0.07885801047086716,1.0,4.0
506,3,bus+trolley,1.0,0.0,4562.0,0.0,610.0,1,1,5,1 tip,0 no foreign neighbour,517.9650268554688,0.10065170377492905,2.0,9.0
507,6,trolley,1.0,0.0,4562.0,1.0,261.0,1,1,2,1 tip,1 all neighbours foreign,62.60839080810547,0.19898177683353424,1.0,1.0
508,3,bus+trolley,2.0,0.0,4562.0,0.0,610.0,1,1,0,2 path,0 no foreign neighbour,854.350830078125,0.09115297347307205,2.0,16.0
509,3,bus+trolley,2.0,0.0,4562.0,0.5,610.0,1,1,0,2 path,mixed,711.8956298828125,0.09538783133029938,2.0,13.0
510,3,bus+trolley,1.0,0.0,4562.0,0.0,610.0,1,1,5,1 tip,0 no foreign neighbour,604.0159301757812,0.09231769293546677,2.0,10.0
511,0,bus,1.0,0.0,4562.0,0.0,3145.0,0,0,4,1 tip,0 no foreign neighbour,12.377492904663086,0.20842163264751434,1.0,1.0
512,3,bus+trolley,2.0,0.0,4562.0,0.0,610.0,1,1,0,2 path,0 no foreign neighbour,711.2963256835938,0.10012774914503098,2.0,13.0
513,3,bus+trolley,3.0,0.0,4562.0,1.0,610.0,1,1,2,3+ branch,1 all neighbours foreign,268.22381591796875,0.19217327237129211,2.0,6.0
514,3,bus+trolley,3.0,0.0,4562.0,0.6666666666666666,610.0,1,1,3,3+ branch,mixed,448.1338806152344,0.203982412815094,2.0,8.0
515,3,bus+trolley,5.0,0.0,4562.0,0.6,610.0,1,1,5,3+ branch,mixed,604.0159301757812,0.08868002146482468,2.0,10.0
516,3,bus+trolley,2.0,0.0,4562.0,0.5,610.0,1,1,0,2 path,mixed,646.5809936523438,0.15811610221862793,2.0,11.0
517,2,bus+tram+trolley,2.0,0.0,4562.0,0.5,88.0,1,1,3,2 path,mixed,261.8515930175781,0.1854248195886612,3.0,6.0
518,3,bus+trolley,1.0,0.0,4562.0,0.0,610.0,1,1,3,1 tip,0 no foreign neighbour,257.82513427734375,0.08537891507148743,2.0,4.0
519,2,bus+tram+trolley,2.0,1.0,4562.0,0.5,88.0,1,1,4,2 path,mixed,257.8216552734375,0.17030645906925201,3.0,6.0
520,3,bus+trolley,2.0,0.0,4562.0,0.0,610.0,1,1,3,2 path,0 no foreign neighbour,257.82513427734375,0.08083992451429367,2.0,4.0
521,3,bus+trolley,2.0,0.0,4562.0,0.5,610.0,1,1,4,2 path,mixed,461.6713562011719,0.17565733194351196,2.0,8.0
522,2,bus+tram+trolley,3.0,0.0,4562.0,0.6666666666666666,88.0,1,1,4,3+ branch,mixed,270.39794921875,0.15997391939163208,3.0,6.0
523,3,bus+trolley,2.0,0.0,4562.0,1.0,610.0,1,1,3,2 path,1 all neighbours foreign,257.82513427734375,0.06761971116065979,2.0,4.0
524,3,bus+trolley,2.0,0.0,4562.0,1.0,610.0,1,1,4,2 path,1 all neighbours foreign,112.0246810913086,0.15574252605438232,2.0,2.0
525,6,trolley,1.0,0.0,4562.0,1.0,261.0,1,1,3,1 tip,1 all neighbours foreign,53.193878173828125,0.06288236379623413,1.0,1.0
526,2,bus+tram+trolley,5.0,0.10000000149011612,4562.0,0.6,88.0,1,1,3,3+ branch,mixed,336.21710205078125,0.15179698169231415,3.0,8.0
527,2,bus+tram+trolley,3.0,0.0,4562.0,0.6666666666666666,88.0,1,1,3,3+ branch,mixed,564.141845703125,0.2138354331254959,3.0,14.0
528,0,bus,2.0,0.0,4562.0,0.0,3145.0,0,0,4,2 path,0 no foreign neighbour,39.195228576660156,0.1893656700849533,1.0,1.0
529,3,bus+trolley,2.0,0.0,4562.0,0.0,610.0,1,1,3,2 path,0 no foreign neighbour,347.4510498046875,0.05937027931213379,2.0,5.0
530,2,bus+tram+trolley,3.0,0.0,4562.0,0.6666666666666666,88.0,1,1,4,3+ branch,mixed,336.21710205078125,0.14864860475063324,3.0,8.0
531,3,bus+trolley,3.0,0.0,4562.0,1.0,610.0,1,1,5,3+ branch,1 all neighbours foreign,494.052978515625,0.2088777869939804,2.0,8.0
532,6,trolley,1.0,0.0,4562.0,1.0,261.0,1,1,4,1 tip,1 all neighbours foreign,48.53641891479492,0.207625150680542,1.0,1.0
533,2,bus+tram+trolley,2.0,0.0,4562.0,0.5,88.0,1,1,4,2 path,mixed,336.21710205078125,0.1493605375289917,3.0,8.0
534,3,bus+trolley,2.0,0.0,4562.0,1.0,610.0,1,1,3,2 path,1 all neighbours foreign,347.4510498046875,0.06174980476498604,2.0,5.0
535,6,trolley,1.0,0.0,4562.0,1.0,261.0,1,1,4,1 tip,1 all neighbours foreign,48.53641891479492,0.22630101442337036,1.0,1.0
536,3,bus+trolley,1.0,0.0,4562.0,0.0,610.0,1,1,4,1 tip,0 no foreign neighbour,112.0246810913086,0.15243719518184662,2.0,2.0
537,6,trolley,1.0,0.0,4562.0,1.0,261.0,1,1,4,1 tip,1 all neighbours foreign,53.193878173828125,0.06412574648857117,1.0,1.0
538,3,bus+trolley,2.0,0.0,4562.0,0.5,610.0,1,1,3,2 path,mixed,347.4510498046875,0.06846393644809723,2.0,5.0
539,2,bus+tram+trolley,3.0,0.6666666865348816,4562.0,0.3333333333333333,88.0,1,1,4,3+ branch,mixed,252.62704467773438,0.17034520208835602,3.0,6.0
540,3,bus+trolley,1.0,0.0,4562.0,0.0,610.0,1,1,3,1 tip,0 no foreign neighbour,257.82513427734375,0.08411026746034622,2.0,4.0
541,5,tram+trolley,2.0,0.0,4562.0,1.0,21.0,1,1,4,2 path,1 all neighbours foreign,194.33338928222656,0.1873319447040558,2.0,5.0
542,0,bus,2.0,0.0,4562.0,0.0,3145.0,0,0,4,2 path,0 no foreign neighbour,261.0394287109375,0.25965970754623413,1.0,6.0
543,3,bus+trolley,4.0,0.1666666716337204,4562.0,1.0,610.0,1,1,3,3+ branch,1 all neighbours foreign,226.85789489746094,0.1936299204826355,2.0,5.0
544,3,bus+trolley,2.0,0.0,4562.0,0.5,610.0,1,1,3,2 path,mixed,517.9650268554688,0.09734943509101868,2.0,9.0
545,3,bus+trolley,1.0,0.0,4562.0,0.0,610.0,1,1,0,1 tip,0 no foreign neighbour,443.3182067871094,0.15545566380023956,2.0,7.0
546,6,trolley,1.0,0.0,4562.0,1.0,261.0,1,1,2,1 tip,1 all neighbours foreign,111.14481353759766,0.2004721462726593,1.0,2.0
547,3,bus+trolley,5.0,0.0,4562.0,0.2,610.0,1,1,0,3+ branch,mixed,443.3182067871094,0.15014111995697021,2.0,7.0
548,3,bus+trolley,3.0,0.3333333432674408,4562.0,0.6666666666666666,610.0,1,1,5,3+ branch,mixed,466.1401062011719,0.10432837903499603,2.0,8.0
549,3,bus+trolley,4.0,0.0,4562.0,0.75,610.0,1,1,4,3+ branch,mixed,443.3182067871094,0.14397509396076202,2.0,7.0
550,6,trolley,1.0,0.0,4562.0,1.0,261.0,1,1,3,1 tip,1 all neighbours foreign,53.193878173828125,0.11616537719964981,1.0,1.0
551,3,bus+trolley,2.0,0.0,4562.0,0.0,610.0,1,1,3,2 path,0 no foreign neighbour,485.3192443847656,0.11085151135921478,2.0,9.0
552,6,trolley,1.0,0.0,4562.0,1.0,261.0,1,1,4,1 tip,1 all neighbours foreign,60.338191986083984,0.13437102735042572,1.0,1.0
553,3,bus+trolley,2.0,0.0,4562.0,0.0,610.0,1,1,3,2 path,0 no foreign neighbour,185.66143798828125,0.12248901277780533,2.0,3.0
554,3,bus+trolley,1.0,0.0,4562.0,0.0,610.0,1,1,4,1 tip,0 no foreign neighbour,170.22508239746094,0.146633580327034,2.0,4.0
555,3,bus+trolley,1.0,0.0,4562.0,0.0,610.0,1,1,2,1 tip,0 no foreign neighbour,85.22594451904297,0.11633956432342529,2.0,2.0
556,3,bus+trolley,3.0,0.0,4562.0,0.0,610.0,1,1,4,3+ branch,0 no foreign neighbour,170.22508239746094,0.1434628665447235,2.0,4.0
557,6,trolley,1.0,0.0,4562.0,0.0,261.0,1,1,4,1 tip,0 no foreign neighbour,28.144166946411133,0.16932091116905212,1.0,1.0
558,3,bus+trolley,3.0,0.0,4562.0,0.6666666666666666,610.0,1,1,2,3+ branch,mixed,85.22594451904297,0.11198221892118454,2.0,2.0
559,3,bus+trolley,1.0,0.0,4562.0,0.0,610.0,1,1,4,1 tip,0 no foreign neighbour,332.76885986328125,0.11606928706169128,2.0,6.0
560,3,bus+trolley,5.0,0.10000000149011612,4562.0,0.6,610.0,1,1,3,3+ branch,mixed,566.4276733398438,0.044662684202194214,2.0,10.0
561,3,bus+trolley,1.0,0.0,4562.0,0.0,610.0,1,1,5,1 tip,0 no foreign neighbour,721.4876098632812,0.050138164311647415,2.0,11.0
562,3,bus+trolley,1.0,0.0,4562.0,0.0,610.0,1,1,4,1 tip,0 no foreign neighbour,291.33123779296875,0.038370173424482346,2.0,5.0
563,3,bus+trolley,2.0,0.0,4562.0,0.5,610.0,1,1,3,2 path,mixed,328.4107971191406,0.0327254943549633,2.0,6.0
564,3,bus+trolley,2.0,0.0,4562.0,0.5,610.0,1,1,5,2 path,mixed,759.9700927734375,0.04646218195557594,2.0,12.0
565,3,bus+trolley,5.0,0.0,4562.0,0.2,610.0,1,1,4,3+ branch,mixed,382.03131103515625,0.026741372421383858,2.0,7.0
566,0,bus,2.0,0.0,4562.0,0.0,3145.0,0,0,4,2 path,0 no foreign neighbour,168.1625518798828,0.13378790020942688,1.0,4.0
567,3,bus+trolley,2.0,0.0,4562.0,0.5,610.0,1,1,5,2 path,mixed,721.4876098632812,0.042676374316215515,2.0,11.0
568,6,trolley,1.0,0.0,4562.0,1.0,261.0,1,1,2,1 tip,1 all neighbours foreign,51.67567825317383,0.2225506454706192,1.0,1.0
569,3,bus+trolley,2.0,0.0,4562.0,0.5,610.0,1,1,3,2 path,mixed,667.47900390625,0.03678800165653229,2.0,10.0
570,3,bus+trolley,2.0,0.0,4562.0,0.0,610.0,1,1,4,2 path,0 no foreign neighbour,382.03131103515625,0.02617695927619934,2.0,7.0
571,3,bus+trolley,3.0,0.0,4562.0,0.6666666666666666,610.0,1,1,3,3+ branch,mixed,489.2255554199219,0.03207922354340553,2.0,7.0
572,3,bus+trolley,5.0,0.0,4562.0,1.0,610.0,1,1,3,3+ branch,1 all neighbours foreign,242.58851623535156,0.22812220454216003,2.0,5.0
573,2,bus+tram+trolley,5.0,0.0,4562.0,1.0,88.0,1,1,5,3+ branch,1 all neighbours foreign,836.9652709960938,0.03464807942509651,3.0,13.0
574,3,bus+trolley,4.0,0.5,4562.0,0.25,610.0,1,1,5,3+ branch,mixed,663.4478149414062,0.08669401705265045,2.0,12.0
575,0,bus,1.0,0.0,4562.0,1.0,3145.0,0,0,2,1 tip,1 all neighbours foreign,36.85954284667969,0.08997011184692383,1.0,1.0
576,3,bus+trolley,2.0,0.0,4562.0,0.0,610.0,1,1,3,2 path,0 no foreign neighbour,667.47900390625,0.037770435214042664,2.0,10.0
577,6,trolley,1.0,0.0,4562.0,1.0,261.0,1,1,2,1 tip,1 all neighbours foreign,51.67567825317383,0.23467785120010376,1.0,1.0
578,3,bus+trolley,2.0,0.0,4562.0,0.5,610.0,1,1,5,2 path,mixed,661.7101440429688,0.04112900793552399,2.0,10.0
579,6,trolley,1.0,0.0,4562.0,1.0,261.0,1,1,3,1 tip,1 all neighbours foreign,51.67567825317383,0.1496640145778656,1.0,1.0
580,3,bus+trolley,2.0,0.0,4562.0,0.5,610.0,1,1,5,2 path,mixed,622.2900390625,0.04518251493573189,2.0,10.0
581,3,bus+trolley,3.0,0.0,4562.0,1.0,610.0,1,1,3,3+ branch,1 all neighbours foreign,222.13209533691406,0.2193111628293991,2.0,4.0
582,6,trolley,2.0,0.0,4562.0,0.5,261.0,1,1,4,2 path,mixed,210.6273193359375,0.09797021001577377,1.0,4.0
583,0,bus,2.0,0.0,4562.0,0.0,3145.0,0,0,3,2 path,0 no foreign neighbour,331.4480285644531,0.10052613914012909,1.0,6.0
584,3,bus+trolley,2.0,0.0,4562.0,1.0,610.0,1,1,3,2 path,1 all neighbours foreign,390.66741943359375,0.13868406414985657,2.0,7.0
585,3,bus+trolley,2.0,0.0,4562.0,0.5,610.0,1,1,5,2 path,mixed,696.7098999023438,0.052031174302101135,2.0,11.0
586,3,bus+trolley,1.0,0.0,4562.0,0.0,610.0,1,1,4,1 tip,0 no foreign neighbour,291.33123779296875,0.03598671033978462,2.0,5.0
587,3,bus+trolley,4.0,0.1666666716337204,4562.0,0.0,610.0,1,1,5,3+ branch,0 no foreign neighbour,721.4186401367188,0.05623903125524521,2.0,11.0
588,6,trolley,3.0,0.0,4562.0,0.6666666666666666,261.0,1,1,3,3+ branch,mixed,210.6457977294922,0.11322588473558426,1.0,4.0
589,0,bus,3.0,0.0,4562.0,0.0,3145.0,0,0,6,3+ branch,0 no foreign neighbour,581.4747314453125,0.3052441477775574,1.0,6.0
590,3,bus+trolley,1.0,0.0,4562.0,0.0,610.0,1,1,3,1 tip,0 no foreign neighbour,379.75750732421875,0.10202091932296753,2.0,7.0
591,3,bus+trolley,5.0,0.0,4562.0,1.0,610.0,1,1,3,3+ branch,1 all neighbours foreign,313.2991638183594,0.2334260493516922,2.0,6.0
592,6,trolley,1.0,0.0,4562.0,1.0,261.0,1,1,3,1 tip,1 all neighbours foreign,303.6118469238281,0.05539454147219658,1.0,6.0
593,3,bus+trolley,2.0,0.0,4562.0,0.0,610.0,1,1,5,2 path,0 no foreign neighbour,796.6388549804688,0.08854363858699799,2.0,14.0
594,3,bus+trolley,1.0,0.0,4562.0,0.0,610.0,1,1,5,1 tip,0 no foreign neighbour,676.5323486328125,0.06274905800819397,2.0,12.0
595,0,bus,2.0,0.0,4562.0,0.0,3145.0,0,0,6,2 path,0 no foreign neighbour,616.6498413085938,0.32240596413612366,1.0,8.0
596,3,bus+trolley,5.0,0.0,4562.0,0.4,610.0,1,1,5,3+ branch,mixed,726.4025268554688,0.0768381655216217,2.0,13.0
597,6,trolley,1.0,0.0,4562.0,1.0,261.0,1,1,4,1 tip,1 all neighbours foreign,51.67567825317383,0.23452427983283997,1.0,1.0
598,3,bus+trolley,2.0,0.0,4562.0,1.0,610.0,1,1,3,2 path,1 all neighbours foreign,399.51531982421875,0.06709674745798111,2.0,7.0
599,6,trolley,1.0,0.0,4562.0,0.0,261.0,1,1,3,1 tip,0 no foreign neighbour,219.48739624023438,0.05846012011170387,1.0,4.0
600,3,bus+trolley,1.0,0.0,4562.0,0.0,610.0,1,1,3,1 tip,0 no foreign neighbour,185.1272735595703,0.23487035930156708,2.0,4.0
601,6,trolley,2.0,1.0,4562.0,1.0,261.0,1,1,3,2 path,1 all neighbours foreign,303.6118469238281,0.05220874398946762,1.0,6.0
602,6,trolley,1.0,0.0,4562.0,1.0,261.0,1,1,2,1 tip,1 all neighbours foreign,51.67567825317383,0.2264517992734909,1.0,1.0
603,2,bus+tram+trolley,3.0,0.0,4562.0,0.6666666666666666,88.0,1,1,2,3+ branch,mixed,202.69186401367188,0.22025850415229797,3.0,7.0
604,0,bus,2.0,0.0,4562.0,0.0,3145.0,0,0,4,2 path,0 no foreign neighbour,217.12351989746094,0.1818082630634308,1.0,4.0
605,2,bus+tram+trolley,3.0,0.0,4562.0,0.0,88.0,1,1,2,3+ branch,0 no foreign neighbour,202.69186401367188,0.21463461220264435,3.0,7.0
606,2,bus+tram+trolley,2.0,0.0,4562.0,0.5,88.0,1,1,4,2 path,mixed,202.69186401367188,0.2074887603521347,3.0,7.0
607,3,bus+trolley,3.0,0.6666666865348816,4562.0,0.6666666666666666,610.0,1,1,3,3+ branch,mixed,247.0354461669922,0.1948675513267517,2.0,6.0
608,3,bus+trolley,1.0,0.0,4562.0,0.0,610.0,1,1,4,1 tip,0 no foreign neighbour,290.3572082519531,0.1097092479467392,2.0,5.0
609,6,trolley,1.0,0.0,4562.0,1.0,261.0,1,1,3,1 tip,1 all neighbours foreign,51.67567825317383,0.1694403886795044,1.0,1.0
610,3,bus+trolley,2.0,0.0,4562.0,1.0,610.0,1,1,3,2 path,1 all neighbours foreign,368.0870056152344,0.164273202419281,2.0,7.0
611,3,bus+trolley,3.0,0.0,4562.0,0.6666666666666666,610.0,1,1,3,3+ branch,mixed,390.66741943359375,0.13767442107200623,2.0,7.0
612,3,bus+trolley,3.0,0.0,4562.0,1.0,610.0,1,1,3,3+ branch,1 all neighbours foreign,386.5970458984375,0.14333996176719666,2.0,7.0
613,6,trolley,1.0,0.0,4562.0,1.0,261.0,1,1,3,1 tip,1 all neighbours foreign,51.67567825317383,0.15182611346244812,1.0,1.0
614,3,bus+trolley,3.0,0.3333333432674408,4562.0,1.0,610.0,1,1,5,3+ branch,1 all neighbours foreign,879.84130859375,0.16691356897354126,2.0,17.0
615,3,bus+trolley,3.0,0.0,4562.0,1.0,610.0,1,1,4,3+ branch,1 all neighbours foreign,198.98678588867188,0.03166314214468002,2.0,4.0
616,6,trolley,1.0,0.0,4562.0,1.0,261.0,1,1,4,1 tip,1 all neighbours foreign,84.12445831298828,0.04036342352628708,1.0,2.0
617,3,bus+trolley,3.0,0.0,4562.0,1.0,610.0,1,1,3,3+ branch,1 all neighbours foreign,389.5666809082031,0.044812288135290146,2.0,7.0
618,0,bus,2.0,0.0,4562.0,1.0,3145.0,0,0,4,2 path,1 all neighbours foreign,548.2744140625,0.17396904528141022,1.0,11.0
619,6,trolley,1.0,0.0,4562.0,1.0,261.0,1,1,4,1 tip,1 all neighbours foreign,93.23224639892578,0.13909737765789032,1.0,2.0
620,3,bus+trolley,2.0,0.0,4562.0,0.5,610.0,1,1,3,2 path,mixed,463.1771240234375,0.14843201637268066,2.0,8.0
621,3,bus+trolley,4.0,0.0,4562.0,0.75,610.0,1,1,3,3+ branch,mixed,405.60699462890625,0.14167669415473938,2.0,7.0
622,3,bus+trolley,3.0,0.0,4562.0,0.3333333333333333,610.0,1,1,3,3+ branch,mixed,485.3192443847656,0.10530965030193329,2.0,9.0
623,6,trolley,1.0,0.0,4562.0,1.0,261.0,1,1,3,1 tip,1 all neighbours foreign,29.913381576538086,0.13806241750717163,1.0,1.0
624,1,bus+tram,2.0,0.0,4562.0,0.5,149.0,1,1,2,2 path,mixed,208.99700927734375,0.19780024886131287,2.0,4.0
625,3,bus+trolley,2.0,0.0,4562.0,1.0,610.0,1,1,5,2 path,1 all neighbours foreign,407.3782653808594,0.19502641260623932,2.0,7.0
626,3,bus+trolley,3.0,0.0,4562.0,1.0,610.0,1,1,5,3+ branch,1 all neighbours foreign,435.4913635253906,0.11729920655488968,2.0,8.0
627,2,bus+tram+trolley,4.0,0.0,4562.0,0.75,88.0,1,1,3,3+ branch,mixed,224.0292205810547,0.14323434233665466,3.0,5.0
628,6,trolley,1.0,0.0,4562.0,1.0,261.0,1,1,3,1 tip,1 all neighbours foreign,231.47764587402344,0.12273875623941422,1.0,4.0
629,3,bus+trolley,2.0,0.0,4562.0,0.5,610.0,1,1,2,2 path,mixed,189.87503051757812,0.1457962840795517,2.0,4.0
630,3,bus+trolley,3.0,0.0,4562.0,0.3333333333333333,610.0,1,1,5,3+ branch,mixed,779.5286254882812,0.11741555482149124,2.0,15.0
631,2,bus+tram+trolley,7.0,0.0,4562.0,0.8571428571428571,88.0,1,1,3,3+ branch,mixed,354.7003479003906,0.1408827155828476,3.0,8.0
632,2,bus+tram+trolley,4.0,0.0,4562.0,0.75,88.0,1,1,3,3+ branch,mixed,354.7003479003906,0.1384526640176773,3.0,8.0
633,3,bus+trolley,2.0,0.0,4562.0,0.5,610.0,1,1,3,2 path,mixed,485.3192443847656,0.10978113859891891,2.0,9.0
634,3,bus+trolley,3.0,0.0,4562.0,0.3333333333333333,610.0,1,1,5,3+ branch,mixed,564.7734375,0.1339215785264969,2.0,9.0
635,2,bus+tram+trolley,2.0,0.0,4562.0,0.5,88.0,1,1,5,2 path,mixed,588.661865234375,0.14102405309677124,3.0,11.0
636,3,bus+trolley,3.0,0.3333333432674408,4562.0,0.3333333333333333,610.0,1,1,3,3+ branch,mixed,293.9676818847656,0.09990238398313522,2.0,6.0
637,2,bus+tram+trolley,7.0,0.0476190485060215,4562.0,0.8571428571428571,88.0,1,1,5,3+ branch,mixed,681.5592041015625,0.13160447776317596,3.0,14.0
638,3,bus+trolley,1.0,0.0,4562.0,0.0,610.0,1,1,3,1 tip,0 no foreign neighbour,293.9676818847656,0.09894443303346634,2.0,6.0
639,6,trolley,2.0,0.0,4562.0,1.0,261.0,1,1,2,2 path,1 all neighbours foreign,128.42471313476562,0.16151955723762512,1.0,2.0
640,2,bus+tram+trolley,7.0,0.095238097012043,4562.0,0.7142857142857143,88.0,1,1,5,3+ branch,mixed,786.0949096679688,0.12950752675533295,3.0,15.0
641,0,bus,1.0,0.0,4562.0,0.0,3145.0,0,0,2,1 tip,0 no foreign neighbour,82.27015686035156,0.20180532336235046,1.0,2.0
642,6,trolley,1.0,0.0,4562.0,1.0,261.0,1,1,4,1 tip,1 all neighbours foreign,84.12445831298828,0.036014214158058167,1.0,2.0
643,6,trolley,1.0,0.0,4562.0,1.0,261.0,1,1,3,1 tip,1 all neighbours foreign,164.80023193359375,0.19171838462352753,1.0,3.0
644,3,bus+trolley,4.0,0.1666666716337204,4562.0,0.25,610.0,1,1,3,3+ branch,mixed,443.9389953613281,0.023688340559601784,2.0,8.0
645,3,bus+trolley,3.0,0.0,4562.0,0.6666666666666666,610.0,1,1,5,3+ branch,mixed,544.8746337890625,0.13176707923412323,2.0,10.0
646,6,trolley,1.0,0.0,4562.0,1.0,261.0,1,1,3,1 tip,1 all neighbours foreign,124.01167297363281,0.13469921052455902,1.0,2.0
647,3,bus+trolley,1.0,0.0,4562.0,0.0,610.0,1,1,5,1 tip,0 no foreign neighbour,374.7939453125,0.18478387594223022,2.0,7.0
648,3,bus+trolley,3.0,0.3333333432674408,4562.0,0.6666666666666666,610.0,1,1,3,3+ branch,mixed,447.2369384765625,0.1267818659543991,2.0,8.0
649,2,bus+tram+trolley,3.0,0.0,4562.0,1.0,88.0,1,1,3,3+ branch,1 all neighbours foreign,406.54931640625,0.11592473089694977,3.0,8.0
650,6,trolley,1.0,0.0,4562.0,1.0,261.0,1,1,4,1 tip,1 all neighbours foreign,44.69582748413086,0.03993125259876251,1.0,1.0
651,0,bus,2.0,0.0,4562.0,0.0,3145.0,0,0,4,2 path,0 no foreign neighbour,51.91919708251953,0.06683564931154251,1.0,1.0
652,3,bus+trolley,1.0,0.0,4562.0,0.0,610.0,1,1,3,1 tip,0 no foreign neighbour,358.67193603515625,0.11374648660421371,2.0,7.0
653,3,bus+trolley,4.0,0.1666666716337204,4562.0,0.5,610.0,1,1,5,3+ branch,mixed,796.6348876953125,0.16896580159664154,2.0,13.0
654,3,bus+trolley,2.0,1.0,4562.0,0.5,610.0,1,1,3,2 path,mixed,147.96510314941406,0.04051559790968895,2.0,3.0
655,6,trolley,1.0,0.0,4562.0,0.0,261.0,1,1,3,1 tip,0 no foreign neighbour,235.00393676757812,0.1066228523850441,1.0,4.0
656,0,bus,1.0,0.0,4562.0,1.0,3145.0,0,0,4,1 tip,1 all neighbours foreign,103.20376586914062,0.13567259907722473,1.0,2.0
657,6,trolley,1.0,0.0,4562.0,1.0,261.0,1,1,3,1 tip,1 all neighbours foreign,167.68313598632812,0.16087943315505981,1.0,3.0
658,2,bus+tram+trolley,7.0,0.0476190485060215,4562.0,1.0,88.0,1,1,5,3+ branch,1 all neighbours foreign,1206.8802490234375,0.15455855429172516,3.0,23.0
659,3,bus+trolley,4.0,0.1666666716337204,4562.0,0.5,610.0,1,1,3,3+ branch,mixed,211.10147094726562,0.08131517469882965,2.0,4.0
660,3,bus+trolley,2.0,0.0,4562.0,1.0,610.0,1,1,3,2 path,1 all neighbours foreign,326.5667724609375,0.0781077966094017,2.0,5.0
661,5,tram+trolley,2.0,0.0,4562.0,1.0,21.0,1,1,2,2 path,1 all neighbours foreign,112.57830047607422,0.14651526510715485,2.0,3.0
662,3,bus+trolley,4.0,0.0,4562.0,1.0,610.0,1,1,3,3+ branch,1 all neighbours foreign,185.24868774414062,0.10496640205383301,2.0,3.0
663,3,bus+trolley,2.0,0.0,4562.0,0.5,610.0,1,1,3,2 path,mixed,443.5043640136719,0.19893768429756165,2.0,7.0
664,6,trolley,1.0,0.0,4562.0,1.0,261.0,1,1,4,1 tip,1 all neighbours foreign,259.8737487792969,0.07662864029407501,1.0,4.0
665,3,bus+trolley,1.0,0.0,4562.0,0.0,610.0,1,1,5,1 tip,0 no foreign neighbour,377.01409912109375,0.147091343998909,2.0,6.0
666,3,bus+trolley,1.0,0.0,4562.0,0.0,610.0,1,1,2,1 tip,0 no foreign neighbour,185.24868774414062,0.10677817463874817,2.0,3.0
667,3,bus+trolley,3.0,0.3333333432674408,4562.0,1.0,610.0,1,1,3,3+ branch,1 all neighbours foreign,394.432373046875,0.06908448785543442,2.0,6.0
668,3,bus+trolley,1.0,0.0,4562.0,0.0,610.0,1,1,3,1 tip,0 no foreign neighbour,364.8357849121094,0.13860152661800385,2.0,6.0
669,0,bus,2.0,0.0,4562.0,0.0,3145.0,0,0,3,2 path,0 no foreign neighbour,249.3640594482422,0.22165416181087494,1.0,5.0
670,5,tram+trolley,5.0,0.0,4562.0,1.0,21.0,1,1,4,3+ branch,1 all neighbours foreign,295.8837585449219,0.05802672728896141,2.0,5.0
671,3,bus+trolley,3.0,0.0,4562.0,0.3333333333333333,610.0,1,1,3,3+ branch,mixed,422.40594482421875,0.14270293712615967,2.0,7.0
672,3,bus+trolley,2.0,0.0,4562.0,1.0,610.0,1,1,4,2 path,1 all neighbours foreign,411.2018127441406,0.05040479078888893,2.0,7.0
673,3,bus+trolley,3.0,0.0,4562.0,1.0,610.0,1,1,3,3+ branch,1 all neighbours foreign,207.93348693847656,0.15001042187213898,2.0,4.0
674,2,bus+tram+trolley,5.0,0.0,4562.0,1.0,88.0,1,1,4,3+ branch,1 all neighbours foreign,541.0009765625,0.04802360013127327,3.0,9.0
675,6,trolley,1.0,0.0,4562.0,0.0,261.0,1,1,3,1 tip,0 no foreign neighbour,114.4892578125,0.12436441332101822,1.0,2.0
676,6,trolley,1.0,0.0,4562.0,1.0,261.0,1,1,2,1 tip,1 all neighbours foreign,29.913381576538086,0.15478043258190155,1.0,1.0
677,6,trolley,1.0,0.0,4562.0,1.0,261.0,1,1,4,1 tip,1 all neighbours foreign,122.0845718383789,0.03738482668995857,1.0,2.0
678,5,tram+trolley,2.0,0.0,4562.0,1.0,21.0,1,1,4,2 path,1 all neighbours foreign,188.22019958496094,0.029388831928372383,2.0,3.0
679,6,trolley,1.0,0.0,4562.0,1.0,261.0,1,1,4,1 tip,1 all neighbours foreign,98.3192367553711,0.055623859167099,1.0,2.0
680,6,trolley,1.0,0.0,4562.0,1.0,261.0,1,1,3,1 tip,1 all neighbours foreign,114.4892578125,0.12496959418058395,1.0,2.0
681,0,bus,1.0,0.0,4562.0,0.0,3145.0,0,0,4,1 tip,0 no foreign neighbour,81.87469482421875,0.03754827007651329,1.0,2.0
682,3,bus+trolley,1.0,0.0,4562.0,0.0,610.0,1,1,4,1 tip,0 no foreign neighbour,248.0255889892578,0.029959769919514656,2.0,5.0
683,3,bus+trolley,2.0,0.0,4562.0,0.0,610.0,1,1,4,2 path,0 no foreign neighbour,248.0255889892578,0.031119029968976974,2.0,5.0
684,3,bus+trolley,3.0,0.3333333432674408,4562.0,0.3333333333333333,610.0,1,1,3,3+ branch,mixed,581.9661254882812,0.059635791927576065,2.0,12.0
685,6,trolley,1.0,0.0,4562.0,0.0,261.0,1,1,4,1 tip,0 no foreign neighbour,48.07526779174805,0.11002275347709656,1.0,1.0
686,3,bus+trolley,5.0,0.20000000298023224,4562.0,0.8,610.0,1,1,4,3+ branch,mixed,483.90814208984375,0.033586952835321426,2.0,11.0
687,0,bus,3.0,0.0,4562.0,0.0,3145.0,0,0,4,3+ branch,0 no foreign neighbour,194.30908203125,0.18913887441158295,1.0,4.0
688,6,trolley,1.0,0.0,4562.0,1.0,261.0,1,1,2,1 tip,1 all neighbours foreign,77.62226867675781,0.09959899634122849,1.0,2.0
689,3,bus+trolley,1.0,0.0,4562.0,0.0,610.0,1,1,4,1 tip,0 no foreign neighbour,409.0421447753906,0.06016871705651283,2.0,8.0
690,3,bus+trolley,3.0,0.3333333432674408,4562.0,1.0,610.0,1,1,4,3+ branch,1 all neighbours foreign,248.0255889892578,0.029856495559215546,2.0,5.0
691,2,bus+tram+trolley,3.0,0.0,4562.0,1.0,88.0,1,1,4,3+ branch,1 all neighbours foreign,294.6942138671875,0.02964850142598152,3.0,5.0
692,6,trolley,1.0,0.0,4562.0,1.0,261.0,1,1,4,1 tip,1 all neighbours foreign,122.0845718383789,0.04370740056037903,1.0,2.0
693,3,bus+trolley,1.0,0.0,4562.0,0.0,610.0,1,1,3,1 tip,0 no foreign neighbour,211.99319458007812,0.08543426543474197,2.0,5.0
694,3,bus+trolley,2.0,0.0,4562.0,1.0,610.0,1,1,4,2 path,1 all neighbours foreign,411.2018127441406,0.05344715341925621,2.0,7.0
695,3,bus+trolley,1.0,0.0,4562.0,1.0,610.0,1,1,5,1 tip,1 all neighbours foreign,515.3956298828125,0.045876506716012955,2.0,11.0
696,3,bus+trolley,2.0,0.0,4562.0,1.0,610.0,1,1,3,2 path,1 all neighbours foreign,509.249267578125,0.07476010918617249,2.0,10.0
697,3,bus+trolley,3.0,0.0,4562.0,1.0,610.0,1,1,3,3+ branch,1 all neighbours foreign,394.432373046875,0.06934986263513565,2.0,6.0
698,3,bus+trolley,2.0,0.0,4562.0,1.0,610.0,1,1,2,2 path,1 all neighbours foreign,124.00592803955078,0.10714258253574371,2.0,3.0
699,3,bus+trolley,2.0,0.0,4562.0,0.0,610.0,1,1,0,2 path,0 no foreign neighbour,332.76885986328125,0.12536321580410004,2.0,6.0
700,3,bus+trolley,3.0,0.0,4562.0,0.6666666666666666,610.0,1,1,3,3+ branch,mixed,473.53179931640625,0.0675518810749054,2.0,8.0
701,3,bus+trolley,1.0,0.0,4562.0,0.0,610.0,1,1,4,1 tip,0 no foreign neighbour,170.22508239746094,0.13810968399047852,2.0,4.0
702,3,bus+trolley,2.0,0.0,4562.0,0.5,610.0,1,1,4,2 path,mixed,225.83847045898438,0.110780730843544,2.0,6.0
703,3,bus+trolley,4.0,0.0,4562.0,0.25,610.0,1,1,3,3+ branch,mixed,337.05108642578125,0.06107331067323685,2.0,6.0
704,3,bus+trolley,2.0,0.0,4562.0,0.0,610.0,1,1,3,2 path,0 no foreign neighbour,298.1241149902344,0.060230448842048645,2.0,5.0
705,3,bus+trolley,5.0,0.0,4562.0,0.4,610.0,1,1,4,3+ branch,mixed,170.22508239746094,0.13447965681552887,2.0,4.0
706,3,bus+trolley,5.0,0.0,4562.0,1.0,610.0,1,1,0,3+ branch,1 all neighbours foreign,432.88385009765625,0.16310276091098785,2.0,9.0
707,3,bus+trolley,1.0,0.0,4562.0,0.0,610.0,1,1,0,1 tip,0 no foreign neighbour,531.3644409179688,0.07483961433172226,2.0,9.0
708,3,bus+trolley,2.0,0.0,4562.0,0.5,610.0,1,1,3,2 path,mixed,298.1241149902344,0.05857574939727783,2.0,5.0
709,5,tram+trolley,2.0,0.0,4562.0,0.5,21.0,1,1,4,2 path,mixed,110.05278015136719,0.15744711458683014,2.0,3.0
710,5,tram+trolley,2.0,0.0,4562.0,0.5,21.0,1,1,0,2 path,mixed,110.05278015136719,0.15187934041023254,2.0,3.0
711,6,trolley,1.0,0.0,4562.0,1.0,261.0,1,1,4,1 tip,1 all neighbours foreign,29.546998977661133,0.05583641678094864,1.0,1.0
712,2,bus+tram+trolley,3.0,0.3333333432674408,4562.0,0.6666666666666666,88.0,1,1,3,3+ branch,mixed,448.9007568359375,0.025733977556228638,3.0,7.0
713,3,bus+trolley,3.0,0.0,4562.0,0.6666666666666666,610.0,1,1,0,3+ branch,mixed,531.3644409179688,0.0770149901509285,2.0,9.0
714,2,bus+tram+trolley,7.0,0.0476190485060215,4562.0,0.8571428571428571,88.0,1,1,6,3+ branch,mixed,447.2431640625,0.1456030011177063,3.0,10.0
715,6,trolley,2.0,0.0,4562.0,1.0,261.0,1,1,0,2 path,1 all neighbours foreign,144.48388671875,0.07921533286571503,1.0,3.0
716,3,bus+trolley,2.0,0.0,4562.0,0.5,610.0,1,1,2,2 path,mixed,171.74325561523438,0.05115319415926933,2.0,4.0
717,2,bus+tram+trolley,4.0,0.3333333432674408,4562.0,0.5,88.0,1,1,0,3+ branch,mixed,419.6620178222656,0.1397215574979782,3.0,9.0
718,6,trolley,1.0,0.0,4562.0,0.0,261.0,1,1,4,1 tip,0 no foreign neighbour,29.546998977661133,0.05252022668719292,1.0,1.0
719,3,bus+trolley,4.0,0.0,4562.0,0.75,610.0,1,1,0,3+ branch,mixed,567.4558715820312,0.08242892473936081,2.0,10.0
720,3,bus+trolley,2.0,0.0,4562.0,1.0,610.0,1,1,4,2 path,1 all neighbours foreign,192.3584442138672,0.11468406021595001,2.0,4.0
721,3,bus+trolley,1.0,0.0,4562.0,1.0,610.0,1,1,6,1 tip,1 all neighbours foreign,698.7651977539062,0.13146306574344635,2.0,13.0
722,0,bus,3.0,0.0,4562.0,0.0,3145.0,0,0,0,3+ branch,0 no foreign neighbour,261.0394287109375,0.25664687156677246,1.0,6.0
723,6,trolley,1.0,0.0,4562.0,1.0,261.0,1,1,4,1 tip,1 all neighbours foreign,70.76238250732422,0.10807684808969498,1.0,2.0
724,3,bus+trolley,4.0,0.1666666716337204,4562.0,0.5,610.0,1,1,0,3+ branch,mixed,567.4558715820312,0.08522969484329224,2.0,10.0
725,3,bus+trolley,1.0,0.0,4562.0,0.0,610.0,1,1,3,1 tip,0 no foreign neighbour,298.1241149902344,0.05819186195731163,2.0,5.0
726,6,trolley,1.0,0.0,4562.0,1.0,261.0,1,1,0,1 tip,1 all neighbours foreign,144.48388671875,0.08734391629695892,1.0,3.0
727,3,bus+trolley,2.0,0.0,4562.0,1.0,610.0,1,1,0,2 path,1 all neighbours foreign,623.297607421875,0.0890154018998146,2.0,10.0
728,0,bus,2.0,0.0,4562.0,0.0,3145.0,0,0,4,2 path,0 no foreign neighbour,131.16390991210938,0.037970855832099915,1.0,3.0
729,6,trolley,1.0,0.0,4562.0,1.0,261.0,1,1,4,1 tip,1 all neighbours foreign,198.03182983398438,0.09047981351613998,1.0,4.0
730,3,bus+trolley,1.0,0.0,4562.0,1.0,610.0,1,1,4,1 tip,1 all neighbours foreign,284.0387268066406,0.09722389280796051,2.0,5.0
731,2,bus+tram+trolley,3.0,0.3333333432674408,4562.0,0.0,88.0,1,1,0,3+ branch,0 no foreign neighbour,447.2431640625,0.13320238888263702,3.0,10.0
732,3,bus+trolley,1.0,0.0,4562.0,0.0,610.0,1,1,0,1 tip,0 no foreign neighbour,699.3088989257812,0.09387335181236267,2.0,11.0
733,3,bus+trolley,4.0,0.0,4562.0,0.5,610.0,1,1,6,3+ branch,mixed,699.3088989257812,0.09613338112831116,2.0,11.0
734,3,bus+trolley,3.0,0.0,4562.0,0.6666666666666666,610.0,1,1,0,3+ branch,mixed,572.3538818359375,0.09899035096168518,2.0,9.0
735,3,bus+trolley,2.0,0.0,4562.0,1.0,610.0,1,1,4,2 path,1 all neighbours foreign,116.11312866210938,0.0669281929731369,2.0,3.0
736,6,trolley,1.0,0.0,4562.0,1.0,261.0,1,1,0,1 tip,1 all neighbours foreign,198.03182983398438,0.10147307068109512,1.0,4.0
737,6,trolley,1.0,0.0,4562.0,1.0,261.0,1,1,0,1 tip,1 all neighbours foreign,75.24617767333984,0.15621478855609894,1.0,2.0
738,3,bus+trolley,2.0,0.0,4562.0,0.0,610.0,1,1,0,2 path,0 no foreign neighbour,484.80181884765625,0.10725588351488113,2.0,8.0
739,6,trolley,1.0,0.0,4562.0,1.0,261.0,1,1,2,1 tip,1 all neighbours foreign,29.546998977661133,0.1037524938583374,1.0,1.0
740,3,bus+trolley,1.0,0.0,4562.0,0.0,610.0,1,1,2,1 tip,0 no foreign neighbour,85.22594451904297,0.1087879091501236,2.0,2.0
741,0,bus,1.0,0.0,4562.0,0.0,3145.0,0,0,6,1 tip,0 no foreign neighbour,78.6676254272461,0.977195143699646,1.0,1.0
742,3,bus+trolley,2.0,0.0,4562.0,1.0,610.0,1,1,0,2 path,1 all neighbours foreign,572.3538818359375,0.10464426130056381,2.0,9.0
743,6,trolley,1.0,0.0,4562.0,1.0,261.0,1,1,3,1 tip,1 all neighbours foreign,29.546998977661133,0.11771601438522339,1.0,1.0
744,6,trolley,1.0,0.0,4562.0,1.0,261.0,1,1,0,1 tip,1 all neighbours foreign,198.03182983398438,0.10102629661560059,1.0,4.0
745,6,trolley,2.0,0.0,4562.0,0.0,261.0,1,1,4,2 path,0 no foreign neighbour,75.24617767333984,0.16839171946048737,1.0,2.0
746,6,trolley,1.0,0.0,4562.0,1.0,261.0,1,1,2,1 tip,1 all neighbours foreign,65.0218276977539,0.12290532886981964,1.0,1.0
747,3,bus+trolley,2.0,0.0,4562.0,1.0,610.0,1,1,0,2 path,1 all neighbours foreign,623.297607421875,0.09334556013345718,2.0,10.0
748,6,trolley,2.0,0.0,4562.0,1.0,261.0,1,1,0,2 path,1 all neighbours foreign,198.03182983398438,0.08984803408384323,1.0,4.0
749,5,tram+trolley,2.0,1.0,4562.0,1.0,21.0,1,1,3,2 path,1 all neighbours foreign,198.3556365966797,0.13114364445209503,2.0,5.0
750,3,bus+trolley,1.0,0.0,4562.0,0.0,610.0,1,1,0,1 tip,0 no foreign neighbour,567.4558715820312,0.08745235204696655,2.0,10.0
751,6,trolley,1.0,0.0,4562.0,1.0,261.0,1,1,3,1 tip,1 all neighbours foreign,50.310977935791016,0.16805583238601685,1.0,1.0
752,2,bus+tram+trolley,6.0,0.0,4562.0,1.0,88.0,1,1,0,3+ branch,1 all neighbours foreign,465.8680725097656,0.08999094367027283,3.0,9.0
753,6,trolley,1.0,0.0,4562.0,1.0,261.0,1,1,4,1 tip,1 all neighbours foreign,99.01525115966797,0.12469930201768875,1.0,2.0
754,5,tram+trolley,2.0,0.0,4562.0,1.0,21.0,1,1,4,2 path,1 all neighbours foreign,195.54098510742188,0.08088837563991547,2.0,5.0
755,3,bus+trolley,2.0,0.0,4562.0,0.5,610.0,1,1,4,2 path,mixed,343.9622802734375,0.07244669646024704,2.0,6.0
756,3,bus+trolley,2.0,0.0,4562.0,0.0,610.0,1,1,4,2 path,0 no foreign neighbour,287.87176513671875,0.11956574022769928,2.0,5.0
757,6,trolley,3.0,0.3333333432674408,4562.0,0.6666666666666666,261.0,1,1,4,3+ branch,mixed,75.82978820800781,0.14807264506816864,1.0,2.0
758,3,bus+trolley,4.0,0.0,4562.0,1.0,610.0,1,1,0,3+ branch,1 all neighbours foreign,401.3487548828125,0.1537247598171234,2.0,8.0
759,6,trolley,1.0,0.0,4562.0,1.0,261.0,1,1,2,1 tip,1 all neighbours foreign,38.677059173583984,0.15745621919631958,1.0,1.0
760,3,bus+trolley,3.0,0.0,4562.0,1.0,610.0,1,1,0,3+ branch,1 all neighbours foreign,400.4284362792969,0.14874255657196045,2.0,7.0
761,6,trolley,1.0,0.0,4562.0,1.0,261.0,1,1,4,1 tip,1 all neighbours foreign,38.677059173583984,0.1389603316783905,1.0,1.0
762,3,bus+trolley,1.0,0.0,4562.0,0.0,610.0,1,1,0,1 tip,0 no foreign neighbour,413.60986328125,0.1298561543226242,2.0,7.0
763,6,trolley,1.0,0.0,4562.0,1.0,261.0,1,1,3,1 tip,1 all neighbours foreign,56.937416076660156,0.12931329011917114,1.0,1.0
764,3,bus+trolley,1.0,0.0,4562.0,0.0,610.0,1,1,4,1 tip,0 no foreign neighbour,400.4284362792969,0.14474965631961823,2.0,7.0
765,0,bus,2.0,0.0,4562.0,0.5,3145.0,0,0,2,2 path,mixed,36.85954284667969,0.08804865181446075,1.0,1.0
766,3,bus+trolley,3.0,0.0,4562.0,1.0,610.0,1,1,0,3+ branch,1 all neighbours foreign,447.4465637207031,0.1533273160457611,2.0,8.0
767,3,bus+trolley,3.0,0.0,4562.0,0.6666666666666666,610.0,1,1,5,3+ branch,mixed,501.6897888183594,0.10133054107427597,2.0,8.0
768,6,trolley,1.0,0.0,4562.0,1.0,261.0,1,1,4,1 tip,1 all neighbours foreign,75.82978820800781,0.15731273591518402,1.0,2.0
769,6,trolley,1.0,0.0,4562.0,1.0,261.0,1,1,3,1 tip,1 all neighbours foreign,121.95924377441406,0.09875336289405823,1.0,2.0
770,3,bus+trolley,2.0,0.0,4562.0,1.0,610.0,1,1,0,2 path,1 all neighbours foreign,649.1205444335938,0.15224502980709076,2.0,12.0
771,3,bus+trolley,1.0,0.0,4562.0,1.0,610.0,1,1,5,1 tip,1 all neighbours foreign,455.0997619628906,0.09639113396406174,2.0,7.0
772,2,bus+tram+trolley,5.0,0.0,4562.0,1.0,88.0,1,1,5,3+ branch,1 all neighbours foreign,519.59814453125,0.08485063910484314,3.0,9.0
773,6,trolley,2.0,1.0,4562.0,0.0,261.0,1,1,4,2 path,0 no foreign neighbour,118.5223617553711,0.049657322466373444,1.0,2.0
774,6,trolley,1.0,0.0,4562.0,1.0,261.0,1,1,4,1 tip,1 all neighbours foreign,118.5223617553711,0.04815467447042465,1.0,2.0
775,3,bus+trolley,2.0,0.0,4562.0,1.0,610.0,1,1,3,2 path,1 all neighbours foreign,352.682373046875,0.07478538155555725,2.0,5.0
776,3,bus+trolley,2.0,0.0,4562.0,1.0,610.0,1,1,3,2 path,1 all neighbours foreign,240.31637573242188,0.1736571490764618,2.0,4.0
777,0,bus,2.0,0.0,4562.0,0.0,3145.0,0,0,3,2 path,0 no foreign neighbour,264.59490966796875,0.09620387852191925,1.0,4.0
778,6,trolley,1.0,0.0,4562.0,1.0,261.0,1,1,3,1 tip,1 all neighbours foreign,56.937416076660156,0.07390061020851135,1.0,1.0
779,2,bus+tram+trolley,2.0,0.0,4562.0,1.0,88.0,1,1,0,2 path,1 all neighbours foreign,391.0485534667969,0.04635385796427727,3.0,8.0
780,6,trolley,1.0,0.0,4562.0,1.0,261.0,1,1,2,1 tip,1 all neighbours foreign,50.310977935791016,0.16505050659179688,1.0,1.0
781,3,bus+trolley,2.0,1.0,4562.0,0.0,610.0,1,1,0,2 path,0 no foreign neighbour,301.72808837890625,0.04586346447467804,2.0,6.0
782,3,bus+trolley,1.0,0.0,4562.0,0.0,610.0,1,1,0,1 tip,0 no foreign neighbour,247.58387756347656,0.05856097862124443,2.0,4.0
783,0,bus,1.0,0.0,4562.0,0.0,3145.0,0,0,2,1 tip,0 no foreign neighbour,35.44072723388672,0.4063917100429535,1.0,1.0
784,3,bus+trolley,2.0,0.0,4562.0,1.0,610.0,1,1,3,2 path,1 all neighbours foreign,352.682373046875,0.0750577300786972,2.0,5.0
785,3,bus+trolley,1.0,0.0,4562.0,0.0,610.0,1,1,0,1 tip,0 no foreign neighbour,489.40869140625,0.07820063084363937,2.0,8.0
786,5,tram+trolley,4.0,0.0,4562.0,1.0,21.0,1,1,3,3+ branch,1 all neighbours foreign,133.8649444580078,0.1677067130804062,2.0,4.0
787,2,bus+tram+trolley,3.0,0.0,4562.0,1.0,88.0,1,1,5,3+ branch,1 all neighbours foreign,788.8627319335938,0.17361998558044434,3.0,16.0
788,6,trolley,1.0,0.0,4562.0,1.0,261.0,1,1,4,1 tip,1 all neighbours foreign,56.937416076660156,0.07351946830749512,1.0,1.0
789,3,bus+trolley,4.0,0.0,4562.0,0.5,610.0,1,1,0,3+ branch,mixed,489.40869140625,0.08204876631498337,2.0,8.0
790,5,tram+trolley,5.0,0.10000000149011612,4562.0,0.8,21.0,1,1,3,3+ branch,mixed,133.8649444580078,0.17928428947925568,2.0,4.0
791,0,bus,2.0,0.0,4562.0,0.0,3145.0,0,0,2,2 path,0 no foreign neighbour,35.44072723388672,0.40513327717781067,1.0,1.0
792,3,bus+trolley,1.0,0.0,4562.0,0.0,610.0,1,1,0,1 tip,0 no foreign neighbour,489.40869140625,0.08695495873689651,2.0,8.0
793,3,bus+trolley,2.0,0.0,4562.0,0.5,610.0,1,1,0,2 path,mixed,489.40869140625,0.07893592119216919,2.0,8.0
794,3,bus+trolley,2.0,0.0,4562.0,1.0,610.0,1,1,0,2 path,1 all neighbours foreign,303.5719909667969,0.06274743378162384,2.0,7.0
795,3,bus+trolley,1.0,0.0,4562.0,0.0,610.0,1,1,5,1 tip,0 no foreign neighbour,501.6897888183594,0.09839745610952377,2.0,8.0
796,0,bus,2.0,0.0,4562.0,0.0,3145.0,0,0,6,2 path,0 no foreign neighbour,207.3431854248047,0.8213678002357483,1.0,3.0
797,3,bus+trolley,2.0,0.0,4562.0,0.0,610.0,1,1,5,2 path,0 no foreign neighbour,501.6897888183594,0.10853812843561172,2.0,8.0
798,3,bus+trolley,3.0,0.0,4562.0,0.0,610.0,1,1,3,3+ branch,0 no foreign neighbour,482.3146667480469,0.13485656678676605,2.0,8.0
799,3,bus+trolley,2.0,0.0,4562.0,0.0,610.0,1,1,3,2 path,0 no foreign neighbour,364.7357177734375,0.11539115011692047,2.0,6.0
800,3,bus+trolley,1.0,0.0,4562.0,1.0,610.0,1,1,4,1 tip,1 all neighbours foreign,301.72808837890625,0.04609975218772888,2.0,6.0
801,3,bus+trolley,2.0,0.0,4562.0,1.0,610.0,1,1,3,2 path,1 all neighbours foreign,299.7138671875,0.1217009574174881,2.0,5.0
802,2,bus+tram+trolley,4.0,0.0,4562.0,1.0,88.0,1,1,0,3+ branch,1 all neighbours foreign,391.0485534667969,0.04691614583134651,3.0,8.0
803,6,trolley,1.0,0.0,4562.0,1.0,261.0,1,1,3,1 tip,1 all neighbours foreign,56.937416076660156,0.12699024379253387,1.0,1.0
804,6,trolley,2.0,1.0,4562.0,0.0,261.0,1,1,4,2 path,0 no foreign neighbour,118.5223617553711,0.0486639104783535,1.0,2.0
805,3,bus+trolley,4.0,0.0,4562.0,1.0,610.0,1,1,3,3+ branch,1 all neighbours foreign,340.04559326171875,0.09040772914886475,2.0,6.0
806,3,bus+trolley,1.0,0.0,4562.0,0.0,610.0,1,1,3,1 tip,0 no foreign neighbour,306.9332580566406,0.12979251146316528,2.0,5.0
807,3,bus+trolley,4.0,0.0,4562.0,1.0,610.0,1,1,5,3+ branch,1 all neighbours foreign,482.3146667480469,0.13556411862373352,2.0,8.0
808,6,trolley,1.0,0.0,4562.0,1.0,261.0,1,1,4,1 tip,1 all neighbours foreign,39.16164779663086,0.12803013622760773,1.0,1.0
809,6,trolley,1.0,0.0,4562.0,1.0,261.0,1,1,3,1 tip,1 all neighbours foreign,136.83505249023438,0.1475725769996643,1.0,3.0
810,3,bus+trolley,3.0,0.0,4562.0,0.6666666666666666,610.0,1,1,4,3+ branch,mixed,80.71627807617188,0.12382126599550247,2.0,2.0
811,0,bus,2.0,0.0,4562.0,0.0,3145.0,0,0,0,2 path,0 no foreign neighbour,78.6676254272461,0.8681655526161194,1.0,1.0
812,6,trolley,1.0,0.0,4562.0,1.0,261.0,1,1,4,1 tip,1 all neighbours foreign,39.16164779663086,0.11740771681070328,1.0,1.0
813,3,bus+trolley,2.0,0.0,4562.0,1.0,610.0,1,1,4,2 path,1 all neighbours foreign,313.2099304199219,0.12936466932296753,2.0,5.0
814,2,bus+tram+trolley,4.0,0.0,4562.0,1.0,88.0,1,1,5,3+ branch,1 all neighbours foreign,590.326904296875,0.17241507768630981,3.0,14.0
815,6,trolley,1.0,0.0,4562.0,1.0,261.0,1,1,4,1 tip,1 all neighbours foreign,60.338191986083984,0.1364697366952896,1.0,1.0
816,6,trolley,1.0,0.0,4562.0,1.0,261.0,1,1,3,1 tip,1 all neighbours foreign,50.310977935791016,0.16964833438396454,1.0,1.0
817,0,bus,2.0,1.0,4562.0,0.0,3145.0,0,0,6,2 path,0 no foreign neighbour,577.7574462890625,0.2942279577255249,1.0,9.0
818,6,trolley,1.0,0.0,4562.0,1.0,261.0,1,1,0,1 tip,1 all neighbours foreign,64.97443389892578,0.11822520941495895,1.0,1.0
819,6,trolley,1.0,0.0,4562.0,1.0,261.0,1,1,2,1 tip,1 all neighbours foreign,62.60839080810547,0.20612384378910065,1.0,1.0
820,2,bus+tram+trolley,5.0,0.10000000149011612,4562.0,0.8,88.0,1,1,0,3+ branch,mixed,314.2355651855469,0.11367989331483841,3.0,7.0
821,3,bus+trolley,2.0,0.0,4562.0,1.0,610.0,1,1,3,2 path,1 all neighbours foreign,252.7598419189453,0.20796248316764832,2.0,4.0
822,3,bus+trolley,3.0,0.0,4562.0,0.6666666666666666,610.0,1,1,3,3+ branch,mixed,172.4959716796875,0.1680825650691986,2.0,3.0
823,2,bus+tram+trolley,4.0,0.1666666716337204,4562.0,0.5,88.0,1,1,0,3+ branch,mixed,471.0155334472656,0.10989054292440414,3.0,9.0
824,2,bus+tram+trolley,6.0,0.06666667014360428,4562.0,0.6666666666666666,88.0,1,1,0,3+ branch,mixed,314.2355651855469,0.10570158809423447,3.0,7.0
825,6,trolley,1.0,0.0,4562.0,1.0,261.0,1,1,0,1 tip,1 all neighbours foreign,64.97443389892578,0.09221870452165604,1.0,1.0
826,3,bus+trolley,3.0,0.6666666865348816,4562.0,0.6666666666666666,610.0,1,1,0,3+ branch,mixed,1030.078125,0.06894027441740036,2.0,17.0
827,3,bus+trolley,3.0,0.0,4562.0,1.0,610.0,1,1,4,3+ branch,1 all neighbours foreign,208.42820739746094,0.0809176042675972,2.0,4.0
828,6,trolley,1.0,0.0,4562.0,1.0,261.0,1,1,3,1 tip,1 all neighbours foreign,62.60839080810547,0.20600789785385132,1.0,1.0
829,6,trolley,2.0,1.0,4562.0,0.0,261.0,1,1,4,2 path,0 no foreign neighbour,64.97443389892578,0.05353898927569389,1.0,1.0
830,3,bus+trolley,2.0,0.0,4562.0,0.5,610.0,1,1,3,2 path,mixed,443.5043640136719,0.20286567509174347,2.0,7.0
831,3,bus+trolley,2.0,0.0,4562.0,1.0,610.0,1,1,4,2 path,1 all neighbours foreign,300.5350036621094,0.11184418201446533,2.0,6.0
832,3,bus+trolley,2.0,0.0,4562.0,1.0,610.0,1,1,3,2 path,1 all neighbours foreign,409.2878723144531,0.19850745797157288,2.0,6.0
833,3,bus+trolley,2.0,0.0,4562.0,1.0,610.0,1,1,4,2 path,1 all neighbours foreign,284.0387268066406,0.09532250463962555,2.0,5.0
834,2,bus+tram+trolley,2.0,0.0,4562.0,0.5,88.0,1,1,4,2 path,mixed,399.1325378417969,0.10475347191095352,3.0,8.0
835,6,trolley,1.0,0.0,4562.0,1.0,261.0,1,1,4,1 tip,1 all neighbours foreign,70.76238250732422,0.10047818720340729,1.0,2.0
836,2,bus+tram+trolley,4.0,0.0,4562.0,0.25,88.0,1,1,4,3+ branch,mixed,399.1325378417969,0.1001599133014679,3.0,8.0
837,6,trolley,2.0,0.0,4562.0,1.0,261.0,1,1,3,2 path,1 all neighbours foreign,62.60839080810547,0.19619470834732056,1.0,1.0
838,3,bus+trolley,2.0,0.0,4562.0,1.0,610.0,1,1,4,2 path,1 all neighbours foreign,192.3584442138672,0.10714802891016006,2.0,4.0
839,2,bus+tram+trolley,4.0,0.0,4562.0,0.5,88.0,1,1,4,3+ branch,mixed,399.1325378417969,0.0962820053100586,3.0,8.0
840,6,trolley,1.0,0.0,4562.0,1.0,261.0,1,1,0,1 tip,1 all neighbours foreign,64.97443389892578,0.08924897760152817,1.0,1.0
841,6,trolley,2.0,0.0,4562.0,1.0,261.0,1,1,4,2 path,1 all neighbours foreign,70.76238250732422,0.11049100011587143,1.0,2.0
842,6,trolley,1.0,0.0,4562.0,1.0,261.0,1,1,4,1 tip,1 all neighbours foreign,37.15272903442383,0.16247789561748505,1.0,1.0
843,6,trolley,1.0,0.0,4562.0,1.0,261.0,1,1,4,1 tip,1 all neighbours foreign,39.16164779663086,0.09374640882015228,1.0,1.0
844,3,bus+trolley,1.0,0.0,4562.0,0.0,610.0,1,1,5,1 tip,0 no foreign neighbour,482.7479553222656,0.19264188408851624,2.0,7.0
845,3,bus+trolley,4.0,0.0,4562.0,1.0,610.0,1,1,5,3+ branch,1 all neighbours foreign,500.37982177734375,0.18438012897968292,2.0,8.0
846,6,trolley,1.0,0.0,4562.0,1.0,261.0,1,1,0,1 tip,1 all neighbours foreign,64.97443389892578,0.13184061646461487,1.0,1.0
847,3,bus+trolley,1.0,0.0,4562.0,0.0,610.0,1,1,4,1 tip,0 no foreign neighbour,170.22508239746094,0.13968056440353394,2.0,4.0
848,2,bus+tram+trolley,3.0,0.3333333432674408,4562.0,0.6666666666666666,88.0,1,1,4,3+ branch,mixed,284.63653564453125,0.09523433446884155,3.0,5.0
849,3,bus+trolley,1.0,0.0,4562.0,0.0,610.0,1,1,0,1 tip,0 no foreign neighbour,456.2685852050781,0.13000290095806122,2.0,7.0
850,6,trolley,1.0,0.0,4562.0,1.0,261.0,1,1,2,1 tip,1 all neighbours foreign,62.60839080810547,0.1692897379398346,1.0,1.0
851,5,tram+trolley,1.0,0.0,4562.0,1.0,21.0,1,1,0,1 tip,1 all neighbours foreign,99.78103637695312,0.11984361708164215,2.0,2.0
852,3,bus+trolley,2.0,0.0,4562.0,0.5,610.0,1,1,0,2 path,mixed,502.7890930175781,0.1279289573431015,2.0,8.0
853,3,bus+trolley,2.0,0.0,4562.0,0.5,610.0,1,1,3,2 path,mixed,417.6119689941406,0.16376113891601562,2.0,7.0
854,3,bus+trolley,1.0,0.0,4562.0,1.0,610.0,1,1,4,1 tip,1 all neighbours foreign,141.02972412109375,0.08594416826963425,2.0,3.0
855,6,trolley,1.0,0.0,4562.0,1.0,261.0,1,1,3,1 tip,1 all neighbours foreign,123.28968811035156,0.11158523708581924,1.0,2.0
856,3,bus+trolley,3.0,0.0,4562.0,0.6666666666666666,610.0,1,1,0,3+ branch,mixed,434.0922546386719,0.12554877996444702,2.0,7.0
857,0,bus,1.0,0.0,4562.0,0.0,3145.0,0,0,5,1 tip,0 no foreign neighbour,694.618896484375,0.09296292066574097,1.0,11.0
858,6,trolley,1.0,0.0,4562.0,1.0,261.0,1,1,4,1 tip,1 all neighbours foreign,37.15272903442383,0.1650211215019226,1.0,1.0
859,3,bus+trolley,1.0,0.0,4562.0,0.0,610.0,1,1,3,1 tip,0 no foreign neighbour,201.9759063720703,0.12209390103816986,2.0,3.0
860,3,bus+trolley,6.0,0.0,4562.0,0.8333333333333334,610.0,1,1,0,3+ branch,mixed,333.21490478515625,0.12258116900920868,2.0,6.0
861,2,bus+tram+trolley,3.0,0.0,4562.0,0.6666666666666666,88.0,1,1,4,3+ branch,mixed,265.8083190917969,0.08823724836111069,3.0,6.0
862,3,bus+trolley,1.0,0.0,4562.0,1.0,610.0,1,1,3,1 tip,1 all neighbours foreign,272.4622497558594,0.12400159239768982,2.0,5.0
863,6,trolley,1.0,0.0,4562.0,1.0,261.0,1,1,3,1 tip,1 all neighbours foreign,123.28968811035156,0.11087648570537567,1.0,2.0
864,6,trolley,1.0,0.0,4562.0,1.0,261.0,1,1,4,1 tip,1 all neighbours foreign,64.97443389892578,0.12014592438936234,1.0,1.0
865,3,bus+trolley,1.0,0.0,4562.0,0.0,610.0,1,1,3,1 tip,0 no foreign neighbour,86.8008041381836,0.12165281921625137,2.0,2.0
866,3,bus+trolley,2.0,0.0,4562.0,0.0,610.0,1,1,0,2 path,0 no foreign neighbour,137.74307250976562,0.11530664563179016,2.0,2.0
867,0,bus,3.0,0.0,4562.0,0.0,3145.0,0,0,4,3+ branch,0 no foreign neighbour,210.5540313720703,0.07185686379671097,1.0,3.0
868,2,bus+tram+trolley,4.0,0.0,4562.0,0.75,88.0,1,1,4,3+ branch,mixed,482.3643493652344,0.10506565868854523,3.0,10.0
869,3,bus+trolley,2.0,0.0,4562.0,0.5,610.0,1,1,5,2 path,mixed,497.4251403808594,0.1659812182188034,2.0,8.0
870,3,bus+trolley,2.0,0.0,4562.0,1.0,610.0,1,1,4,2 path,1 all neighbours foreign,80.71627807617188,0.11296536028385162,2.0,2.0
871,3,bus+trolley,2.0,0.0,4562.0,0.5,610.0,1,1,5,2 path,mixed,500.37982177734375,0.1740773767232895,2.0,8.0
872,3,bus+trolley,2.0,0.0,4562.0,0.5,610.0,1,1,3,2 path,mixed,482.7479553222656,0.18589423596858978,2.0,7.0
873,3,bus+trolley,2.0,0.0,4562.0,1.0,610.0,1,1,3,2 path,1 all neighbours foreign,409.2878723144531,0.19352947175502777,2.0,6.0
874,3,bus+trolley,2.0,0.0,4562.0,0.5,610.0,1,1,0,2 path,mixed,280.1377868652344,0.11662816256284714,2.0,5.0
875,3,bus+trolley,1.0,0.0,4562.0,0.0,610.0,1,1,4,1 tip,0 no foreign neighbour,333.21490478515625,0.12096474319696426,2.0,6.0
876,0,bus,1.0,0.0,4562.0,0.0,3145.0,0,0,3,1 tip,0 no foreign neighbour,226.37596130371094,0.08885971456766129,1.0,4.0
877,3,bus+trolley,2.0,0.0,4562.0,0.5,610.0,1,1,0,2 path,mixed,502.7890930175781,0.12656980752944946,2.0,8.0
878,3,bus+trolley,2.0,0.0,4562.0,0.5,610.0,1,1,0,2 path,mixed,456.2685852050781,0.12965795397758484,2.0,7.0
879,3,bus+trolley,2.0,0.0,4562.0,0.5,610.0,1,1,3,2 path,mixed,455.6334533691406,0.20297011733055115,2.0,7.0
880,3,bus+trolley,2.0,0.0,4562.0,1.0,610.0,1,1,3,2 path,1 all neighbours foreign,252.7598419189453,0.20629023015499115,2.0,4.0
881,6,trolley,1.0,0.0,4562.0,1.0,261.0,1,1,2,1 tip,1 all neighbours foreign,62.60839080810547,0.20810246467590332,1.0,1.0
882,3,bus+trolley,3.0,0.0,4562.0,0.6666666666666666,610.0,1,1,2,3+ branch,mixed,252.7598419189453,0.20649778842926025,2.0,4.0
883,4,tram,3.0,0.3333333432674408,4562.0,0.0,296.0,1,1,4,3+ branch,0 no foreign neighbour,215.64190673828125,0.22720415890216827,1.0,6.0
884,4,tram,2.0,1.0,4562.0,0.5,296.0,1,1,4,2 path,mixed,200.00262451171875,0.2296743541955948,1.0,5.0
885,1,bus+tram,4.0,0.0,4562.0,1.0,149.0,1,1,3,3+ branch,1 all neighbours foreign,333.5379333496094,0.21735580265522003,2.0,8.0
886,2,bus+tram+trolley,3.0,0.0,4562.0,0.6666666666666666,88.0,1,1,5,3+ branch,mixed,564.141845703125,0.2221265435218811,3.0,14.0
887,4,tram,4.0,0.1666666716337204,4562.0,0.75,296.0,1,1,3,3+ branch,mixed,68.86075592041016,0.1844976842403412,1.0,3.0
888,3,bus+trolley,3.0,0.0,4562.0,0.6666666666666666,610.0,1,1,5,3+ branch,mixed,604.3225708007812,0.10747776180505753,2.0,10.0
889,4,tram,2.0,0.0,4562.0,0.5,296.0,1,1,2,2 path,mixed,46.85945510864258,0.21392112970352173,1.0,3.0
890,4,tram,1.0,0.0,4562.0,1.0,296.0,1,1,4,1 tip,1 all neighbours foreign,17.050731658935547,0.21929599344730377,1.0,1.0
891,4,tram,1.0,0.0,4562.0,0.0,296.0,1,1,2,1 tip,0 no foreign neighbour,46.85945510864258,0.21073894202709198,1.0,3.0
892,1,bus+tram,4.0,0.1666666716337204,4562.0,1.0,149.0,1,1,3,3+ branch,1 all neighbours foreign,286.38165283203125,0.21796466410160065,2.0,6.0
893,4,tram,2.0,0.0,4562.0,0.5,296.0,1,1,3,2 path,mixed,131.30931091308594,0.20714667439460754,1.0,4.0
894,0,bus,2.0,0.0,4562.0,1.0,3145.0,0,0,0,2 path,1 all neighbours foreign,1024.4892578125,0.05182288959622383,1.0,17.0
895,4,tram,1.0,0.0,4562.0,1.0,296.0,1,1,4,1 tip,1 all neighbours foreign,224.19241333007812,0.14215049147605896,1.0,6.0
896,4,tram,1.0,0.0,4562.0,0.0,296.0,1,1,4,1 tip,0 no foreign neighbour,71.26411437988281,0.047225452959537506,1.0,2.0
897,4,tram,2.0,0.0,4562.0,0.5,296.0,1,1,4,2 path,mixed,115.67001342773438,0.1953759342432022,1.0,3.0
898,1,bus+tram,2.0,0.0,4562.0,1.0,149.0,1,1,5,2 path,1 all neighbours foreign,501.2359619140625,0.16272635757923126,2.0,12.0
899,4,tram,2.0,0.0,4562.0,1.0,296.0,1,1,5,2 path,1 all neighbours foreign,83.55396270751953,0.14946070313453674,1.0,3.0
900,0,bus,3.0,0.0,4562.0,0.0,3145.0,0,0,0,3+ branch,0 no foreign neighbour,989.242431640625,0.05011022463440895,1.0,17.0
901,1,bus+tram,3.0,0.0,4562.0,0.6666666666666666,149.0,1,1,2,3+ branch,mixed,146.48008728027344,0.19252194464206696,2.0,4.0
902,1,bus+tram,7.0,0.095238097012043,4562.0,1.0,149.0,1,1,5,3+ branch,1 all neighbours foreign,469.8458557128906,0.14349621534347534,2.0,10.0
903,1,bus+tram,3.0,0.0,4562.0,0.6666666666666666,149.0,1,1,2,3+ branch,mixed,146.48008728027344,0.19399482011795044,2.0,4.0
904,4,tram,1.0,0.0,4562.0,1.0,296.0,1,1,3,1 tip,1 all neighbours foreign,117.53351593017578,0.13421501219272614,1.0,3.0
905,4,tram,2.0,0.0,4562.0,0.5,296.0,1,1,4,2 path,mixed,71.26411437988281,0.04572338983416557,1.0,2.0
906,4,tram,2.0,0.0,4562.0,0.5,296.0,1,1,2,2 path,mixed,121.17914581298828,0.19666902720928192,1.0,3.0
907,4,tram,2.0,0.0,4562.0,1.0,296.0,1,1,2,2 path,1 all neighbours foreign,117.53351593017578,0.14605402946472168,1.0,3.0
908,4,tram,1.0,0.0,4562.0,0.0,296.0,1,1,3,1 tip,0 no foreign neighbour,127.60978698730469,0.13815489411354065,1.0,3.0
909,4,tram,1.0,0.0,4562.0,1.0,296.0,1,1,4,1 tip,1 all neighbours foreign,63.910186767578125,0.2196320742368698,1.0,4.0
910,4,tram,1.0,0.0,4562.0,0.0,296.0,1,1,4,1 tip,0 no foreign neighbour,121.17914581298828,0.20354966819286346,1.0,3.0
911,1,bus+tram,5.0,0.0,4562.0,0.8,149.0,1,1,3,3+ branch,mixed,272.7662353515625,0.13363678753376007,2.0,6.0
912,4,tram,3.0,0.3333333432674408,4562.0,0.0,296.0,1,1,2,3+ branch,0 no foreign neighbour,121.17914581298828,0.18245582282543182,1.0,3.0
913,1,bus+tram,3.0,0.0,4562.0,0.0,149.0,1,1,3,3+ branch,0 no foreign neighbour,185.41249084472656,0.13212940096855164,2.0,4.0
914,4,tram,3.0,0.3333333432674408,4562.0,0.0,296.0,1,1,2,3+ branch,0 no foreign neighbour,91.09419250488281,0.17848725616931915,1.0,2.0
915,1,bus+tram,7.0,0.1428571492433548,4562.0,1.0,149.0,1,1,5,3+ branch,1 all neighbours foreign,801.5997924804688,0.1698704957962036,2.0,19.0
916,4,tram,1.0,0.0,4562.0,1.0,296.0,1,1,4,1 tip,1 all neighbours foreign,71.26411437988281,0.03928402066230774,1.0,2.0
917,4,tram,1.0,0.0,4562.0,0.0,296.0,1,1,2,1 tip,0 no foreign neighbour,91.09419250488281,0.17295628786087036,1.0,2.0
918,4,tram,1.0,0.0,4562.0,1.0,296.0,1,1,4,1 tip,1 all neighbours foreign,28.993154525756836,0.011435363441705704,1.0,1.0
919,1,bus+tram,3.0,0.0,4562.0,1.0,149.0,1,1,5,3+ branch,1 all neighbours foreign,536.4115600585938,0.21779555082321167,2.0,11.0
920,1,bus+tram,4.0,0.0,4562.0,0.75,149.0,1,1,3,3+ branch,mixed,235.95059204101562,0.10514508932828903,2.0,6.0
921,2,bus+tram+trolley,2.0,0.0,4562.0,0.5,88.0,1,1,4,2 path,mixed,317.0959167480469,0.03269776701927185,3.0,6.0
922,0,bus,2.0,0.0,4562.0,0.0,3145.0,0,0,6,2 path,0 no foreign neighbour,724.4130249023438,0.22036318480968475,1.0,8.0
923,1,bus+tram,2.0,0.0,4562.0,0.0,149.0,1,1,2,2 path,0 no foreign neighbour,111.46694946289062,0.10296551138162613,2.0,4.0
924,2,bus+tram+trolley,2.0,0.0,4562.0,0.5,88.0,1,1,4,2 path,mixed,420.4125061035156,0.030752185732126236,3.0,8.0
925,4,tram,2.0,0.0,4562.0,0.0,296.0,1,1,2,2 path,0 no foreign neighbour,91.09419250488281,0.1571509838104248,1.0,2.0
926,2,bus+tram+trolley,4.0,0.0,4562.0,0.5,88.0,1,1,4,3+ branch,mixed,263.9710388183594,0.022914491593837738,3.0,5.0
927,1,bus+tram,2.0,0.0,4562.0,0.0,149.0,1,1,2,2 path,0 no foreign neighbour,111.46694946289062,0.09771307557821274,2.0,4.0
928,4,tram,2.0,0.0,4562.0,0.0,296.0,1,1,2,2 path,0 no foreign neighbour,91.09419250488281,0.1520264595746994,1.0,2.0
929,2,bus+tram+trolley,3.0,0.0,4562.0,0.3333333333333333,88.0,1,1,4,3+ branch,mixed,263.9710388183594,0.01737256906926632,3.0,5.0
930,1,bus+tram,2.0,0.0,4562.0,0.0,149.0,1,1,2,2 path,0 no foreign neighbour,111.46694946289062,0.09316810965538025,2.0,4.0
931,0,bus,3.0,0.0,4562.0,0.6666666666666666,3145.0,0,0,5,3+ branch,mixed,493.8249206542969,0.14475545287132263,1.0,8.0
932,1,bus+tram,5.0,0.0,4562.0,0.8,149.0,1,1,2,3+ branch,mixed,111.46694946289062,0.08967691659927368,2.0,4.0
933,4,tram,2.0,0.0,4562.0,1.0,296.0,1,1,4,2 path,1 all neighbours foreign,145.78829956054688,0.0223124660551548,1.0,3.0
934,4,tram,3.0,0.0,4562.0,0.0,296.0,1,1,4,3+ branch,0 no foreign neighbour,129.06800842285156,0.14885777235031128,1.0,3.0
935,4,tram,1.0,0.0,4562.0,1.0,296.0,1,1,3,1 tip,1 all neighbours foreign,64.49840545654297,0.08652723580598831,1.0,2.0
936,4,tram,1.0,0.0,4562.0,1.0,296.0,1,1,3,1 tip,1 all neighbours foreign,53.22453308105469,0.10373376309871674,1.0,2.0
937,4,tram,1.0,0.0,4562.0,1.0,296.0,1,1,4,1 tip,1 all neighbours foreign,105.99798583984375,0.01919485628604889,1.0,2.0
938,4,tram,2.0,0.0,4562.0,0.5,296.0,1,1,2,2 path,mixed,20.093374252319336,0.08396410197019577,1.0,1.0
939,1,bus+tram,4.0,0.0,4562.0,0.75,149.0,1,1,5,3+ branch,mixed,770.09130859375,0.1002490445971489,2.0,14.0
940,0,bus,2.0,1.0,4562.0,0.0,3145.0,0,0,0,2 path,0 no foreign neighbour,121.08531951904297,0.24852292239665985,1.0,3.0
941,4,tram,1.0,0.0,4562.0,1.0,296.0,1,1,2,1 tip,1 all neighbours foreign,20.093374252319336,0.08144187182188034,1.0,1.0
942,1,bus+tram,8.0,0.0357142873108387,4562.0,0.625,149.0,1,1,5,3+ branch,mixed,725.0252075195312,0.0917045995593071,2.0,15.0
943,4,tram,2.0,0.0,4562.0,0.0,296.0,1,1,2,2 path,0 no foreign neighbour,129.06800842285156,0.1335427314043045,1.0,3.0
944,1,bus+tram,4.0,0.0,4562.0,0.75,149.0,1,1,2,3+ branch,mixed,38.159324645996094,0.07767489552497864,2.0,2.0
945,1,bus+tram,3.0,0.0,4562.0,0.6666666666666666,149.0,1,1,3,3+ branch,mixed,261.3658752441406,0.08347541838884354,2.0,5.0
946,4,tram,3.0,0.3333333432674408,4562.0,0.3333333333333333,296.0,1,1,2,3+ branch,mixed,129.06800842285156,0.13118283450603485,1.0,3.0
947,1,bus+tram,6.0,0.20000000298023224,4562.0,0.6666666666666666,149.0,1,1,5,3+ branch,mixed,630.97412109375,0.12312664836645126,2.0,13.0
948,4,tram,2.0,0.0,4562.0,0.5,296.0,1,1,2,2 path,mixed,53.22453308105469,0.074940524995327,1.0,2.0
949,1,bus+tram,4.0,0.3333333432674408,4562.0,0.25,149.0,1,1,3,3+ branch,mixed,280.95050048828125,0.11762823164463043,2.0,6.0
950,4,tram,3.0,0.3333333432674408,4562.0,0.3333333333333333,296.0,1,1,3,3+ branch,mixed,130.4899444580078,0.11763481795787811,1.0,4.0
951,1,bus+tram,2.0,0.0,4562.0,0.0,149.0,1,1,3,2 path,0 no foreign neighbour,280.95050048828125,0.10981514304876328,2.0,6.0
952,0,bus,1.0,0.0,4562.0,0.0,3145.0,0,0,0,1 tip,0 no foreign neighbour,78.6676254272461,0.901286780834198,1.0,1.0
953,1,bus+tram,4.0,0.3333333432674408,4562.0,0.25,149.0,1,1,3,3+ branch,mixed,280.95050048828125,0.10794069617986679,2.0,6.0
954,2,bus+tram+trolley,4.0,0.0,4562.0,0.5,88.0,1,1,3,3+ branch,mixed,588.661865234375,0.14046266674995422,3.0,11.0
955,1,bus+tram,5.0,0.20000000298023224,4562.0,0.6,149.0,1,1,3,3+ branch,mixed,441.29974365234375,0.06478413939476013,2.0,7.0
956,4,tram,2.0,0.0,4562.0,0.5,296.0,1,1,4,2 path,mixed,105.99798583984375,0.04776677116751671,1.0,2.0
957,1,bus+tram,2.0,0.0,4562.0,0.5,149.0,1,1,2,2 path,mixed,38.159324645996094,0.08088964223861694,2.0,2.0
958,4,tram,2.0,0.0,4562.0,0.5,296.0,1,1,3,2 path,mixed,15.697269439697266,0.06218205392360687,1.0,1.0
959,0,bus,2.0,0.0,4562.0,0.0,3145.0,0,0,4,2 path,0 no foreign neighbour,196.62652587890625,0.38170042634010315,1.0,4.0
960,1,bus+tram,3.0,0.0,4562.0,1.0,149.0,1,1,4,3+ branch,1 all neighbours foreign,144.48049926757812,0.05183159559965134,2.0,3.0
961,1,bus+tram,1.0,0.0,4562.0,0.0,149.0,1,1,2,1 tip,0 no foreign neighbour,111.46694946289062,0.08584290742874146,2.0,4.0
962,4,tram,1.0,0.0,4562.0,0.0,296.0,1,1,4,1 tip,0 no foreign neighbour,15.697269439697266,0.06492312997579575,1.0,1.0
963,4,tram,2.0,0.0,4562.0,1.0,296.0,1,1,2,2 path,1 all neighbours foreign,105.99798583984375,0.057976074516773224,1.0,2.0
964,4,tram,1.0,0.0,4562.0,1.0,296.0,1,1,4,1 tip,1 all neighbours foreign,66.1356201171875,0.06401851028203964,1.0,1.0
965,4,tram,2.0,0.0,4562.0,0.5,296.0,1,1,3,2 path,mixed,93.70247650146484,0.14385060966014862,1.0,2.0
966,1,bus+tram,4.0,0.0,4562.0,0.75,149.0,1,1,2,3+ branch,mixed,192.45237731933594,0.06345275789499283,2.0,4.0
967,1,bus+tram,2.0,0.0,4562.0,1.0,149.0,1,1,4,2 path,1 all neighbours foreign,113.03067779541016,0.06906236708164215,2.0,2.0
968,4,tram,1.0,0.0,4562.0,1.0,296.0,1,1,4,1 tip,1 all neighbours foreign,36.56454086303711,0.10334283113479614,1.0,1.0
969,1,bus+tram,3.0,0.3333333432674408,4562.0,0.3333333333333333,149.0,1,1,3,3+ branch,mixed,441.29974365234375,0.06285925209522247,2.0,7.0
970,1,bus+tram,3.0,0.0,4562.0,0.3333333333333333,149.0,1,1,2,3+ branch,mixed,192.45237731933594,0.06997928768396378,2.0,4.0
971,0,bus,2.0,0.0,4562.0,0.0,3145.0,0,0,4,2 path,0 no foreign neighbour,131.16390991210938,0.037647541612386703,1.0,3.0
972,4,tram,2.0,0.0,4562.0,0.0,296.0,1,1,4,2 path,0 no foreign neighbour,66.1356201171875,0.0745142251253128,1.0,1.0
973,1,bus+tram,1.0,0.0,4562.0,0.0,149.0,1,1,2,1 tip,0 no foreign neighbour,136.07220458984375,0.07910218834877014,2.0,3.0
974,4,tram,1.0,0.0,4562.0,1.0,296.0,1,1,4,1 tip,1 all neighbours foreign,66.1356201171875,0.07981639355421066,1.0,1.0
975,0,bus,2.0,0.0,4562.0,0.0,3145.0,0,0,0,2 path,0 no foreign neighbour,369.83880615234375,0.08872222900390625,1.0,7.0
976,1,bus+tram,3.0,0.0,4562.0,1.0,149.0,1,1,3,3+ branch,1 all neighbours foreign,318.1970520019531,0.1489565074443817,2.0,5.0
977,5,tram+trolley,1.0,0.0,4562.0,1.0,21.0,1,1,4,1 tip,1 all neighbours foreign,186.7346954345703,0.08412227034568787,2.0,4.0
978,1,bus+tram,4.0,0.0,4562.0,0.75,149.0,1,1,2,3+ branch,mixed,258.9826354980469,0.08365777134895325,2.0,5.0
979,0,bus,1.0,0.0,4562.0,0.0,3145.0,0,0,0,1 tip,0 no foreign neighbour,152.3584747314453,0.07882622629404068,1.0,3.0
980,4,tram,1.0,0.0,4562.0,0.0,296.0,1,1,2,1 tip,0 no foreign neighbour,78.6109619140625,0.08835270255804062,1.0,2.0
981,4,tram,2.0,0.0,4562.0,1.0,296.0,1,1,3,2 path,1 all neighbours foreign,161.2711181640625,0.13145025074481964,1.0,4.0
982,4,tram,1.0,0.0,4562.0,0.0,296.0,1,1,2,1 tip,0 no foreign neighbour,46.3705940246582,0.16686195135116577,1.0,1.0
983,1,bus+tram,6.0,0.06666667014360428,4562.0,0.6666666666666666,149.0,1,1,3,3+ branch,mixed,310.5032043457031,0.1628076732158661,2.0,5.0
984,1,bus+tram,3.0,0.0,4562.0,1.0,149.0,1,1,4,3+ branch,1 all neighbours foreign,443.7138366699219,0.07918166369199753,2.0,7.0
985,4,tram,1.0,0.0,4562.0,0.0,296.0,1,1,2,1 tip,0 no foreign neighbour,46.3705940246582,0.08794451504945755,1.0,1.0
986,4,tram,2.0,0.0,4562.0,0.0,296.0,1,1,2,2 path,0 no foreign neighbour,85.82282257080078,0.16352114081382751,1.0,2.0
987,0,bus,1.0,0.0,4562.0,0.0,3145.0,0,0,4,1 tip,0 no foreign neighbour,94.09291076660156,0.06654439866542816,1.0,2.0
988,1,bus+tram,2.0,0.0,4562.0,0.5,149.0,1,1,3,2 path,mixed,310.5032043457031,0.16772736608982086,2.0,5.0
989,1,bus+tram,2.0,0.0,4562.0,1.0,149.0,1,1,3,2 path,1 all neighbours foreign,272.7662353515625,0.13768044114112854,2.0,6.0
990,4,tram,2.0,0.0,4562.0,1.0,296.0,1,1,2,2 path,1 all neighbours foreign,85.82282257080078,0.15878324210643768,1.0,2.0
991,4,tram,1.0,0.0,4562.0,0.0,296.0,1,1,4,1 tip,0 no foreign neighbour,45.825077056884766,0.17243066430091858,1.0,1.0
992,1,bus+tram,4.0,0.0,4562.0,1.0,149.0,1,1,3,3+ branch,1 all neighbours foreign,278.54119873046875,0.15242819488048553,2.0,5.0
993,0,bus,3.0,0.0,4562.0,0.0,3145.0,0,0,4,3+ branch,0 no foreign neighbour,152.3584747314453,0.07580053061246872,1.0,3.0
994,4,tram,2.0,0.0,4562.0,0.5,296.0,1,1,4,2 path,mixed,172.85894775390625,0.09084482491016388,1.0,4.0
995,4,tram,2.0,0.0,4562.0,1.0,296.0,1,1,3,2 path,1 all neighbours foreign,127.60978698730469,0.14600254595279694,1.0,3.0
996,4,tram,2.0,0.0,4562.0,1.0,296.0,1,1,2,2 path,1 all neighbours foreign,45.825077056884766,0.18060429394245148,1.0,1.0
997,1,bus+tram,1.0,0.0,4562.0,1.0,149.0,1,1,4,1 tip,1 all neighbours foreign,245.47488403320312,0.08834713697433472,2.0,4.0
998,1,bus+tram,3.0,0.3333333432674408,4562.0,0.3333333333333333,149.0,1,1,3,3+ branch,mixed,277.8047790527344,0.10134940594434738,2.0,5.0
999,1,bus+tram,2.0,0.0,4562.0,0.5,149.0,1,1,2,2 path,mixed,254.82208251953125,0.19312265515327454,2.0,5.0
1000,4,tram,1.0,0.0,4562.0,1.0,296.0,1,1,3,1 tip,1 all neighbours foreign,83.55396270751953,0.1345934271812439,1.0,3.0
1001,1,bus+tram,3.0,0.3333333432674408,4562.0,0.3333333333333333,149.0,1,1,3,3+ branch,mixed,212.6497039794922,0.09808073192834854,2.0,4.0
1002,4,tram,1.0,0.0,4562.0,1.0,296.0,1,1,2,1 tip,1 all neighbours foreign,78.6109619140625,0.07125073671340942,1.0,2.0
1003,1,bus+tram,3.0,0.0,4562.0,1.0,149.0,1,1,3,3+ branch,1 all neighbours foreign,243.21348571777344,0.1998514086008072,2.0,5.0
1004,1,bus+tram,6.0,0.06666667014360428,4562.0,0.5,149.0,1,1,3,3+ branch,mixed,218.40606689453125,0.09490778297185898,2.0,5.0
1005,4,tram,3.0,0.0,4562.0,0.6666666666666666,296.0,1,1,2,3+ branch,mixed,46.85945510864258,0.21070638298988342,1.0,3.0
1006,1,bus+tram,3.0,0.0,4562.0,0.3333333333333333,149.0,1,1,2,3+ branch,mixed,120.75740051269531,0.09195932000875473,2.0,3.0
1007,1,bus+tram,4.0,0.1666666716337204,4562.0,0.25,149.0,1,1,2,3+ branch,mixed,120.75740051269531,0.08941671997308731,2.0,3.0
1008,1,bus+tram,2.0,0.0,4562.0,1.0,149.0,1,1,3,2 path,1 all neighbours foreign,120.72454833984375,0.21436133980751038,2.0,3.0
1009,4,tram,2.0,0.0,4562.0,0.5,296.0,1,1,2,2 path,mixed,19.81507110595703,0.22050417959690094,1.0,1.0
1010,4,tram,1.0,0.0,4562.0,1.0,296.0,1,1,3,1 tip,1 all neighbours foreign,83.55396270751953,0.16183233261108398,1.0,3.0
1011,1,bus+tram,2.0,0.0,4562.0,0.0,149.0,1,1,2,2 path,0 no foreign neighbour,136.53347778320312,0.09354458004236221,2.0,3.0
1012,1,bus+tram,3.0,0.0,4562.0,0.3333333333333333,149.0,1,1,3,3+ branch,mixed,222.58436584472656,0.09232547134160995,2.0,4.0
1013,1,bus+tram,3.0,0.0,4562.0,0.3333333333333333,149.0,1,1,2,3+ branch,mixed,300.48699951171875,0.09015610814094543,2.0,5.0
1014,4,tram,1.0,0.0,4562.0,1.0,296.0,1,1,3,1 tip,1 all neighbours foreign,38.883758544921875,0.06569067388772964,1.0,1.0
1015,1,bus+tram,4.0,0.1666666716337204,4562.0,0.75,149.0,1,1,4,3+ branch,mixed,239.5850830078125,0.09857358038425446,2.0,4.0
1016,1,bus+tram,3.0,0.0,4562.0,1.0,149.0,1,1,2,3+ branch,1 all neighbours foreign,120.72454833984375,0.2157241851091385,2.0,3.0
1017,1,bus+tram,4.0,0.0,4562.0,0.25,149.0,1,1,3,3+ branch,mixed,375.82904052734375,0.09027592837810516,2.0,7.0
1018,0,bus,1.0,0.0,4562.0,0.0,3145.0,0,0,6,1 tip,0 no foreign neighbour,724.4130249023438,0.20943547785282135,1.0,8.0
1019,4,tram,1.0,0.0,4562.0,1.0,296.0,1,1,4,1 tip,1 all neighbours foreign,109.47679901123047,0.10019627958536148,1.0,2.0
1020,4,tram,1.0,0.0,4562.0,1.0,296.0,1,1,4,1 tip,1 all neighbours foreign,105.99798583984375,0.0226120688021183,1.0,2.0
1021,1,bus+tram,2.0,0.0,4562.0,0.0,149.0,1,1,4,2 path,0 no foreign neighbour,188.69386291503906,0.058891136199235916,2.0,3.0
1022,1,bus+tram,2.0,0.0,4562.0,0.0,149.0,1,1,4,2 path,0 no foreign neighbour,188.69386291503906,0.05856342613697052,2.0,3.0
1023,5,tram+trolley,2.0,0.0,4562.0,1.0,21.0,1,1,4,2 path,1 all neighbours foreign,190.48631286621094,0.015826793387532234,2.0,3.0
1024,1,bus+tram,2.0,0.0,4562.0,0.5,149.0,1,1,3,2 path,mixed,240.2156219482422,0.16983002424240112,2.0,4.0
1025,1,bus+tram,2.0,0.0,4562.0,0.0,149.0,1,1,3,2 path,0 no foreign neighbour,188.69386291503906,0.059749048203229904,2.0,3.0
1026,1,bus+tram,2.0,0.0,4562.0,1.0,149.0,1,1,4,2 path,1 all neighbours foreign,173.19400024414062,0.10391261428594589,2.0,3.0
1027,0,bus,5.0,0.30000001192092896,4562.0,0.4,3145.0,0,0,6,3+ branch,mixed,686.6008911132812,0.082443006336689,1.0,10.0
1028,1,bus+tram,2.0,0.0,4562.0,0.0,149.0,1,1,3,2 path,0 no foreign neighbour,188.69386291503906,0.062372028827667236,2.0,3.0
1029,1,bus+tram,2.0,0.0,4562.0,1.0,149.0,1,1,3,2 path,1 all neighbours foreign,110.98014831542969,0.1481020450592041,2.0,2.0
1030,1,bus+tram,1.0,0.0,4562.0,0.0,149.0,1,1,3,1 tip,0 no foreign neighbour,188.69386291503906,0.06498339027166367,2.0,3.0
1031,4,tram,1.0,0.0,4562.0,1.0,296.0,1,1,4,1 tip,1 all neighbours foreign,71.26411437988281,0.035299163311719894,1.0,2.0
1032,0,bus,2.0,0.0,4562.0,1.0,3145.0,0,0,0,2 path,1 all neighbours foreign,386.88055419921875,0.07926061749458313,1.0,6.0
1033,4,tram,1.0,0.0,4562.0,1.0,296.0,1,1,3,1 tip,1 all neighbours foreign,93.70247650146484,0.1425963193178177,1.0,2.0
1034,1,bus+tram,2.0,0.0,4562.0,0.5,149.0,1,1,3,2 path,mixed,212.6497039794922,0.1049986332654953,2.0,4.0
1035,1,bus+tram,2.0,1.0,4562.0,1.0,149.0,1,1,3,2 path,1 all neighbours foreign,212.89173889160156,0.06788291782140732,2.0,4.0
1036,4,tram,2.0,0.0,4562.0,0.5,296.0,1,1,2,2 path,mixed,82.66492462158203,0.15741361677646637,1.0,2.0
1037,0,bus,1.0,0.0,4562.0,0.0,3145.0,0,0,4,1 tip,0 no foreign neighbour,94.09291076660156,0.06799592077732086,1.0,2.0
1038,4,tram,2.0,0.0,4562.0,0.0,296.0,1,1,4,2 path,0 no foreign neighbour,156.2416534423828,0.1848168522119522,1.0,5.0
1039,4,tram,1.0,0.0,4562.0,1.0,296.0,1,1,3,1 tip,1 all neighbours foreign,93.70247650146484,0.13691608607769012,1.0,2.0
1040,4,tram,2.0,0.0,4562.0,0.5,296.0,1,1,4,2 path,mixed,156.2416534423828,0.1785113364458084,1.0,5.0
1041,0,bus,1.0,0.0,4562.0,1.0,3145.0,0,0,0,1 tip,1 all neighbours foreign,451.80963134765625,0.07290028035640717,1.0,6.0
1042,1,bus+tram,2.0,0.0,4562.0,0.5,149.0,1,1,3,2 path,mixed,218.84210205078125,0.07995295524597168,2.0,4.0
1043,4,tram,2.0,0.0,4562.0,1.0,296.0,1,1,4,2 path,1 all neighbours foreign,158.37326049804688,0.15533950924873352,1.0,4.0
1044,1,bus+tram,4.0,0.0,4562.0,1.0,149.0,1,1,0,3+ branch,1 all neighbours foreign,558.8212280273438,0.24999991059303284,2.0,10.0
1045,4,tram,1.0,0.0,4562.0,0.0,296.0,1,1,4,1 tip,0 no foreign neighbour,89.32957458496094,0.25044429302215576,1.0,2.0
1046,2,bus+tram+trolley,3.0,0.0,4562.0,1.0,88.0,1,1,4,3+ branch,1 all neighbours foreign,326.191162109375,0.08691668510437012,3.0,6.0
1047,4,tram,1.0,0.0,4562.0,0.0,296.0,1,1,2,1 tip,0 no foreign neighbour,47.87739562988281,0.14906780421733856,1.0,1.0
1048,4,tram,1.0,0.0,4562.0,1.0,296.0,1,1,4,1 tip,1 all neighbours foreign,95.2639389038086,0.09170462936162949,1.0,2.0
1049,4,tram,2.0,0.0,4562.0,0.0,296.0,1,1,4,2 path,0 no foreign neighbour,89.32957458496094,0.24044163525104523,1.0,2.0
1050,1,bus+tram,2.0,0.0,4562.0,1.0,149.0,1,1,4,2 path,1 all neighbours foreign,274.277587890625,0.08303128927946091,2.0,5.0
1051,4,tram,2.0,0.0,4562.0,0.0,296.0,1,1,4,2 path,0 no foreign neighbour,89.32957458496094,0.23435793817043304,1.0,2.0
1052,0,bus,2.0,0.0,4562.0,0.5,3145.0,0,0,3,2 path,mixed,409.74835205078125,0.08751927316188812,1.0,6.0
1053,4,tram,2.0,0.0,4562.0,0.0,296.0,1,1,2,2 path,0 no foreign neighbour,47.87739562988281,0.14363273978233337,1.0,1.0
1054,4,tram,1.0,0.0,4562.0,0.0,296.0,1,1,4,1 tip,0 no foreign neighbour,129.06800842285156,0.13776102662086487,1.0,3.0
1055,1,bus+tram,2.0,0.0,4562.0,0.5,149.0,1,1,0,2 path,mixed,450.4307861328125,0.22666579484939575,2.0,8.0
1056,1,bus+tram,5.0,0.0,4562.0,1.0,149.0,1,1,5,3+ branch,1 all neighbours foreign,190.9588165283203,0.1359630525112152,2.0,5.0
1057,4,tram,1.0,0.0,4562.0,1.0,296.0,1,1,4,1 tip,1 all neighbours foreign,147.57305908203125,0.07809774577617645,1.0,3.0
1058,1,bus+tram,3.0,0.0,4562.0,0.0,149.0,1,1,4,3+ branch,0 no foreign neighbour,450.4307861328125,0.2226187288761139,2.0,8.0
1059,4,tram,2.0,0.0,4562.0,0.0,296.0,1,1,2,2 path,0 no foreign neighbour,47.87739562988281,0.1336234211921692,1.0,1.0
1060,0,bus,2.0,0.0,4562.0,0.0,3145.0,0,0,4,2 path,0 no foreign neighbour,86.88052368164062,0.22838667035102844,1.0,3.0
1061,1,bus+tram,3.0,0.0,4562.0,0.6666666666666666,149.0,1,1,4,3+ branch,mixed,462.8082580566406,0.21927399933338165,2.0,9.0
1062,4,tram,2.0,0.0,4562.0,0.0,296.0,1,1,4,2 path,0 no foreign neighbour,47.87739562988281,0.12842150032520294,1.0,1.0
1063,4,tram,1.0,0.0,4562.0,1.0,296.0,1,1,4,1 tip,1 all neighbours foreign,89.32957458496094,0.21302418410778046,1.0,2.0
1064,4,tram,1.0,0.0,4562.0,1.0,296.0,1,1,2,1 tip,1 all neighbours foreign,47.87739562988281,0.11461835354566574,1.0,1.0
1065,4,tram,1.0,0.0,4562.0,1.0,296.0,1,1,3,1 tip,1 all neighbours foreign,83.55841064453125,0.1422487199306488,1.0,2.0
1066,5,tram+trolley,1.0,0.0,4562.0,0.0,21.0,1,1,4,1 tip,0 no foreign neighbour,186.7346954345703,0.0838739201426506,2.0,4.0
1067,4,tram,2.0,0.0,4562.0,0.0,296.0,1,1,2,2 path,0 no foreign neighbour,91.09419250488281,0.16216829419136047,1.0,2.0
1068,2,bus+tram+trolley,9.0,0.0555555559694767,4562.0,0.8888888888888888,88.0,1,1,5,3+ branch,mixed,530.1686401367188,0.14730949699878693,3.0,11.0
1069,5,tram+trolley,3.0,0.3333333432674408,4562.0,0.6666666666666666,21.0,1,1,4,3+ branch,mixed,186.7346954345703,0.08768642693758011,2.0,4.0
1070,1,bus+tram,4.0,0.0,4562.0,1.0,149.0,1,1,0,3+ branch,1 all neighbours foreign,582.36181640625,0.20839503407478333,2.0,12.0
1071,0,bus,2.0,0.0,4562.0,0.0,3145.0,0,0,4,2 path,0 no foreign neighbour,205.56414794921875,0.13512620329856873,1.0,4.0
1072,4,tram,1.0,0.0,4562.0,0.0,296.0,1,1,2,1 tip,0 no foreign neighbour,91.09419250488281,0.17217287421226501,1.0,2.0
1073,4,tram,2.0,0.0,4562.0,0.5,296.0,1,1,4,2 path,mixed,147.57305908203125,0.08202981948852539,1.0,3.0
1074,4,tram,1.0,0.0,4562.0,1.0,296.0,1,1,2,1 tip,1 all neighbours foreign,116.58294677734375,0.1526605784893036,1.0,3.0
1075,4,tram,1.0,0.0,4562.0,0.0,296.0,1,1,4,1 tip,0 no foreign neighbour,116.02654266357422,0.20168548822402954,1.0,3.0
1076,4,tram,1.0,0.0,4562.0,1.0,296.0,1,1,2,1 tip,1 all neighbours foreign,47.87739562988281,0.08717335015535355,1.0,1.0
1077,4,tram,3.0,0.3333333432674408,4562.0,0.0,296.0,1,1,4,3+ branch,0 no foreign neighbour,116.02654266357422,0.18535827100276947,1.0,3.0
1078,0,bus,1.0,0.0,4562.0,0.0,3145.0,0,0,0,1 tip,0 no foreign neighbour,386.703857421875,0.15920913219451904,1.0,7.0
1079,4,tram,1.0,0.0,4562.0,1.0,296.0,1,1,2,1 tip,1 all neighbours foreign,47.87739562988281,0.09467559307813644,1.0,1.0
1080,4,tram,1.0,0.0,4562.0,0.0,296.0,1,1,2,1 tip,0 no foreign neighbour,66.1356201171875,0.0799127072095871,1.0,1.0
1081,4,tram,1.0,0.0,4562.0,1.0,296.0,1,1,4,1 tip,1 all neighbours foreign,116.02654266357422,0.20049764215946198,1.0,3.0
1082,4,tram,1.0,0.0,4562.0,1.0,296.0,1,1,2,1 tip,1 all neighbours foreign,47.87739562988281,0.11145088076591492,1.0,1.0
1083,2,bus+tram+trolley,2.0,0.0,4562.0,0.5,88.0,1,1,5,2 path,mixed,497.14410400390625,0.14363859593868256,3.0,10.0
1084,4,tram,2.0,0.0,4562.0,0.0,296.0,1,1,4,2 path,0 no foreign neighbour,116.02654266357422,0.21196849644184113,1.0,3.0
1085,0,bus,3.0,0.0,4562.0,0.0,3145.0,0,0,4,3+ branch,0 no foreign neighbour,247.77182006835938,0.151234433054924,1.0,4.0
1086,4,tram,1.0,0.0,4562.0,0.0,296.0,1,1,4,1 tip,0 no foreign neighbour,47.87739562988281,0.1229114979505539,1.0,1.0
1087,4,tram,1.0,0.0,4562.0,0.0,296.0,1,1,4,1 tip,0 no foreign neighbour,121.17914581298828,0.2034558802843094,1.0,3.0
1088,4,tram,2.0,0.0,4562.0,1.0,296.0,1,1,3,2 path,1 all neighbours foreign,123.0106430053711,0.13229858875274658,1.0,3.0
1089,4,tram,1.0,0.0,4562.0,1.0,296.0,1,1,4,1 tip,1 all neighbours foreign,89.32957458496094,0.21314316987991333,1.0,2.0
1090,4,tram,1.0,0.0,4562.0,1.0,296.0,1,1,4,1 tip,1 all neighbours foreign,66.1356201171875,0.06750126928091049,1.0,1.0
1091,0,bus,2.0,0.0,4562.0,0.0,3145.0,0,0,4,2 path,0 no foreign neighbour,244.9844970703125,0.014750776812434196,1.0,4.0
1092,4,tram,1.0,0.0,4562.0,1.0,296.0,1,1,4,1 tip,1 all neighbours foreign,66.1356201171875,0.04425571486353874,1.0,1.0
1093,1,bus+tram,2.0,0.0,4562.0,1.0,149.0,1,1,0,2 path,1 all neighbours foreign,450.4307861328125,0.22605396807193756,2.0,8.0
1094,4,tram,1.0,0.0,4562.0,0.0,296.0,1,1,2,1 tip,0 no foreign neighbour,47.87739562988281,0.148280069231987,1.0,1.0
1095,4,tram,2.0,0.0,4562.0,0.5,296.0,1,1,2,2 path,mixed,121.17914581298828,0.18999242782592773,1.0,3.0
1096,1,bus+tram,2.0,1.0,4562.0,1.0,149.0,1,1,2,2 path,1 all neighbours foreign,218.84210205078125,0.07528527081012726,2.0,4.0
1097,1,bus+tram,2.0,0.0,4562.0,1.0,149.0,1,1,4,2 path,1 all neighbours foreign,136.9410400390625,0.19899214804172516,2.0,4.0
1098,4,tram,1.0,0.0,4562.0,0.0,296.0,1,1,4,1 tip,0 no foreign neighbour,136.5724334716797,0.17032362520694733,1.0,4.0
1099,4,tram,1.0,0.0,4562.0,1.0,296.0,1,1,4,1 tip,1 all neighbours foreign,89.32957458496094,0.24891342222690582,1.0,2.0
1100,4,tram,1.0,0.0,4562.0,0.0,296.0,1,1,2,1 tip,0 no foreign neighbour,66.1356201171875,0.02564912848174572,1.0,1.0
1101,4,tram,1.0,0.0,4562.0,1.0,296.0,1,1,4,1 tip,1 all neighbours foreign,76.41101837158203,0.06655558198690414,1.0,2.0
1102,4,tram,2.0,0.0,4562.0,1.0,296.0,1,1,2,2 path,1 all neighbours foreign,136.5724334716797,0.1894228458404541,1.0,4.0
1103,4,tram,2.0,0.0,4562.0,0.0,296.0,1,1,4,2 path,0 no foreign neighbour,145.78829956054688,0.017347563058137894,1.0,3.0
1104,2,bus+tram+trolley,3.0,0.0,4562.0,0.6666666666666666,88.0,1,1,3,3+ branch,mixed,261.7535705566406,0.21263867616653442,3.0,7.0
1105,2,bus+tram+trolley,7.0,0.0476190485060215,4562.0,0.7142857142857143,88.0,1,1,5,3+ branch,mixed,560.1119384765625,0.22055651247501373,3.0,14.0
1106,4,tram,1.0,0.0,4562.0,0.0,296.0,1,1,4,1 tip,0 no foreign neighbour,195.97268676757812,0.22985388338565826,1.0,5.0
1107,0,bus,2.0,0.0,4562.0,0.0,3145.0,0,0,6,2 path,0 no foreign neighbour,78.6676254272461,0.9486674666404724,1.0,1.0
1108,4,tram,2.0,0.0,4562.0,0.0,296.0,1,1,2,2 path,0 no foreign neighbour,19.81507110595703,0.24483853578567505,1.0,1.0
1109,4,tram,2.0,0.0,4562.0,0.5,296.0,1,1,4,2 path,mixed,124.77861022949219,0.08599203079938889,1.0,3.0
1110,4,tram,2.0,0.0,4562.0,0.0,296.0,1,1,2,2 path,0 no foreign neighbour,19.81507110595703,0.24120621383190155,1.0,1.0
1111,4,tram,2.0,0.0,4562.0,1.0,296.0,1,1,4,2 path,1 all neighbours foreign,124.77861022949219,0.0870204046368599,1.0,3.0
1112,4,tram,1.0,0.0,4562.0,0.0,296.0,1,1,2,1 tip,0 no foreign neighbour,19.81507110595703,0.23718073964118958,1.0,1.0
1113,4,tram,2.0,0.0,4562.0,0.0,296.0,1,1,2,2 path,0 no foreign neighbour,19.81507110595703,0.22877781093120575,1.0,1.0
1114,0,bus,3.0,0.0,4562.0,0.0,3145.0,0,0,0,3+ branch,0 no foreign neighbour,419.2131042480469,0.23845699429512024,1.0,9.0
1115,4,tram,2.0,0.0,4562.0,1.0,296.0,1,1,3,2 path,1 all neighbours foreign,165.46620178222656,0.1988144814968109,1.0,5.0
1116,1,bus+tram,5.0,0.10000000149011612,4562.0,0.8,149.0,1,1,5,3+ branch,mixed,608.2662963867188,0.2076396346092224,2.0,13.0
1117,1,bus+tram,6.0,0.0,4562.0,0.6666666666666666,149.0,1,1,3,3+ branch,mixed,425.45343017578125,0.21372130513191223,2.0,10.0
1118,4,tram,1.0,0.0,4562.0,0.0,296.0,1,1,2,1 tip,0 no foreign neighbour,19.81507110595703,0.23691536486148834,1.0,1.0
1119,4,tram,1.0,0.0,4562.0,0.0,296.0,1,1,4,1 tip,0 no foreign neighbour,149.826904296875,0.21850548684597015,1.0,4.0
1120,0,bus,1.0,0.0,4562.0,1.0,3145.0,0,0,4,1 tip,1 all neighbours foreign,41.32536315917969,0.0754198506474495,1.0,1.0
1121,4,tram,2.0,0.0,4562.0,0.0,296.0,1,1,4,2 path,0 no foreign neighbour,165.46620178222656,0.2219693809747696,1.0,5.0
1122,4,tram,1.0,0.0,4562.0,0.0,296.0,1,1,4,1 tip,0 no foreign neighbour,73.95140075683594,0.22114287316799164,1.0,2.0
1123,4,tram,2.0,1.0,4562.0,0.0,296.0,1,1,2,2 path,0 no foreign neighbour,149.826904296875,0.2252121865749359,1.0,4.0
1124,4,tram,2.0,0.0,4562.0,0.5,296.0,1,1,3,2 path,mixed,119.64112091064453,0.22485186159610748,1.0,4.0
1125,4,tram,1.0,0.0,4562.0,0.0,296.0,1,1,2,1 tip,0 no foreign neighbour,145.79698181152344,0.22590939700603485,1.0,4.0
1126,0,bus,2.0,0.0,4562.0,1.0,3145.0,0,0,0,2 path,1 all neighbours foreign,425.26580810546875,0.08999189734458923,1.0,6.0
1127,4,tram,1.0,0.0,4562.0,1.0,296.0,1,1,4,1 tip,1 all neighbours foreign,145.79698181152344,0.21964314579963684,1.0,4.0
1128,4,tram,2.0,1.0,4562.0,1.0,296.0,1,1,3,2 path,1 all neighbours foreign,80.5517807006836,0.13012520968914032,1.0,2.0
1129,4,tram,1.0,0.0,4562.0,0.0,296.0,1,1,3,1 tip,0 no foreign neighbour,71.04698944091797,0.16738271713256836,1.0,3.0
1130,4,tram,1.0,0.0,4562.0,1.0,296.0,1,1,2,1 tip,1 all neighbours foreign,101.0548324584961,0.11661136895418167,1.0,2.0
1131,1,bus+tram,2.0,0.0,4562.0,0.5,149.0,1,1,3,2 path,mixed,380.9947814941406,0.20921148359775543,2.0,8.0
1132,4,tram,2.0,0.0,4562.0,0.0,296.0,1,1,4,2 path,0 no foreign neighbour,73.95140075683594,0.21694496273994446,1.0,2.0
1133,1,bus+tram,4.0,0.0,4562.0,0.75,149.0,1,1,3,3+ branch,mixed,223.69259643554688,0.11125487089157104,2.0,4.0
1134,1,bus+tram,3.0,0.0,4562.0,0.0,149.0,1,1,2,3+ branch,0 no foreign neighbour,223.69259643554688,0.10801371186971664,2.0,4.0
1135,1,bus+tram,2.0,0.0,4562.0,0.5,149.0,1,1,2,2 path,mixed,184.91261291503906,0.10384827107191086,2.0,3.0
1136,4,tram,1.0,0.0,4562.0,1.0,296.0,1,1,0,1 tip,1 all neighbours foreign,73.95140075683594,0.18400779366493225,1.0,2.0
1137,0,bus,4.0,0.6666666865348816,4562.0,0.75,3145.0,0,0,0,3+ branch,mixed,760.6534423828125,0.07887224107980728,1.0,13.0
1138,4,tram,2.0,0.0,4562.0,1.0,296.0,1,1,4,2 path,1 all neighbours foreign,101.0548324584961,0.09806525707244873,1.0,2.0
1139,4,tram,1.0,0.0,4562.0,1.0,296.0,1,1,2,1 tip,1 all neighbours foreign,56.38018035888672,0.05978987365961075,1.0,1.0
1140,1,bus+tram,2.0,0.0,4562.0,1.0,149.0,1,1,2,2 path,1 all neighbours foreign,95.30715942382812,0.05593141168355942,2.0,2.0
1141,4,tram,1.0,0.0,4562.0,1.0,296.0,1,1,4,1 tip,1 all neighbours foreign,116.79515075683594,0.01364754419773817,1.0,2.0
1142,4,tram,2.0,0.0,4562.0,0.5,296.0,1,1,0,2 path,mixed,99.36609649658203,0.1471109837293625,1.0,3.0
1143,0,bus,1.0,0.0,4562.0,1.0,3145.0,0,0,0,1 tip,1 all neighbours foreign,374.3220520019531,0.10105829685926437,1.0,5.0
1144,4,tram,2.0,0.0,4562.0,0.5,296.0,1,1,3,2 path,mixed,71.04698944091797,0.1667073518037796,1.0,3.0
1145,1,bus+tram,3.0,0.0,4562.0,0.6666666666666666,149.0,1,1,4,3+ branch,mixed,361.7796630859375,0.01604466699063778,2.0,6.0
1146,4,tram,1.0,0.0,4562.0,0.0,296.0,1,1,2,1 tip,0 no foreign neighbour,56.38018035888672,0.05597986280918121,1.0,1.0
1147,4,tram,1.0,0.0,4562.0,0.0,296.0,1,1,4,1 tip,0 no foreign neighbour,50.65952682495117,0.018368838354945183,1.0,1.0
1148,2,bus+tram+trolley,3.0,0.3333333432674408,4562.0,0.6666666666666666,88.0,1,1,5,3+ branch,mixed,806.9019775390625,0.17630349099636078,3.0,16.0
1149,1,bus+tram,3.0,0.0,4562.0,1.0,149.0,1,1,0,3+ branch,1 all neighbours foreign,556.2860107421875,0.13803015649318695,2.0,8.0
1150,0,bus,4.0,0.3333333432674408,4562.0,0.25,3145.0,0,0,0,3+ branch,mixed,1061.0050048828125,0.08603615313768387,1.0,19.0
1151,4,tram,2.0,0.0,4562.0,0.0,296.0,1,1,4,2 path,0 no foreign neighbour,56.38018035888672,0.060833752155303955,1.0,1.0
1152,4,tram,2.0,0.0,4562.0,0.5,296.0,1,1,0,2 path,mixed,99.36609649658203,0.1262487769126892,1.0,3.0
1153,4,tram,2.0,0.0,4562.0,0.0,296.0,1,1,4,2 path,0 no foreign neighbour,50.65952682495117,0.02568112686276436,1.0,1.0
1154,4,tram,1.0,0.0,4562.0,1.0,296.0,1,1,2,1 tip,1 all neighbours foreign,56.38018035888672,0.06599559634923935,1.0,1.0
1155,4,tram,2.0,0.0,4562.0,0.0,296.0,1,1,2,2 path,0 no foreign neighbour,99.36609649658203,0.12075422704219818,1.0,3.0
1156,4,tram,1.0,0.0,4562.0,1.0,296.0,1,1,4,1 tip,1 all neighbours foreign,50.65952682495117,0.03230925276875496,1.0,1.0
1157,4,tram,1.0,0.0,4562.0,0.0,296.0,1,1,4,1 tip,0 no foreign neighbour,74.4689712524414,0.12088527530431747,1.0,2.0
1158,4,tram,3.0,0.0,4562.0,0.0,296.0,1,1,4,3+ branch,0 no foreign neighbour,99.36609649658203,0.1143563836812973,1.0,3.0
1159,2,bus+tram+trolley,4.0,0.0,4562.0,0.75,88.0,1,1,5,3+ branch,mixed,966.0966796875,0.18242253363132477,3.0,20.0
1160,1,bus+tram,1.0,0.0,4562.0,0.0,149.0,1,1,2,1 tip,0 no foreign neighbour,60.80917739868164,0.03686211630702019,2.0,2.0
1161,4,tram,2.0,0.0,4562.0,0.0,296.0,1,1,4,2 path,0 no foreign neighbour,74.4689712524414,0.11527669429779053,1.0,2.0
1162,1,bus+tram,2.0,0.0,4562.0,0.5,149.0,1,1,2,2 path,mixed,60.80917739868164,0.03624703735113144,2.0,2.0
1163,4,tram,1.0,0.0,4562.0,1.0,296.0,1,1,4,1 tip,1 all neighbours foreign,38.660926818847656,0.10856389254331589,1.0,1.0
1164,5,tram+trolley,4.0,0.1666666716337204,4562.0,0.75,21.0,1,1,3,3+ branch,mixed,253.28179931640625,0.18395045399665833,2.0,7.0
1165,4,tram,1.0,0.0,4562.0,1.0,296.0,1,1,0,1 tip,1 all neighbours foreign,25.414701461791992,0.1665179282426834,1.0,1.0
1166,4,tram,1.0,0.0,4562.0,1.0,296.0,1,1,2,1 tip,1 all neighbours foreign,74.4689712524414,0.10955487936735153,1.0,2.0
1167,1,bus+tram,5.0,0.0,4562.0,1.0,149.0,1,1,0,3+ branch,1 all neighbours foreign,392.377197265625,0.10343994945287704,2.0,5.0
1168,4,tram,3.0,0.0,4562.0,0.3333333333333333,296.0,1,1,3,3+ branch,mixed,83.55396270751953,0.13393263518810272,1.0,3.0
1169,4,tram,1.0,0.0,4562.0,1.0,296.0,1,1,4,1 tip,1 all neighbours foreign,74.4689712524414,0.10111074894666672,1.0,2.0
1170,4,tram,1.0,0.0,4562.0,0.0,296.0,1,1,2,1 tip,0 no foreign neighbour,50.65952682495117,0.034915924072265625,1.0,1.0
1171,1,bus+tram,4.0,0.0,4562.0,1.0,149.0,1,1,4,3+ branch,1 all neighbours foreign,143.3354034423828,0.09649787843227386,2.0,4.0
1172,4,tram,1.0,0.0,4562.0,1.0,296.0,1,1,4,1 tip,1 all neighbours foreign,78.02648162841797,0.011252063326537609,1.0,2.0
1173,4,tram,1.0,0.0,4562.0,0.0,296.0,1,1,4,1 tip,0 no foreign neighbour,38.660926818847656,0.0994335412979126,1.0,1.0
1174,4,tram,1.0,0.0,4562.0,1.0,296.0,1,1,4,1 tip,1 all neighbours foreign,78.02648162841797,0.0121334632858634,1.0,2.0
1175,4,tram,1.0,0.0,4562.0,1.0,296.0,1,1,0,1 tip,1 all neighbours foreign,73.467529296875,0.09204588085412979,1.0,2.0
1176,4,tram,1.0,0.0,4562.0,0.0,296.0,1,1,4,1 tip,0 no foreign neighbour,50.65952682495117,0.01825908198952675,1.0,1.0
1177,1,bus+tram,3.0,0.0,4562.0,1.0,149.0,1,1,4,3+ branch,1 all neighbours foreign,198.2420654296875,0.013383839279413223,2.0,5.0
1178,4,tram,1.0,0.0,4562.0,0.0,296.0,1,1,4,1 tip,0 no foreign neighbour,74.4689712524414,0.09215588122606277,1.0,2.0
1179,4,tram,2.0,0.0,4562.0,0.5,296.0,1,1,4,2 path,mixed,78.02648162841797,0.015490799210965633,1.0,2.0
1180,4,tram,1.0,0.0,4562.0,1.0,296.0,1,1,4,1 tip,1 all neighbours foreign,141.05694580078125,0.08718622475862503,1.0,4.0
1181,2,bus+tram+trolley,8.0,0.0357142873108387,4562.0,0.875,88.0,1,1,5,3+ branch,mixed,513.6326904296875,0.1212683767080307,3.0,10.0
1182,1,bus+tram,5.0,0.20000000298023224,4562.0,1.0,149.0,1,1,0,3+ branch,1 all neighbours foreign,587.951416015625,0.08808644115924835,2.0,9.0
1183,1,bus+tram,3.0,0.0,4562.0,0.6666666666666666,149.0,1,1,0,3+ branch,mixed,592.8665771484375,0.08412767201662064,2.0,10.0
1184,0,bus,2.0,0.0,4562.0,0.0,3145.0,0,0,3,2 path,0 no foreign neighbour,206.3773651123047,0.22693929076194763,1.0,4.0
1185,4,tram,2.0,0.0,4562.0,1.0,296.0,1,1,0,2 path,1 all neighbours foreign,73.467529296875,0.0828014612197876,1.0,2.0
1186,1,bus+tram,4.0,0.0,4562.0,0.75,149.0,1,1,0,3+ branch,mixed,627.5719604492188,0.0811585783958435,2.0,11.0
1187,4,tram,1.0,0.0,4562.0,1.0,296.0,1,1,4,1 tip,1 all neighbours foreign,116.79515075683594,0.0160345658659935,1.0,2.0
1188,1,bus+tram,3.0,0.3333333432674408,4562.0,1.0,149.0,1,1,3,3+ branch,1 all neighbours foreign,112.98070526123047,0.117924764752388,2.0,3.0
1189,1,bus+tram,2.0,0.0,4562.0,1.0,149.0,1,1,4,2 path,1 all neighbours foreign,361.7796630859375,0.014245145954191685,2.0,6.0
1190,0,bus,3.0,0.0,4562.0,0.3333333333333333,3145.0,0,0,3,3+ branch,mixed,534.661376953125,0.21904125809669495,1.0,9.0
1191,4,tram,2.0,1.0,4562.0,0.5,296.0,1,1,2,2 path,mixed,59.112152099609375,0.1130349338054657,1.0,2.0
1192,4,tram,1.0,0.0,4562.0,1.0,296.0,1,1,4,1 tip,1 all neighbours foreign,116.79515075683594,0.013321722857654095,1.0,2.0
1193,4,tram,2.0,0.0,4562.0,1.0,296.0,1,1,4,2 path,1 all neighbours foreign,141.05694580078125,0.07778053730726242,1.0,4.0
1194,4,tram,2.0,0.0,4562.0,1.0,296.0,1,1,4,2 path,1 all neighbours foreign,78.02648162841797,0.01363939605653286,1.0,2.0
1195,1,bus+tram,2.0,0.0,4562.0,1.0,149.0,1,1,4,2 path,1 all neighbours foreign,197.70750427246094,0.015293125994503498,2.0,4.0
1196,1,bus+tram,3.0,0.0,4562.0,1.0,149.0,1,1,0,3+ branch,1 all neighbours foreign,592.8665771484375,0.07326667010784149,2.0,10.0
1197,4,tram,1.0,0.0,4562.0,1.0,296.0,1,1,4,1 tip,1 all neighbours foreign,124.77861022949219,0.09795689582824707,1.0,3.0
1198,1,bus+tram,5.0,0.10000000149011612,4562.0,0.8,149.0,1,1,2,3+ branch,mixed,127.69013977050781,0.10455029457807541,2.0,3.0
1199,4,tram,1.0,0.0,4562.0,0.0,296.0,1,1,2,1 tip,0 no foreign neighbour,56.38018035888672,0.06556952744722366,1.0,1.0
1200,0,bus,1.0,0.0,4562.0,0.0,3145.0,0,0,2,1 tip,0 no foreign neighbour,261.84033203125,0.23174679279327393,1.0,5.0
1201,4,tram,2.0,0.0,4562.0,0.5,296.0,1,1,4,2 path,mixed,141.05694580078125,0.0703832134604454,1.0,4.0
1202,1,bus+tram,4.0,0.0,4562.0,0.75,149.0,1,1,0,3+ branch,mixed,165.558349609375,0.05812201648950577,2.0,4.0
1203,4,tram,2.0,0.0,4562.0,0.5,296.0,1,1,4,2 path,mixed,97.44812774658203,0.06697879731655121,1.0,3.0
1204,4,tram,2.0,0.0,4562.0,0.5,296.0,1,1,4,2 path,mixed,98.88223266601562,0.05572874844074249,1.0,3.0
1205,2,bus+tram+trolley,3.0,0.0,4562.0,1.0,88.0,1,1,0,3+ branch,1 all neighbours foreign,468.7408752441406,0.07552801817655563,3.0,9.0
1206,2,bus+tram+trolley,5.0,0.0,4562.0,1.0,88.0,1,1,0,3+ branch,1 all neighbours foreign,954.1009521484375,0.06387201696634293,3.0,17.0
1207,0,bus,1.0,0.0,4562.0,1.0,3145.0,0,0,4,1 tip,1 all neighbours foreign,170.25430297851562,0.025919988751411438,1.0,3.0
1208,1,bus+tram,3.0,0.0,4562.0,0.6666666666666666,149.0,1,1,4,3+ branch,mixed,181.829345703125,0.07087565958499908,2.0,4.0
1209,4,tram,2.0,0.0,4562.0,0.5,296.0,1,1,4,2 path,mixed,98.88223266601562,0.05195027217268944,1.0,3.0
1210,4,tram,1.0,0.0,4562.0,1.0,296.0,1,1,4,1 tip,1 all neighbours foreign,89.3204574584961,0.04947400093078613,1.0,2.0
1211,4,tram,1.0,0.0,4562.0,1.0,296.0,1,1,4,1 tip,1 all neighbours foreign,97.44812774658203,0.0556422583758831,1.0,3.0
1212,4,tram,1.0,0.0,4562.0,1.0,296.0,1,1,2,1 tip,1 all neighbours foreign,56.38018035888672,0.05763224884867668,1.0,1.0
1213,4,tram,1.0,0.0,4562.0,1.0,296.0,1,1,4,1 tip,1 all neighbours foreign,124.77861022949219,0.09710565954446793,1.0,3.0
1214,4,tram,2.0,0.0,4562.0,0.5,296.0,1,1,4,2 path,mixed,89.3204574584961,0.04372548311948776,1.0,2.0
1215,1,bus+tram,2.0,0.0,4562.0,0.0,149.0,1,1,3,2 path,0 no foreign neighbour,184.91261291503906,0.0979633629322052,2.0,3.0
1216,6,trolley,1.0,0.0,4562.0,1.0,261.0,1,1,2,1 tip,1 all neighbours foreign,39.16164779663086,0.11840254813432693,1.0,1.0
1217,4,tram,1.0,0.0,4562.0,1.0,296.0,1,1,2,1 tip,1 all neighbours foreign,89.3204574584961,0.03624919429421425,1.0,2.0
1218,1,bus+tram,2.0,0.0,4562.0,0.5,149.0,1,1,3,2 path,mixed,184.91261291503906,0.10321995615959167,2.0,3.0
1219,1,bus+tram,4.0,0.0,4562.0,0.75,149.0,1,1,2,3+ branch,mixed,99.47010040283203,0.034379635006189346,2.0,3.0
1220,1,bus+tram,2.0,0.0,4562.0,1.0,149.0,1,1,4,2 path,1 all neighbours foreign,150.73773193359375,0.06682837754487991,2.0,3.0
1221,4,tram,1.0,0.0,4562.0,1.0,296.0,1,1,4,1 tip,1 all neighbours foreign,38.660926818847656,0.03498091921210289,1.0,1.0
1222,4,tram,1.0,0.0,4562.0,1.0,296.0,1,1,2,1 tip,1 all neighbours foreign,101.0548324584961,0.1169566810131073,1.0,2.0
1223,4,tram,1.0,0.0,4562.0,0.0,296.0,1,1,2,1 tip,0 no foreign neighbour,89.3204574584961,0.035631898790597916,1.0,2.0
1224,1,bus+tram,4.0,0.0,4562.0,0.5,149.0,1,1,5,3+ branch,mixed,558.4397583007812,0.0831206738948822,2.0,11.0
1225,4,tram,2.0,0.0,4562.0,1.0,296.0,1,1,4,2 path,1 all neighbours foreign,97.44812774658203,0.06969720870256424,1.0,3.0
1226,0,bus,1.0,0.0,4562.0,0.0,3145.0,0,0,4,1 tip,0 no foreign neighbour,210.5540313720703,0.060263458639383316,1.0,3.0
1227,1,bus+tram,4.0,0.3333333432674408,4562.0,0.5,149.0,1,1,5,3+ branch,mixed,581.1072387695312,0.0820559412240982,2.0,10.0
1228,1,bus+tram,3.0,0.0,4562.0,0.6666666666666666,149.0,1,1,5,3+ branch,mixed,614.8598022460938,0.08115949481725693,2.0,11.0
1229,4,tram,2.0,0.0,4562.0,0.0,296.0,1,1,4,2 path,0 no foreign neighbour,89.3204574584961,0.03974118083715439,1.0,2.0
1230,4,tram,2.0,1.0,4562.0,1.0,296.0,1,1,3,2 path,1 all neighbours foreign,64.49840545654297,0.08075429499149323,1.0,2.0
1231,4,tram,2.0,0.0,4562.0,0.0,296.0,1,1,4,2 path,0 no foreign neighbour,141.05694580078125,0.08961746096611023,1.0,4.0
1232,4,tram,1.0,0.0,4562.0,0.0,296.0,1,1,4,1 tip,0 no foreign neighbour,66.58796691894531,0.09478546679019928,1.0,2.0
1233,4,tram,1.0,0.0,4562.0,1.0,296.0,1,1,4,1 tip,1 all neighbours foreign,74.4689712524414,0.09288924932479858,1.0,2.0
1234,1,bus+tram,2.0,0.0,4562.0,0.5,149.0,1,1,5,2 path,mixed,614.8598022460938,0.080661341547966,2.0,11.0
1235,4,tram,2.0,0.0,4562.0,0.5,296.0,1,1,4,2 path,mixed,89.3204574584961,0.04970620572566986,1.0,2.0
1236,0,bus,2.0,0.0,4562.0,0.0,3145.0,0,0,2,2 path,0 no foreign neighbour,113.0499267578125,0.11027874797582626,1.0,2.0
1237,4,tram,2.0,0.0,4562.0,0.5,296.0,1,1,3,2 path,mixed,64.49840545654297,0.0811372846364975,1.0,2.0
1238,4,tram,1.0,0.0,4562.0,1.0,296.0,1,1,4,1 tip,1 all neighbours foreign,74.4689712524414,0.10022197663784027,1.0,2.0
1239,4,tram,1.0,0.0,4562.0,1.0,296.0,1,1,2,1 tip,1 all neighbours foreign,47.95895004272461,0.18212880194187164,1.0,2.0
1240,1,bus+tram,3.0,0.0,4562.0,1.0,149.0,1,1,5,3+ branch,1 all neighbours foreign,510.94451904296875,0.08224168419837952,2.0,9.0
1241,4,tram,1.0,0.0,4562.0,0.0,296.0,1,1,2,1 tip,0 no foreign neighbour,74.4689712524414,0.10851820558309555,1.0,2.0
1242,0,bus,3.0,0.3333333432674408,4562.0,0.3333333333333333,3145.0,0,0,4,3+ branch,mixed,244.02548217773438,0.0166204571723938,1.0,6.0
1243,1,bus+tram,6.0,0.0,4562.0,0.8333333333333334,149.0,1,1,5,3+ branch,mixed,345.6248474121094,0.17652840912342072,2.0,8.0
1244,4,tram,1.0,0.0,4562.0,1.0,296.0,1,1,4,1 tip,1 all neighbours foreign,74.4689712524414,0.12144527584314346,1.0,2.0
1245,1,bus+tram,2.0,0.0,4562.0,0.0,149.0,1,1,3,2 path,0 no foreign neighbour,345.6248474121094,0.17998376488685608,2.0,8.0
1246,1,bus+tram,4.0,0.0,4562.0,0.75,149.0,1,1,5,3+ branch,mixed,591.2440795898438,0.18543539941310883,2.0,12.0
1247,1,bus+tram,3.0,0.0,4562.0,1.0,149.0,1,1,0,3+ branch,1 all neighbours foreign,459.04205322265625,0.12318765372037888,2.0,10.0
1248,4,tram,2.0,0.0,4562.0,0.5,296.0,1,1,3,2 path,mixed,44.68915939331055,0.1906115859746933,1.0,2.0
1249,4,tram,1.0,0.0,4562.0,0.0,296.0,1,1,4,1 tip,0 no foreign neighbour,64.49840545654297,0.08063562959432602,1.0,2.0
1250,4,tram,1.0,0.0,4562.0,0.0,296.0,1,1,4,1 tip,0 no foreign neighbour,44.68915939331055,0.19379140436649323,1.0,2.0
1251,4,tram,2.0,0.0,4562.0,0.0,296.0,1,1,2,2 path,0 no foreign neighbour,44.68915939331055,0.19114993512630463,1.0,2.0
1252,0,bus,2.0,0.0,4562.0,0.0,3145.0,0,0,2,2 path,0 no foreign neighbour,75.81076049804688,0.1396203190088272,1.0,2.0
1253,4,tram,2.0,0.0,4562.0,0.0,296.0,1,1,2,2 path,0 no foreign neighbour,44.68915939331055,0.18898047506809235,1.0,2.0
1254,4,tram,3.0,0.0,4562.0,0.3333333333333333,296.0,1,1,2,3+ branch,mixed,68.86075592041016,0.18711256980895996,1.0,3.0
1255,4,tram,1.0,0.0,4562.0,1.0,296.0,1,1,4,1 tip,1 all neighbours foreign,110.8808364868164,0.056418705731630325,1.0,3.0
1256,1,bus+tram,6.0,0.06666667014360428,4562.0,1.0,149.0,1,1,3,3+ branch,1 all neighbours foreign,203.5983428955078,0.1853310614824295,2.0,6.0
1257,4,tram,2.0,0.0,4562.0,0.5,296.0,1,1,0,2 path,mixed,73.467529296875,0.0952257364988327,1.0,2.0
1258,3,bus+trolley,4.0,0.0,4562.0,0.5,610.0,1,1,3,3+ branch,mixed,405.3768005371094,0.052030690014362335,2.0,9.0
1259,1,bus+tram,3.0,0.0,4562.0,1.0,149.0,1,1,4,3+ branch,1 all neighbours foreign,147.6200714111328,0.05352069064974785,2.0,4.0
1260,1,bus+tram,2.0,0.0,4562.0,0.5,149.0,1,1,3,2 path,mixed,128.53244018554688,0.09588868916034698,2.0,2.0
1261,4,tram,2.0,0.0,4562.0,0.0,296.0,1,1,4,2 path,0 no foreign neighbour,110.8808364868164,0.052012912929058075,1.0,3.0
1262,4,tram,2.0,0.0,4562.0,0.5,296.0,1,1,4,2 path,mixed,25.414701461791992,0.0700625330209732,1.0,1.0
1263,0,bus,4.0,0.1666666716337204,4562.0,0.5,3145.0,0,0,0,3+ branch,mixed,573.290771484375,0.14817216992378235,1.0,10.0
1264,1,bus+tram,5.0,0.0,4562.0,1.0,149.0,1,1,0,3+ branch,1 all neighbours foreign,434.0260009765625,0.07233070582151413,2.0,7.0
1265,4,tram,1.0,0.0,4562.0,1.0,296.0,1,1,4,1 tip,1 all neighbours foreign,38.660926818847656,0.09968739002943039,1.0,1.0
1266,4,tram,2.0,0.0,4562.0,0.5,296.0,1,1,4,2 path,mixed,25.414701461791992,0.07501610368490219,1.0,1.0
1267,4,tram,2.0,0.0,4562.0,0.0,296.0,1,1,4,2 path,0 no foreign neighbour,25.414701461791992,0.07771938294172287,1.0,1.0
1268,2,bus+tram+trolley,3.0,0.3333333432674408,4562.0,0.6666666666666666,88.0,1,1,0,3+ branch,mixed,334.9400634765625,0.09962553530931473,3.0,7.0
1269,0,bus,1.0,0.0,4562.0,1.0,3145.0,0,0,0,1 tip,1 all neighbours foreign,454.5694885253906,0.14991693198680878,1.0,8.0
1270,4,tram,1.0,0.0,4562.0,0.0,296.0,1,1,4,1 tip,0 no foreign neighbour,44.68915939331055,0.19468200206756592,1.0,2.0
1271,4,tram,3.0,0.0,4562.0,0.0,296.0,1,1,4,3+ branch,0 no foreign neighbour,60.70517349243164,0.08175098150968552,1.0,2.0
1272,4,tram,1.0,0.0,4562.0,0.0,296.0,1,1,4,1 tip,0 no foreign neighbour,38.660926818847656,0.1072106659412384,1.0,1.0
1273,1,bus+tram,3.0,0.0,4562.0,1.0,149.0,1,1,3,3+ branch,1 all neighbours foreign,307.783935546875,0.15309585630893707,2.0,6.0
1274,4,tram,1.0,0.0,4562.0,1.0,296.0,1,1,4,1 tip,1 all neighbours foreign,60.70517349243164,0.08597316592931747,1.0,2.0
1275,0,bus,2.0,0.0,4562.0,0.0,3145.0,0,0,4,2 path,0 no foreign neighbour,154.83570861816406,0.16944631934165955,1.0,3.0
1276,1,bus+tram,2.0,0.0,4562.0,1.0,149.0,1,1,0,2 path,1 all neighbours foreign,319.4447326660156,0.0908522754907608,2.0,6.0
1277,4,tram,1.0,0.0,4562.0,1.0,296.0,1,1,3,1 tip,1 all neighbours foreign,72.47676849365234,0.14878663420677185,1.0,2.0
1278,4,tram,1.0,0.0,4562.0,0.0,296.0,1,1,4,1 tip,0 no foreign neighbour,60.70517349243164,0.09894221276044846,1.0,2.0
1279,1,bus+tram,1.0,0.0,4562.0,0.0,149.0,1,1,3,1 tip,0 no foreign neighbour,260.6477355957031,0.16442199051380157,2.0,6.0
1280,1,bus+tram,4.0,0.0,4562.0,0.5,149.0,1,1,3,3+ branch,mixed,260.6477355957031,0.16168883442878723,2.0,6.0
1281,4,tram,2.0,0.0,4562.0,1.0,296.0,1,1,3,2 path,1 all neighbours foreign,72.47676849365234,0.14388282597064972,1.0,2.0
1282,4,tram,2.0,0.0,4562.0,1.0,296.0,1,1,3,2 path,1 all neighbours foreign,69.31886291503906,0.1590164601802826,1.0,2.0
1283,4,tram,2.0,0.0,4562.0,0.0,296.0,1,1,2,2 path,0 no foreign neighbour,60.70517349243164,0.10488103330135345,1.0,2.0
1284,4,tram,1.0,0.0,4562.0,1.0,296.0,1,1,4,1 tip,1 all neighbours foreign,59.112152099609375,0.10941795259714127,1.0,2.0
1285,4,tram,1.0,0.0,4562.0,0.0,296.0,1,1,2,1 tip,0 no foreign neighbour,60.70517349243164,0.10715506970882416,1.0,2.0
1286,1,bus+tram,2.0,0.0,4562.0,1.0,149.0,1,1,3,2 path,1 all neighbours foreign,289.6064758300781,0.16523727774620056,2.0,7.0
1287,4,tram,2.0,0.0,4562.0,0.0,296.0,1,1,3,2 path,0 no foreign neighbour,69.31886291503906,0.16863089799880981,1.0,2.0
1288,4,tram,1.0,0.0,4562.0,0.0,296.0,1,1,2,1 tip,0 no foreign neighbour,60.70517349243164,0.09464897215366364,1.0,2.0
1289,4,tram,1.0,0.0,4562.0,1.0,296.0,1,1,2,1 tip,1 all neighbours foreign,34.806602478027344,0.1311362385749817,1.0,1.0
1290,1,bus+tram,4.0,0.0,4562.0,0.75,149.0,1,1,3,3+ branch,mixed,302.9978332519531,0.12203378230333328,2.0,6.0
1291,4,tram,1.0,0.0,4562.0,1.0,296.0,1,1,3,1 tip,1 all neighbours foreign,39.452232360839844,0.1264466643333435,1.0,1.0
1292,1,bus+tram,7.0,0.0,4562.0,0.8571428571428571,149.0,1,1,6,3+ branch,mixed,791.1458129882812,0.16389082372188568,2.0,12.0
1293,1,bus+tram,4.0,0.0,4562.0,1.0,149.0,1,1,5,3+ branch,1 all neighbours foreign,252.4719696044922,0.12943492829799652,2.0,5.0
1294,1,bus+tram,3.0,0.0,4562.0,1.0,149.0,1,1,6,3+ branch,1 all neighbours foreign,691.5741577148438,0.18435038626194,2.0,9.0
1295,4,tram,1.0,0.0,4562.0,1.0,296.0,1,1,3,1 tip,1 all neighbours foreign,39.452232360839844,0.13168597221374512,1.0,1.0
1296,1,bus+tram,6.0,0.0,4562.0,1.0,149.0,1,1,5,3+ branch,1 all neighbours foreign,908.2029418945312,0.13446976244449615,2.0,17.0
1297,4,tram,2.0,0.0,4562.0,0.0,296.0,1,1,0,2 path,0 no foreign neighbour,73.95140075683594,0.19273926317691803,1.0,2.0
1298,0,bus,3.0,0.0,4562.0,0.3333333333333333,3145.0,0,0,3,3+ branch,mixed,213.94873046875,0.09702792018651962,1.0,3.0
1299,4,tram,1.0,0.0,4562.0,0.0,296.0,1,1,3,1 tip,0 no foreign neighbour,39.452232360839844,0.13791625201702118,1.0,1.0
1300,4,tram,1.0,0.0,4562.0,1.0,296.0,1,1,4,1 tip,1 all neighbours foreign,34.806602478027344,0.16135701537132263,1.0,1.0
1301,4,tram,2.0,0.0,4562.0,0.0,296.0,1,1,3,2 path,0 no foreign neighbour,39.452232360839844,0.14121945202350616,1.0,1.0
1302,4,tram,2.0,0.0,4562.0,0.0,296.0,1,1,2,2 path,0 no foreign neighbour,39.452232360839844,0.14319001138210297,1.0,1.0
1303,4,tram,2.0,0.0,4562.0,0.0,296.0,1,1,2,2 path,0 no foreign neighbour,39.452232360839844,0.14675629138946533,1.0,1.0
1304,1,bus+tram,4.0,0.0,4562.0,1.0,149.0,1,1,0,3+ branch,1 all neighbours foreign,322.38446044921875,0.1554238498210907,2.0,6.0
1305,4,tram,1.0,0.0,4562.0,0.0,296.0,1,1,2,1 tip,0 no foreign neighbour,39.452232360839844,0.14706815779209137,1.0,1.0
1306,4,tram,1.0,0.0,4562.0,1.0,296.0,1,1,4,1 tip,1 all neighbours foreign,34.806602478027344,0.15271688997745514,1.0,1.0
1307,4,tram,1.0,0.0,4562.0,1.0,296.0,1,1,3,1 tip,1 all neighbours foreign,39.452232360839844,0.13870584964752197,1.0,1.0
1308,4,tram,1.0,0.0,4562.0,1.0,296.0,1,1,3,1 tip,1 all neighbours foreign,39.452232360839844,0.13231396675109863,1.0,1.0
1309,4,tram,1.0,0.0,4562.0,1.0,296.0,1,1,3,1 tip,1 all neighbours foreign,39.452232360839844,0.12714970111846924,1.0,1.0
1310,4,tram,1.0,0.0,4562.0,1.0,296.0,1,1,4,1 tip,1 all neighbours foreign,34.806602478027344,0.12022668123245239,1.0,1.0
1311,0,bus,2.0,0.0,4562.0,1.0,3145.0,0,0,4,2 path,1 all neighbours foreign,447.6949768066406,0.021628201007843018,1.0,7.0
1312,4,tram,1.0,0.0,4562.0,1.0,296.0,1,1,3,1 tip,1 all neighbours foreign,72.47676849365234,0.14334362745285034,1.0,2.0
1313,4,tram,1.0,0.0,4562.0,1.0,296.0,1,1,2,1 tip,1 all neighbours foreign,72.47676849365234,0.15133634209632874,1.0,2.0
1314,1,bus+tram,4.0,0.0,4562.0,0.75,149.0,1,1,3,3+ branch,mixed,307.5513610839844,0.15482859313488007,2.0,6.0
1315,1,bus+tram,4.0,0.0,4562.0,0.5,149.0,1,1,3,3+ branch,mixed,307.5513610839844,0.15788498520851135,2.0,6.0
1316,0,bus,2.0,0.0,4562.0,0.0,3145.0,0,0,2,2 path,0 no foreign neighbour,44.00054931640625,0.05659152939915657,1.0,1.0
1317,6,trolley,1.0,0.0,4562.0,0.0,261.0,1,1,4,1 tip,0 no foreign neighbour,84.12445831298828,0.05967478081583977,1.0,2.0
1318,3,bus+trolley,2.0,0.0,4562.0,1.0,610.0,1,1,3,2 path,1 all neighbours foreign,342.71771240234375,0.04677053540945053,2.0,7.0
1319,0,bus,1.0,0.0,4562.0,0.0,3145.0,0,0,6,1 tip,0 no foreign neighbour,763.0750122070312,0.3782227039337158,1.0,14.0
1320,3,bus+trolley,4.0,0.1666666716337204,4562.0,0.75,610.0,1,1,5,3+ branch,mixed,573.3037719726562,0.11890736222267151,2.0,8.0
1321,3,bus+trolley,2.0,0.0,4562.0,1.0,610.0,1,1,4,2 path,1 all neighbours foreign,337.048583984375,0.043034765869379044,2.0,7.0
1322,3,bus+trolley,4.0,0.0,4562.0,0.5,610.0,1,1,3,3+ branch,mixed,273.1539306640625,0.1441165804862976,2.0,5.0
1323,0,bus,3.0,0.0,4562.0,0.0,3145.0,0,0,2,3+ branch,0 no foreign neighbour,124.29080200195312,0.3230481743812561,1.0,3.0
1324,3,bus+trolley,1.0,0.0,4562.0,0.0,610.0,1,1,3,1 tip,0 no foreign neighbour,411.8608703613281,0.08221802860498428,2.0,7.0
1325,6,trolley,1.0,0.0,4562.0,1.0,261.0,1,1,3,1 tip,1 all neighbours foreign,128.42471313476562,0.15438701212406158,1.0,2.0
1326,3,bus+trolley,2.0,0.0,4562.0,0.0,610.0,1,1,5,2 path,0 no foreign neighbour,536.593017578125,0.11127627640962601,2.0,9.0
1327,3,bus+trolley,2.0,0.0,4562.0,1.0,610.0,1,1,4,2 path,1 all neighbours foreign,148.603515625,0.13401827216148376,2.0,3.0
1328,0,bus,1.0,0.0,4562.0,1.0,3145.0,0,0,2,1 tip,1 all neighbours foreign,57.461238861083984,0.06598281860351562,1.0,1.0
1329,3,bus+trolley,1.0,0.0,4562.0,0.0,610.0,1,1,3,1 tip,0 no foreign neighbour,246.6279754638672,0.14504094421863556,2.0,4.0
1330,0,bus,2.0,1.0,4562.0,0.0,3145.0,0,0,0,2 path,0 no foreign neighbour,243.82687377929688,0.4434332251548767,1.0,4.0
1331,6,trolley,1.0,0.0,4562.0,1.0,261.0,1,1,2,1 tip,1 all neighbours foreign,128.42471313476562,0.1567622572183609,1.0,2.0
1332,3,bus+trolley,3.0,0.0,4562.0,1.0,610.0,1,1,3,3+ branch,1 all neighbours foreign,233.5662384033203,0.14978699386119843,2.0,5.0
1333,0,bus,2.0,0.0,4562.0,0.0,3145.0,0,0,0,2 path,0 no foreign neighbour,160.6679229736328,0.46680817008018494,1.0,3.0
1334,6,trolley,1.0,0.0,4562.0,1.0,261.0,1,1,3,1 tip,1 all neighbours foreign,45.39975357055664,0.15568587183952332,1.0,1.0
1335,3,bus+trolley,2.0,0.0,4562.0,1.0,610.0,1,1,5,2 path,1 all neighbours foreign,321.4674377441406,0.16122721135616302,2.0,6.0
1336,6,trolley,3.0,0.0,4562.0,0.6666666666666666,261.0,1,1,5,3+ branch,mixed,182.2348175048828,0.16705326735973358,1.0,4.0
1337,6,trolley,1.0,0.0,4562.0,1.0,261.0,1,1,3,1 tip,1 all neighbours foreign,182.2348175048828,0.18278273940086365,1.0,4.0
1338,3,bus+trolley,4.0,0.1666666716337204,4562.0,1.0,610.0,1,1,5,3+ branch,1 all neighbours foreign,930.2081909179688,0.17308607697486877,2.0,16.0
1339,3,bus+trolley,1.0,0.0,4562.0,0.0,610.0,1,1,3,1 tip,0 no foreign neighbour,183.696044921875,0.1597696840763092,2.0,4.0
1340,3,bus+trolley,2.0,0.0,4562.0,0.5,610.0,1,1,2,2 path,mixed,233.5662384033203,0.15267370641231537,2.0,5.0
1341,3,bus+trolley,2.0,0.0,4562.0,0.5,610.0,1,1,3,2 path,mixed,344.69879150390625,0.1476372480392456,2.0,6.0
1342,3,bus+trolley,3.0,0.0,4562.0,0.3333333333333333,610.0,1,1,3,3+ branch,mixed,350.31695556640625,0.15391170978546143,2.0,6.0
1343,3,bus+trolley,4.0,0.0,4562.0,0.5,610.0,1,1,3,3+ branch,mixed,620.660400390625,0.0935903936624527,2.0,11.0
1344,6,trolley,1.0,0.0,4562.0,1.0,261.0,1,1,0,1 tip,1 all neighbours foreign,209.5142822265625,0.09143215417861938,1.0,5.0
1345,6,trolley,1.0,0.0,4562.0,1.0,261.0,1,1,0,1 tip,1 all neighbours foreign,209.5142822265625,0.09062386304140091,1.0,5.0
1346,6,trolley,1.0,0.0,4562.0,1.0,261.0,1,1,4,1 tip,1 all neighbours foreign,54.36271286010742,0.0919434130191803,1.0,1.0
1347,3,bus+trolley,2.0,0.0,4562.0,1.0,610.0,1,1,5,2 path,1 all neighbours foreign,652.4913330078125,0.08755603432655334,2.0,11.0
1348,6,trolley,1.0,0.0,4562.0,1.0,261.0,1,1,4,1 tip,1 all neighbours foreign,220.4075469970703,0.1635865867137909,1.0,5.0
1349,6,trolley,1.0,0.0,4562.0,1.0,261.0,1,1,5,1 tip,1 all neighbours foreign,167.68313598632812,0.15977627038955688,1.0,3.0
1350,3,bus+trolley,4.0,0.3333333432674408,4562.0,0.0,610.0,1,1,5,3+ branch,0 no foreign neighbour,426.2879638671875,0.097098208963871,2.0,8.0
1351,6,trolley,1.0,0.0,4562.0,1.0,261.0,1,1,0,1 tip,1 all neighbours foreign,202.12896728515625,0.07831482589244843,1.0,4.0
1352,3,bus+trolley,1.0,0.0,4562.0,0.0,610.0,1,1,0,1 tip,0 no foreign neighbour,779.300537109375,0.07513369619846344,2.0,13.0
1353,0,bus,3.0,0.0,4562.0,0.0,3145.0,0,0,4,3+ branch,0 no foreign neighbour,349.0985107421875,0.2898064851760864,1.0,8.0
1354,6,trolley,1.0,0.0,4562.0,1.0,261.0,1,1,4,1 tip,1 all neighbours foreign,75.24617767333984,0.1684780716896057,1.0,2.0
1355,6,trolley,2.0,0.0,4562.0,1.0,261.0,1,1,0,2 path,1 all neighbours foreign,289.5428161621094,0.07351495325565338,1.0,6.0
1356,3,bus+trolley,2.0,0.0,4562.0,0.5,610.0,1,1,0,2 path,mixed,546.8992309570312,0.07540305703878403,2.0,10.0
1357,3,bus+trolley,2.0,0.0,4562.0,0.5,610.0,1,1,5,2 path,mixed,838.1007690429688,0.05535745248198509,2.0,13.0
1358,3,bus+trolley,1.0,0.0,4562.0,0.0,610.0,1,1,4,1 tip,0 no foreign neighbour,170.22508239746094,0.12923508882522583,2.0,4.0
1359,0,bus,3.0,0.0,4562.0,0.0,3145.0,0,0,6,3+ branch,0 no foreign neighbour,615.8089599609375,0.24772082269191742,1.0,13.0
1360,3,bus+trolley,1.0,0.0,4562.0,0.0,610.0,1,1,3,1 tip,0 no foreign neighbour,417.6119689941406,0.1569029837846756,2.0,7.0
1361,3,bus+trolley,7.0,0.1428571492433548,4562.0,0.8571428571428571,610.0,1,1,6,3+ branch,mixed,880.4995727539062,0.08231832832098007,2.0,16.0
1362,6,trolley,1.0,0.0,4562.0,1.0,261.0,1,1,4,1 tip,1 all neighbours foreign,38.677059173583984,0.1443326622247696,1.0,1.0
1363,6,trolley,1.0,0.0,4562.0,1.0,261.0,1,1,4,1 tip,1 all neighbours foreign,70.76238250732422,0.08347576856613159,1.0,2.0
1364,3,bus+trolley,7.0,0.095238097012043,4562.0,0.5714285714285714,610.0,1,1,5,3+ branch,mixed,572.1185302734375,0.0894736647605896,2.0,9.0
1365,3,bus+trolley,3.0,0.0,4562.0,0.3333333333333333,610.0,1,1,4,3+ branch,mixed,287.87176513671875,0.12465275079011917,2.0,5.0
1366,6,trolley,1.0,0.0,4562.0,1.0,261.0,1,1,3,1 tip,1 all neighbours foreign,53.193878173828125,0.16812963783740997,1.0,1.0
1367,1,bus+tram,2.0,0.0,4562.0,1.0,149.0,1,1,4,2 path,1 all neighbours foreign,126.08392333984375,0.027511266991496086,2.0,2.0
1368,3,bus+trolley,2.0,0.0,4562.0,0.5,610.0,1,1,5,2 path,mixed,455.0997619628906,0.08412466198205948,2.0,7.0
1369,6,trolley,1.0,0.0,4562.0,1.0,261.0,1,1,4,1 tip,1 all neighbours foreign,32.44878005981445,0.026959257200360298,1.0,1.0
1370,4,tram,1.0,0.0,4562.0,1.0,296.0,1,1,2,1 tip,1 all neighbours foreign,20.093374252319336,0.06991312652826309,1.0,1.0
1371,3,bus+trolley,1.0,0.0,4562.0,0.0,610.0,1,1,5,1 tip,0 no foreign neighbour,501.6897888183594,0.11396356672048569,2.0,8.0
1372,6,trolley,1.0,0.0,4562.0,1.0,261.0,1,1,3,1 tip,1 all neighbours foreign,29.913381576538086,0.11759156733751297,1.0,1.0
1373,6,trolley,1.0,0.0,4562.0,1.0,261.0,1,1,2,1 tip,1 all neighbours foreign,51.67567825317383,0.2147085964679718,1.0,1.0
1374,6,trolley,1.0,0.0,4562.0,1.0,261.0,1,1,4,1 tip,1 all neighbours foreign,37.15272903442383,0.17970548570156097,1.0,1.0
1375,1,bus+tram,2.0,0.0,4562.0,0.5,149.0,1,1,2,2 path,mixed,136.53347778320312,0.09433279186487198,2.0,3.0
1376,1,bus+tram,2.0,1.0,4562.0,0.5,149.0,1,1,2,2 path,mixed,136.53347778320312,0.09461987763643265,2.0,3.0
1377,0,bus,2.0,0.0,4562.0,1.0,3145.0,0,0,4,2 path,1 all neighbours foreign,157.4536590576172,0.04711783677339554,1.0,3.0
1378,6,trolley,1.0,0.0,4562.0,1.0,261.0,1,1,2,1 tip,1 all neighbours foreign,28.144166946411133,0.08286258578300476,1.0,1.0
1379,3,bus+trolley,1.0,0.0,4562.0,0.0,610.0,1,1,3,1 tip,0 no foreign neighbour,236.5464324951172,0.19013307988643646,2.0,4.0
1380,6,trolley,2.0,0.0,4562.0,0.5,261.0,1,1,3,2 path,mixed,275.8277282714844,0.18244311213493347,1.0,5.0
1381,3,bus+trolley,2.0,0.0,4562.0,0.5,610.0,1,1,3,2 path,mixed,255.33604431152344,0.1825934201478958,2.0,4.0
1382,6,trolley,1.0,0.0,4562.0,1.0,261.0,1,1,3,1 tip,1 all neighbours foreign,192.89923095703125,0.06685332953929901,1.0,4.0
1383,5,tram+trolley,2.0,0.0,4562.0,1.0,21.0,1,1,3,2 path,1 all neighbours foreign,115.94783020019531,0.10568839311599731,2.0,4.0
1384,4,tram,2.0,0.0,4562.0,0.5,296.0,1,1,2,2 path,mixed,83.89785766601562,0.08992646634578705,1.0,2.0
1385,4,tram,1.0,0.0,4562.0,1.0,296.0,1,1,3,1 tip,1 all neighbours foreign,19.82375717163086,0.08582223206758499,1.0,1.0
1386,4,tram,1.0,0.0,4562.0,0.0,296.0,1,1,2,1 tip,0 no foreign neighbour,37.97381591796875,0.14918401837348938,1.0,1.0
1387,0,bus,5.0,0.0,4562.0,0.0,3145.0,0,0,0,3+ branch,0 no foreign neighbour,532.3949584960938,0.14239977300167084,1.0,10.0
1388,4,tram,1.0,0.0,4562.0,0.0,296.0,1,1,4,1 tip,0 no foreign neighbour,17.050731658935547,0.21723660826683044,1.0,1.0
1389,4,tram,1.0,0.0,4562.0,1.0,296.0,1,1,2,1 tip,1 all neighbours foreign,132.79119873046875,0.09092671424150467,1.0,3.0
1390,4,tram,2.0,0.0,4562.0,0.5,296.0,1,1,2,2 path,mixed,132.79119873046875,0.0876539945602417,1.0,3.0
1391,3,bus+trolley,1.0,0.0,4562.0,0.0,610.0,1,1,3,1 tip,0 no foreign neighbour,273.1539306640625,0.1364043653011322,2.0,5.0
1392,0,bus,2.0,0.0,4562.0,0.5,3145.0,0,0,3,2 path,mixed,289.9539489746094,0.10727648437023163,1.0,5.0
1393,3,bus+trolley,2.0,1.0,4562.0,1.0,610.0,1,1,5,2 path,1 all neighbours foreign,572.9078369140625,0.13394023478031158,2.0,9.0
1394,4,tram,1.0,0.0,4562.0,0.0,296.0,1,1,2,1 tip,0 no foreign neighbour,24.17159652709961,0.18875637650489807,1.0,1.0
1395,4,tram,1.0,0.0,4562.0,0.0,296.0,1,1,4,1 tip,0 no foreign neighbour,33.0245361328125,0.18584637343883514,1.0,1.0
1396,3,bus+trolley,1.0,0.0,4562.0,0.0,610.0,1,1,0,1 tip,0 no foreign neighbour,484.80181884765625,0.10997091233730316,2.0,8.0
1397,0,bus,1.0,0.0,4562.0,0.0,3145.0,0,0,4,1 tip,0 no foreign neighbour,70.2363052368164,0.1080683097243309,1.0,1.0
1398,4,tram,1.0,0.0,4562.0,0.0,296.0,1,1,2,1 tip,0 no foreign neighbour,19.81507110595703,0.2461862415075302,1.0,1.0
1399,6,trolley,2.0,0.0,4562.0,1.0,261.0,1,1,3,2 path,1 all neighbours foreign,160.25367736816406,0.1392328441143036,1.0,3.0
1400,3,bus+trolley,1.0,0.0,4562.0,0.0,610.0,1,1,4,1 tip,0 no foreign neighbour,147.96510314941406,0.03896402195096016,2.0,3.0
1401,0,bus,2.0,0.0,4562.0,0.0,3145.0,0,0,2,2 path,0 no foreign neighbour,35.44072723388672,0.41529303789138794,1.0,1.0
1402,4,tram,2.0,1.0,4562.0,0.5,296.0,1,1,2,2 path,mixed,60.34508514404297,0.10589176416397095,1.0,2.0
1403,4,tram,1.0,0.0,4562.0,0.0,296.0,1,1,4,1 tip,0 no foreign neighbour,78.02648162841797,0.016809189692139626,1.0,2.0
1404,4,tram,1.0,0.0,4562.0,1.0,296.0,1,1,3,1 tip,1 all neighbours foreign,80.96897888183594,0.13380618393421173,1.0,2.0
1405,3,bus+trolley,2.0,0.0,4562.0,1.0,610.0,1,1,3,2 path,1 all neighbours foreign,499.03265380859375,0.2078232616186142,2.0,8.0
1406,0,bus,6.0,0.0,4562.0,0.3333333333333333,3145.0,0,0,4,3+ branch,mixed,214.24285888671875,0.14517556130886078,1.0,5.0
1407,0,bus,1.0,0.0,4562.0,0.0,3145.0,0,0,4,1 tip,0 no foreign neighbour,49.289222717285156,0.04015396162867546,1.0,1.0
1408,0,bus,1.0,0.0,4562.0,1.0,3145.0,0,0,4,1 tip,1 all neighbours foreign,134.55860900878906,0.07662291824817657,1.0,2.0
1409,0,bus,1.0,0.0,4562.0,0.0,3145.0,0,0,0,1 tip,0 no foreign neighbour,387.5130310058594,0.1523696780204773,1.0,6.0
1410,0,bus,2.0,0.0,4562.0,0.0,3145.0,0,0,4,2 path,0 no foreign neighbour,219.00123596191406,0.020009417086839676,1.0,5.0
1411,0,bus,2.0,0.0,4562.0,0.0,3145.0,0,0,0,2 path,0 no foreign neighbour,192.6110382080078,0.28628620505332947,1.0,3.0
1412,0,bus,2.0,0.0,4562.0,0.0,3145.0,0,0,0,2 path,0 no foreign neighbour,250.91366577148438,0.0757383406162262,1.0,5.0
1413,3,bus+trolley,3.0,0.3333333432674408,4562.0,0.6666666666666666,610.0,1,1,0,3+ branch,mixed,280.1377868652344,0.11683408170938492,2.0,5.0
1414,0,bus,2.0,0.0,4562.0,0.5,3145.0,0,0,4,2 path,mixed,283.35675048828125,0.013357635587453842,1.0,5.0
1415,0,bus,4.0,0.0,4562.0,0.0,3145.0,0,0,4,3+ branch,0 no foreign neighbour,345.7805480957031,0.3229178786277771,1.0,6.0
1416,0,bus,1.0,0.0,4562.0,0.0,3145.0,0,0,4,1 tip,0 no foreign neighbour,177.87255859375,0.32983002066612244,1.0,4.0
1417,0,bus,1.0,0.0,4562.0,0.0,3145.0,0,0,4,1 tip,0 no foreign neighbour,345.7805480957031,0.32995468378067017,1.0,6.0
1418,0,bus,2.0,0.0,4562.0,0.0,3145.0,0,0,4,2 path,0 no foreign neighbour,124.29080200195312,0.3274316191673279,1.0,3.0
1419,0,bus,2.0,0.0,4562.0,0.0,3145.0,0,0,4,2 path,0 no foreign neighbour,192.38270568847656,0.14315050840377808,1.0,4.0
1420,0,bus,2.0,0.0,4562.0,0.0,3145.0,0,0,4,2 path,0 no foreign neighbour,166.78871154785156,0.15797556936740875,1.0,4.0
1421,0,bus,3.0,0.0,4562.0,0.0,3145.0,0,0,4,3+ branch,0 no foreign neighbour,166.78871154785156,0.1574556529521942,1.0,4.0
1422,0,bus,2.0,0.0,4562.0,0.0,3145.0,0,0,4,2 path,0 no foreign neighbour,247.9869842529297,0.17719073593616486,1.0,5.0
1423,0,bus,1.0,0.0,4562.0,0.0,3145.0,0,0,4,1 tip,0 no foreign neighbour,137.2516632080078,0.16741496324539185,1.0,3.0
1424,0,bus,1.0,0.0,4562.0,0.0,3145.0,0,0,2,1 tip,0 no foreign neighbour,44.00054931640625,0.062180716544389725,1.0,1.0
1425,0,bus,2.0,0.0,4562.0,0.0,3145.0,0,0,4,2 path,0 no foreign neighbour,323.14471435546875,0.19020695984363556,1.0,6.0
1426,0,bus,3.0,0.0,4562.0,0.0,3145.0,0,0,4,3+ branch,0 no foreign neighbour,247.9869842529297,0.1854277104139328,1.0,5.0
1427,0,bus,1.0,0.0,4562.0,0.0,3145.0,0,0,4,1 tip,0 no foreign neighbour,107.05891418457031,0.31678062677383423,1.0,2.0
1428,0,bus,1.0,0.0,4562.0,0.0,3145.0,0,0,0,1 tip,0 no foreign neighbour,581.4747314453125,0.2688365578651428,1.0,6.0
1429,0,bus,2.0,0.0,4562.0,0.5,3145.0,0,0,4,2 path,mixed,208.26405334472656,0.020462026819586754,1.0,4.0
1430,0,bus,2.0,0.0,4562.0,0.0,3145.0,0,0,4,2 path,0 no foreign neighbour,142.93829345703125,0.28323131799697876,1.0,2.0
1431,0,bus,2.0,0.0,4562.0,0.5,3145.0,0,0,0,2 path,mixed,292.68743896484375,0.08458032459020615,1.0,9.0
1432,0,bus,2.0,0.0,4562.0,0.0,3145.0,0,0,2,2 path,0 no foreign neighbour,68.64012145996094,0.10485602915287018,1.0,1.0
1433,0,bus,2.0,0.0,4562.0,0.5,3145.0,0,0,4,2 path,mixed,143.85336303710938,0.19120924174785614,1.0,4.0
1434,0,bus,2.0,0.0,4562.0,0.0,3145.0,0,0,0,2 path,0 no foreign neighbour,73.12620544433594,0.24377427995204926,1.0,2.0
1435,0,bus,1.0,0.0,4562.0,0.0,3145.0,0,0,6,1 tip,0 no foreign neighbour,415.7196044921875,0.4173869490623474,1.0,8.0
1436,0,bus,2.0,0.0,4562.0,0.0,3145.0,0,0,6,2 path,0 no foreign neighbour,415.7196044921875,0.41844913363456726,1.0,8.0
1437,0,bus,1.0,0.0,4562.0,0.0,3145.0,0,0,3,1 tip,0 no foreign neighbour,81.14380645751953,0.1680310219526291,1.0,1.0
1438,0,bus,1.0,0.0,4562.0,0.0,3145.0,0,0,4,1 tip,0 no foreign neighbour,81.70035552978516,0.20463858544826508,1.0,2.0
1439,0,bus,2.0,0.0,4562.0,0.0,3145.0,0,0,2,2 path,0 no foreign neighbour,43.01979446411133,0.31100863218307495,1.0,1.0
1440,0,bus,1.0,0.0,4562.0,0.0,3145.0,0,0,4,1 tip,0 no foreign neighbour,25.963966369628906,0.10922064632177353,1.0,1.0
1441,1,bus+tram,2.0,0.0,4562.0,1.0,149.0,1,1,4,2 path,1 all neighbours foreign,169.28103637695312,0.08994462341070175,2.0,3.0
1442,0,bus,1.0,0.0,4562.0,0.0,3145.0,0,0,2,1 tip,0 no foreign neighbour,107.34369659423828,0.3160703778266907,1.0,3.0
1443,0,bus,1.0,0.0,4562.0,0.0,3145.0,0,0,4,1 tip,0 no foreign neighbour,192.49273681640625,0.32490187883377075,1.0,5.0
1444,1,bus+tram,3.0,0.0,4562.0,1.0,149.0,1,1,4,3+ branch,1 all neighbours foreign,249.906982421875,0.031635675579309464,2.0,5.0
1445,0,bus,1.0,0.0,4562.0,0.0,3145.0,0,0,4,1 tip,0 no foreign neighbour,60.19198226928711,0.26540112495422363,1.0,1.0
1446,0,bus,3.0,0.0,4562.0,0.0,3145.0,0,0,4,3+ branch,0 no foreign neighbour,237.216064453125,0.0796559751033783,1.0,5.0
1447,0,bus,2.0,1.0,4562.0,0.0,3145.0,0,0,0,2 path,0 no foreign neighbour,394.1672058105469,0.07422985881567001,1.0,7.0
1448,0,bus,1.0,0.0,4562.0,0.0,3145.0,0,0,3,1 tip,0 no foreign neighbour,70.2363052368164,0.12105800211429596,1.0,1.0
1449,0,bus,1.0,0.0,4562.0,0.0,3145.0,0,0,4,1 tip,0 no foreign neighbour,153.56390380859375,0.13180293142795563,1.0,3.0
1450,0,bus,2.0,0.0,4562.0,0.0,3145.0,0,0,6,2 path,0 no foreign neighbour,235.64492797851562,0.27960386872291565,1.0,6.0
1451,0,bus,1.0,0.0,4562.0,0.0,3145.0,0,0,4,1 tip,0 no foreign neighbour,7.383524417877197,0.2139686644077301,1.0,1.0
1452,0,bus,2.0,0.0,4562.0,1.0,3145.0,0,0,4,2 path,1 all neighbours foreign,153.56390380859375,0.13304032385349274,1.0,3.0
1453,0,bus,2.0,0.0,4562.0,0.0,3145.0,0,0,3,2 path,0 no foreign neighbour,221.8651885986328,0.10301368683576584,1.0,4.0
1454,0,bus,3.0,0.0,4562.0,0.3333333333333333,3145.0,0,0,3,3+ branch,mixed,113.0499267578125,0.1088024154305458,1.0,2.0
1455,0,bus,1.0,0.0,4562.0,0.0,3145.0,0,0,4,1 tip,0 no foreign neighbour,212.26344299316406,0.046158745884895325,1.0,4.0
1456,0,bus,3.0,0.0,4562.0,0.0,3145.0,0,0,0,3+ branch,0 no foreign neighbour,535.6490478515625,0.09425745159387589,1.0,10.0
1457,0,bus,3.0,0.0,4562.0,0.6666666666666666,3145.0,0,0,4,3+ branch,mixed,406.9627990722656,0.05117958039045334,1.0,8.0
1458,0,bus,1.0,0.0,4562.0,1.0,3145.0,0,0,0,1 tip,1 all neighbours foreign,403.9998779296875,0.09231593459844589,1.0,8.0
1459,2,bus+tram+trolley,4.0,0.0,4562.0,1.0,88.0,1,1,3,3+ branch,1 all neighbours foreign,552.4824829101562,0.08084079623222351,3.0,9.0
1460,0,bus,6.0,0.13333334028720856,4562.0,0.0,3145.0,0,0,6,3+ branch,0 no foreign neighbour,875.3247680664062,0.3750354051589966,1.0,17.0
1461,0,bus,5.0,0.10000000149011612,4562.0,0.0,3145.0,0,0,0,3+ branch,0 no foreign neighbour,493.4646301269531,0.37567779421806335,1.0,8.0
1462,0,bus,2.0,0.0,4562.0,0.0,3145.0,0,0,0,2 path,0 no foreign neighbour,343.77215576171875,0.3666711151599884,1.0,6.0
1463,0,bus,1.0,0.0,4562.0,0.0,3145.0,0,0,0,1 tip,0 no foreign neighbour,343.77215576171875,0.36282190680503845,1.0,6.0
1464,0,bus,2.0,0.0,4562.0,0.0,3145.0,0,0,0,2 path,0 no foreign neighbour,343.77215576171875,0.3586268126964569,1.0,6.0
1465,0,bus,2.0,0.0,4562.0,0.0,3145.0,0,0,0,2 path,0 no foreign neighbour,430.4997863769531,0.3576584756374359,1.0,7.0
1466,0,bus,2.0,0.0,4562.0,0.0,3145.0,0,0,0,2 path,0 no foreign neighbour,343.77215576171875,0.3557947278022766,1.0,6.0
1467,0,bus,1.0,0.0,4562.0,0.0,3145.0,0,0,0,1 tip,0 no foreign neighbour,343.77215576171875,0.3550272583961487,1.0,6.0
1468,0,bus,2.0,0.0,4562.0,0.5,3145.0,0,0,3,2 path,mixed,424.5663757324219,0.16517947614192963,1.0,7.0
1469,0,bus,2.0,1.0,4562.0,0.0,3145.0,0,0,0,2 path,0 no foreign neighbour,431.19683837890625,0.34407564997673035,1.0,7.0
1470,0,bus,1.0,0.0,4562.0,0.0,3145.0,0,0,0,1 tip,0 no foreign neighbour,293.6287841796875,0.35686394572257996,1.0,5.0
1471,0,bus,2.0,0.0,4562.0,0.0,3145.0,0,0,0,2 path,0 no foreign neighbour,430.4997863769531,0.35795918107032776,1.0,7.0
1472,0,bus,1.0,0.0,4562.0,0.0,3145.0,0,0,0,1 tip,0 no foreign neighbour,343.77215576171875,0.36312463879585266,1.0,6.0
1473,0,bus,2.0,0.0,4562.0,0.5,3145.0,0,0,3,2 path,mixed,194.39053344726562,0.18157459795475006,1.0,3.0
1474,0,bus,2.0,0.0,4562.0,0.0,3145.0,0,0,0,2 path,0 no foreign neighbour,431.19683837890625,0.34774506092071533,1.0,7.0
1475,0,bus,2.0,1.0,4562.0,0.0,3145.0,0,0,5,2 path,0 no foreign neighbour,303.9370422363281,0.10079651325941086,1.0,5.0
1476,0,bus,2.0,0.0,4562.0,0.0,3145.0,0,0,2,2 path,0 no foreign neighbour,43.01979446411133,0.35661736130714417,1.0,1.0
1477,0,bus,3.0,0.0,4562.0,0.0,3145.0,0,0,4,3+ branch,0 no foreign neighbour,149.79722595214844,0.38306131958961487,1.0,4.0
1478,0,bus,2.0,0.0,4562.0,0.5,3145.0,0,0,4,2 path,mixed,192.38270568847656,0.14625684916973114,1.0,4.0
1479,0,bus,3.0,0.0,4562.0,0.0,3145.0,0,0,4,3+ branch,0 no foreign neighbour,186.6144256591797,0.22344377636909485,1.0,5.0
1480,0,bus,2.0,1.0,4562.0,0.0,3145.0,0,0,4,2 path,0 no foreign neighbour,267.3984680175781,0.3895830810070038,1.0,5.0
1481,0,bus,3.0,0.0,4562.0,0.0,3145.0,0,0,0,3+ branch,0 no foreign neighbour,342.4253234863281,0.3957509994506836,1.0,6.0
1482,0,bus,2.0,0.0,4562.0,0.0,3145.0,0,0,3,2 path,0 no foreign neighbour,257.1496276855469,0.1334185153245926,1.0,5.0
1483,0,bus,2.0,0.0,4562.0,0.0,3145.0,0,0,6,2 path,0 no foreign neighbour,563.22216796875,0.24742238223552704,1.0,11.0
1484,0,bus,5.0,0.0,4562.0,0.4,3145.0,0,0,5,3+ branch,mixed,308.8277893066406,0.09018488228321075,1.0,6.0
1485,0,bus,1.0,0.0,4562.0,0.0,3145.0,0,0,6,1 tip,0 no foreign neighbour,515.2630615234375,0.2470894455909729,1.0,10.0
1486,0,bus,4.0,0.0,4562.0,0.0,3145.0,0,0,0,3+ branch,0 no foreign neighbour,250.91366577148438,0.07766568660736084,1.0,5.0
1487,0,bus,1.0,0.0,4562.0,0.0,3145.0,0,0,4,1 tip,0 no foreign neighbour,144.37567138671875,0.11260294169187546,1.0,3.0
1488,0,bus,2.0,0.0,4562.0,0.0,3145.0,0,0,0,2 path,0 no foreign neighbour,130.00552368164062,0.3953268527984619,1.0,4.0
1489,3,bus+trolley,1.0,0.0,4562.0,1.0,610.0,1,1,2,1 tip,1 all neighbours foreign,215.51783752441406,0.14186415076255798,2.0,4.0
1490,0,bus,3.0,0.0,4562.0,0.3333333333333333,3145.0,0,0,5,3+ branch,mixed,535.4826049804688,0.16795796155929565,1.0,7.0
1491,0,bus,2.0,0.0,4562.0,0.0,3145.0,0,0,0,2 path,0 no foreign neighbour,233.00633239746094,0.09922990947961807,1.0,4.0
1492,0,bus,1.0,0.0,4562.0,0.0,3145.0,0,0,4,1 tip,0 no foreign neighbour,189.9147186279297,0.09689192473888397,1.0,3.0
1493,0,bus,2.0,0.0,4562.0,0.0,3145.0,0,0,3,2 path,0 no foreign neighbour,198.8237762451172,0.21299374103546143,1.0,4.0
1494,0,bus,1.0,0.0,4562.0,1.0,3145.0,0,0,3,1 tip,1 all neighbours foreign,295.7449645996094,0.07397030293941498,1.0,4.0
1495,0,bus,2.0,1.0,4562.0,0.0,3145.0,0,0,0,2 path,0 no foreign neighbour,452.3284912109375,0.3887748122215271,1.0,7.0
1496,0,bus,4.0,0.3333333432674408,4562.0,0.0,3145.0,0,0,5,3+ branch,0 no foreign neighbour,651.06982421875,0.15823054313659668,1.0,11.0
1497,0,bus,2.0,0.0,4562.0,0.0,3145.0,0,0,2,2 path,0 no foreign neighbour,188.7314910888672,0.5223439931869507,1.0,3.0
1498,0,bus,1.0,0.0,4562.0,0.0,3145.0,0,0,2,1 tip,0 no foreign neighbour,86.72763061523438,0.5380217432975769,1.0,1.0
1499,0,bus,2.0,0.0,4562.0,0.0,3145.0,0,0,0,2 path,0 no foreign neighbour,373.8096618652344,0.25589171051979065,1.0,8.0
1500,0,bus,2.0,0.0,4562.0,0.0,3145.0,0,0,3,2 path,0 no foreign neighbour,312.3847961425781,0.1674216389656067,1.0,5.0
1501,0,bus,1.0,0.0,4562.0,0.0,3145.0,0,0,0,1 tip,0 no foreign neighbour,160.6679229736328,0.4591023623943329,1.0,3.0
1502,0,bus,2.0,0.0,4562.0,0.0,3145.0,0,0,0,2 path,0 no foreign neighbour,452.3284912109375,0.382352739572525,1.0,7.0
1503,0,bus,3.0,0.0,4562.0,0.0,3145.0,0,0,2,3+ branch,0 no foreign neighbour,168.03155517578125,0.17367589473724365,1.0,4.0
1504,0,bus,1.0,0.0,4562.0,0.0,3145.0,0,0,4,1 tip,0 no foreign neighbour,66.26038360595703,0.0805698111653328,1.0,2.0
1505,0,bus,2.0,0.0,4562.0,0.0,3145.0,0,0,2,2 path,0 no foreign neighbour,43.01979446411133,0.4071538746356964,1.0,1.0
1506,0,bus,1.0,0.0,4562.0,0.0,3145.0,0,0,4,1 tip,0 no foreign neighbour,308.9410095214844,0.21516305208206177,1.0,5.0
1507,0,bus,4.0,0.1666666716337204,4562.0,0.25,3145.0,0,0,3,3+ branch,mixed,353.7959899902344,0.2753020226955414,1.0,7.0
1508,0,bus,1.0,0.0,4562.0,0.0,3145.0,0,0,3,1 tip,0 no foreign neighbour,308.9410095214844,0.2897976040840149,1.0,5.0
1509,0,bus,1.0,0.0,4562.0,0.0,3145.0,0,0,4,1 tip,0 no foreign neighbour,128.17007446289062,0.31792861223220825,1.0,3.0
1510,0,bus,8.0,0.0714285746216774,4562.0,0.0,3145.0,0,0,0,3+ branch,0 no foreign neighbour,326.7735595703125,0.5503970980644226,1.0,8.0
1511,0,bus,2.0,1.0,4562.0,0.0,3145.0,0,0,0,2 path,0 no foreign neighbour,288.5557861328125,0.5186935067176819,1.0,8.0
1512,0,bus,2.0,0.0,4562.0,0.0,3145.0,0,0,0,2 path,0 no foreign neighbour,220.3271484375,0.5094380974769592,1.0,6.0
1513,0,bus,2.0,1.0,4562.0,0.0,3145.0,0,0,0,2 path,0 no foreign neighbour,288.5557861328125,0.5204091668128967,1.0,8.0
1514,0,bus,2.0,1.0,4562.0,0.0,3145.0,0,0,0,2 path,0 no foreign neighbour,356.7364196777344,0.5401861667633057,1.0,9.0
1515,0,bus,2.0,0.0,4562.0,0.0,3145.0,0,0,4,2 path,0 no foreign neighbour,128.17007446289062,0.3157597482204437,1.0,3.0
1516,0,bus,1.0,0.0,4562.0,0.0,3145.0,0,0,3,1 tip,0 no foreign neighbour,308.9410095214844,0.2914305031299591,1.0,5.0
1517,0,bus,1.0,0.0,4562.0,1.0,3145.0,0,0,3,1 tip,1 all neighbours foreign,433.40716552734375,0.14218218624591827,1.0,7.0
1518,0,bus,2.0,0.0,4562.0,0.0,3145.0,0,0,5,2 path,0 no foreign neighbour,564.5319213867188,0.07829874008893967,1.0,8.0
1519,0,bus,5.0,0.0,4562.0,0.0,3145.0,0,0,4,3+ branch,0 no foreign neighbour,185.8812713623047,0.2623276114463806,1.0,4.0
1520,0,bus,1.0,0.0,4562.0,0.0,3145.0,0,0,5,1 tip,0 no foreign neighbour,530.8336791992188,0.16301533579826355,1.0,9.0
1521,0,bus,2.0,1.0,4562.0,0.0,3145.0,0,0,3,2 path,0 no foreign neighbour,309.02520751953125,0.038258109241724014,1.0,5.0
1522,0,bus,2.0,0.0,4562.0,0.0,3145.0,0,0,3,2 path,0 no foreign neighbour,300.3881530761719,0.18513314425945282,1.0,4.0
1523,0,bus,1.0,0.0,4562.0,0.0,3145.0,0,0,2,1 tip,0 no foreign neighbour,51.76527404785156,0.18421436846256256,1.0,1.0
1524,0,bus,2.0,0.0,4562.0,0.0,3145.0,0,0,2,2 path,0 no foreign neighbour,78.73870086669922,0.18572960793972015,1.0,2.0
1525,0,bus,1.0,0.0,4562.0,0.0,3145.0,0,0,2,1 tip,0 no foreign neighbour,51.76527404785156,0.18403808772563934,1.0,1.0
1526,0,bus,1.0,0.0,4562.0,0.0,3145.0,0,0,5,1 tip,0 no foreign neighbour,530.8336791992188,0.1618434488773346,1.0,9.0
1527,0,bus,1.0,0.0,4562.0,0.0,3145.0,0,0,5,1 tip,0 no foreign neighbour,535.4826049804688,0.1609831154346466,1.0,7.0
1528,0,bus,1.0,0.0,4562.0,0.0,3145.0,0,0,0,1 tip,0 no foreign neighbour,206.09243774414062,0.10213074833154678,1.0,4.0
1529,0,bus,3.0,0.0,4562.0,0.0,3145.0,0,0,0,3+ branch,0 no foreign neighbour,206.09243774414062,0.1059459000825882,1.0,4.0
1530,0,bus,1.0,0.0,4562.0,0.0,3145.0,0,0,4,1 tip,0 no foreign neighbour,206.09243774414062,0.11035517603158951,1.0,4.0
1531,0,bus,3.0,0.0,4562.0,0.3333333333333333,3145.0,0,0,0,3+ branch,mixed,206.09243774414062,0.1150314062833786,1.0,4.0
1532,0,bus,1.0,0.0,4562.0,0.0,3145.0,0,0,4,1 tip,0 no foreign neighbour,206.09243774414062,0.10945255309343338,1.0,4.0
1533,0,bus,2.0,0.0,4562.0,0.0,3145.0,0,0,3,2 path,0 no foreign neighbour,220.63710021972656,0.15804366767406464,1.0,4.0
1534,0,bus,2.0,0.0,4562.0,0.0,3145.0,0,0,3,2 path,0 no foreign neighbour,101.01754760742188,0.15695272386074066,1.0,2.0
1535,0,bus,1.0,0.0,4562.0,0.0,3145.0,0,0,3,1 tip,0 no foreign neighbour,164.50587463378906,0.16299226880073547,1.0,2.0
1536,0,bus,2.0,0.0,4562.0,0.0,3145.0,0,0,3,2 path,0 no foreign neighbour,190.00540161132812,0.1680999994277954,1.0,3.0
1537,0,bus,1.0,0.0,4562.0,0.0,3145.0,0,0,3,1 tip,0 no foreign neighbour,286.69085693359375,0.17491450905799866,1.0,4.0
1538,0,bus,4.0,0.1666666716337204,4562.0,0.5,3145.0,0,0,3,3+ branch,mixed,312.1903991699219,0.18233993649482727,1.0,5.0
1539,0,bus,1.0,0.0,4562.0,0.0,3145.0,0,0,3,1 tip,0 no foreign neighbour,241.83380126953125,0.18125583231449127,1.0,4.0
1540,0,bus,2.0,0.0,4562.0,0.0,3145.0,0,0,3,2 path,0 no foreign neighbour,311.85113525390625,0.08943329006433487,1.0,6.0
1541,0,bus,3.0,0.0,4562.0,0.6666666666666666,3145.0,0,0,3,3+ branch,mixed,267.33331298828125,0.17796818912029266,1.0,5.0
1542,0,bus,1.0,0.0,4562.0,0.0,3145.0,0,0,5,1 tip,0 no foreign neighbour,267.33331298828125,0.17365971207618713,1.0,5.0
1543,0,bus,2.0,0.0,4562.0,1.0,3145.0,0,0,5,2 path,1 all neighbours foreign,607.6873779296875,0.1616820991039276,1.0,12.0
1544,0,bus,1.0,0.0,4562.0,0.0,3145.0,0,0,4,1 tip,0 no foreign neighbour,121.74457550048828,0.05791860073804855,1.0,2.0
1545,0,bus,3.0,0.0,4562.0,0.0,3145.0,0,0,4,3+ branch,0 no foreign neighbour,179.205810546875,0.060257039964199066,1.0,3.0
1546,0,bus,1.0,0.0,4562.0,0.0,3145.0,0,0,0,1 tip,0 no foreign neighbour,426.7183837890625,0.3529064357280731,1.0,10.0
1547,0,bus,2.0,0.0,4562.0,0.0,3145.0,0,0,3,2 path,0 no foreign neighbour,248.6228790283203,0.20460109412670135,1.0,3.0
1548,0,bus,2.0,0.0,4562.0,1.0,3145.0,0,0,3,2 path,1 all neighbours foreign,213.98785400390625,0.12066462635993958,1.0,4.0
1549,0,bus,1.0,0.0,4562.0,0.0,3145.0,0,0,3,1 tip,0 no foreign neighbour,248.6228790283203,0.22274744510650635,1.0,3.0
1550,0,bus,1.0,0.0,4562.0,0.0,3145.0,0,0,3,1 tip,0 no foreign neighbour,248.6228790283203,0.22214508056640625,1.0,3.0
1551,0,bus,2.0,0.0,4562.0,0.0,3145.0,0,0,1,2 path,0 no foreign neighbour,248.6228790283203,0.23859253525733948,1.0,3.0
1552,0,bus,3.0,0.0,4562.0,0.3333333333333333,3145.0,0,0,4,3+ branch,mixed,176.33245849609375,0.1346125602722168,1.0,4.0
1553,0,bus,2.0,0.0,4562.0,0.0,3145.0,0,0,1,2 path,0 no foreign neighbour,248.6228790283203,0.2428884655237198,1.0,3.0
1554,0,bus,1.0,0.0,4562.0,0.0,3145.0,0,0,1,1 tip,0 no foreign neighbour,248.6228790283203,0.24221161007881165,1.0,3.0
1555,0,bus,1.0,0.0,4562.0,0.0,3145.0,0,0,3,1 tip,0 no foreign neighbour,151.33013916015625,0.24643273651599884,1.0,2.0
1556,0,bus,2.0,0.0,4562.0,0.0,3145.0,0,0,1,2 path,0 no foreign neighbour,248.6228790283203,0.24733474850654602,1.0,3.0
1557,0,bus,2.0,0.0,4562.0,0.0,3145.0,0,0,1,2 path,0 no foreign neighbour,248.6228790283203,0.24965976178646088,1.0,3.0
1558,0,bus,1.0,0.0,4562.0,0.0,3145.0,0,0,1,1 tip,0 no foreign neighbour,248.6228790283203,0.26901668310165405,1.0,3.0
1559,0,bus,1.0,0.0,4562.0,0.0,3145.0,0,0,1,1 tip,0 no foreign neighbour,248.6228790283203,0.26884517073631287,1.0,3.0
1560,0,bus,1.0,0.0,4562.0,1.0,3145.0,0,0,3,1 tip,1 all neighbours foreign,237.38955688476562,0.11896204203367233,1.0,3.0
1561,0,bus,2.0,0.0,4562.0,0.0,3145.0,0,0,1,2 path,0 no foreign neighbour,248.6228790283203,0.2885701358318329,1.0,3.0
1562,0,bus,2.0,0.0,4562.0,0.0,3145.0,0,0,1,2 path,0 no foreign neighbour,248.6228790283203,0.29443809390068054,1.0,3.0
1563,0,bus,1.0,0.0,4562.0,0.0,3145.0,0,0,1,1 tip,0 no foreign neighbour,210.09426879882812,0.30402374267578125,1.0,3.0
1564,0,bus,2.0,1.0,4562.0,0.0,3145.0,0,0,0,2 path,0 no foreign neighbour,710.4800415039062,0.09816185384988785,1.0,14.0
1565,0,bus,2.0,0.0,4562.0,0.0,3145.0,0,0,1,2 path,0 no foreign neighbour,171.565673828125,0.3330724239349365,1.0,2.0
1566,0,bus,2.0,0.0,4562.0,0.0,3145.0,0,0,1,2 path,0 no foreign neighbour,171.565673828125,0.3507153391838074,1.0,2.0
1567,0,bus,4.0,0.0,4562.0,0.25,3145.0,0,0,4,3+ branch,mixed,330.59698486328125,0.012439637444913387,1.0,6.0
1568,0,bus,1.0,0.0,4562.0,0.0,3145.0,0,0,1,1 tip,0 no foreign neighbour,171.565673828125,0.35009896755218506,1.0,2.0
1569,0,bus,1.0,0.0,4562.0,0.0,3145.0,0,0,3,1 tip,0 no foreign neighbour,248.6228790283203,0.19334915280342102,1.0,3.0
1570,0,bus,4.0,0.1666666716337204,4562.0,0.0,3145.0,0,0,5,3+ branch,0 no foreign neighbour,651.06982421875,0.1676613986492157,1.0,11.0
1571,0,bus,1.0,0.0,4562.0,0.0,3145.0,0,0,5,1 tip,0 no foreign neighbour,651.06982421875,0.1799716353416443,1.0,11.0
1572,0,bus,2.0,0.0,4562.0,0.0,3145.0,0,0,1,2 path,0 no foreign neighbour,97.29273986816406,0.36975163221359253,1.0,1.0
1573,0,bus,1.0,0.0,4562.0,0.0,3145.0,0,0,1,1 tip,0 no foreign neighbour,97.29273986816406,0.3869030773639679,1.0,1.0
1574,0,bus,1.0,0.0,4562.0,0.0,3145.0,0,0,1,1 tip,0 no foreign neighbour,97.29273986816406,0.38658252358436584,1.0,1.0
1575,0,bus,2.0,0.0,4562.0,0.0,3145.0,0,0,1,2 path,0 no foreign neighbour,97.29273986816406,0.3899106979370117,1.0,1.0
1576,0,bus,2.0,0.0,4562.0,0.0,3145.0,0,0,1,2 path,0 no foreign neighbour,97.29273986816406,0.3936099410057068,1.0,1.0
1577,3,bus+trolley,2.0,0.0,4562.0,0.5,610.0,1,1,4,2 path,mixed,244.9522247314453,0.022143879905343056,2.0,4.0
1578,0,bus,2.0,0.0,4562.0,0.5,3145.0,0,0,5,2 path,mixed,157.4796600341797,0.1919623464345932,1.0,4.0
1579,0,bus,2.0,1.0,4562.0,0.0,3145.0,0,0,3,2 path,0 no foreign neighbour,157.4796600341797,0.1951899379491806,1.0,4.0
1580,0,bus,1.0,0.0,4562.0,0.0,3145.0,0,0,4,1 tip,0 no foreign neighbour,51.91919708251953,0.021038901060819626,1.0,1.0
1581,0,bus,5.0,0.20000000298023224,4562.0,0.0,3145.0,0,0,0,3+ branch,0 no foreign neighbour,358.7865295410156,0.08847372978925705,1.0,10.0
1582,0,bus,1.0,0.0,4562.0,0.0,3145.0,0,0,0,1 tip,0 no foreign neighbour,142.93829345703125,0.2528674006462097,1.0,2.0
1583,0,bus,4.0,0.0,4562.0,0.0,3145.0,0,0,6,3+ branch,0 no foreign neighbour,441.3367614746094,0.19054649770259857,1.0,7.0
1584,0,bus,1.0,0.0,4562.0,1.0,3145.0,0,0,3,1 tip,1 all neighbours foreign,246.52163696289062,0.22455641627311707,1.0,6.0
1585,0,bus,1.0,0.0,4562.0,0.0,3145.0,0,0,3,1 tip,0 no foreign neighbour,287.87200927734375,0.2191893607378006,1.0,4.0
1586,0,bus,1.0,0.0,4562.0,0.0,3145.0,0,0,2,1 tip,0 no foreign neighbour,128.00949096679688,0.20652730762958527,1.0,3.0
1587,0,bus,3.0,0.0,4562.0,0.0,3145.0,0,0,2,3+ branch,0 no foreign neighbour,128.00949096679688,0.20616380870342255,1.0,3.0
1588,0,bus,1.0,0.0,4562.0,0.0,3145.0,0,0,4,1 tip,0 no foreign neighbour,72.32745361328125,0.18621332943439484,1.0,2.0
1589,0,bus,1.0,0.0,4562.0,0.0,3145.0,0,0,4,1 tip,0 no foreign neighbour,72.32745361328125,0.18643192946910858,1.0,2.0
1590,0,bus,3.0,0.0,4562.0,0.0,3145.0,0,0,2,3+ branch,0 no foreign neighbour,72.32745361328125,0.1818157434463501,1.0,2.0
1591,0,bus,1.0,0.0,4562.0,0.0,3145.0,0,0,2,1 tip,0 no foreign neighbour,37.1415901184082,0.2095232605934143,1.0,1.0
1592,0,bus,3.0,0.3333333432674408,4562.0,0.0,3145.0,0,0,2,3+ branch,0 no foreign neighbour,71.35807037353516,0.20849113166332245,1.0,2.0
1593,0,bus,2.0,0.0,4562.0,0.0,3145.0,0,0,2,2 path,0 no foreign neighbour,71.35807037353516,0.21372659504413605,1.0,2.0
1594,0,bus,1.0,0.0,4562.0,0.0,3145.0,0,0,2,1 tip,0 no foreign neighbour,47.02650833129883,0.16418148577213287,1.0,1.0
1595,0,bus,2.0,0.0,4562.0,0.0,3145.0,0,0,2,2 path,0 no foreign neighbour,47.02650833129883,0.1503913849592209,1.0,1.0
1596,0,bus,3.0,0.0,4562.0,0.0,3145.0,0,0,3,3+ branch,0 no foreign neighbour,247.9075927734375,0.23109284043312073,1.0,6.0
1597,0,bus,2.0,0.0,4562.0,0.5,3145.0,0,0,0,2 path,mixed,32.819950103759766,0.07811504602432251,1.0,1.0
1598,0,bus,4.0,0.1666666716337204,4562.0,0.5,3145.0,0,0,0,3+ branch,mixed,352.84185791015625,0.0703577846288681,1.0,6.0
1599,0,bus,1.0,0.0,4562.0,1.0,3145.0,0,0,4,1 tip,1 all neighbours foreign,183.2057342529297,0.04970792308449745,1.0,4.0
1600,0,bus,2.0,0.0,4562.0,0.0,3145.0,0,0,3,2 path,0 no foreign neighbour,145.34921264648438,0.14336322247982025,1.0,3.0
1601,0,bus,2.0,0.0,4562.0,0.0,3145.0,0,0,3,2 path,0 no foreign neighbour,280.6112060546875,0.15029151737689972,1.0,5.0
1602,0,bus,1.0,0.0,4562.0,0.0,3145.0,0,0,2,1 tip,0 no foreign neighbour,47.02650833129883,0.14611321687698364,1.0,1.0
1603,0,bus,2.0,0.0,4562.0,0.0,3145.0,0,0,2,2 path,0 no foreign neighbour,47.02650833129883,0.1543654501438141,1.0,1.0
1604,0,bus,1.0,0.0,4562.0,0.0,3145.0,0,0,2,1 tip,0 no foreign neighbour,47.02650833129883,0.16407687962055206,1.0,1.0
1605,0,bus,1.0,0.0,4562.0,0.0,3145.0,0,0,2,1 tip,0 no foreign neighbour,47.02650833129883,0.16252100467681885,1.0,1.0
1606,0,bus,1.0,0.0,4562.0,1.0,3145.0,0,0,4,1 tip,1 all neighbours foreign,145.34921264648438,0.1455075591802597,1.0,3.0
1607,0,bus,1.0,0.0,4562.0,1.0,3145.0,0,0,0,1 tip,1 all neighbours foreign,32.819950103759766,0.0505070723593235,1.0,1.0
1608,0,bus,1.0,0.0,4562.0,0.0,3145.0,0,0,2,1 tip,0 no foreign neighbour,128.00949096679688,0.20483896136283875,1.0,3.0
1609,0,bus,6.0,0.13333334028720856,4562.0,0.0,3145.0,0,0,3,3+ branch,0 no foreign neighbour,287.87200927734375,0.21600595116615295,1.0,4.0
1610,0,bus,1.0,0.0,4562.0,1.0,3145.0,0,0,3,1 tip,1 all neighbours foreign,221.1433868408203,0.20766903460025787,1.0,5.0
1611,0,bus,1.0,0.0,4562.0,0.0,3145.0,0,0,4,1 tip,0 no foreign neighbour,209.85520935058594,0.03553115576505661,1.0,3.0
1612,0,bus,2.0,0.0,4562.0,0.0,3145.0,0,0,4,2 path,0 no foreign neighbour,155.25714111328125,0.03672008588910103,1.0,2.0
1613,0,bus,3.0,0.0,4562.0,0.6666666666666666,3145.0,0,0,4,3+ branch,mixed,175.98684692382812,0.04432675242424011,1.0,3.0
1614,0,bus,1.0,0.0,4562.0,0.0,3145.0,0,0,0,1 tip,0 no foreign neighbour,135.8608856201172,0.12169196456670761,1.0,3.0
1615,0,bus,2.0,0.0,4562.0,0.5,3145.0,0,0,4,2 path,mixed,136.52096557617188,0.028995312750339508,1.0,2.0
1616,0,bus,3.0,0.0,4562.0,0.0,3145.0,0,0,4,3+ branch,0 no foreign neighbour,135.8608856201172,0.11735089868307114,1.0,3.0
1617,0,bus,2.0,0.0,4562.0,0.0,3145.0,0,0,4,2 path,0 no foreign neighbour,162.61166381835938,0.10447657853364944,1.0,4.0
1618,0,bus,1.0,0.0,4562.0,1.0,3145.0,0,0,2,1 tip,1 all neighbours foreign,68.8664321899414,0.10044761747121811,1.0,2.0
1619,0,bus,1.0,0.0,4562.0,1.0,3145.0,0,0,3,1 tip,1 all neighbours foreign,294.2571716308594,0.0641058012843132,1.0,4.0
1620,0,bus,1.0,0.0,4562.0,1.0,3145.0,0,0,3,1 tip,1 all neighbours foreign,294.2571716308594,0.06294762343168259,1.0,4.0
1621,0,bus,1.0,0.0,4562.0,0.0,3145.0,0,0,4,1 tip,0 no foreign neighbour,89.62591552734375,0.07205045968294144,1.0,1.0
1622,0,bus,1.0,0.0,4562.0,0.0,3145.0,0,0,4,1 tip,0 no foreign neighbour,34.70537185668945,0.09128376096487045,1.0,1.0
1623,0,bus,2.0,0.0,4562.0,0.0,3145.0,0,0,2,2 path,0 no foreign neighbour,148.0417022705078,0.20142175257205963,1.0,3.0
1624,0,bus,2.0,0.0,4562.0,0.0,3145.0,0,0,4,2 path,0 no foreign neighbour,226.22752380371094,0.2741624712944031,1.0,5.0
1625,0,bus,2.0,0.0,4562.0,0.5,3145.0,0,0,4,2 path,mixed,34.70537185668945,0.086476169526577,1.0,1.0
1626,0,bus,2.0,1.0,4562.0,0.0,3145.0,0,0,0,2 path,0 no foreign neighbour,243.82687377929688,0.41043540835380554,1.0,4.0
1627,0,bus,1.0,0.0,4562.0,1.0,3145.0,0,0,2,1 tip,1 all neighbours foreign,155.3069305419922,0.20232588052749634,1.0,2.0
1628,0,bus,2.0,0.0,4562.0,0.0,3145.0,0,0,4,2 path,0 no foreign neighbour,159.62171936035156,0.09018196910619736,1.0,3.0
1629,0,bus,1.0,0.0,4562.0,1.0,3145.0,0,0,4,1 tip,1 all neighbours foreign,207.8226776123047,0.20460449159145355,1.0,4.0
1630,0,bus,2.0,0.0,4562.0,0.0,3145.0,0,0,4,2 path,0 no foreign neighbour,141.4782257080078,0.18150165677070618,1.0,3.0
1631,0,bus,2.0,0.0,4562.0,0.0,3145.0,0,0,4,2 path,0 no foreign neighbour,207.8226776123047,0.20808294415473938,1.0,4.0
1632,0,bus,1.0,0.0,4562.0,0.0,3145.0,0,0,3,1 tip,0 no foreign neighbour,202.3297576904297,0.04055505245923996,1.0,4.0
1633,0,bus,2.0,0.0,4562.0,1.0,3145.0,0,0,4,2 path,1 all neighbours foreign,207.69505310058594,0.04153091460466385,1.0,3.0
1634,0,bus,1.0,0.0,4562.0,0.0,3145.0,0,0,4,1 tip,0 no foreign neighbour,245.0277099609375,0.15752863883972168,1.0,6.0
1635,0,bus,1.0,0.0,4562.0,0.0,3145.0,0,0,4,1 tip,0 no foreign neighbour,34.70537185668945,0.08966243267059326,1.0,1.0
1636,0,bus,2.0,0.0,4562.0,0.5,3145.0,0,0,0,2 path,mixed,110.22840881347656,0.09198887646198273,1.0,3.0
1637,0,bus,2.0,0.0,4562.0,0.0,3145.0,0,0,4,2 path,0 no foreign neighbour,219.6623992919922,0.10604389756917953,1.0,5.0
1638,0,bus,3.0,0.3333333432674408,4562.0,0.0,3145.0,0,0,4,3+ branch,0 no foreign neighbour,135.8608856201172,0.11399955302476883,1.0,3.0
1639,0,bus,1.0,0.0,4562.0,0.0,3145.0,0,0,4,1 tip,0 no foreign neighbour,41.55463409423828,0.177232027053833,1.0,1.0
1640,0,bus,1.0,0.0,4562.0,0.0,3145.0,0,0,2,1 tip,0 no foreign neighbour,43.01979446411133,0.30681946873664856,1.0,1.0
1641,0,bus,2.0,0.0,4562.0,0.0,3145.0,0,0,2,2 path,0 no foreign neighbour,43.01979446411133,0.4403861165046692,1.0,1.0
1642,0,bus,2.0,0.0,4562.0,0.5,3145.0,0,0,4,2 path,mixed,408.7695007324219,0.15757165849208832,1.0,7.0
1643,0,bus,1.0,0.0,4562.0,1.0,3145.0,0,0,3,1 tip,1 all neighbours foreign,245.897216796875,0.09730099141597748,1.0,5.0
1644,0,bus,1.0,0.0,4562.0,0.0,3145.0,0,0,4,1 tip,0 no foreign neighbour,117.50518798828125,0.08554882556200027,1.0,3.0
1645,0,bus,1.0,0.0,4562.0,0.0,3145.0,0,0,0,1 tip,0 no foreign neighbour,210.27249145507812,0.4973607063293457,1.0,5.0
1646,0,bus,4.0,0.1666666716337204,4562.0,0.0,3145.0,0,0,0,3+ branch,0 no foreign neighbour,354.1368103027344,0.08673075586557388,1.0,10.0
1647,0,bus,8.0,0.1428571492433548,4562.0,0.25,3145.0,0,0,6,3+ branch,mixed,887.3592529296875,0.08560947328805923,1.0,19.0
1648,0,bus,1.0,0.0,4562.0,0.0,3145.0,0,0,6,1 tip,0 no foreign neighbour,156.33966064453125,0.19925521314144135,1.0,3.0
1649,0,bus,2.0,0.0,4562.0,0.0,3145.0,0,0,4,2 path,0 no foreign neighbour,180.16748046875,0.21085873246192932,1.0,4.0
1650,0,bus,2.0,0.0,4562.0,0.0,3145.0,0,0,4,2 path,0 no foreign neighbour,180.16748046875,0.2172360122203827,1.0,4.0
1651,0,bus,1.0,0.0,4562.0,0.0,3145.0,0,0,4,1 tip,0 no foreign neighbour,47.94600296020508,0.2206217646598816,1.0,1.0
1652,0,bus,1.0,0.0,4562.0,0.0,3145.0,0,0,4,1 tip,0 no foreign neighbour,180.16748046875,0.21606874465942383,1.0,4.0
1653,0,bus,3.0,0.0,4562.0,0.0,3145.0,0,0,0,3+ branch,0 no foreign neighbour,180.16748046875,0.20357410609722137,1.0,4.0
1654,0,bus,2.0,0.0,4562.0,0.0,3145.0,0,0,6,2 path,0 no foreign neighbour,724.4130249023438,0.23189863562583923,1.0,8.0
1655,0,bus,1.0,0.0,4562.0,0.0,3145.0,0,0,0,1 tip,0 no foreign neighbour,354.1368103027344,0.08545109629631042,1.0,10.0
1656,0,bus,1.0,0.0,4562.0,0.0,3145.0,0,0,2,1 tip,0 no foreign neighbour,47.63915252685547,0.09612151235342026,1.0,1.0
1657,0,bus,1.0,0.0,4562.0,0.0,3145.0,0,0,4,1 tip,0 no foreign neighbour,48.4637451171875,0.03532154858112335,1.0,2.0
1658,0,bus,2.0,0.0,4562.0,0.0,3145.0,0,0,4,2 path,0 no foreign neighbour,120.39313507080078,0.03124016337096691,1.0,4.0
1659,0,bus,2.0,0.0,4562.0,0.0,3145.0,0,0,4,2 path,0 no foreign neighbour,120.39313507080078,0.028749719262123108,1.0,4.0
1660,0,bus,2.0,0.0,4562.0,0.0,3145.0,0,0,6,2 path,0 no foreign neighbour,840.0025024414062,0.1952403336763382,1.0,10.0
1661,0,bus,1.0,0.0,4562.0,0.0,3145.0,0,0,4,1 tip,0 no foreign neighbour,15.309744834899902,0.01527097262442112,1.0,1.0
1662,0,bus,2.0,0.0,4562.0,0.0,3145.0,0,0,4,2 path,0 no foreign neighbour,47.07261657714844,0.024932852014899254,1.0,2.0
1663,0,bus,2.0,0.0,4562.0,0.5,3145.0,0,0,0,2 path,mixed,213.87171936035156,0.194837749004364,1.0,3.0
1664,0,bus,1.0,0.0,4562.0,0.0,3145.0,0,0,4,1 tip,0 no foreign neighbour,153.56390380859375,0.1451767385005951,1.0,3.0
1665,0,bus,1.0,0.0,4562.0,1.0,3145.0,0,0,4,1 tip,1 all neighbours foreign,31.76287078857422,0.0162221547216177,1.0,1.0
1666,0,bus,1.0,0.0,4562.0,1.0,3145.0,0,0,0,1 tip,1 all neighbours foreign,391.2941589355469,0.13178882002830505,1.0,6.0
1667,0,bus,1.0,0.0,4562.0,0.0,3145.0,0,0,6,1 tip,0 no foreign neighbour,522.0933227539062,0.24825753271579742,1.0,10.0
1668,0,bus,1.0,0.0,4562.0,0.0,3145.0,0,0,3,1 tip,0 no foreign neighbour,206.46250915527344,0.0830226019024849,1.0,3.0
1669,0,bus,2.0,0.0,4562.0,1.0,3145.0,0,0,0,2 path,1 all neighbours foreign,350.08599853515625,0.15210597217082977,1.0,7.0
1670,0,bus,1.0,0.0,4562.0,0.0,3145.0,0,0,2,1 tip,0 no foreign neighbour,72.5479507446289,0.19056014716625214,1.0,2.0
1671,0,bus,2.0,0.0,4562.0,0.0,3145.0,0,0,2,2 path,0 no foreign neighbour,72.5479507446289,0.19519561529159546,1.0,2.0
1672,0,bus,1.0,0.0,4562.0,0.0,3145.0,0,0,4,1 tip,0 no foreign neighbour,72.5479507446289,0.20014412701129913,1.0,2.0
1673,0,bus,2.0,0.0,4562.0,0.0,3145.0,0,0,2,2 path,0 no foreign neighbour,72.5479507446289,0.1940973699092865,1.0,2.0
1674,0,bus,3.0,0.0,4562.0,0.0,3145.0,0,0,2,3+ branch,0 no foreign neighbour,72.5479507446289,0.2003670334815979,1.0,2.0
1675,0,bus,1.0,0.0,4562.0,0.0,3145.0,0,0,2,1 tip,0 no foreign neighbour,72.5479507446289,0.19080610573291779,1.0,2.0
1676,0,bus,1.0,0.0,4562.0,0.0,3145.0,0,0,4,1 tip,0 no foreign neighbour,76.55518341064453,0.1732160896062851,1.0,2.0
1677,0,bus,1.0,0.0,4562.0,0.0,3145.0,0,0,5,1 tip,0 no foreign neighbour,480.1986999511719,0.08040329068899155,1.0,8.0
1678,0,bus,2.0,0.0,4562.0,0.0,3145.0,0,0,4,2 path,0 no foreign neighbour,125.42288970947266,0.1782396137714386,1.0,3.0
1679,0,bus,1.0,0.0,4562.0,0.0,3145.0,0,0,4,1 tip,0 no foreign neighbour,25.49930191040039,0.17638027667999268,1.0,1.0
1680,0,bus,1.0,0.0,4562.0,0.0,3145.0,0,0,4,1 tip,0 no foreign neighbour,25.49930191040039,0.18434439599514008,1.0,1.0
1681,0,bus,2.0,0.0,4562.0,0.0,3145.0,0,0,4,2 path,0 no foreign neighbour,131.49282836914062,0.08727122098207474,1.0,3.0
1682,0,bus,2.0,0.0,4562.0,0.0,3145.0,0,0,4,2 path,0 no foreign neighbour,131.49282836914062,0.08217860758304596,1.0,3.0
1683,0,bus,4.0,0.0,4562.0,1.0,3145.0,0,0,3,3+ branch,1 all neighbours foreign,480.1986999511719,0.08108291029930115,1.0,8.0
1684,0,bus,2.0,0.0,4562.0,0.0,3145.0,0,0,4,2 path,0 no foreign neighbour,25.49930191040039,0.19393707811832428,1.0,1.0
1685,0,bus,1.0,0.0,4562.0,0.0,3145.0,0,0,4,1 tip,0 no foreign neighbour,25.49930191040039,0.20005935430526733,1.0,1.0
1686,0,bus,2.0,0.0,4562.0,0.0,3145.0,0,0,4,2 path,0 no foreign neighbour,183.4818878173828,0.08003043383359909,1.0,4.0
1687,0,bus,1.0,0.0,4562.0,0.0,3145.0,0,0,4,1 tip,0 no foreign neighbour,25.49930191040039,0.17663215100765228,1.0,1.0
1688,0,bus,2.0,0.0,4562.0,0.0,3145.0,0,0,5,2 path,0 no foreign neighbour,533.54541015625,0.08945990353822708,1.0,9.0
1689,0,bus,2.0,1.0,4562.0,0.0,3145.0,0,0,4,2 path,0 no foreign neighbour,244.94752502441406,0.19217023253440857,1.0,5.0
1690,0,bus,1.0,0.0,4562.0,0.0,3145.0,0,0,2,1 tip,0 no foreign neighbour,58.26556396484375,0.06705547124147415,1.0,1.0
1691,0,bus,2.0,0.0,4562.0,0.0,3145.0,0,0,4,2 path,0 no foreign neighbour,101.39791870117188,0.05834868177771568,1.0,2.0
1692,0,bus,1.0,0.0,4562.0,0.0,3145.0,0,0,4,1 tip,0 no foreign neighbour,47.018123626708984,0.17855143547058105,1.0,1.0
1693,0,bus,3.0,0.0,4562.0,0.0,3145.0,0,0,5,3+ branch,0 no foreign neighbour,515.171875,0.08707459270954132,1.0,8.0
1694,0,bus,2.0,0.0,4562.0,0.0,3145.0,0,0,4,2 path,0 no foreign neighbour,156.43406677246094,0.06711418181657791,1.0,3.0
1695,0,bus,2.0,0.0,4562.0,0.0,3145.0,0,0,2,2 path,0 no foreign neighbour,101.39791870117188,0.05901036038994789,1.0,2.0
1696,0,bus,2.0,0.0,4562.0,0.0,3145.0,0,0,4,2 path,0 no foreign neighbour,183.4818878173828,0.07715751975774765,1.0,4.0
1697,0,bus,1.0,0.0,4562.0,0.0,3145.0,0,0,5,1 tip,0 no foreign neighbour,477.6077880859375,0.08765498548746109,1.0,7.0
1698,0,bus,3.0,0.0,4562.0,0.3333333333333333,3145.0,0,0,4,3+ branch,mixed,130.4990692138672,0.21595712006092072,1.0,3.0
1699,0,bus,2.0,0.0,4562.0,0.0,3145.0,0,0,4,2 path,0 no foreign neighbour,191.57395935058594,0.057083360850811005,1.0,5.0
1700,0,bus,3.0,0.0,4562.0,0.0,3145.0,0,0,0,3+ branch,0 no foreign neighbour,475.066162109375,0.127045676112175,1.0,10.0
1701,0,bus,1.0,0.0,4562.0,1.0,3145.0,0,0,4,1 tip,1 all neighbours foreign,76.81983947753906,0.11613186448812485,1.0,2.0
1702,0,bus,5.0,0.0,4562.0,0.0,3145.0,0,0,4,3+ branch,0 no foreign neighbour,140.5613250732422,0.12374044954776764,1.0,3.0
1703,0,bus,1.0,0.0,4562.0,1.0,3145.0,0,0,4,1 tip,1 all neighbours foreign,143.44537353515625,0.07356970012187958,1.0,3.0
1704,0,bus,1.0,0.0,4562.0,0.0,3145.0,0,0,4,1 tip,0 no foreign neighbour,186.67588806152344,0.25302445888519287,1.0,3.0
1705,0,bus,1.0,0.0,4562.0,0.0,3145.0,0,0,3,1 tip,0 no foreign neighbour,105.70964813232422,0.22190313041210175,1.0,2.0
1706,0,bus,2.0,0.0,4562.0,0.0,3145.0,0,0,4,2 path,0 no foreign neighbour,186.67588806152344,0.26062873005867004,1.0,3.0
1707,0,bus,1.0,0.0,4562.0,0.0,3145.0,0,0,4,1 tip,0 no foreign neighbour,186.67588806152344,0.2643270492553711,1.0,3.0
1708,0,bus,1.0,0.0,4562.0,1.0,3145.0,0,0,4,1 tip,1 all neighbours foreign,186.67588806152344,0.2539362907409668,1.0,3.0
1709,0,bus,1.0,0.0,4562.0,0.0,3145.0,0,0,4,1 tip,0 no foreign neighbour,140.5613250732422,0.12738408148288727,1.0,3.0
1710,0,bus,1.0,0.0,4562.0,0.0,3145.0,0,0,4,1 tip,0 no foreign neighbour,75.94056701660156,0.19223544001579285,1.0,1.0
1711,0,bus,2.0,0.0,4562.0,0.0,3145.0,0,0,4,2 path,0 no foreign neighbour,51.98905944824219,0.08779002726078033,1.0,1.0
1712,3,bus+trolley,3.0,0.0,4562.0,0.3333333333333333,610.0,1,1,4,3+ branch,mixed,220.21730041503906,0.09254114329814911,2.0,4.0
1713,0,bus,2.0,0.0,4562.0,0.0,3145.0,0,0,6,2 path,0 no foreign neighbour,513.28857421875,0.2834678590297699,1.0,11.0
1714,0,bus,3.0,0.0,4562.0,0.0,3145.0,0,0,6,3+ branch,0 no foreign neighbour,513.28857421875,0.28402087092399597,1.0,11.0
1715,0,bus,3.0,0.3333333432674408,4562.0,0.0,3145.0,0,0,0,3+ branch,0 no foreign neighbour,240.12879943847656,0.28433388471603394,1.0,7.0
1716,0,bus,2.0,1.0,4562.0,0.0,3145.0,0,0,0,2 path,0 no foreign neighbour,172.92320251464844,0.2751593291759491,1.0,4.0
1717,0,bus,1.0,0.0,4562.0,0.0,3145.0,0,0,3,1 tip,0 no foreign neighbour,247.9075927734375,0.2344091534614563,1.0,6.0
1718,0,bus,1.0,0.0,4562.0,0.0,3145.0,0,0,4,1 tip,0 no foreign neighbour,172.92320251464844,0.27480554580688477,1.0,4.0
1719,0,bus,2.0,0.0,4562.0,0.5,3145.0,0,0,4,2 path,mixed,120.215576171875,0.015292869880795479,1.0,3.0
1720,0,bus,1.0,0.0,4562.0,0.0,3145.0,0,0,4,1 tip,0 no foreign neighbour,80.04905700683594,0.018514955416321754,1.0,2.0
1721,0,bus,3.0,0.0,4562.0,0.0,3145.0,0,0,4,3+ branch,0 no foreign neighbour,120.215576171875,0.026347825303673744,1.0,3.0
1722,0,bus,1.0,0.0,4562.0,1.0,3145.0,0,0,4,1 tip,1 all neighbours foreign,122.77992248535156,0.031357455998659134,1.0,2.0
1723,3,bus+trolley,1.0,0.0,4562.0,0.0,610.0,1,1,4,1 tip,0 no foreign neighbour,288.580078125,0.05773339793086052,2.0,6.0
1724,0,bus,2.0,0.0,4562.0,0.5,3145.0,0,0,3,2 path,mixed,489.5520935058594,0.22165289521217346,1.0,8.0
1725,0,bus,1.0,0.0,4562.0,0.0,3145.0,0,0,4,1 tip,0 no foreign neighbour,87.06156921386719,0.018279388546943665,1.0,2.0
1726,0,bus,1.0,0.0,4562.0,0.0,3145.0,0,0,4,1 tip,0 no foreign neighbour,100.97903442382812,0.15849491953849792,1.0,2.0
1727,0,bus,1.0,0.0,4562.0,1.0,3145.0,0,0,3,1 tip,1 all neighbours foreign,190.1514434814453,0.2080686092376709,1.0,3.0
1728,0,bus,2.0,0.0,4562.0,0.0,3145.0,0,0,3,2 path,0 no foreign neighbour,108.25376892089844,0.1953219622373581,1.0,3.0
1729,0,bus,1.0,0.0,4562.0,1.0,3145.0,0,0,3,1 tip,1 all neighbours foreign,135.49542236328125,0.14393968880176544,1.0,3.0
1730,0,bus,2.0,0.0,4562.0,0.0,3145.0,0,0,4,2 path,0 no foreign neighbour,219.70057678222656,0.2549717426300049,1.0,5.0
1731,0,bus,2.0,0.0,4562.0,0.0,3145.0,0,0,0,2 path,0 no foreign neighbour,212.8800506591797,0.24525922536849976,1.0,5.0
1732,0,bus,3.0,0.0,4562.0,0.0,3145.0,0,0,4,3+ branch,0 no foreign neighbour,174.75148010253906,0.22229842841625214,1.0,3.0
1733,0,bus,1.0,0.0,4562.0,0.0,3145.0,0,0,0,1 tip,0 no foreign neighbour,365.6008605957031,0.3697013556957245,1.0,6.0
1734,0,bus,2.0,0.0,4562.0,0.5,3145.0,0,0,3,2 path,mixed,292.8193054199219,0.14627733826637268,1.0,5.0
1735,0,bus,1.0,0.0,4562.0,0.0,3145.0,0,0,0,1 tip,0 no foreign neighbour,395.5715026855469,0.3963310420513153,1.0,6.0
1736,0,bus,3.0,0.0,4562.0,0.0,3145.0,0,0,0,3+ branch,0 no foreign neighbour,365.6008605957031,0.4044087827205658,1.0,6.0
1737,0,bus,1.0,0.0,4562.0,0.0,3145.0,0,0,4,1 tip,0 no foreign neighbour,308.8438720703125,0.40332069993019104,1.0,5.0
1738,0,bus,1.0,0.0,4562.0,0.0,3145.0,0,0,4,1 tip,0 no foreign neighbour,223.3851776123047,0.43319281935691833,1.0,4.0
1739,0,bus,1.0,0.0,4562.0,0.0,3145.0,0,0,4,1 tip,0 no foreign neighbour,223.3851776123047,0.43143171072006226,1.0,4.0
1740,0,bus,2.0,1.0,4562.0,0.0,3145.0,0,0,4,2 path,0 no foreign neighbour,310.11279296875,0.4460769295692444,1.0,5.0
1741,0,bus,2.0,1.0,4562.0,0.0,3145.0,0,0,4,2 path,0 no foreign neighbour,310.11279296875,0.44445955753326416,1.0,5.0
1742,0,bus,2.0,0.0,4562.0,0.0,3145.0,0,0,4,2 path,0 no foreign neighbour,223.3851776123047,0.46235179901123047,1.0,4.0
1743,0,bus,3.0,0.3333333432674408,4562.0,0.0,3145.0,0,0,3,3+ branch,0 no foreign neighbour,174.31851196289062,0.16630138456821442,1.0,3.0
1744,0,bus,2.0,1.0,4562.0,0.0,3145.0,0,0,4,2 path,0 no foreign neighbour,223.3851776123047,0.46081507205963135,1.0,4.0
1745,0,bus,2.0,1.0,4562.0,0.0,3145.0,0,0,4,2 path,0 no foreign neighbour,310.11279296875,0.47256582975387573,1.0,5.0
1746,0,bus,3.0,0.3333333432674408,4562.0,0.0,3145.0,0,0,0,3+ branch,0 no foreign neighbour,497.5753479003906,0.4144883453845978,1.0,8.0
1747,0,bus,1.0,0.0,4562.0,1.0,3145.0,0,0,3,1 tip,1 all neighbours foreign,298.77679443359375,0.22529901564121246,1.0,8.0
1748,0,bus,2.0,0.0,4562.0,0.0,3145.0,0,0,4,2 path,0 no foreign neighbour,94.84798431396484,0.24560081958770752,1.0,2.0
1749,0,bus,4.0,0.0,4562.0,0.25,3145.0,0,0,2,3+ branch,mixed,145.7701416015625,0.1635337769985199,1.0,4.0
1750,0,bus,2.0,0.0,4562.0,0.0,3145.0,0,0,0,2 path,0 no foreign neighbour,429.3719177246094,0.2507175803184509,1.0,12.0
1751,0,bus,2.0,1.0,4562.0,0.0,3145.0,0,0,0,2 path,0 no foreign neighbour,585.6611938476562,0.3408445417881012,1.0,11.0
1752,0,bus,5.0,0.0,4562.0,0.0,3145.0,0,0,6,3+ branch,0 no foreign neighbour,703.5441284179688,0.24763312935829163,1.0,18.0
1753,0,bus,2.0,0.0,4562.0,0.0,3145.0,0,0,4,2 path,0 no foreign neighbour,138.90911865234375,0.250689297914505,1.0,4.0
1754,0,bus,1.0,0.0,4562.0,0.0,3145.0,0,0,4,1 tip,0 no foreign neighbour,94.84798431396484,0.25602248311042786,1.0,2.0
1755,0,bus,2.0,0.0,4562.0,0.0,3145.0,0,0,4,2 path,0 no foreign neighbour,94.84798431396484,0.25843143463134766,1.0,2.0
1756,0,bus,1.0,0.0,4562.0,0.0,3145.0,0,0,4,1 tip,0 no foreign neighbour,94.84798431396484,0.2596147656440735,1.0,2.0
1757,0,bus,1.0,0.0,4562.0,0.0,3145.0,0,0,4,1 tip,0 no foreign neighbour,174.75148010253906,0.22046500444412231,1.0,3.0
1758,0,bus,1.0,0.0,4562.0,0.0,3145.0,0,0,4,1 tip,0 no foreign neighbour,199.78189086914062,0.232778400182724,1.0,4.0
1759,0,bus,1.0,0.0,4562.0,0.0,3145.0,0,0,4,1 tip,0 no foreign neighbour,182.93997192382812,0.24384424090385437,1.0,4.0
1760,0,bus,2.0,0.0,4562.0,0.0,3145.0,0,0,4,2 path,0 no foreign neighbour,212.8800506591797,0.24387559294700623,1.0,5.0
1761,0,bus,2.0,0.0,4562.0,0.0,3145.0,0,0,4,2 path,0 no foreign neighbour,137.49728393554688,0.2480991780757904,1.0,4.0
1762,0,bus,3.0,0.0,4562.0,0.3333333333333333,3145.0,0,0,5,3+ branch,mixed,505.16595458984375,0.07550262659788132,1.0,7.0
1763,0,bus,1.0,0.0,4562.0,1.0,3145.0,0,0,2,1 tip,1 all neighbours foreign,103.26927185058594,0.04050181433558464,1.0,2.0
1764,0,bus,1.0,0.0,4562.0,1.0,3145.0,0,0,4,1 tip,1 all neighbours foreign,63.48826217651367,0.04827103763818741,1.0,1.0
1765,0,bus,1.0,0.0,4562.0,0.0,3145.0,0,0,0,1 tip,0 no foreign neighbour,325.3709716796875,0.3855398893356323,1.0,7.0
1766,0,bus,4.0,0.1666666716337204,4562.0,0.0,3145.0,0,0,0,3+ branch,0 no foreign neighbour,325.3709716796875,0.38391485810279846,1.0,7.0
1767,0,bus,2.0,1.0,4562.0,0.0,3145.0,0,0,0,2 path,0 no foreign neighbour,463.61016845703125,0.3782953917980194,1.0,10.0
1768,0,bus,3.0,0.6666666865348816,4562.0,0.0,3145.0,0,0,0,3+ branch,0 no foreign neighbour,457.48199462890625,0.3796863257884979,1.0,10.0
1769,0,bus,2.0,0.0,4562.0,0.0,3145.0,0,0,3,2 path,0 no foreign neighbour,166.02955627441406,0.17001952230930328,1.0,2.0
1770,0,bus,1.0,0.0,4562.0,1.0,3145.0,0,0,4,1 tip,1 all neighbours foreign,103.26927185058594,0.03930847346782684,1.0,2.0
1771,3,bus+trolley,2.0,0.0,4562.0,0.5,610.0,1,1,2,2 path,mixed,138.16018676757812,0.13716237246990204,2.0,2.0
1772,0,bus,4.0,0.0,4562.0,0.0,3145.0,0,0,2,3+ branch,0 no foreign neighbour,237.9315643310547,0.38595399260520935,1.0,6.0
1773,0,bus,2.0,0.0,4562.0,0.0,3145.0,0,0,4,2 path,0 no foreign neighbour,301.8719177246094,0.39178451895713806,1.0,6.0
1774,0,bus,2.0,0.0,4562.0,0.0,3145.0,0,0,4,2 path,0 no foreign neighbour,322.1408996582031,0.3905561864376068,1.0,7.0
1775,0,bus,2.0,0.0,4562.0,0.0,3145.0,0,0,4,2 path,0 no foreign neighbour,289.4664001464844,0.394750714302063,1.0,5.0
1776,0,bus,2.0,0.0,4562.0,0.0,3145.0,0,0,4,2 path,0 no foreign neighbour,289.4664001464844,0.40650761127471924,1.0,5.0
1777,0,bus,4.0,0.0,4562.0,0.0,3145.0,0,0,3,3+ branch,0 no foreign neighbour,217.5007781982422,0.15678052604198456,1.0,4.0
1778,0,bus,1.0,0.0,4562.0,0.0,3145.0,0,0,4,1 tip,0 no foreign neighbour,289.4664001464844,0.40538910031318665,1.0,5.0
1779,0,bus,1.0,0.0,4562.0,0.0,3145.0,0,0,4,1 tip,0 no foreign neighbour,12.40549087524414,0.3847299814224243,1.0,1.0
1780,0,bus,2.0,0.0,4562.0,0.0,3145.0,0,0,4,2 path,0 no foreign neighbour,12.40549087524414,0.38351157307624817,1.0,1.0
1781,0,bus,1.0,0.0,4562.0,0.0,3145.0,0,0,4,1 tip,0 no foreign neighbour,12.40549087524414,0.38530510663986206,1.0,1.0
1782,0,bus,2.0,0.0,4562.0,0.0,3145.0,0,0,2,2 path,0 no foreign neighbour,12.40549087524414,0.3831574022769928,1.0,1.0
1783,0,bus,1.0,0.0,4562.0,0.0,3145.0,0,0,2,1 tip,0 no foreign neighbour,12.40549087524414,0.38825345039367676,1.0,1.0
1784,0,bus,3.0,0.0,4562.0,0.0,3145.0,0,0,6,3+ branch,0 no foreign neighbour,994.4644775390625,0.3620280623435974,1.0,19.0
1785,0,bus,5.0,0.0,4562.0,0.0,3145.0,0,0,0,3+ branch,0 no foreign neighbour,398.1552734375,0.35348883271217346,1.0,8.0
1786,0,bus,1.0,0.0,4562.0,0.0,3145.0,0,0,0,1 tip,0 no foreign neighbour,379.6184997558594,0.35077860951423645,1.0,7.0
1787,0,bus,1.0,0.0,4562.0,0.0,3145.0,0,0,4,1 tip,0 no foreign neighbour,56.75698471069336,0.4048515856266022,1.0,1.0
1788,0,bus,1.0,0.0,4562.0,0.0,3145.0,0,0,0,1 tip,0 no foreign neighbour,38.04864501953125,0.3569796681404114,1.0,1.0
1789,0,bus,2.0,0.0,4562.0,0.0,3145.0,0,0,4,2 path,0 no foreign neighbour,38.04864501953125,0.3541087508201599,1.0,1.0
1790,0,bus,2.0,0.0,4562.0,0.0,3145.0,0,0,4,2 path,0 no foreign neighbour,38.04864501953125,0.34852007031440735,1.0,1.0
1791,0,bus,2.0,0.0,4562.0,0.0,3145.0,0,0,3,2 path,0 no foreign neighbour,216.6690673828125,0.11460302770137787,1.0,3.0
1792,0,bus,3.0,0.0,4562.0,0.0,3145.0,0,0,4,3+ branch,0 no foreign neighbour,98.24063110351562,0.34447887539863586,1.0,2.0
1793,0,bus,4.0,0.3333333432674408,4562.0,0.0,3145.0,0,0,0,3+ branch,0 no foreign neighbour,343.2427062988281,0.26065897941589355,1.0,7.0
1794,0,bus,1.0,0.0,4562.0,0.0,3145.0,0,0,0,1 tip,0 no foreign neighbour,98.24063110351562,0.3575236201286316,1.0,2.0
1795,0,bus,2.0,0.0,4562.0,0.0,3145.0,0,0,0,2 path,0 no foreign neighbour,86.90668487548828,0.29201245307922363,1.0,2.0
1796,0,bus,1.0,0.0,4562.0,0.0,3145.0,0,0,4,1 tip,0 no foreign neighbour,108.51786804199219,0.20299987494945526,1.0,2.0
1797,0,bus,2.0,0.0,4562.0,0.0,3145.0,0,0,4,2 path,0 no foreign neighbour,108.51786804199219,0.21852067112922668,1.0,2.0
1798,0,bus,2.0,1.0,4562.0,0.0,3145.0,0,0,0,2 path,0 no foreign neighbour,108.51786804199219,0.23349270224571228,1.0,2.0
1799,0,bus,1.0,0.0,4562.0,0.0,3145.0,0,0,0,1 tip,0 no foreign neighbour,397.6572570800781,0.2564706802368164,1.0,12.0
1800,0,bus,1.0,0.0,4562.0,0.0,3145.0,0,0,5,1 tip,0 no foreign neighbour,459.9888916015625,0.17355716228485107,1.0,6.0
1801,0,bus,3.0,0.0,4562.0,0.0,3145.0,0,0,0,3+ branch,0 no foreign neighbour,119.9224624633789,0.345622718334198,1.0,4.0
1802,0,bus,2.0,0.0,4562.0,0.0,3145.0,0,0,2,2 path,0 no foreign neighbour,119.9224624633789,0.3564046621322632,1.0,4.0
1803,0,bus,2.0,0.0,4562.0,0.0,3145.0,0,0,0,2 path,0 no foreign neighbour,119.9224624633789,0.3641597628593445,1.0,4.0
1804,0,bus,1.0,0.0,4562.0,0.0,3145.0,0,0,4,1 tip,0 no foreign neighbour,138.90911865234375,0.25082141160964966,1.0,4.0
1805,0,bus,1.0,0.0,4562.0,0.0,3145.0,0,0,4,1 tip,0 no foreign neighbour,95.25752258300781,0.3704646825790405,1.0,3.0
1806,0,bus,1.0,0.0,4562.0,0.0,3145.0,0,0,4,1 tip,0 no foreign neighbour,101.38569641113281,0.36929214000701904,1.0,3.0
1807,0,bus,1.0,0.0,4562.0,0.0,3145.0,0,0,0,1 tip,0 no foreign neighbour,429.3719177246094,0.2499667853116989,1.0,12.0
1808,0,bus,2.0,0.0,4562.0,0.0,3145.0,0,0,0,2 path,0 no foreign neighbour,653.5401611328125,0.39050188660621643,1.0,13.0
1809,0,bus,2.0,1.0,4562.0,0.0,3145.0,0,0,0,2 path,0 no foreign neighbour,454.9842529296875,0.3900049328804016,1.0,9.0
1810,0,bus,6.0,0.13333334028720856,4562.0,0.0,3145.0,0,0,0,3+ branch,0 no foreign neighbour,509.67071533203125,0.3926035463809967,1.0,11.0
1811,0,bus,2.0,0.0,4562.0,0.0,3145.0,0,0,4,2 path,0 no foreign neighbour,182.63319396972656,0.3945465683937073,1.0,5.0
1812,0,bus,2.0,0.0,4562.0,0.0,3145.0,0,0,4,2 path,0 no foreign neighbour,182.63319396972656,0.3948535621166229,1.0,5.0
1813,0,bus,1.0,0.0,4562.0,0.0,3145.0,0,0,2,1 tip,0 no foreign neighbour,182.63319396972656,0.39327841997146606,1.0,5.0
1814,0,bus,3.0,0.0,4562.0,0.0,3145.0,0,0,0,3+ branch,0 no foreign neighbour,417.7064208984375,0.2889516353607178,1.0,9.0
1815,0,bus,1.0,0.0,4562.0,1.0,3145.0,0,0,4,1 tip,1 all neighbours foreign,408.6112976074219,0.07540158182382584,1.0,6.0
1816,0,bus,2.0,0.0,4562.0,0.0,3145.0,0,0,0,2 path,0 no foreign neighbour,172.42987060546875,0.3872985243797302,1.0,3.0
1817,0,bus,1.0,0.0,4562.0,0.0,3145.0,0,0,4,1 tip,0 no foreign neighbour,86.90668487548828,0.29209285974502563,1.0,2.0
1818,0,bus,2.0,0.0,4562.0,0.0,3145.0,0,0,4,2 path,0 no foreign neighbour,86.90668487548828,0.29272979497909546,1.0,2.0
1819,0,bus,2.0,0.0,4562.0,0.0,3145.0,0,0,4,2 path,0 no foreign neighbour,86.90668487548828,0.2935604751110077,1.0,2.0
1820,0,bus,3.0,0.3333333432674408,4562.0,0.0,3145.0,0,0,2,3+ branch,0 no foreign neighbour,86.90668487548828,0.2944704294204712,1.0,2.0
1821,0,bus,3.0,0.3333333432674408,4562.0,0.0,3145.0,0,0,4,3+ branch,0 no foreign neighbour,86.90668487548828,0.2978675067424774,1.0,2.0
1822,0,bus,2.0,0.0,4562.0,0.0,3145.0,0,0,0,2 path,0 no foreign neighbour,112.77025604248047,0.2734173536300659,1.0,2.0
1823,0,bus,2.0,0.0,4562.0,0.0,3145.0,0,0,4,2 path,0 no foreign neighbour,273.1597595214844,0.27792173624038696,1.0,4.0
1824,0,bus,1.0,0.0,4562.0,0.0,3145.0,0,0,0,1 tip,0 no foreign neighbour,273.1597595214844,0.28089791536331177,1.0,4.0
1825,0,bus,2.0,0.0,4562.0,0.0,3145.0,0,0,4,2 path,0 no foreign neighbour,86.90668487548828,0.303764283657074,1.0,2.0
1826,0,bus,1.0,0.0,4562.0,0.0,3145.0,0,0,4,1 tip,0 no foreign neighbour,86.90668487548828,0.30484068393707275,1.0,2.0
1827,0,bus,2.0,1.0,4562.0,0.0,3145.0,0,0,4,2 path,0 no foreign neighbour,340.8253173828125,0.296481728553772,1.0,7.0
1828,0,bus,4.0,0.0,4562.0,0.0,3145.0,0,0,0,3+ branch,0 no foreign neighbour,316.82672119140625,0.30300968885421753,1.0,6.0
1829,0,bus,2.0,0.0,4562.0,0.0,3145.0,0,0,0,2 path,0 no foreign neighbour,287.5927429199219,0.30580800771713257,1.0,5.0
1830,0,bus,2.0,0.0,4562.0,0.0,3145.0,0,0,4,2 path,0 no foreign neighbour,202.5860137939453,0.31101104617118835,1.0,4.0
1831,0,bus,1.0,0.0,4562.0,0.0,3145.0,0,0,4,1 tip,0 no foreign neighbour,202.5860137939453,0.3191092908382416,1.0,4.0
1832,0,bus,2.0,0.0,4562.0,0.0,3145.0,0,0,4,2 path,0 no foreign neighbour,124.35675048828125,0.38676291704177856,1.0,3.0
1833,0,bus,2.0,0.0,4562.0,0.5,3145.0,0,0,0,2 path,mixed,368.59246826171875,0.08919605612754822,1.0,7.0
1834,0,bus,1.0,0.0,4562.0,0.0,3145.0,0,0,4,1 tip,0 no foreign neighbour,112.77025604248047,0.2656354308128357,1.0,2.0
1835,0,bus,2.0,0.0,4562.0,0.0,3145.0,0,0,6,2 path,0 no foreign neighbour,453.74920654296875,0.24837304651737213,1.0,11.0
1836,0,bus,2.0,0.0,4562.0,0.0,3145.0,0,0,4,2 path,0 no foreign neighbour,13.754321098327637,0.23238851130008698,1.0,1.0
1837,0,bus,2.0,1.0,4562.0,0.0,3145.0,0,0,6,2 path,0 no foreign neighbour,845.7272338867188,0.12044110149145126,1.0,15.0
1838,0,bus,1.0,0.0,4562.0,0.0,3145.0,0,0,0,1 tip,0 no foreign neighbour,402.40814208984375,0.25676605105400085,1.0,10.0
1839,0,bus,3.0,0.0,4562.0,0.0,3145.0,0,0,0,3+ branch,0 no foreign neighbour,344.8512878417969,0.2502729892730713,1.0,9.0
1840,0,bus,2.0,0.0,4562.0,0.0,3145.0,0,0,2,2 path,0 no foreign neighbour,13.754321098327637,0.23317170143127441,1.0,1.0
1841,0,bus,2.0,1.0,4562.0,0.0,3145.0,0,0,4,2 path,0 no foreign neighbour,188.29092407226562,0.2691754996776581,1.0,3.0
1842,0,bus,2.0,0.0,4562.0,0.0,3145.0,0,0,4,2 path,0 no foreign neighbour,59.6656494140625,0.273416668176651,1.0,2.0
1843,0,bus,2.0,0.0,4562.0,0.0,3145.0,0,0,4,2 path,0 no foreign neighbour,13.754321098327637,0.2394057810306549,1.0,1.0
1844,0,bus,2.0,0.0,4562.0,0.0,3145.0,0,0,4,2 path,0 no foreign neighbour,86.90668487548828,0.29194390773773193,1.0,2.0
1845,0,bus,2.0,0.0,4562.0,0.0,3145.0,0,0,4,2 path,0 no foreign neighbour,115.78926849365234,0.24364332854747772,1.0,3.0
1846,0,bus,3.0,0.0,4562.0,0.0,3145.0,0,0,4,3+ branch,0 no foreign neighbour,115.78926849365234,0.2382572889328003,1.0,3.0
1847,0,bus,2.0,0.0,4562.0,0.0,3145.0,0,0,3,2 path,0 no foreign neighbour,420.1586608886719,0.15522408485412598,1.0,7.0
1848,0,bus,1.0,0.0,4562.0,0.0,3145.0,0,0,0,1 tip,0 no foreign neighbour,160.45863342285156,0.2331428974866867,1.0,3.0
1849,0,bus,1.0,0.0,4562.0,0.0,3145.0,0,0,4,1 tip,0 no foreign neighbour,137.49728393554688,0.2515712082386017,1.0,4.0
1850,0,bus,1.0,0.0,4562.0,0.0,3145.0,0,0,4,1 tip,0 no foreign neighbour,219.70057678222656,0.25225183367729187,1.0,5.0
1851,0,bus,2.0,0.0,4562.0,0.0,3145.0,0,0,2,2 path,0 no foreign neighbour,29.940074920654297,0.23866841197013855,1.0,1.0
1852,0,bus,3.0,0.0,4562.0,0.0,3145.0,0,0,4,3+ branch,0 no foreign neighbour,60.834129333496094,0.21402963995933533,1.0,2.0
1853,0,bus,2.0,0.0,4562.0,0.0,3145.0,0,0,2,2 path,0 no foreign neighbour,60.834129333496094,0.20938754081726074,1.0,2.0
1854,0,bus,1.0,0.0,4562.0,0.0,3145.0,0,0,4,1 tip,0 no foreign neighbour,115.78926849365234,0.23539584875106812,1.0,3.0
1855,0,bus,1.0,0.0,4562.0,0.0,3145.0,0,0,2,1 tip,0 no foreign neighbour,60.834129333496094,0.20612360537052155,1.0,2.0
1856,0,bus,3.0,0.0,4562.0,0.3333333333333333,3145.0,0,0,3,3+ branch,mixed,75.81076049804688,0.13580872118473053,1.0,2.0
1857,0,bus,2.0,0.0,4562.0,0.0,3145.0,0,0,4,2 path,0 no foreign neighbour,13.973017692565918,0.29932647943496704,1.0,1.0
1858,0,bus,1.0,0.0,4562.0,0.0,3145.0,0,0,4,1 tip,0 no foreign neighbour,98.97975158691406,0.3064247667789459,1.0,2.0
1859,0,bus,2.0,0.0,4562.0,0.0,3145.0,0,0,2,2 path,0 no foreign neighbour,98.97975158691406,0.31206247210502625,1.0,2.0
1860,0,bus,2.0,0.0,4562.0,0.0,3145.0,0,0,4,2 path,0 no foreign neighbour,98.97975158691406,0.3167729079723358,1.0,2.0
1861,0,bus,2.0,0.0,4562.0,0.0,3145.0,0,0,4,2 path,0 no foreign neighbour,98.97975158691406,0.3221462368965149,1.0,2.0
1862,0,bus,2.0,0.0,4562.0,0.5,3145.0,0,0,3,2 path,mixed,272.3719482421875,0.15311682224273682,1.0,4.0
1863,0,bus,2.0,0.0,4562.0,0.0,3145.0,0,0,4,2 path,0 no foreign neighbour,98.97975158691406,0.30556023120880127,1.0,2.0
1864,0,bus,3.0,0.0,4562.0,0.0,3145.0,0,0,0,3+ branch,0 no foreign neighbour,153.3554229736328,0.24698926508426666,1.0,3.0
1865,0,bus,2.0,0.0,4562.0,0.0,3145.0,0,0,4,2 path,0 no foreign neighbour,182.93997192382812,0.2435370832681656,1.0,4.0
1866,0,bus,2.0,1.0,4562.0,0.0,3145.0,0,0,4,2 path,0 no foreign neighbour,151.33863830566406,0.2526005804538727,1.0,3.0
1867,0,bus,2.0,0.0,4562.0,0.0,3145.0,0,0,4,2 path,0 no foreign neighbour,93.71558380126953,0.2583421468734741,1.0,3.0
1868,0,bus,4.0,0.0,4562.0,0.0,3145.0,0,0,4,3+ branch,0 no foreign neighbour,93.71558380126953,0.2634241282939911,1.0,3.0
1869,0,bus,1.0,0.0,4562.0,0.0,3145.0,0,0,4,1 tip,0 no foreign neighbour,20.822519302368164,0.2804258167743683,1.0,1.0
1870,0,bus,1.0,0.0,4562.0,0.0,3145.0,0,0,4,1 tip,0 no foreign neighbour,25.030418395996094,0.23190800845623016,1.0,1.0
1871,0,bus,2.0,0.0,4562.0,0.0,3145.0,0,0,3,2 path,0 no foreign neighbour,228.85723876953125,0.21411900222301483,1.0,4.0
1872,0,bus,2.0,0.0,4562.0,0.0,3145.0,0,0,4,2 path,0 no foreign neighbour,93.71558380126953,0.25391480326652527,1.0,3.0
1873,0,bus,2.0,1.0,4562.0,0.0,3145.0,0,0,0,2 path,0 no foreign neighbour,344.8512878417969,0.25040340423583984,1.0,9.0
1874,0,bus,2.0,0.0,4562.0,0.0,3145.0,0,0,2,2 path,0 no foreign neighbour,46.18745422363281,0.28168901801109314,1.0,2.0
1875,0,bus,2.0,0.0,4562.0,0.0,3145.0,0,0,2,2 path,0 no foreign neighbour,46.18745422363281,0.2840287387371063,1.0,2.0
1876,0,bus,1.0,0.0,4562.0,0.0,3145.0,0,0,4,1 tip,0 no foreign neighbour,42.93159484863281,0.25802406668663025,1.0,1.0
1877,0,bus,2.0,0.0,4562.0,0.0,3145.0,0,0,4,2 path,0 no foreign neighbour,167.1097412109375,0.24503761529922485,1.0,4.0
1878,0,bus,1.0,0.0,4562.0,0.0,3145.0,0,0,0,1 tip,0 no foreign neighbour,354.79833984375,0.2939014732837677,1.0,8.0
1879,0,bus,2.0,0.0,4562.0,0.0,3145.0,0,0,2,2 path,0 no foreign neighbour,182.63319396972656,0.3932908773422241,1.0,5.0
1880,0,bus,1.0,0.0,4562.0,0.0,3145.0,0,0,2,1 tip,0 no foreign neighbour,12.818788528442383,0.37577036023139954,1.0,1.0
1881,0,bus,1.0,0.0,4562.0,0.0,3145.0,0,0,4,1 tip,0 no foreign neighbour,46.18745422363281,0.3041267991065979,1.0,2.0
1882,0,bus,2.0,0.0,4562.0,0.0,3145.0,0,0,2,2 path,0 no foreign neighbour,70.16227722167969,0.3900649845600128,1.0,2.0
1883,0,bus,1.0,0.0,4562.0,0.0,3145.0,0,0,4,1 tip,0 no foreign neighbour,86.90668487548828,0.30331575870513916,1.0,2.0
1884,0,bus,2.0,0.0,4562.0,0.0,3145.0,0,0,4,2 path,0 no foreign neighbour,62.90807342529297,0.30651816725730896,1.0,1.0
1885,0,bus,1.0,0.0,4562.0,0.0,3145.0,0,0,4,1 tip,0 no foreign neighbour,62.90807342529297,0.3069727122783661,1.0,1.0
1886,0,bus,1.0,0.0,4562.0,0.0,3145.0,0,0,4,1 tip,0 no foreign neighbour,62.90807342529297,0.3073885142803192,1.0,1.0
1887,0,bus,1.0,0.0,4562.0,0.0,3145.0,0,0,2,1 tip,0 no foreign neighbour,164.83912658691406,0.21033397316932678,1.0,3.0
1888,0,bus,2.0,0.0,4562.0,0.0,3145.0,0,0,4,2 path,0 no foreign neighbour,62.90807342529297,0.3077136278152466,1.0,1.0
1889,0,bus,1.0,0.0,4562.0,0.0,3145.0,0,0,4,1 tip,0 no foreign neighbour,62.90807342529297,0.31057366728782654,1.0,1.0
1890,0,bus,1.0,0.0,4562.0,0.0,3145.0,0,0,4,1 tip,0 no foreign neighbour,62.90807342529297,0.3104538917541504,1.0,1.0
1891,0,bus,2.0,0.0,4562.0,0.0,3145.0,0,0,4,2 path,0 no foreign neighbour,62.90807342529297,0.3153254985809326,1.0,1.0
1892,0,bus,2.0,0.0,4562.0,0.0,3145.0,0,0,4,2 path,0 no foreign neighbour,62.90807342529297,0.3222891688346863,1.0,1.0
1893,0,bus,2.0,0.0,4562.0,0.0,3145.0,0,0,4,2 path,0 no foreign neighbour,29.233972549438477,0.31422093510627747,1.0,1.0
1894,0,bus,0.0,0.0,4562.0,,3145.0,0,0,4,0 isolated,,62.90807342529297,0.3277421295642853,1.0,1.0
1895,0,bus,1.0,0.0,4562.0,0.0,3145.0,0,0,2,1 tip,0 no foreign neighbour,29.233972549438477,0.33899936079978943,1.0,1.0
1896,0,bus,2.0,0.0,4562.0,0.0,3145.0,0,0,2,2 path,0 no foreign neighbour,29.233972549438477,0.3678146302700043,1.0,1.0
1897,0,bus,2.0,0.0,4562.0,0.0,3145.0,0,0,2,2 path,0 no foreign neighbour,29.233972549438477,0.37087732553482056,1.0,1.0
1898,0,bus,2.0,1.0,4562.0,0.0,3145.0,0,0,2,2 path,0 no foreign neighbour,188.7314910888672,0.4743073880672455,1.0,3.0
1899,0,bus,1.0,0.0,4562.0,0.0,3145.0,0,0,4,1 tip,0 no foreign neighbour,102.00386047363281,0.5088779330253601,1.0,2.0
1900,0,bus,1.0,0.0,4562.0,0.0,3145.0,0,0,2,1 tip,0 no foreign neighbour,102.00386047363281,0.5286695957183838,1.0,2.0
1901,0,bus,2.0,0.0,4562.0,0.0,3145.0,0,0,2,2 path,0 no foreign neighbour,57.34348678588867,0.5305612683296204,1.0,1.0
1902,0,bus,3.0,0.0,4562.0,0.3333333333333333,3145.0,0,0,5,3+ branch,mixed,608.64990234375,0.15917369723320007,1.0,11.0
1903,0,bus,2.0,0.0,4562.0,0.0,3145.0,0,0,2,2 path,0 no foreign neighbour,102.00386047363281,0.5427234768867493,1.0,2.0
1904,0,bus,1.0,0.0,4562.0,0.0,3145.0,0,0,2,1 tip,0 no foreign neighbour,102.00386047363281,0.5449140071868896,1.0,2.0
1905,0,bus,3.0,0.0,4562.0,0.0,3145.0,0,0,2,3+ branch,0 no foreign neighbour,159.34735107421875,0.5621337294578552,1.0,3.0
1906,0,bus,1.0,0.0,4562.0,0.0,3145.0,0,0,2,1 tip,0 no foreign neighbour,159.34735107421875,0.5633862018585205,1.0,3.0
1907,0,bus,1.0,0.0,4562.0,0.0,3145.0,0,0,2,1 tip,0 no foreign neighbour,159.34735107421875,0.5639368295669556,1.0,3.0
1908,0,bus,2.0,0.0,4562.0,1.0,3145.0,0,0,5,2 path,1 all neighbours foreign,542.5680541992188,0.1498595029115677,1.0,9.0
1909,0,bus,3.0,0.0,4562.0,0.0,3145.0,0,0,2,3+ branch,0 no foreign neighbour,159.34735107421875,0.564748227596283,1.0,3.0
1910,0,bus,2.0,0.0,4562.0,0.0,3145.0,0,0,2,2 path,0 no foreign neighbour,102.00386047363281,0.5467194318771362,1.0,2.0
1911,0,bus,2.0,0.0,4562.0,0.0,3145.0,0,0,2,2 path,0 no foreign neighbour,102.00386047363281,0.54998379945755,1.0,2.0
1912,0,bus,1.0,0.0,4562.0,0.0,3145.0,0,0,2,1 tip,0 no foreign neighbour,102.00386047363281,0.5562034249305725,1.0,2.0
1913,0,bus,2.0,0.0,4562.0,0.5,3145.0,0,0,3,2 path,mixed,417.6819763183594,0.1681218445301056,1.0,9.0
1914,0,bus,2.0,0.0,4562.0,0.0,3145.0,0,0,2,2 path,0 no foreign neighbour,59.41152572631836,0.5919166207313538,1.0,1.0
1915,0,bus,2.0,0.0,4562.0,0.0,3145.0,0,0,2,2 path,0 no foreign neighbour,59.41152572631836,0.5966095328330994,1.0,1.0
1916,0,bus,2.0,0.0,4562.0,0.0,3145.0,0,0,2,2 path,0 no foreign neighbour,59.41152572631836,0.5819587707519531,1.0,1.0
1917,0,bus,4.0,0.1666666716337204,4562.0,0.25,3145.0,0,0,5,3+ branch,mixed,680.497314453125,0.17925357818603516,1.0,13.0
1918,3,bus+trolley,2.0,0.0,4562.0,0.5,610.0,1,1,5,2 path,mixed,869.5501708984375,0.1784522533416748,2.0,16.0
1919,0,bus,1.0,0.0,4562.0,0.0,3145.0,0,0,2,1 tip,0 no foreign neighbour,87.48374938964844,0.1429482251405716,1.0,2.0
1920,0,bus,2.0,0.0,4562.0,0.0,3145.0,0,0,2,2 path,0 no foreign neighbour,59.41152572631836,0.5875206589698792,1.0,1.0
1921,0,bus,1.0,0.0,4562.0,0.0,3145.0,0,0,2,1 tip,0 no foreign neighbour,102.00386047363281,0.5572080612182617,1.0,2.0
1922,0,bus,1.0,0.0,4562.0,0.0,3145.0,0,0,5,1 tip,0 no foreign neighbour,557.0953979492188,0.12449535727500916,1.0,8.0
1923,0,bus,2.0,0.0,4562.0,0.0,3145.0,0,0,2,2 path,0 no foreign neighbour,102.00386047363281,0.5305035710334778,1.0,2.0
1924,0,bus,1.0,0.0,4562.0,0.0,3145.0,0,0,4,1 tip,0 no foreign neighbour,102.00386047363281,0.5077913403511047,1.0,2.0
1925,0,bus,1.0,0.0,4562.0,1.0,3145.0,0,0,4,1 tip,1 all neighbours foreign,63.717201232910156,0.1661316156387329,1.0,1.0
1926,0,bus,2.0,0.0,4562.0,0.0,3145.0,0,0,4,2 path,0 no foreign neighbour,130.1082763671875,0.1272924244403839,1.0,2.0
1927,0,bus,1.0,0.0,4562.0,0.0,3145.0,0,0,5,1 tip,0 no foreign neighbour,660.0912475585938,0.6269953846931458,1.0,14.0
1928,0,bus,5.0,0.10000000149011612,4562.0,0.0,3145.0,0,0,5,3+ branch,0 no foreign neighbour,660.0912475585938,0.6270886063575745,1.0,14.0
1929,0,bus,1.0,0.0,4562.0,0.0,3145.0,0,0,4,1 tip,0 no foreign neighbour,160.0599365234375,0.47441282868385315,1.0,4.0
1930,0,bus,3.0,0.3333333432674408,4562.0,0.0,3145.0,0,0,4,3+ branch,0 no foreign neighbour,160.0599365234375,0.482782244682312,1.0,4.0
1931,0,bus,3.0,0.0,4562.0,0.3333333333333333,3145.0,0,0,4,3+ branch,mixed,423.24365234375,0.21398887038230896,1.0,8.0
1932,0,bus,1.0,0.0,4562.0,0.0,3145.0,0,0,5,1 tip,0 no foreign neighbour,563.989990234375,0.6282591223716736,1.0,11.0
1933,0,bus,4.0,0.0,4562.0,0.0,3145.0,0,0,5,3+ branch,0 no foreign neighbour,508.19866943359375,0.6342902779579163,1.0,11.0
1934,0,bus,1.0,0.0,4562.0,0.0,3145.0,0,0,5,1 tip,0 no foreign neighbour,502.94146728515625,0.6749120950698853,1.0,10.0
1935,0,bus,2.0,0.0,4562.0,0.5,3145.0,0,0,4,2 path,mixed,423.24365234375,0.21649855375289917,1.0,8.0
1936,0,bus,3.0,0.3333333432674408,4562.0,0.0,3145.0,0,0,4,3+ branch,0 no foreign neighbour,130.09707641601562,0.4890366196632385,1.0,3.0
1937,0,bus,2.0,1.0,4562.0,0.0,3145.0,0,0,4,2 path,0 no foreign neighbour,130.09707641601562,0.4981834888458252,1.0,3.0
1938,0,bus,3.0,0.0,4562.0,0.0,3145.0,0,0,4,3+ branch,0 no foreign neighbour,121.79415893554688,0.5113111734390259,1.0,3.0
1939,0,bus,3.0,0.0,4562.0,0.0,3145.0,0,0,4,3+ branch,0 no foreign neighbour,121.79415893554688,0.5134281516075134,1.0,3.0
1940,0,bus,3.0,0.0,4562.0,0.0,3145.0,0,0,4,3+ branch,0 no foreign neighbour,53.613529205322266,0.5028086304664612,1.0,2.0
1941,0,bus,1.0,0.0,4562.0,0.0,3145.0,0,0,4,1 tip,0 no foreign neighbour,23.65066146850586,0.49832940101623535,1.0,1.0
1942,0,bus,2.0,0.0,4562.0,0.0,3145.0,0,0,5,2 path,0 no foreign neighbour,502.94146728515625,0.7173061370849609,1.0,10.0
1943,0,bus,1.0,0.0,4562.0,0.0,3145.0,0,0,5,1 tip,0 no foreign neighbour,502.94146728515625,0.7464747428894043,1.0,10.0
1944,0,bus,5.0,0.0,4562.0,0.0,3145.0,0,0,5,3+ branch,0 no foreign neighbour,502.94146728515625,0.7660460472106934,1.0,10.0
1945,0,bus,2.0,0.0,4562.0,0.0,3145.0,0,0,3,2 path,0 no foreign neighbour,318.9735107421875,0.7833749651908875,1.0,5.0
1946,0,bus,1.0,0.0,4562.0,0.0,3145.0,0,0,3,1 tip,0 no foreign neighbour,318.9735107421875,0.8007972240447998,1.0,5.0
1947,0,bus,2.0,0.0,4562.0,0.0,3145.0,0,0,3,2 path,0 no foreign neighbour,318.9735107421875,0.8112517595291138,1.0,5.0
1948,0,bus,1.0,0.0,4562.0,0.0,3145.0,0,0,4,1 tip,0 no foreign neighbour,130.1082763671875,0.1233653798699379,1.0,2.0
1949,0,bus,2.0,0.0,4562.0,0.0,3145.0,0,0,3,2 path,0 no foreign neighbour,318.9735107421875,0.8193614482879639,1.0,5.0
1950,0,bus,2.0,0.0,4562.0,0.0,3145.0,0,0,3,2 path,0 no foreign neighbour,318.9735107421875,0.8295633792877197,1.0,5.0
1951,0,bus,1.0,0.0,4562.0,0.0,3145.0,0,0,3,1 tip,0 no foreign neighbour,318.9735107421875,0.8437451720237732,1.0,5.0
1952,0,bus,1.0,0.0,4562.0,0.0,3145.0,0,0,4,1 tip,0 no foreign neighbour,63.717201232910156,0.1611020714044571,1.0,1.0
1953,0,bus,2.0,0.0,4562.0,0.0,3145.0,0,0,4,2 path,0 no foreign neighbour,318.9735107421875,0.864649772644043,1.0,5.0
1954,0,bus,1.0,0.0,4562.0,0.0,3145.0,0,0,3,1 tip,0 no foreign neighbour,318.9735107421875,0.8453707695007324,1.0,5.0
1955,0,bus,1.0,0.0,4562.0,0.0,3145.0,0,0,4,1 tip,0 no foreign neighbour,318.9735107421875,0.8768541812896729,1.0,5.0
1956,0,bus,2.0,0.0,4562.0,0.0,3145.0,0,0,4,2 path,0 no foreign neighbour,318.9735107421875,0.8931639790534973,1.0,5.0
1957,0,bus,1.0,0.0,4562.0,0.0,3145.0,0,0,0,1 tip,0 no foreign neighbour,154.9650115966797,0.5076574087142944,1.0,5.0
1958,0,bus,1.0,0.0,4562.0,1.0,3145.0,0,0,2,1 tip,1 all neighbours foreign,38.926979064941406,0.0574631467461586,1.0,1.0
1959,0,bus,3.0,0.0,4562.0,0.0,3145.0,0,0,0,3+ branch,0 no foreign neighbour,154.9650115966797,0.5129828453063965,1.0,5.0
1960,0,bus,2.0,0.0,4562.0,0.0,3145.0,0,0,4,2 path,0 no foreign neighbour,318.9735107421875,0.900408148765564,1.0,5.0
1961,0,bus,4.0,0.0,4562.0,0.5,3145.0,0,0,5,3+ branch,mixed,934.4435424804688,0.14033237099647522,1.0,17.0
1962,0,bus,2.0,0.0,4562.0,0.0,3145.0,0,0,4,2 path,0 no foreign neighbour,38.26578140258789,0.5642070174217224,1.0,1.0
1963,0,bus,2.0,0.0,4562.0,0.0,3145.0,0,0,2,2 path,0 no foreign neighbour,38.26578140258789,0.5721054673194885,1.0,1.0
1964,0,bus,1.0,0.0,4562.0,0.0,3145.0,0,0,3,1 tip,0 no foreign neighbour,318.9735107421875,0.7996432781219482,1.0,5.0
1965,0,bus,1.0,0.0,4562.0,0.0,3145.0,0,0,2,1 tip,0 no foreign neighbour,38.26578140258789,0.5899472832679749,1.0,1.0
1966,0,bus,2.0,0.0,4562.0,0.0,3145.0,0,0,3,2 path,0 no foreign neighbour,269.6489562988281,0.18053774535655975,1.0,4.0
1967,0,bus,1.0,0.0,4562.0,0.0,3145.0,0,0,5,1 tip,0 no foreign neighbour,502.94146728515625,0.7445667386054993,1.0,10.0
1968,0,bus,2.0,0.0,4562.0,0.0,3145.0,0,0,5,2 path,0 no foreign neighbour,739.468505859375,0.1388690322637558,1.0,13.0
1969,0,bus,2.0,1.0,4562.0,0.0,3145.0,0,0,0,2 path,0 no foreign neighbour,136.40927124023438,0.5549921989440918,1.0,3.0
1970,0,bus,1.0,0.0,4562.0,0.0,3145.0,0,0,5,1 tip,0 no foreign neighbour,502.94146728515625,0.6733932495117188,1.0,10.0
1971,0,bus,1.0,0.0,4562.0,0.0,3145.0,0,0,2,1 tip,0 no foreign neighbour,78.7079849243164,0.04516870528459549,1.0,2.0
1972,0,bus,3.0,0.0,4562.0,0.3333333333333333,3145.0,0,0,2,3+ branch,mixed,78.7079849243164,0.04956052452325821,1.0,2.0
1973,0,bus,1.0,0.0,4562.0,0.0,3145.0,0,0,4,1 tip,0 no foreign neighbour,101.28739166259766,0.18603478372097015,1.0,2.0
1974,0,bus,3.0,1.0,4562.0,0.0,3145.0,0,0,5,3+ branch,0 no foreign neighbour,654.833984375,0.6276302337646484,1.0,13.0
1975,0,bus,1.0,0.0,4562.0,0.0,3145.0,0,0,4,1 tip,0 no foreign neighbour,29.962865829467773,0.4912578761577606,1.0,1.0
1976,0,bus,1.0,0.0,4562.0,0.0,3145.0,0,0,4,1 tip,0 no foreign neighbour,29.962865829467773,0.49304643273353577,1.0,1.0
1977,0,bus,2.0,0.0,4562.0,0.0,3145.0,0,0,3,2 path,0 no foreign neighbour,550.3613891601562,0.08063126355409622,1.0,9.0
1978,0,bus,4.0,0.3333333432674408,4562.0,0.0,3145.0,0,0,4,3+ branch,0 no foreign neighbour,91.87931060791016,0.4877520799636841,1.0,3.0
1979,0,bus,1.0,0.0,4562.0,0.0,3145.0,0,0,4,1 tip,0 no foreign neighbour,91.87931060791016,0.5091930031776428,1.0,3.0
1980,0,bus,1.0,0.0,4562.0,0.0,3145.0,0,0,4,1 tip,0 no foreign neighbour,130.09707641601562,0.5021480917930603,1.0,3.0
1981,0,bus,2.0,0.0,4562.0,0.0,3145.0,0,0,4,2 path,0 no foreign neighbour,132.19015502929688,0.03624420613050461,1.0,2.0
1982,0,bus,2.0,1.0,4562.0,0.0,3145.0,0,0,4,2 path,0 no foreign neighbour,91.83129119873047,0.5090516209602356,1.0,2.0
1983,0,bus,2.0,0.0,4562.0,0.0,3145.0,0,0,2,2 path,0 no foreign neighbour,132.19015502929688,0.03444843366742134,1.0,2.0
1984,0,bus,2.0,1.0,4562.0,0.0,3145.0,0,0,4,2 path,0 no foreign neighbour,197.82138061523438,0.03669286519289017,1.0,3.0
1985,0,bus,1.0,0.0,4562.0,0.0,3145.0,0,0,3,1 tip,0 no foreign neighbour,38.482505798339844,0.04326212406158447,1.0,1.0
1986,0,bus,2.0,0.0,4562.0,0.0,3145.0,0,0,2,2 path,0 no foreign neighbour,116.3851318359375,0.06975071877241135,1.0,2.0
1987,0,bus,2.0,0.0,4562.0,0.0,3145.0,0,0,2,2 path,0 no foreign neighbour,116.3851318359375,0.07315288484096527,1.0,2.0
1988,0,bus,3.0,0.0,4562.0,0.3333333333333333,3145.0,0,0,2,3+ branch,mixed,116.3851318359375,0.08198787271976471,1.0,2.0
1989,0,bus,2.0,0.0,4562.0,0.0,3145.0,0,0,4,2 path,0 no foreign neighbour,116.3851318359375,0.060716141015291214,1.0,2.0
1990,0,bus,1.0,0.0,4562.0,1.0,3145.0,0,0,2,1 tip,1 all neighbours foreign,38.482505798339844,0.05352112278342247,1.0,1.0
1991,0,bus,1.0,0.0,4562.0,1.0,3145.0,0,0,3,1 tip,1 all neighbours foreign,38.482505798339844,0.04656130447983742,1.0,1.0
1992,0,bus,2.0,0.0,4562.0,0.0,3145.0,0,0,4,2 path,0 no foreign neighbour,38.926979064941406,0.04201421141624451,1.0,1.0
1993,0,bus,1.0,0.0,4562.0,0.0,3145.0,0,0,2,1 tip,0 no foreign neighbour,78.7079849243164,0.04483132064342499,1.0,2.0
1994,0,bus,2.0,0.0,4562.0,0.5,3145.0,0,0,0,2 path,mixed,334.7508239746094,0.0787944570183754,1.0,5.0
1995,0,bus,1.0,0.0,4562.0,1.0,3145.0,0,0,0,1 tip,1 all neighbours foreign,258.7395324707031,0.08729252964258194,1.0,4.0
1996,0,bus,1.0,0.0,4562.0,0.0,3145.0,0,0,2,1 tip,0 no foreign neighbour,4.9738664627075195,0.04766412824392319,1.0,1.0
1997,0,bus,2.0,0.0,4562.0,0.0,3145.0,0,0,2,2 path,0 no foreign neighbour,4.9738664627075195,0.05006231367588043,1.0,1.0
1998,0,bus,2.0,0.0,4562.0,0.5,3145.0,0,0,4,2 path,mixed,81.87469482421875,0.037481989711523056,1.0,2.0
1999,0,bus,2.0,0.0,4562.0,0.0,3145.0,0,0,4,2 path,0 no foreign neighbour,197.82138061523438,0.03781158849596977,1.0,3.0
2000,0,bus,2.0,0.0,4562.0,0.0,3145.0,0,0,2,2 path,0 no foreign neighbour,78.7079849243164,0.04408133402466774,1.0,2.0
2001,0,bus,1.0,0.0,4562.0,0.0,3145.0,0,0,2,1 tip,0 no foreign neighbour,132.19015502929688,0.0419192910194397,1.0,2.0
2002,0,bus,2.0,0.0,4562.0,0.5,3145.0,0,0,4,2 path,mixed,106.47400665283203,0.03365504369139671,1.0,2.0
2003,0,bus,4.0,0.0,4562.0,0.0,3145.0,0,0,3,3+ branch,0 no foreign neighbour,262.653564453125,0.2219773381948471,1.0,5.0
2004,0,bus,2.0,1.0,4562.0,0.0,3145.0,0,0,4,2 path,0 no foreign neighbour,68.22864532470703,0.5089061856269836,1.0,2.0
2005,0,bus,1.0,0.0,4562.0,0.0,3145.0,0,0,4,1 tip,0 no foreign neighbour,39.781009674072266,0.03807549923658371,1.0,1.0
2006,0,bus,2.0,0.0,4562.0,0.5,3145.0,0,0,0,2 path,mixed,334.7508239746094,0.08228307962417603,1.0,5.0
2007,0,bus,1.0,0.0,4562.0,0.0,3145.0,0,0,4,1 tip,0 no foreign neighbour,276.52935791015625,0.04579206183552742,1.0,5.0
2008,0,bus,2.0,0.0,4562.0,0.0,3145.0,0,0,2,2 path,0 no foreign neighbour,276.52935791015625,0.04710783436894417,1.0,5.0
2009,0,bus,3.0,0.0,4562.0,0.0,3145.0,0,0,3,3+ branch,0 no foreign neighbour,276.52935791015625,0.04540599510073662,1.0,5.0
2010,0,bus,1.0,0.0,4562.0,1.0,3145.0,0,0,4,1 tip,1 all neighbours foreign,40.147281646728516,0.163234680891037,1.0,1.0
2011,0,bus,1.0,0.0,4562.0,0.0,3145.0,0,0,4,1 tip,0 no foreign neighbour,98.22265625,0.13614913821220398,1.0,2.0
2012,0,bus,2.0,1.0,4562.0,1.0,3145.0,0,0,4,2 path,1 all neighbours foreign,101.86808013916016,0.08607599139213562,1.0,2.0
2013,0,bus,1.0,0.0,4562.0,0.0,3145.0,0,0,2,1 tip,0 no foreign neighbour,38.926979064941406,0.051545150578022,1.0,1.0
2014,0,bus,3.0,0.0,4562.0,0.0,3145.0,0,0,3,3+ branch,0 no foreign neighbour,249.3640594482422,0.22423994541168213,1.0,5.0
2015,0,bus,1.0,0.0,4562.0,1.0,3145.0,0,0,4,1 tip,1 all neighbours foreign,38.926979064941406,0.05137718841433525,1.0,1.0
2016,0,bus,2.0,0.0,4562.0,1.0,3145.0,0,0,2,2 path,1 all neighbours foreign,41.55463409423828,0.11785327643156052,1.0,1.0
2017,0,bus,2.0,0.0,4562.0,0.0,3145.0,0,0,2,2 path,0 no foreign neighbour,123.54742431640625,0.22455234825611115,1.0,2.0
2018,0,bus,4.0,0.0,4562.0,0.75,3145.0,0,0,5,3+ branch,mixed,512.6512451171875,0.07869436591863632,1.0,8.0
2019,0,bus,4.0,0.0,4562.0,0.25,3145.0,0,0,3,3+ branch,mixed,94.3992691040039,0.20869608223438263,1.0,2.0
2020,0,bus,3.0,0.0,4562.0,1.0,3145.0,0,0,3,3+ branch,1 all neighbours foreign,488.9437255859375,0.0988152027130127,1.0,7.0
2021,3,bus+trolley,2.0,0.0,4562.0,0.5,610.0,1,1,5,2 path,mixed,582.122314453125,0.10187192261219025,2.0,9.0
2022,0,bus,5.0,0.0,4562.0,0.8,3145.0,0,0,5,3+ branch,mixed,382.9532165527344,0.10404987633228302,1.0,6.0
2023,0,bus,1.0,0.0,4562.0,0.0,3145.0,0,0,5,1 tip,0 no foreign neighbour,317.4706115722656,0.10462471097707748,1.0,5.0
2024,3,bus+trolley,2.0,0.0,4562.0,1.0,610.0,1,1,5,2 path,1 all neighbours foreign,454.817138671875,0.10126788914203644,2.0,7.0
2025,0,bus,2.0,0.0,4562.0,0.0,3145.0,0,0,4,2 path,0 no foreign neighbour,164.83912658691406,0.214390829205513,1.0,3.0
2026,3,bus+trolley,1.0,0.0,4562.0,0.0,610.0,1,1,5,1 tip,0 no foreign neighbour,622.099853515625,0.09399762749671936,2.0,10.0
2027,0,bus,2.0,0.0,4562.0,0.0,3145.0,0,0,2,2 path,0 no foreign neighbour,85.98097229003906,0.19134163856506348,1.0,3.0
2028,0,bus,2.0,0.0,4562.0,0.0,3145.0,0,0,2,2 path,0 no foreign neighbour,85.98097229003906,0.1880093216896057,1.0,3.0
2029,0,bus,2.0,0.0,4562.0,0.0,3145.0,0,0,3,2 path,0 no foreign neighbour,289.6913757324219,0.15826189517974854,1.0,5.0
2030,0,bus,1.0,0.0,4562.0,1.0,3145.0,0,0,2,1 tip,1 all neighbours foreign,129.37020874023438,0.15755370259284973,1.0,2.0
2031,0,bus,1.0,0.0,4562.0,1.0,3145.0,0,0,4,1 tip,1 all neighbours foreign,41.55463409423828,0.12819242477416992,1.0,1.0
2032,0,bus,1.0,0.0,4562.0,0.0,3145.0,0,0,2,1 tip,0 no foreign neighbour,94.45893096923828,0.10140421986579895,1.0,2.0
2033,0,bus,1.0,0.0,4562.0,0.0,3145.0,0,0,2,1 tip,0 no foreign neighbour,124.46615600585938,0.15576301515102386,1.0,2.0
2034,0,bus,1.0,0.0,4562.0,0.0,3145.0,0,0,4,1 tip,0 no foreign neighbour,124.46615600585938,0.15566067397594452,1.0,2.0
2035,0,bus,1.0,0.0,4562.0,0.0,3145.0,0,0,3,1 tip,0 no foreign neighbour,183.16998291015625,0.13191655278205872,1.0,3.0
2036,0,bus,2.0,0.0,4562.0,1.0,3145.0,0,0,2,2 path,1 all neighbours foreign,94.45893096923828,0.10359685122966766,1.0,2.0
2037,0,bus,2.0,0.0,4562.0,0.0,3145.0,0,0,3,2 path,0 no foreign neighbour,124.46615600585938,0.16140493750572205,1.0,2.0
2038,0,bus,2.0,0.0,4562.0,0.0,3145.0,0,0,2,2 path,0 no foreign neighbour,124.46615600585938,0.16334523260593414,1.0,2.0
2039,0,bus,1.0,0.0,4562.0,0.0,3145.0,0,0,3,1 tip,0 no foreign neighbour,78.80888366699219,0.22696535289287567,1.0,2.0
2040,0,bus,2.0,0.0,4562.0,0.5,3145.0,0,0,2,2 path,mixed,178.02011108398438,0.15409737825393677,1.0,3.0
2041,0,bus,1.0,0.0,4562.0,0.0,3145.0,0,0,2,1 tip,0 no foreign neighbour,124.46615600585938,0.17043596506118774,1.0,2.0
2042,0,bus,3.0,0.0,4562.0,0.0,3145.0,0,0,3,3+ branch,0 no foreign neighbour,262.5482177734375,0.22074046730995178,1.0,5.0
2043,0,bus,1.0,0.0,4562.0,0.0,3145.0,0,0,2,1 tip,0 no foreign neighbour,124.46615600585938,0.16775831580162048,1.0,2.0
2044,0,bus,2.0,0.0,4562.0,0.0,3145.0,0,0,3,2 path,0 no foreign neighbour,262.5482177734375,0.2148338407278061,1.0,5.0
2045,0,bus,1.0,0.0,4562.0,0.0,3145.0,0,0,3,1 tip,0 no foreign neighbour,262.5482177734375,0.20908229053020477,1.0,5.0
2046,0,bus,2.0,0.0,4562.0,0.0,3145.0,0,0,2,2 path,0 no foreign neighbour,124.46615600585938,0.17526832222938538,1.0,2.0
2047,0,bus,1.0,0.0,4562.0,0.0,3145.0,0,0,3,1 tip,0 no foreign neighbour,316.41131591796875,0.14815032482147217,1.0,6.0
2048,0,bus,3.0,0.3333333432674408,4562.0,0.0,3145.0,0,0,3,3+ branch,0 no foreign neighbour,262.5482177734375,0.2062230408191681,1.0,5.0
2049,0,bus,2.0,0.0,4562.0,0.0,3145.0,0,0,3,2 path,0 no foreign neighbour,262.5482177734375,0.1960887908935547,1.0,5.0
2050,0,bus,2.0,0.0,4562.0,0.0,3145.0,0,0,2,2 path,0 no foreign neighbour,124.46615600585938,0.18231049180030823,1.0,2.0
2051,0,bus,2.0,0.0,4562.0,0.0,3145.0,0,0,3,2 path,0 no foreign neighbour,362.3150329589844,0.18947750329971313,1.0,7.0
2052,0,bus,1.0,0.0,4562.0,0.0,3145.0,0,0,2,1 tip,0 no foreign neighbour,124.46615600585938,0.18476156890392303,1.0,2.0
2053,0,bus,2.0,0.0,4562.0,1.0,3145.0,0,0,5,2 path,1 all neighbours foreign,298.2339782714844,0.13101726770401,1.0,5.0
2054,0,bus,2.0,0.0,4562.0,0.0,3145.0,0,0,5,2 path,0 no foreign neighbour,362.3150329589844,0.18842294812202454,1.0,7.0
2055,0,bus,1.0,0.0,4562.0,0.0,3145.0,0,0,3,1 tip,0 no foreign neighbour,203.0909423828125,0.12724772095680237,1.0,4.0
2056,0,bus,2.0,0.0,4562.0,0.0,3145.0,0,0,3,2 path,0 no foreign neighbour,403.0538330078125,0.09254125505685806,1.0,7.0
2057,0,bus,2.0,0.0,4562.0,0.5,3145.0,0,0,3,2 path,mixed,127.5073013305664,0.08497535437345505,1.0,3.0
2058,0,bus,2.0,0.0,4562.0,0.0,3145.0,0,0,3,2 path,0 no foreign neighbour,142.0267333984375,0.15952211618423462,1.0,4.0
2059,0,bus,1.0,0.0,4562.0,1.0,3145.0,0,0,3,1 tip,1 all neighbours foreign,300.9356994628906,0.17241333425045013,1.0,6.0
2060,0,bus,2.0,0.0,4562.0,0.5,3145.0,0,0,5,2 path,mixed,677.7789306640625,0.09343080967664719,1.0,12.0
2061,0,bus,1.0,0.0,4562.0,1.0,3145.0,0,0,3,1 tip,1 all neighbours foreign,89.38062286376953,0.08287621289491653,1.0,2.0
2062,0,bus,1.0,0.0,4562.0,1.0,3145.0,0,0,3,1 tip,1 all neighbours foreign,213.0197296142578,0.12715484201908112,1.0,4.0
2063,0,bus,1.0,0.0,4562.0,0.0,3145.0,0,0,2,1 tip,0 no foreign neighbour,46.471214294433594,0.23905816674232483,1.0,1.0
2064,0,bus,2.0,0.0,4562.0,0.0,3145.0,0,0,2,2 path,0 no foreign neighbour,46.471214294433594,0.2405625283718109,1.0,1.0
2065,0,bus,2.0,0.0,4562.0,0.0,3145.0,0,0,2,2 path,0 no foreign neighbour,46.471214294433594,0.24160225689411163,1.0,1.0
2066,0,bus,2.0,0.0,4562.0,0.0,3145.0,0,0,2,2 path,0 no foreign neighbour,46.471214294433594,0.24267233908176422,1.0,1.0
2067,0,bus,4.0,0.0,4562.0,0.25,3145.0,0,0,5,3+ branch,mixed,711.0980834960938,0.1716848462820053,1.0,10.0
2068,0,bus,1.0,0.0,4562.0,0.0,3145.0,0,0,2,1 tip,0 no foreign neighbour,46.471214294433594,0.23928214609622955,1.0,1.0
2069,0,bus,1.0,0.0,4562.0,0.0,3145.0,0,0,2,1 tip,0 no foreign neighbour,178.60430908203125,0.2287747710943222,1.0,4.0
2070,0,bus,1.0,0.0,4562.0,0.0,3145.0,0,0,0,1 tip,0 no foreign neighbour,263.3418273925781,0.09713993966579437,1.0,4.0
2071,0,bus,3.0,0.0,4562.0,0.0,3145.0,0,0,4,3+ branch,0 no foreign neighbour,179.37989807128906,0.19336165487766266,1.0,3.0
2072,0,bus,1.0,0.0,4562.0,0.0,3145.0,0,0,2,1 tip,0 no foreign neighbour,46.88887023925781,0.20704106986522675,1.0,1.0
2073,0,bus,7.0,0.095238097012043,4562.0,0.0,3145.0,0,0,5,3+ branch,0 no foreign neighbour,760.96826171875,0.17312201857566833,1.0,11.0
2074,0,bus,1.0,0.0,4562.0,0.0,3145.0,0,0,4,1 tip,0 no foreign neighbour,94.84798431396484,0.22144395112991333,1.0,2.0
2075,0,bus,1.0,0.0,4562.0,1.0,3145.0,0,0,3,1 tip,1 all neighbours foreign,18.065948486328125,0.07650984078645706,1.0,1.0
2076,0,bus,1.0,0.0,4562.0,0.0,3145.0,0,0,2,1 tip,0 no foreign neighbour,59.78916931152344,0.1787748485803604,1.0,1.0
2077,0,bus,2.0,0.0,4562.0,0.0,3145.0,0,0,3,2 path,0 no foreign neighbour,221.92398071289062,0.22879882156848907,1.0,5.0
2078,0,bus,2.0,0.0,4562.0,0.0,3145.0,0,0,4,2 path,0 no foreign neighbour,94.84798431396484,0.22060716152191162,1.0,2.0
2079,0,bus,2.0,0.0,4562.0,0.0,3145.0,0,0,2,2 path,0 no foreign neighbour,110.29615783691406,0.0812663733959198,1.0,2.0
2080,0,bus,1.0,0.0,4562.0,0.0,3145.0,0,0,4,1 tip,0 no foreign neighbour,46.88887023925781,0.20764073729515076,1.0,1.0
2081,0,bus,1.0,0.0,4562.0,0.0,3145.0,0,0,4,1 tip,0 no foreign neighbour,179.37989807128906,0.1929837465286255,1.0,3.0
2082,0,bus,2.0,0.0,4562.0,0.0,3145.0,0,0,2,2 path,0 no foreign neighbour,84.0539321899414,0.0970834419131279,1.0,2.0
2083,0,bus,2.0,0.0,4562.0,1.0,3145.0,0,0,2,2 path,1 all neighbours foreign,110.29615783691406,0.0838438868522644,1.0,2.0
2084,0,bus,1.0,0.0,4562.0,0.0,3145.0,0,0,3,1 tip,0 no foreign neighbour,112.28285217285156,0.6116941571235657,1.0,1.0
2085,0,bus,2.0,0.0,4562.0,0.0,3145.0,0,0,2,2 path,0 no foreign neighbour,112.28285217285156,0.596204936504364,1.0,1.0
2086,0,bus,1.0,0.0,4562.0,0.0,3145.0,0,0,2,1 tip,0 no foreign neighbour,112.28285217285156,0.57928067445755,1.0,1.0
2087,0,bus,2.0,0.0,4562.0,0.0,3145.0,0,0,2,2 path,0 no foreign neighbour,112.28285217285156,0.5530023574829102,1.0,1.0
2088,0,bus,4.0,0.0,4562.0,0.0,3145.0,0,0,3,3+ branch,0 no foreign neighbour,136.48072814941406,0.5352107286453247,1.0,2.0
2089,0,bus,2.0,0.0,4562.0,0.0,3145.0,0,0,3,2 path,0 no foreign neighbour,112.28285217285156,0.5291147828102112,1.0,1.0
2090,0,bus,1.0,0.0,4562.0,0.0,3145.0,0,0,2,1 tip,0 no foreign neighbour,112.28285217285156,0.5057059526443481,1.0,1.0
2091,0,bus,2.0,0.0,4562.0,0.0,3145.0,0,0,2,2 path,0 no foreign neighbour,112.28285217285156,0.49944376945495605,1.0,1.0
2092,0,bus,1.0,0.0,4562.0,0.0,3145.0,0,0,2,1 tip,0 no foreign neighbour,112.28285217285156,0.4879748821258545,1.0,1.0
2093,0,bus,1.0,0.0,4562.0,0.0,3145.0,0,0,4,1 tip,0 no foreign neighbour,202.5106964111328,0.0847136452794075,1.0,4.0
2094,0,bus,2.0,0.0,4562.0,0.0,3145.0,0,0,2,2 path,0 no foreign neighbour,112.28285217285156,0.4784657061100006,1.0,1.0
2095,0,bus,1.0,0.0,4562.0,0.0,3145.0,0,0,2,1 tip,0 no foreign neighbour,112.28285217285156,0.44390225410461426,1.0,1.0
2096,0,bus,3.0,0.3333333432674408,4562.0,0.0,3145.0,0,0,3,3+ branch,0 no foreign neighbour,136.48072814941406,0.41419991850852966,1.0,2.0
2097,0,bus,2.0,0.0,4562.0,0.0,3145.0,0,0,3,2 path,0 no foreign neighbour,264.1379699707031,0.36297470331192017,1.0,8.0
2098,0,bus,1.0,0.0,4562.0,0.0,3145.0,0,0,3,1 tip,0 no foreign neighbour,217.5281982421875,0.36004725098609924,1.0,6.0
2099,0,bus,2.0,0.0,4562.0,0.0,3145.0,0,0,3,2 path,0 no foreign neighbour,264.1379699707031,0.3586052656173706,1.0,8.0
2100,0,bus,3.0,0.3333333432674408,4562.0,0.0,3145.0,0,0,3,3+ branch,0 no foreign neighbour,264.1379699707031,0.3564041256904602,1.0,8.0
2101,0,bus,2.0,0.0,4562.0,0.0,3145.0,0,0,3,2 path,0 no foreign neighbour,136.48072814941406,0.40148815512657166,1.0,2.0
2102,0,bus,1.0,0.0,4562.0,0.0,3145.0,0,0,3,1 tip,0 no foreign neighbour,135.20864868164062,0.3800353705883026,1.0,2.0
2103,0,bus,3.0,0.3333333432674408,4562.0,0.0,3145.0,0,0,5,3+ branch,0 no foreign neighbour,450.7868957519531,0.35608071088790894,1.0,10.0
2104,0,bus,1.0,0.0,4562.0,0.0,3145.0,0,0,3,1 tip,0 no foreign neighbour,320.45330810546875,0.3519883155822754,1.0,5.0
2105,0,bus,4.0,0.5,4562.0,0.0,3145.0,0,0,3,3+ branch,0 no foreign neighbour,450.7868957519531,0.35377737879753113,1.0,10.0
2106,0,bus,1.0,0.0,4562.0,0.0,3145.0,0,0,3,1 tip,0 no foreign neighbour,344.0305480957031,0.35413333773612976,1.0,6.0
2107,0,bus,3.0,0.0,4562.0,0.0,3145.0,0,0,3,3+ branch,0 no foreign neighbour,137.10800170898438,0.6281388401985168,1.0,8.0
2108,0,bus,2.0,0.0,4562.0,0.0,3145.0,0,0,3,2 path,0 no foreign neighbour,137.10800170898438,0.6198959946632385,1.0,8.0
2109,0,bus,1.0,0.0,4562.0,0.0,3145.0,0,0,2,1 tip,0 no foreign neighbour,123.12964630126953,0.6006436347961426,1.0,7.0
2110,0,bus,2.0,0.0,4562.0,0.0,3145.0,0,0,3,2 path,0 no foreign neighbour,306.05889892578125,0.3405931890010834,1.0,6.0
2111,0,bus,1.0,0.0,4562.0,0.0,3145.0,0,0,3,1 tip,0 no foreign neighbour,268.4740905761719,0.34167513251304626,1.0,5.0
2112,0,bus,3.0,0.3333333432674408,4562.0,0.0,3145.0,0,0,2,3+ branch,0 no foreign neighbour,123.12964630126953,0.5866114497184753,1.0,7.0
2113,0,bus,1.0,0.0,4562.0,0.0,3145.0,0,0,2,1 tip,0 no foreign neighbour,123.12964630126953,0.5933017730712891,1.0,7.0
2114,0,bus,1.0,0.0,4562.0,0.0,3145.0,0,0,3,1 tip,0 no foreign neighbour,137.10800170898438,0.6166864633560181,1.0,8.0
2115,0,bus,2.0,0.0,4562.0,0.0,3145.0,0,0,3,2 path,0 no foreign neighbour,281.86102294921875,0.33055558800697327,1.0,5.0
2116,0,bus,5.0,0.10000000149011612,4562.0,0.0,3145.0,0,0,3,3+ branch,0 no foreign neighbour,335.7222595214844,0.3190370202064514,1.0,7.0
2117,0,bus,2.0,0.0,4562.0,0.0,3145.0,0,0,4,2 path,0 no foreign neighbour,244.27622985839844,0.3189689815044403,1.0,4.0
2118,0,bus,2.0,1.0,4562.0,0.0,3145.0,0,0,5,2 path,0 no foreign neighbour,579.8310546875,0.34509196877479553,1.0,13.0
2119,0,bus,1.0,0.0,4562.0,0.0,3145.0,0,0,3,1 tip,0 no foreign neighbour,555.6331787109375,0.34401875734329224,1.0,12.0
2120,0,bus,1.0,0.0,4562.0,0.0,3145.0,0,0,3,1 tip,0 no foreign neighbour,264.958251953125,0.31570303440093994,1.0,5.0
2121,0,bus,1.0,0.0,4562.0,0.0,3145.0,0,0,4,1 tip,0 no foreign neighbour,282.81573486328125,0.25400128960609436,1.0,5.0
2122,0,bus,2.0,0.0,4562.0,0.0,3145.0,0,0,3,2 path,0 no foreign neighbour,304.2906188964844,0.31531959772109985,1.0,6.0
2123,0,bus,5.0,0.10000000149011612,4562.0,0.0,3145.0,0,0,5,3+ branch,0 no foreign neighbour,600.4631958007812,0.3440166711807251,1.0,14.0
2124,0,bus,2.0,1.0,4562.0,0.0,3145.0,0,0,3,2 path,0 no foreign neighbour,353.7959899902344,0.3015480637550354,1.0,7.0
2125,0,bus,2.0,0.0,4562.0,0.0,3145.0,0,0,3,2 path,0 no foreign neighbour,353.7959899902344,0.30529284477233887,1.0,7.0
2126,0,bus,3.0,0.3333333432674408,4562.0,0.0,3145.0,0,0,5,3+ branch,0 no foreign neighbour,510.0768737792969,0.35203617811203003,1.0,10.0
2127,0,bus,1.0,0.0,4562.0,0.0,3145.0,0,0,3,1 tip,0 no foreign neighbour,308.9410095214844,0.22705543041229248,1.0,5.0
2128,0,bus,2.0,0.0,4562.0,0.0,3145.0,0,0,2,2 path,0 no foreign neighbour,135.04165649414062,0.7945290803909302,1.0,3.0
2129,0,bus,4.0,0.1666666716337204,4562.0,0.0,3145.0,0,0,3,3+ branch,0 no foreign neighbour,121.81793975830078,0.3458622992038727,1.0,5.0
2130,0,bus,2.0,0.0,4562.0,0.0,3145.0,0,0,2,2 path,0 no foreign neighbour,135.04165649414062,0.806670069694519,1.0,3.0
2131,0,bus,1.0,0.0,4562.0,0.0,3145.0,0,0,2,1 tip,0 no foreign neighbour,94.14958953857422,0.8314027190208435,1.0,2.0
2132,0,bus,1.0,0.0,4562.0,0.0,3145.0,0,0,2,1 tip,0 no foreign neighbour,135.04165649414062,0.816077709197998,1.0,3.0
2133,0,bus,1.0,0.0,4562.0,0.0,3145.0,0,0,3,1 tip,0 no foreign neighbour,67.53719329833984,0.34742581844329834,1.0,3.0
2134,0,bus,2.0,0.0,4562.0,0.0,3145.0,0,0,5,2 path,0 no foreign neighbour,553.634765625,0.3440041244029999,1.0,12.0
2135,0,bus,3.0,0.0,4562.0,0.0,3145.0,0,0,5,3+ branch,0 no foreign neighbour,546.1824340820312,0.3451670706272125,1.0,12.0
2136,0,bus,2.0,0.0,4562.0,0.0,3145.0,0,0,3,2 path,0 no foreign neighbour,344.0305480957031,0.35381725430488586,1.0,6.0
2137,0,bus,1.0,0.0,4562.0,0.0,3145.0,0,0,3,1 tip,0 no foreign neighbour,177.95399475097656,0.35020941495895386,1.0,5.0
2138,0,bus,2.0,0.0,4562.0,1.0,3145.0,0,0,3,2 path,1 all neighbours foreign,242.77645874023438,0.12694978713989258,1.0,4.0
2139,0,bus,2.0,0.0,4562.0,0.0,3145.0,0,0,3,2 path,0 no foreign neighbour,209.60423278808594,0.35485705733299255,1.0,6.0
2140,0,bus,1.0,0.0,4562.0,0.0,3145.0,0,0,2,1 tip,0 no foreign neighbour,200.58450317382812,0.3486529588699341,1.0,6.0
2141,0,bus,3.0,0.0,4562.0,0.0,3145.0,0,0,3,3+ branch,0 no foreign neighbour,320.45330810546875,0.3498673439025879,1.0,5.0
2142,0,bus,3.0,0.0,4562.0,0.0,3145.0,0,0,3,3+ branch,0 no foreign neighbour,185.2446746826172,0.3504198491573334,1.0,3.0
2143,0,bus,1.0,0.0,4562.0,0.0,3145.0,0,0,2,1 tip,0 no foreign neighbour,22.925800323486328,0.3822100758552551,1.0,1.0
2144,0,bus,2.0,0.0,4562.0,0.0,3145.0,0,0,2,2 path,0 no foreign neighbour,106.0844497680664,0.3520309031009674,1.0,2.0
2145,0,bus,2.0,0.0,4562.0,0.0,3145.0,0,0,2,2 path,0 no foreign neighbour,106.0844497680664,0.34339961409568787,1.0,2.0
2146,0,bus,5.0,0.30000001192092896,4562.0,0.0,3145.0,0,0,6,3+ branch,0 no foreign neighbour,669.0992431640625,0.36111897230148315,1.0,13.0
2147,0,bus,2.0,0.0,4562.0,0.0,3145.0,0,0,2,2 path,0 no foreign neighbour,106.0844497680664,0.3448352813720703,1.0,2.0
2148,0,bus,2.0,0.0,4562.0,0.0,3145.0,0,0,3,2 path,0 no foreign neighbour,29.379043579101562,0.7652297019958496,1.0,1.0
2149,0,bus,1.0,0.0,4562.0,0.0,3145.0,0,0,4,1 tip,0 no foreign neighbour,77.20655059814453,0.3480257987976074,1.0,3.0
2150,0,bus,1.0,0.0,4562.0,0.0,3145.0,0,0,3,1 tip,0 no foreign neighbour,112.28285217285156,0.38135969638824463,1.0,1.0
2151,0,bus,1.0,0.0,4562.0,0.0,3145.0,0,0,3,1 tip,0 no foreign neighbour,136.48072814941406,0.40051984786987305,1.0,2.0
2152,0,bus,4.0,0.3333333432674408,4562.0,0.0,3145.0,0,0,0,3+ branch,0 no foreign neighbour,587.3767700195312,0.3720642328262329,1.0,11.0
2153,0,bus,1.0,0.0,4562.0,0.0,3145.0,0,0,2,1 tip,0 no foreign neighbour,112.28285217285156,0.4450357258319855,1.0,1.0
2154,0,bus,1.0,0.0,4562.0,0.0,3145.0,0,0,2,1 tip,0 no foreign neighbour,29.379043579101562,0.7130197882652283,1.0,1.0
2155,0,bus,1.0,0.0,4562.0,0.0,3145.0,0,0,2,1 tip,0 no foreign neighbour,62.342220306396484,0.154494971036911,1.0,2.0
2156,0,bus,1.0,0.0,4562.0,0.0,3145.0,0,0,2,1 tip,0 no foreign neighbour,29.379043579101562,0.7142599821090698,1.0,1.0
2157,0,bus,1.0,0.0,4562.0,0.0,3145.0,0,0,2,1 tip,0 no foreign neighbour,31.650245666503906,0.3420274257659912,1.0,1.0
2158,0,bus,1.0,0.0,4562.0,0.0,3145.0,0,0,2,1 tip,0 no foreign neighbour,31.650245666503906,0.3329504728317261,1.0,1.0
2159,0,bus,2.0,0.0,4562.0,0.0,3145.0,0,0,2,2 path,0 no foreign neighbour,43.01979446411133,0.4262743890285492,1.0,1.0
2160,0,bus,2.0,0.0,4562.0,0.0,3145.0,0,0,2,2 path,0 no foreign neighbour,43.35739517211914,0.6542670130729675,1.0,2.0
2161,0,bus,1.0,0.0,4562.0,0.0,3145.0,0,0,2,1 tip,0 no foreign neighbour,112.28285217285156,0.4889739751815796,1.0,1.0
2162,0,bus,4.0,0.0,4562.0,0.0,3145.0,0,0,0,3+ branch,0 no foreign neighbour,314.6053466796875,0.1665135771036148,1.0,6.0
2163,0,bus,1.0,0.0,4562.0,0.0,3145.0,0,0,2,1 tip,0 no foreign neighbour,112.28285217285156,0.5093929767608643,1.0,1.0
2164,0,bus,1.0,0.0,4562.0,0.0,3145.0,0,0,2,1 tip,0 no foreign neighbour,112.28285217285156,0.5809897780418396,1.0,1.0
2165,0,bus,1.0,0.0,4562.0,0.0,3145.0,0,0,2,1 tip,0 no foreign neighbour,112.28285217285156,0.6117905378341675,1.0,1.0
2166,0,bus,2.0,0.0,4562.0,0.0,3145.0,0,0,2,2 path,0 no foreign neighbour,87.89739227294922,0.4693375527858734,1.0,2.0
2167,0,bus,2.0,0.0,4562.0,0.0,3145.0,0,0,2,2 path,0 no foreign neighbour,8.73717212677002,0.48465830087661743,1.0,1.0
2168,0,bus,2.0,0.0,4562.0,0.0,3145.0,0,0,2,2 path,0 no foreign neighbour,8.73717212677002,0.49463921785354614,1.0,1.0
2169,0,bus,2.0,0.0,4562.0,0.0,3145.0,0,0,2,2 path,0 no foreign neighbour,8.73717212677002,0.49446260929107666,1.0,1.0
2170,0,bus,2.0,0.0,4562.0,0.0,3145.0,0,0,2,2 path,0 no foreign neighbour,13.978352546691895,0.6594565510749817,1.0,1.0
2171,0,bus,1.0,0.0,4562.0,0.0,3145.0,0,0,3,1 tip,0 no foreign neighbour,23.57723045349121,0.364777147769928,1.0,1.0
2172,0,bus,2.0,0.0,4562.0,0.0,3145.0,0,0,2,2 path,0 no foreign neighbour,55.6295166015625,0.3266795575618744,1.0,2.0
2173,0,bus,2.0,0.0,4562.0,0.0,3145.0,0,0,2,2 path,0 no foreign neighbour,55.6295166015625,0.3245427906513214,1.0,2.0
2174,0,bus,1.0,0.0,4562.0,0.0,3145.0,0,0,2,1 tip,0 no foreign neighbour,13.978352546691895,0.6234504580497742,1.0,1.0
2175,0,bus,2.0,0.0,4562.0,0.0,3145.0,0,0,2,2 path,0 no foreign neighbour,8.73717212677002,0.5114054083824158,1.0,1.0
2176,0,bus,2.0,0.0,4562.0,0.0,3145.0,0,0,4,2 path,0 no foreign neighbour,189.9147186279297,0.10509028285741806,1.0,3.0
2177,0,bus,1.0,0.0,4562.0,0.0,3145.0,0,0,2,1 tip,0 no foreign neighbour,67.46675109863281,0.3208886384963989,1.0,2.0
2178,0,bus,1.0,0.0,4562.0,0.0,3145.0,0,0,2,1 tip,0 no foreign neighbour,13.978352546691895,0.6244775056838989,1.0,1.0
2179,0,bus,2.0,0.0,4562.0,0.0,3145.0,0,0,2,2 path,0 no foreign neighbour,8.73717212677002,0.5185275673866272,1.0,1.0
2180,0,bus,2.0,0.0,4562.0,0.0,3145.0,0,0,2,2 path,0 no foreign neighbour,91.4460220336914,0.3170642852783203,1.0,3.0
2181,0,bus,3.0,0.0,4562.0,0.0,3145.0,0,0,4,3+ branch,0 no foreign neighbour,91.4460220336914,0.31464076042175293,1.0,3.0
2182,0,bus,1.0,0.0,4562.0,0.0,3145.0,0,0,4,1 tip,0 no foreign neighbour,189.9147186279297,0.09984827786684036,1.0,3.0
2183,0,bus,1.0,0.0,4562.0,0.0,3145.0,0,0,3,1 tip,0 no foreign neighbour,211.8555908203125,0.3593638837337494,1.0,6.0
2184,0,bus,1.0,0.0,4562.0,0.0,3145.0,0,0,2,1 tip,0 no foreign neighbour,55.6295166015625,0.31296494603157043,1.0,2.0
2185,0,bus,2.0,0.0,4562.0,0.0,3145.0,0,0,2,2 path,0 no foreign neighbour,8.73717212677002,0.5166529417037964,1.0,1.0
2186,0,bus,1.0,0.0,4562.0,0.0,3145.0,0,0,2,1 tip,0 no foreign neighbour,8.73717212677002,0.5181321501731873,1.0,1.0
2187,0,bus,1.0,0.0,4562.0,0.0,3145.0,0,0,2,1 tip,0 no foreign neighbour,183.58486938476562,0.3451804220676422,1.0,5.0
2188,0,bus,3.0,0.3333333432674408,4562.0,0.0,3145.0,0,0,2,3+ branch,0 no foreign neighbour,93.51094818115234,0.5822538137435913,1.0,5.0
2189,0,bus,2.0,0.0,4562.0,0.0,3145.0,0,0,2,2 path,0 no foreign neighbour,93.51094818115234,0.5807491540908813,1.0,5.0
2190,0,bus,2.0,0.0,4562.0,0.0,3145.0,0,0,4,2 path,0 no foreign neighbour,189.9147186279297,0.1029667854309082,1.0,3.0
2191,0,bus,2.0,0.0,4562.0,0.0,3145.0,0,0,2,2 path,0 no foreign neighbour,93.51094818115234,0.5803220868110657,1.0,5.0
2192,0,bus,2.0,0.0,4562.0,0.0,3145.0,0,0,2,2 path,0 no foreign neighbour,93.51094818115234,0.5860300064086914,1.0,5.0
2193,0,bus,1.0,0.0,4562.0,0.0,3145.0,0,0,2,1 tip,0 no foreign neighbour,93.51094818115234,0.5854166746139526,1.0,5.0
2194,0,bus,2.0,0.0,4562.0,0.0,3145.0,0,0,2,2 path,0 no foreign neighbour,58.94493103027344,0.5978100299835205,1.0,3.0
2195,0,bus,2.0,0.0,4562.0,0.0,3145.0,0,0,0,2 path,0 no foreign neighbour,331.90167236328125,0.21888771653175354,1.0,6.0
2196,0,bus,5.0,0.10000000149011612,4562.0,0.0,3145.0,0,0,3,3+ branch,0 no foreign neighbour,452.0589904785156,0.3516761362552643,1.0,10.0
2197,0,bus,4.0,0.0,4562.0,0.0,3145.0,0,0,1,3+ branch,0 no foreign neighbour,58.94493103027344,0.5926543474197388,1.0,3.0
2198,0,bus,2.0,0.0,4562.0,0.0,3145.0,0,0,2,2 path,0 no foreign neighbour,94.14958953857422,0.8646693229675293,1.0,2.0
2199,0,bus,2.0,0.0,4562.0,0.0,3145.0,0,0,2,2 path,0 no foreign neighbour,94.14958953857422,0.8802977204322815,1.0,2.0
2200,0,bus,1.0,0.0,4562.0,0.0,3145.0,0,0,2,1 tip,0 no foreign neighbour,34.50724411010742,0.6176023483276367,1.0,1.0
2201,0,bus,2.0,0.0,4562.0,0.0,3145.0,0,0,2,2 path,0 no foreign neighbour,94.14958953857422,0.9417188763618469,1.0,2.0
2202,0,bus,2.0,0.0,4562.0,0.0,3145.0,0,0,2,2 path,0 no foreign neighbour,94.14958953857422,0.9681549668312073,1.0,2.0
2203,0,bus,2.0,0.0,4562.0,0.0,3145.0,0,0,2,2 path,0 no foreign neighbour,94.14958953857422,0.9865866899490356,1.0,2.0
2204,0,bus,2.0,0.0,4562.0,0.0,3145.0,0,0,2,2 path,0 no foreign neighbour,94.14958953857422,1.0053300857543945,1.0,2.0
2205,0,bus,2.0,0.0,4562.0,0.0,3145.0,0,0,2,2 path,0 no foreign neighbour,94.14958953857422,1.0380723476409912,1.0,2.0
2206,0,bus,1.0,0.0,4562.0,0.0,3145.0,0,0,2,1 tip,0 no foreign neighbour,94.14958953857422,1.0506572723388672,1.0,2.0
2207,0,bus,1.0,0.0,4562.0,0.0,3145.0,0,0,2,1 tip,0 no foreign neighbour,94.14958953857422,1.0498453378677368,1.0,2.0
2208,0,bus,2.0,0.0,4562.0,0.0,3145.0,0,0,2,2 path,0 no foreign neighbour,94.14958953857422,1.0755823850631714,1.0,2.0
2209,0,bus,2.0,1.0,4562.0,0.0,3145.0,0,0,6,2 path,0 no foreign neighbour,723.1906127929688,0.370220422744751,1.0,13.0
2210,0,bus,2.0,0.0,4562.0,0.0,3145.0,0,0,2,2 path,0 no foreign neighbour,111.64139556884766,1.08894944190979,1.0,3.0
2211,0,bus,2.0,0.0,4562.0,0.0,3145.0,0,0,2,2 path,0 no foreign neighbour,111.64139556884766,1.0872102975845337,1.0,3.0
2212,0,bus,2.0,0.0,4562.0,0.0,3145.0,0,0,2,2 path,0 no foreign neighbour,94.14958953857422,1.0968992710113525,1.0,2.0
2213,0,bus,2.0,1.0,4562.0,0.0,3145.0,0,0,2,2 path,0 no foreign neighbour,94.14958953857422,1.1139734983444214,1.0,2.0
2214,0,bus,1.0,0.0,4562.0,0.0,3145.0,0,0,2,1 tip,0 no foreign neighbour,21.880651473999023,0.5811753869056702,1.0,1.0
2215,0,bus,2.0,0.0,4562.0,0.0,3145.0,0,0,0,2 path,0 no foreign neighbour,45.646766662597656,0.3714955151081085,1.0,2.0
2216,0,bus,1.0,0.0,4562.0,0.0,3145.0,0,0,4,1 tip,0 no foreign neighbour,23.979270935058594,0.321003258228302,1.0,1.0
2217,0,bus,1.0,0.0,4562.0,0.0,3145.0,0,0,2,1 tip,0 no foreign neighbour,21.880651473999023,0.5799264311790466,1.0,1.0
2218,0,bus,2.0,1.0,4562.0,0.0,3145.0,0,0,2,2 path,0 no foreign neighbour,94.14958953857422,1.1721282005310059,1.0,2.0
2219,0,bus,1.0,0.0,4562.0,0.0,3145.0,0,0,2,1 tip,0 no foreign neighbour,21.880651473999023,0.5519260168075562,1.0,1.0
2220,0,bus,1.0,0.0,4562.0,0.0,3145.0,0,0,2,1 tip,0 no foreign neighbour,94.14958953857422,1.1259490251541138,1.0,2.0
2221,0,bus,2.0,1.0,4562.0,0.0,3145.0,0,0,4,2 path,0 no foreign neighbour,148.4910888671875,0.3749001920223236,1.0,3.0
2222,0,bus,2.0,0.0,4562.0,0.0,3145.0,0,0,2,2 path,0 no foreign neighbour,55.6295166015625,0.33860471844673157,1.0,2.0
2223,0,bus,5.0,0.10000000149011612,4562.0,0.0,3145.0,0,0,0,3+ branch,0 no foreign neighbour,546.6912231445312,0.13160739839076996,1.0,12.0
2224,0,bus,1.0,0.0,4562.0,0.0,3145.0,0,0,4,1 tip,0 no foreign neighbour,23.979270935058594,0.3422798216342926,1.0,1.0
2225,0,bus,4.0,0.0,4562.0,0.0,3145.0,0,0,2,3+ branch,0 no foreign neighbour,40.136634826660156,0.6856610774993896,1.0,2.0
2226,0,bus,2.0,0.0,4562.0,0.0,3145.0,0,0,2,2 path,0 no foreign neighbour,34.50724411010742,0.6930184960365295,1.0,1.0
2227,0,bus,2.0,0.0,4562.0,0.0,3145.0,0,0,2,2 path,0 no foreign neighbour,123.57625579833984,0.3423544764518738,1.0,3.0
2228,0,bus,0.0,0.0,4562.0,,3145.0,0,0,2,0 isolated,,34.50724411010742,0.7005881071090698,1.0,1.0
2229,0,bus,1.0,0.0,4562.0,0.0,3145.0,0,0,2,1 tip,0 no foreign neighbour,34.50724411010742,0.6118162870407104,1.0,1.0
2230,0,bus,1.0,0.0,4562.0,0.0,3145.0,0,0,4,1 tip,0 no foreign neighbour,92.06150817871094,0.10748793929815292,1.0,2.0
2231,0,bus,1.0,0.0,4562.0,0.0,3145.0,0,0,2,1 tip,0 no foreign neighbour,106.0844497680664,0.3326359987258911,1.0,2.0
2232,0,bus,2.0,0.0,4562.0,0.0,3145.0,0,0,2,2 path,0 no foreign neighbour,106.0844497680664,0.3241521716117859,1.0,2.0
2233,0,bus,2.0,0.0,4562.0,0.0,3145.0,0,0,2,2 path,0 no foreign neighbour,115.69385528564453,0.2831214666366577,1.0,2.0
2234,0,bus,1.0,0.0,4562.0,0.0,3145.0,0,0,2,1 tip,0 no foreign neighbour,163.2699737548828,0.25101611018180847,1.0,3.0
2235,0,bus,1.0,0.0,4562.0,0.0,3145.0,0,0,2,1 tip,0 no foreign neighbour,23.979270935058594,0.33019721508026123,1.0,1.0
2236,0,bus,2.0,0.0,4562.0,0.0,3145.0,0,0,2,2 path,0 no foreign neighbour,163.2699737548828,0.24020236730575562,1.0,3.0
2237,0,bus,2.0,0.0,4562.0,0.0,3145.0,0,0,3,2 path,0 no foreign neighbour,163.2699737548828,0.23346416652202606,1.0,3.0
2238,0,bus,3.0,0.0,4562.0,0.0,3145.0,0,0,3,3+ branch,0 no foreign neighbour,163.2699737548828,0.2304629683494568,1.0,3.0
2239,0,bus,1.0,0.0,7.0,0.0,3145.0,0,0,2,1 tip,0 no foreign neighbour,9.682915687561035,0.3374751806259155,1.0,1.0
2240,0,bus,3.0,0.0,4562.0,0.0,3145.0,0,0,3,3+ branch,0 no foreign neighbour,307.3129577636719,0.22828242182731628,1.0,6.0
2241,0,bus,2.0,0.0,7.0,0.0,3145.0,0,0,2,2 path,0 no foreign neighbour,9.682915687561035,0.35451826453208923,1.0,1.0
2242,0,bus,1.0,0.0,4562.0,0.0,3145.0,0,0,0,1 tip,0 no foreign neighbour,506.4913330078125,0.36161136627197266,1.0,10.0
2243,0,bus,0.0,0.0,7.0,,3145.0,0,0,2,0 isolated,,9.682915687561035,0.353896826505661,1.0,1.0
2244,0,bus,1.0,0.0,4562.0,0.0,3145.0,0,0,3,1 tip,0 no foreign neighbour,163.2699737548828,0.22763174772262573,1.0,3.0
2245,0,bus,1.0,0.0,4562.0,0.0,3145.0,0,0,2,1 tip,0 no foreign neighbour,2.5570337772369385,0.5737508535385132,1.0,1.0
2246,0,bus,1.0,0.0,7.0,0.0,3145.0,0,0,2,1 tip,0 no foreign neighbour,9.682915687561035,0.3473465144634247,1.0,1.0
2247,0,bus,3.0,0.0,4562.0,0.6666666666666666,3145.0,0,0,3,3+ branch,mixed,346.6794738769531,0.19614674150943756,1.0,5.0
2248,0,bus,2.0,1.0,4562.0,0.0,3145.0,0,0,2,2 path,0 no foreign neighbour,163.2699737548828,0.25167152285575867,1.0,3.0
2249,0,bus,2.0,0.0,4562.0,0.0,3145.0,0,0,4,2 path,0 no foreign neighbour,310.70159912109375,0.021453149616718292,1.0,7.0
2250,0,bus,1.0,0.0,4562.0,0.0,3145.0,0,0,2,1 tip,0 no foreign neighbour,106.0844497680664,0.33404552936553955,1.0,2.0
2251,0,bus,2.0,0.0,4562.0,0.0,3145.0,0,0,2,2 path,0 no foreign neighbour,123.57625579833984,0.34106430411338806,1.0,3.0
2252,0,bus,2.0,0.0,4562.0,0.0,3145.0,0,0,2,2 path,0 no foreign neighbour,34.56601333618164,0.5955462455749512,1.0,2.0
2253,0,bus,1.0,0.0,4562.0,0.0,3145.0,0,0,2,1 tip,0 no foreign neighbour,34.56601333618164,0.6153499484062195,1.0,2.0
2254,0,bus,1.0,0.0,4562.0,0.0,3145.0,0,0,4,1 tip,0 no foreign neighbour,92.06150817871094,0.10415565222501755,1.0,2.0
2255,0,bus,3.0,0.0,4562.0,0.0,3145.0,0,0,0,3+ branch,0 no foreign neighbour,303.6572265625,0.4425406754016876,1.0,5.0
2256,0,bus,1.0,0.0,4562.0,0.0,3145.0,0,0,2,1 tip,0 no foreign neighbour,63.04138946533203,0.1911098212003708,1.0,2.0
2257,0,bus,2.0,0.0,4562.0,0.0,3145.0,0,0,4,2 path,0 no foreign neighbour,192.10968017578125,0.9514309763908386,1.0,3.0
2258,0,bus,1.0,0.0,4562.0,0.0,3145.0,0,0,4,1 tip,0 no foreign neighbour,192.10968017578125,0.9915717244148254,1.0,3.0
2259,0,bus,1.0,0.0,4562.0,0.0,3145.0,0,0,4,1 tip,0 no foreign neighbour,192.10968017578125,0.9896937608718872,1.0,3.0
2260,0,bus,2.0,0.0,4562.0,0.0,3145.0,0,0,4,2 path,0 no foreign neighbour,192.10968017578125,1.0167235136032104,1.0,3.0
2261,0,bus,2.0,1.0,4562.0,0.0,3145.0,0,0,2,2 path,0 no foreign neighbour,48.86003494262695,0.600428581237793,1.0,3.0
2262,0,bus,2.0,0.0,4562.0,0.0,3145.0,0,0,0,2 path,0 no foreign neighbour,140.8594207763672,1.1344950199127197,1.0,2.0
2263,0,bus,2.0,0.0,4562.0,0.0,3145.0,0,0,0,2 path,0 no foreign neighbour,140.8594207763672,1.162170171737671,1.0,2.0
2264,0,bus,1.0,0.0,4562.0,0.0,3145.0,0,0,0,1 tip,0 no foreign neighbour,140.8594207763672,1.1864490509033203,1.0,2.0
2265,0,bus,1.0,0.0,4562.0,0.0,3145.0,0,0,0,1 tip,0 no foreign neighbour,140.8594207763672,1.1825788021087646,1.0,2.0
2266,0,bus,2.0,0.0,4562.0,0.0,3145.0,0,0,0,2 path,0 no foreign neighbour,140.8594207763672,1.2023117542266846,1.0,2.0
2267,0,bus,3.0,0.0,4562.0,0.3333333333333333,3145.0,0,0,4,3+ branch,mixed,264.62921142578125,0.013440367765724659,1.0,5.0
2268,0,bus,2.0,0.0,4562.0,0.0,3145.0,0,0,0,2 path,0 no foreign neighbour,140.8594207763672,1.2214325666427612,1.0,2.0
2269,0,bus,2.0,0.0,4562.0,0.0,3145.0,0,0,0,2 path,0 no foreign neighbour,140.8594207763672,1.2328267097473145,1.0,2.0
2270,0,bus,2.0,0.0,4562.0,0.0,3145.0,0,0,0,2 path,0 no foreign neighbour,140.8594207763672,1.2681622505187988,1.0,2.0
2271,0,bus,2.0,0.0,4562.0,0.0,3145.0,0,0,0,2 path,0 no foreign neighbour,140.8594207763672,1.286083698272705,1.0,2.0
2272,0,bus,2.0,0.0,4562.0,0.0,3145.0,0,0,0,2 path,0 no foreign neighbour,140.8594207763672,1.2925732135772705,1.0,2.0
2273,0,bus,1.0,0.0,4562.0,0.0,3145.0,0,0,0,1 tip,0 no foreign neighbour,616.6498413085938,0.31583866477012634,1.0,8.0
2274,0,bus,1.0,0.0,4562.0,0.0,3145.0,0,0,0,1 tip,0 no foreign neighbour,140.8594207763672,1.2957539558410645,1.0,2.0
2275,0,bus,1.0,0.0,4562.0,0.0,3145.0,0,0,0,1 tip,0 no foreign neighbour,140.8594207763672,1.2957195043563843,1.0,2.0
2276,0,bus,1.0,0.0,4562.0,0.0,3145.0,0,0,0,1 tip,0 no foreign neighbour,190.1260223388672,0.3882499635219574,1.0,3.0
2277,0,bus,1.0,0.0,4562.0,1.0,3145.0,0,0,4,1 tip,1 all neighbours foreign,59.948299407958984,0.020380843430757523,1.0,1.0
2278,0,bus,1.0,0.0,4562.0,0.0,3145.0,0,0,3,1 tip,0 no foreign neighbour,63.04138946533203,0.18280832469463348,1.0,2.0
2279,0,bus,2.0,0.0,4562.0,0.0,3145.0,0,0,0,2 path,0 no foreign neighbour,190.1260223388672,0.3998573124408722,1.0,3.0
2280,0,bus,2.0,0.0,4562.0,0.0,3145.0,0,0,2,2 path,0 no foreign neighbour,65.42723846435547,1.345584750175476,1.0,1.0
2281,0,bus,0.0,0.0,4562.0,,3145.0,0,0,2,0 isolated,,65.42723846435547,1.3536409139633179,1.0,1.0
2282,0,bus,2.0,0.0,4562.0,0.0,3145.0,0,0,2,2 path,0 no foreign neighbour,63.04138946533203,0.18570160865783691,1.0,2.0
2283,0,bus,1.0,0.0,4562.0,0.0,3145.0,0,0,2,1 tip,0 no foreign neighbour,63.04138946533203,0.1916847676038742,1.0,2.0
2284,0,bus,2.0,0.0,4562.0,0.0,3145.0,0,0,2,2 path,0 no foreign neighbour,82.9190444946289,1.3253332376480103,1.0,2.0
2285,0,bus,2.0,0.0,4562.0,0.0,3145.0,0,0,2,2 path,0 no foreign neighbour,82.9190444946289,1.3259848356246948,1.0,2.0
2286,0,bus,2.0,0.0,4562.0,0.0,3145.0,0,0,3,2 path,0 no foreign neighbour,63.04138946533203,0.1821003407239914,1.0,2.0
2287,0,bus,1.0,0.0,4562.0,1.0,3145.0,0,0,2,1 tip,1 all neighbours foreign,89.62591552734375,0.02116459049284458,1.0,1.0
2288,0,bus,1.0,0.0,4562.0,1.0,3145.0,0,0,4,1 tip,1 all neighbours foreign,59.948299407958984,0.020937904715538025,1.0,1.0
2289,0,bus,1.0,0.0,4562.0,0.0,3145.0,0,0,2,1 tip,0 no foreign neighbour,63.04138946533203,0.21689313650131226,1.0,2.0
2290,0,bus,2.0,0.0,4562.0,0.0,3145.0,0,0,2,2 path,0 no foreign neighbour,63.04138946533203,0.20922456681728363,1.0,2.0
2291,0,bus,2.0,0.0,4562.0,0.0,3145.0,0,0,2,2 path,0 no foreign neighbour,37.33736038208008,0.22680626809597015,1.0,1.0
2292,0,bus,2.0,0.0,4562.0,0.0,3145.0,0,0,4,2 path,0 no foreign neighbour,142.3748016357422,0.15860943496227264,1.0,3.0
2293,0,bus,2.0,1.0,4562.0,0.0,3145.0,0,0,1,2 path,0 no foreign neighbour,307.3129577636719,0.22832539677619934,1.0,6.0
2294,0,bus,2.0,1.0,4562.0,0.0,3145.0,0,0,6,2 path,0 no foreign neighbour,426.0365295410156,0.3187551200389862,1.0,7.0
2295,0,bus,2.0,0.0,4562.0,0.0,3145.0,0,0,6,2 path,0 no foreign neighbour,403.3559265136719,0.263190358877182,1.0,12.0
2296,0,bus,1.0,0.0,4562.0,0.0,3145.0,0,0,0,1 tip,0 no foreign neighbour,61.93883514404297,0.47960856556892395,1.0,1.0
2297,0,bus,1.0,0.0,4562.0,0.0,3145.0,0,0,0,1 tip,0 no foreign neighbour,39.195228576660156,0.19426682591438293,1.0,1.0
2298,0,bus,2.0,0.0,4562.0,0.0,3145.0,0,0,4,2 path,0 no foreign neighbour,132.2214813232422,0.22246871888637543,1.0,3.0
2299,0,bus,1.0,0.0,4562.0,0.0,3145.0,0,0,4,1 tip,0 no foreign neighbour,190.86724853515625,0.2384898066520691,1.0,4.0
2300,0,bus,5.0,0.10000000149011612,4562.0,0.4,3145.0,0,0,5,3+ branch,mixed,232.7435760498047,0.09160461276769638,1.0,3.0
2301,0,bus,1.0,0.0,4562.0,0.0,3145.0,0,0,4,1 tip,0 no foreign neighbour,132.2214813232422,0.23429608345031738,1.0,3.0
2302,0,bus,2.0,0.0,4562.0,0.0,3145.0,0,0,3,2 path,0 no foreign neighbour,89.38062286376953,0.09276260435581207,1.0,2.0
2303,0,bus,3.0,0.0,4562.0,0.0,3145.0,0,0,4,3+ branch,0 no foreign neighbour,190.86724853515625,0.2426655888557434,1.0,4.0
2304,0,bus,2.0,0.0,4562.0,0.0,3145.0,0,0,2,2 path,0 no foreign neighbour,31.81903839111328,0.104948490858078,1.0,1.0
2305,0,bus,1.0,0.0,4562.0,0.0,3145.0,0,0,0,1 tip,0 no foreign neighbour,190.86724853515625,0.2584701478481293,1.0,4.0
2306,0,bus,2.0,0.0,4562.0,0.0,3145.0,0,0,2,2 path,0 no foreign neighbour,31.81903839111328,0.1084517240524292,1.0,1.0
2307,0,bus,1.0,0.0,4562.0,0.0,3145.0,0,0,4,1 tip,0 no foreign neighbour,57.67229080200195,0.36187538504600525,1.0,2.0
2308,0,bus,3.0,0.0,4562.0,0.0,3145.0,0,0,4,3+ branch,0 no foreign neighbour,57.67229080200195,0.371349960565567,1.0,2.0
2309,0,bus,1.0,0.0,4562.0,0.0,3145.0,0,0,2,1 tip,0 no foreign neighbour,31.81903839111328,0.11367083340883255,1.0,1.0
2310,0,bus,2.0,0.0,4562.0,0.0,3145.0,0,0,0,2 path,0 no foreign neighbour,623.9107666015625,0.36674922704696655,1.0,11.0
2311,0,bus,3.0,0.3333333432674408,4562.0,0.0,3145.0,0,0,0,3+ branch,0 no foreign neighbour,170.9433135986328,0.2609490156173706,1.0,4.0
2312,0,bus,1.0,0.0,4562.0,0.0,3145.0,0,0,2,1 tip,0 no foreign neighbour,31.81903839111328,0.11323796957731247,1.0,1.0
2313,0,bus,2.0,0.0,4562.0,0.0,3145.0,0,0,2,2 path,0 no foreign neighbour,31.81903839111328,0.11636089533567429,1.0,1.0
2314,0,bus,1.0,0.0,4562.0,0.0,3145.0,0,0,2,1 tip,0 no foreign neighbour,31.81903839111328,0.11704928427934647,1.0,1.0
2315,0,bus,1.0,0.0,4562.0,0.0,3145.0,0,0,2,1 tip,0 no foreign neighbour,31.81903839111328,0.11773505806922913,1.0,1.0
2316,0,bus,2.0,0.0,4562.0,0.0,3145.0,0,0,2,2 path,0 no foreign neighbour,31.81903839111328,0.12047925591468811,1.0,1.0
2317,0,bus,2.0,0.0,4562.0,0.0,3145.0,0,0,6,2 path,0 no foreign neighbour,454.60113525390625,0.24829277396202087,1.0,9.0
2318,0,bus,1.0,0.0,4562.0,0.0,3145.0,0,0,2,1 tip,0 no foreign neighbour,31.81903839111328,0.1211523786187172,1.0,1.0
2319,0,bus,1.0,0.0,4562.0,0.0,3145.0,0,0,2,1 tip,0 no foreign neighbour,31.81903839111328,0.12076743692159653,1.0,1.0
2320,0,bus,2.0,0.0,4562.0,0.0,3145.0,0,0,2,2 path,0 no foreign neighbour,31.81903839111328,0.12294561415910721,1.0,1.0
2321,0,bus,2.0,0.0,4562.0,0.0,3145.0,0,0,2,2 path,0 no foreign neighbour,31.81903839111328,0.12722012400627136,1.0,1.0
2322,0,bus,1.0,0.0,4562.0,0.0,3145.0,0,0,2,1 tip,0 no foreign neighbour,31.81903839111328,0.12150779366493225,1.0,1.0
2323,0,bus,1.0,0.0,4562.0,0.0,3145.0,0,0,0,1 tip,0 no foreign neighbour,249.49940490722656,0.3192300498485565,1.0,4.0
2324,0,bus,2.0,1.0,4562.0,0.0,3145.0,0,0,0,2 path,0 no foreign neighbour,249.49940490722656,0.31826895475387573,1.0,4.0
2325,0,bus,2.0,0.0,4562.0,0.0,3145.0,0,0,0,2 path,0 no foreign neighbour,249.49940490722656,0.3216036260128021,1.0,4.0
2326,0,bus,2.0,0.0,4562.0,0.0,3145.0,0,0,0,2 path,0 no foreign neighbour,249.49940490722656,0.32646870613098145,1.0,4.0
2327,0,bus,2.0,0.0,4562.0,0.0,3145.0,0,0,0,2 path,0 no foreign neighbour,249.49940490722656,0.3287901282310486,1.0,4.0
2328,0,bus,1.0,0.0,4562.0,0.0,3145.0,0,0,0,1 tip,0 no foreign neighbour,249.49940490722656,0.32786235213279724,1.0,4.0
2329,0,bus,1.0,0.0,4562.0,0.0,3145.0,0,0,4,1 tip,0 no foreign neighbour,125.7292709350586,0.342202365398407,1.0,2.0
2330,0,bus,1.0,0.0,4562.0,0.0,3145.0,0,0,4,1 tip,0 no foreign neighbour,164.04776000976562,0.3415297269821167,1.0,3.0
2331,0,bus,2.0,0.0,4562.0,0.0,3145.0,0,0,0,2 path,0 no foreign neighbour,164.04776000976562,0.34324532747268677,1.0,3.0
2332,0,bus,2.0,0.0,4562.0,0.0,3145.0,0,0,4,2 path,0 no foreign neighbour,125.7292709350586,0.3591504991054535,1.0,2.0
2333,0,bus,2.0,0.0,4562.0,0.0,3145.0,0,0,0,2 path,0 no foreign neighbour,45.41173553466797,0.37052208185195923,1.0,2.0
2334,0,bus,2.0,0.0,4562.0,0.0,3145.0,0,0,0,2 path,0 no foreign neighbour,40.368961334228516,0.3757532835006714,1.0,2.0
2335,0,bus,2.0,0.0,4562.0,0.0,3145.0,0,0,4,2 path,0 no foreign neighbour,142.3748016357422,0.1583593636751175,1.0,3.0
2336,0,bus,1.0,0.0,4562.0,0.0,3145.0,0,0,4,1 tip,0 no foreign neighbour,143.21328735351562,0.3733418583869934,1.0,3.0
2337,0,bus,1.0,0.0,4562.0,0.0,3145.0,0,0,0,1 tip,0 no foreign neighbour,78.6916275024414,0.276382178068161,1.0,3.0
2338,0,bus,1.0,0.0,4562.0,0.0,3145.0,0,0,0,1 tip,0 no foreign neighbour,78.6916275024414,0.27458879351615906,1.0,3.0
2339,0,bus,1.0,0.0,4562.0,0.0,3145.0,0,0,4,1 tip,0 no foreign neighbour,40.368961334228516,0.3580969572067261,1.0,2.0
2340,0,bus,2.0,0.0,4562.0,0.0,3145.0,0,0,4,2 path,0 no foreign neighbour,78.6916275024414,0.2970068156719208,1.0,3.0
2341,0,bus,1.0,0.0,4562.0,0.0,3145.0,0,0,4,1 tip,0 no foreign neighbour,57.67229080200195,0.3607373833656311,1.0,2.0
2342,0,bus,2.0,0.0,4562.0,0.0,3145.0,0,0,4,2 path,0 no foreign neighbour,78.6916275024414,0.3125001788139343,1.0,3.0
2343,0,bus,1.0,0.0,4562.0,0.0,3145.0,0,0,4,1 tip,0 no foreign neighbour,67.32627868652344,0.31370672583580017,1.0,2.0
2344,0,bus,1.0,0.0,4562.0,0.0,3145.0,0,0,5,1 tip,0 no foreign neighbour,232.7435760498047,0.08746138960123062,1.0,3.0
2345,0,bus,1.0,0.0,4562.0,0.0,3145.0,0,0,4,1 tip,0 no foreign neighbour,67.32627868652344,0.3664627969264984,1.0,2.0
2346,0,bus,1.0,0.0,4562.0,0.0,3145.0,0,0,4,1 tip,0 no foreign neighbour,67.32627868652344,0.3366156816482544,1.0,2.0
2347,0,bus,4.0,0.0,4562.0,0.0,3145.0,0,0,4,3+ branch,0 no foreign neighbour,62.80915451049805,0.37331894040107727,1.0,2.0
2348,0,bus,2.0,1.0,4562.0,0.0,3145.0,0,0,4,2 path,0 no foreign neighbour,67.32627868652344,0.37511855363845825,1.0,2.0
2349,0,bus,2.0,0.0,4562.0,0.0,3145.0,0,0,4,2 path,0 no foreign neighbour,67.32627868652344,0.4200138449668884,1.0,2.0
2350,0,bus,2.0,0.0,4562.0,0.0,3145.0,0,0,0,2 path,0 no foreign neighbour,169.2283172607422,0.42492881417274475,1.0,3.0
2351,0,bus,2.0,0.0,4562.0,0.0,3145.0,0,0,4,2 path,0 no foreign neighbour,67.32627868652344,0.4459969699382782,1.0,2.0
2352,0,bus,2.0,0.0,4562.0,0.0,3145.0,0,0,0,2 path,0 no foreign neighbour,169.2283172607422,0.42970725893974304,1.0,3.0
2353,0,bus,2.0,0.0,4562.0,0.0,3145.0,0,0,0,2 path,0 no foreign neighbour,169.2283172607422,0.43634945154190063,1.0,3.0
2354,0,bus,1.0,0.0,4562.0,0.0,3145.0,0,0,0,1 tip,0 no foreign neighbour,338.5787048339844,0.24297289550304413,1.0,7.0
2355,0,bus,2.0,0.0,4562.0,0.0,3145.0,0,0,0,2 path,0 no foreign neighbour,86.80171966552734,0.4527663290500641,1.0,2.0
2356,0,bus,1.0,0.0,4562.0,0.0,3145.0,0,0,0,1 tip,0 no foreign neighbour,61.93883514404297,0.4775872826576233,1.0,1.0
2357,0,bus,2.0,0.0,4562.0,0.0,3145.0,0,0,0,2 path,0 no foreign neighbour,155.47384643554688,0.3788885176181793,1.0,3.0
2358,0,bus,1.0,0.0,4562.0,0.0,3145.0,0,0,4,1 tip,0 no foreign neighbour,62.80915451049805,0.37233659625053406,1.0,2.0
2359,0,bus,2.0,0.0,4562.0,0.0,3145.0,0,0,0,2 path,0 no foreign neighbour,190.86724853515625,0.27471616864204407,1.0,4.0
2360,0,bus,2.0,0.0,4562.0,0.0,3145.0,0,0,4,2 path,0 no foreign neighbour,155.6387176513672,0.25004276633262634,1.0,3.0
2361,0,bus,3.0,0.0,4562.0,0.0,3145.0,0,0,4,3+ branch,0 no foreign neighbour,106.45765686035156,0.20762211084365845,1.0,4.0
2362,0,bus,1.0,0.0,4562.0,0.0,3145.0,0,0,4,1 tip,0 no foreign neighbour,81.06340026855469,0.2300308346748352,1.0,2.0
2363,0,bus,1.0,0.0,4562.0,0.0,3145.0,0,0,4,1 tip,0 no foreign neighbour,58.64577865600586,0.23459257185459137,1.0,1.0
2364,0,bus,1.0,0.0,4562.0,0.0,3145.0,0,0,4,1 tip,0 no foreign neighbour,42.46338653564453,0.46862730383872986,1.0,1.0
2365,0,bus,0.0,0.0,4562.0,,3145.0,0,0,0,0 isolated,,14.475418090820312,0.28257128596305847,1.0,1.0
2366,0,bus,1.0,0.0,4562.0,0.0,3145.0,0,0,4,1 tip,0 no foreign neighbour,67.32627868652344,0.45475807785987854,1.0,2.0
2367,0,bus,2.0,0.0,4562.0,0.0,3145.0,0,0,4,2 path,0 no foreign neighbour,42.46338653564453,0.494511216878891,1.0,1.0
2368,0,bus,1.0,0.0,4562.0,0.0,3145.0,0,0,0,1 tip,0 no foreign neighbour,42.46338653564453,0.6219539046287537,1.0,1.0
2369,0,bus,1.0,0.0,4562.0,0.0,3145.0,0,0,6,1 tip,0 no foreign neighbour,339.4775085449219,0.49282002449035645,1.0,8.0
2370,0,bus,2.0,0.0,4562.0,0.0,3145.0,0,0,6,2 path,0 no foreign neighbour,358.1375427246094,0.5376724004745483,1.0,9.0
2371,0,bus,3.0,0.0,4562.0,0.6666666666666666,3145.0,0,0,0,3+ branch,mixed,74.15691375732422,0.16193325817584991,1.0,2.0
2372,0,bus,2.0,0.0,4562.0,0.0,3145.0,0,0,0,2 path,0 no foreign neighbour,122.79209899902344,0.16280479729175568,1.0,3.0
2373,0,bus,2.0,1.0,4562.0,0.0,3145.0,0,0,0,2 path,0 no foreign neighbour,122.79209899902344,0.1639009267091751,1.0,3.0
2374,0,bus,1.0,0.0,4562.0,0.0,3145.0,0,0,3,1 tip,0 no foreign neighbour,217.5007781982422,0.16040481626987457,1.0,4.0
2375,0,bus,1.0,0.0,4562.0,0.0,3145.0,0,0,4,1 tip,0 no foreign neighbour,74.15691375732422,0.16582351922988892,1.0,2.0
2376,0,bus,1.0,0.0,4562.0,0.0,3145.0,0,0,4,1 tip,0 no foreign neighbour,74.15691375732422,0.1666228175163269,1.0,2.0
2377,0,bus,2.0,0.0,4562.0,0.0,3145.0,0,0,6,2 path,0 no foreign neighbour,358.1375427246094,0.5645427107810974,1.0,9.0
2378,0,bus,7.0,0.095238097012043,4562.0,0.14285714285714285,3145.0,0,0,6,3+ branch,mixed,406.2728576660156,0.1683623045682907,1.0,8.0
2379,0,bus,1.0,0.0,4562.0,1.0,3145.0,0,0,0,1 tip,1 all neighbours foreign,357.6376953125,0.1586836278438568,1.0,7.0
2380,0,bus,1.0,0.0,4562.0,0.0,3145.0,0,0,4,1 tip,0 no foreign neighbour,42.46338653564453,0.34537434577941895,1.0,1.0
2381,0,bus,3.0,0.0,4562.0,0.0,3145.0,0,0,0,3+ branch,0 no foreign neighbour,413.2403564453125,0.1576283872127533,1.0,7.0
2382,0,bus,1.0,0.0,4562.0,0.0,3145.0,0,0,6,1 tip,0 no foreign neighbour,339.4775085449219,0.5874040722846985,1.0,8.0
2383,0,bus,1.0,0.0,4562.0,0.0,3145.0,0,0,6,1 tip,0 no foreign neighbour,358.1375427246094,0.586206316947937,1.0,9.0
2384,0,bus,1.0,0.0,4562.0,0.0,3145.0,0,0,4,1 tip,0 no foreign neighbour,42.46338653564453,0.34631675481796265,1.0,1.0
2385,0,bus,2.0,1.0,4562.0,0.0,3145.0,0,0,4,2 path,0 no foreign neighbour,311.0451965332031,0.08851004391908646,1.0,9.0
2386,0,bus,1.0,0.0,4562.0,0.0,3145.0,0,0,4,1 tip,0 no foreign neighbour,22.417621612548828,0.26815980672836304,1.0,1.0
2387,0,bus,2.0,0.0,4562.0,0.0,3145.0,0,0,6,2 path,0 no foreign neighbour,358.1375427246094,0.6539231538772583,1.0,9.0
2388,0,bus,2.0,0.0,4562.0,0.0,3145.0,0,0,6,2 path,0 no foreign neighbour,358.1375427246094,0.6656312346458435,1.0,9.0
2389,0,bus,2.0,0.0,4562.0,0.0,3145.0,0,0,6,2 path,0 no foreign neighbour,339.4775085449219,0.672088623046875,1.0,8.0
2390,0,bus,3.0,0.0,4562.0,0.0,3145.0,0,0,6,3+ branch,0 no foreign neighbour,309.445068359375,0.6879220604896545,1.0,7.0
2391,0,bus,1.0,0.0,4562.0,0.0,3145.0,0,0,6,1 tip,0 no foreign neighbour,328.1051025390625,0.6869873404502869,1.0,8.0
2392,0,bus,2.0,0.0,4562.0,0.5,3145.0,0,0,3,2 path,mixed,242.77455139160156,0.15998221933841705,1.0,4.0
2393,0,bus,2.0,0.0,4562.0,0.0,3145.0,0,0,6,2 path,0 no foreign neighbour,78.40216064453125,0.7331541776657104,1.0,2.0
2394,0,bus,2.0,0.0,4562.0,0.0,3145.0,0,0,6,2 path,0 no foreign neighbour,245.0631866455078,0.782654881477356,1.0,5.0
2395,0,bus,1.0,0.0,4562.0,0.0,3145.0,0,0,6,1 tip,0 no foreign neighbour,245.0631866455078,0.8350870013237,1.0,5.0
2396,0,bus,2.0,0.0,4562.0,0.0,3145.0,0,0,3,2 path,0 no foreign neighbour,24.401880264282227,0.1454545110464096,1.0,1.0
2397,0,bus,2.0,0.0,4562.0,0.0,3145.0,0,0,2,2 path,0 no foreign neighbour,24.401880264282227,0.16098035871982574,1.0,1.0
2398,0,bus,1.0,0.0,4562.0,0.0,3145.0,0,0,6,1 tip,0 no foreign neighbour,245.0631866455078,0.8331393003463745,1.0,5.0
2399,0,bus,1.0,0.0,4562.0,0.0,3145.0,0,0,2,1 tip,0 no foreign neighbour,24.401880264282227,0.16697928309440613,1.0,1.0
2400,0,bus,2.0,0.0,4562.0,0.0,3145.0,0,0,6,2 path,0 no foreign neighbour,245.0631866455078,0.8639476895332336,1.0,5.0
2401,0,bus,2.0,0.0,4562.0,0.0,3145.0,0,0,6,2 path,0 no foreign neighbour,245.0631866455078,0.8812835812568665,1.0,5.0
2402,0,bus,1.0,0.0,4562.0,0.0,3145.0,0,0,0,1 tip,0 no foreign neighbour,37.70901870727539,0.9565759301185608,1.0,1.0
2403,0,bus,1.0,0.0,4562.0,0.0,3145.0,0,0,6,1 tip,0 no foreign neighbour,107.19608306884766,0.9617977142333984,1.0,2.0
2404,0,bus,1.0,0.0,4562.0,1.0,3145.0,0,0,2,1 tip,1 all neighbours foreign,79.81317901611328,0.15713730454444885,1.0,1.0
2405,0,bus,2.0,0.0,4562.0,0.0,3145.0,0,0,2,2 path,0 no foreign neighbour,115.37285614013672,0.16290883719921112,1.0,2.0
2406,0,bus,1.0,0.0,4562.0,1.0,3145.0,0,0,2,1 tip,1 all neighbours foreign,57.80271530151367,0.15931002795696259,1.0,1.0
2407,0,bus,1.0,0.0,4562.0,0.0,3145.0,0,0,2,1 tip,0 no foreign neighbour,115.37285614013672,0.16040988266468048,1.0,2.0
2408,0,bus,2.0,0.0,4562.0,0.0,3145.0,0,0,0,2 path,0 no foreign neighbour,160.6679229736328,0.47313010692596436,1.0,3.0
2409,3,bus+trolley,2.0,0.0,4562.0,0.5,610.0,1,1,3,2 path,mixed,249.58396911621094,0.1299450397491455,2.0,4.0
2410,0,bus,1.0,0.0,4562.0,0.0,3145.0,0,0,4,1 tip,0 no foreign neighbour,50.07484817504883,0.4637296199798584,1.0,1.0
2411,0,bus,3.0,0.3333333432674408,4562.0,0.0,3145.0,0,0,6,3+ branch,0 no foreign neighbour,435.8121337890625,0.4533264935016632,1.0,9.0
2412,0,bus,2.0,0.0,4562.0,0.0,3145.0,0,0,6,2 path,0 no foreign neighbour,44.97172546386719,0.9010997414588928,1.0,1.0
2413,0,bus,2.0,0.0,4562.0,0.0,3145.0,0,0,0,2 path,0 no foreign neighbour,121.51850128173828,0.1251324862241745,1.0,4.0
2414,0,bus,2.0,0.0,4562.0,0.0,3145.0,0,0,4,2 path,0 no foreign neighbour,121.51850128173828,0.12183205783367157,1.0,4.0
2415,0,bus,1.0,0.0,4562.0,0.0,3145.0,0,0,0,1 tip,0 no foreign neighbour,44.97172546386719,0.9050245881080627,1.0,1.0
2416,0,bus,1.0,0.0,4562.0,0.0,3145.0,0,0,4,1 tip,0 no foreign neighbour,121.51850128173828,0.11767734587192535,1.0,4.0
2417,0,bus,1.0,0.0,4562.0,0.0,3145.0,0,0,4,1 tip,0 no foreign neighbour,121.51850128173828,0.11858273297548294,1.0,4.0
2418,0,bus,2.0,0.0,4562.0,0.5,3145.0,0,0,2,2 path,mixed,162.80052185058594,0.12377776950597763,1.0,2.0
2419,0,bus,3.0,0.0,4562.0,0.0,3145.0,0,0,4,3+ branch,0 no foreign neighbour,121.51850128173828,0.1124027892947197,1.0,4.0
2420,0,bus,1.0,0.0,4562.0,1.0,3145.0,0,0,0,1 tip,1 all neighbours foreign,18.856632232666016,0.10774371027946472,1.0,1.0
2421,0,bus,2.0,0.0,4562.0,0.0,3145.0,0,0,2,2 path,0 no foreign neighbour,121.51850128173828,0.10843908786773682,1.0,4.0
2422,0,bus,1.0,0.0,4562.0,0.0,3145.0,0,0,0,1 tip,0 no foreign neighbour,18.856632232666016,0.1059080958366394,1.0,1.0
2423,0,bus,2.0,0.0,4562.0,1.0,3145.0,0,0,3,2 path,1 all neighbours foreign,374.6414489746094,0.11614159494638443,1.0,5.0
2424,0,bus,1.0,0.0,4562.0,0.0,3145.0,0,0,0,1 tip,0 no foreign neighbour,95.35537719726562,0.5240573883056641,1.0,3.0
2425,0,bus,2.0,1.0,4562.0,0.0,3145.0,0,0,0,2 path,0 no foreign neighbour,95.35537719726562,0.5227765440940857,1.0,3.0
2426,0,bus,1.0,0.0,4562.0,1.0,3145.0,0,0,2,1 tip,1 all neighbours foreign,25.963966369628906,0.12842202186584473,1.0,1.0
2427,0,bus,1.0,0.0,4562.0,0.0,3145.0,0,0,3,1 tip,0 no foreign neighbour,57.80271530151367,0.1550893485546112,1.0,1.0
2428,0,bus,2.0,0.0,4562.0,0.0,3145.0,0,0,0,2 path,0 no foreign neighbour,95.35537719726562,0.5352492928504944,1.0,3.0
2429,0,bus,2.0,0.0,4562.0,0.0,3145.0,0,0,2,2 path,0 no foreign neighbour,102.661865234375,0.10759598761796951,1.0,3.0
2430,0,bus,2.0,0.0,4562.0,0.5,3145.0,0,0,4,2 path,mixed,266.4385986328125,0.0454060435295105,1.0,5.0
2431,0,bus,3.0,0.0,4562.0,0.0,3145.0,0,0,0,3+ branch,0 no foreign neighbour,108.30989074707031,0.4567074179649353,1.0,3.0
2432,0,bus,3.0,0.0,4562.0,0.0,3145.0,0,0,0,3+ branch,0 no foreign neighbour,108.30989074707031,0.4637022912502289,1.0,3.0
2433,0,bus,2.0,0.0,4562.0,0.0,3145.0,0,0,4,2 path,0 no foreign neighbour,12.575470924377441,0.46317172050476074,1.0,1.0
2434,0,bus,2.0,0.0,4562.0,0.0,3145.0,0,0,4,2 path,0 no foreign neighbour,12.575470924377441,0.46256023645401,1.0,1.0
2435,0,bus,1.0,0.0,4562.0,0.0,3145.0,0,0,4,1 tip,0 no foreign neighbour,12.575470924377441,0.45812463760375977,1.0,1.0
2436,0,bus,2.0,0.0,4562.0,0.0,3145.0,0,0,4,2 path,0 no foreign neighbour,12.575470924377441,0.4634021818637848,1.0,1.0
2437,0,bus,1.0,0.0,4562.0,0.0,3145.0,0,0,0,1 tip,0 no foreign neighbour,182.21694946289062,0.5016445517539978,1.0,4.0
2438,0,bus,2.0,0.0,4562.0,0.5,3145.0,0,0,5,2 path,mixed,477.6077880859375,0.08672695606946945,1.0,7.0
2439,0,bus,2.0,0.0,4562.0,0.0,3145.0,0,0,0,2 path,0 no foreign neighbour,273.8979797363281,0.4967932403087616,1.0,6.0
2440,0,bus,1.0,0.0,4562.0,0.0,3145.0,0,0,4,1 tip,0 no foreign neighbour,95.35537719726562,0.5491169095039368,1.0,3.0
2441,0,bus,2.0,0.0,4562.0,0.0,3145.0,0,0,0,2 path,0 no foreign neighbour,241.91848754882812,0.49995285272598267,1.0,4.0
2442,0,bus,2.0,0.0,4562.0,0.0,3145.0,0,0,4,2 path,0 no foreign neighbour,95.35537719726562,0.5686743259429932,1.0,3.0
2443,0,bus,2.0,0.0,4562.0,0.0,3145.0,0,0,0,2 path,0 no foreign neighbour,122.41847229003906,0.5035853385925293,1.0,4.0
2444,0,bus,3.0,0.6666666865348816,4562.0,0.0,3145.0,0,0,4,3+ branch,0 no foreign neighbour,95.35537719726562,0.584414005279541,1.0,3.0
2445,0,bus,2.0,0.0,4562.0,0.0,3145.0,0,0,4,2 path,0 no foreign neighbour,122.41847229003906,0.5023705363273621,1.0,4.0
2446,0,bus,1.0,0.0,4562.0,0.0,3145.0,0,0,4,1 tip,0 no foreign neighbour,23.48467254638672,0.4978322386741638,1.0,1.0
2447,0,bus,1.0,0.0,4562.0,0.0,3145.0,0,0,4,1 tip,0 no foreign neighbour,95.35537719726562,0.5874524712562561,1.0,3.0
2448,0,bus,1.0,0.0,4562.0,0.0,3145.0,0,0,4,1 tip,0 no foreign neighbour,77.00787353515625,0.6139419674873352,1.0,2.0
2449,0,bus,2.0,0.0,4562.0,0.0,3145.0,0,0,3,2 path,0 no foreign neighbour,49.86338424682617,0.14486753940582275,1.0,2.0
2450,0,bus,1.0,0.0,4562.0,0.0,3145.0,0,0,4,1 tip,0 no foreign neighbour,70.58390808105469,0.492242693901062,1.0,2.0
2451,0,bus,1.0,0.0,4562.0,0.0,3145.0,0,0,3,1 tip,0 no foreign neighbour,49.86338424682617,0.14400678873062134,1.0,2.0
2452,0,bus,3.0,0.0,4562.0,0.0,3145.0,0,0,4,3+ branch,0 no foreign neighbour,102.56340789794922,0.48982420563697815,1.0,4.0
2453,0,bus,2.0,0.0,4562.0,0.0,3145.0,0,0,2,2 path,0 no foreign neighbour,76.93412017822266,0.13676360249519348,1.0,2.0
2454,0,bus,3.0,0.0,4562.0,0.0,3145.0,0,0,0,3+ branch,0 no foreign neighbour,139.7167205810547,0.4898744225502014,1.0,5.0
2455,0,bus,1.0,0.0,4562.0,0.0,3145.0,0,0,0,1 tip,0 no foreign neighbour,210.27249145507812,0.4985310137271881,1.0,5.0
2456,0,bus,2.0,0.0,4562.0,0.0,3145.0,0,0,0,2 path,0 no foreign neighbour,358.1505126953125,0.4971136152744293,1.0,8.0
2457,0,bus,1.0,0.0,4562.0,0.0,3145.0,0,0,3,1 tip,0 no foreign neighbour,161.4864044189453,0.2382822483778,1.0,3.0
2458,0,bus,1.0,0.0,4562.0,0.0,3145.0,0,0,0,1 tip,0 no foreign neighbour,73.36575317382812,0.6868931651115417,1.0,2.0
2459,0,bus,1.0,0.0,4562.0,0.0,3145.0,0,0,4,1 tip,0 no foreign neighbour,98.93379974365234,0.4953470230102539,1.0,3.0
2460,0,bus,2.0,0.0,4562.0,0.0,3145.0,0,0,0,2 path,0 no foreign neighbour,92.02578735351562,0.6854705214500427,1.0,3.0
2461,0,bus,1.0,0.0,4562.0,0.0,3145.0,0,0,0,1 tip,0 no foreign neighbour,73.36575317382812,0.7433966398239136,1.0,2.0
2462,0,bus,2.0,1.0,4562.0,0.0,3145.0,0,0,6,2 path,0 no foreign neighbour,370.6017761230469,0.4958183765411377,1.0,9.0
2463,0,bus,1.0,0.0,4562.0,0.0,3145.0,0,0,4,1 tip,0 no foreign neighbour,21.817848205566406,0.08949461579322815,1.0,1.0
2464,0,bus,2.0,0.0,4562.0,0.0,3145.0,0,0,4,2 path,0 no foreign neighbour,58.55708694458008,0.09490101039409637,1.0,2.0
2465,0,bus,1.0,0.0,4562.0,0.0,3145.0,0,0,4,1 tip,0 no foreign neighbour,58.55708694458008,0.09338898211717606,1.0,2.0
2466,0,bus,1.0,0.0,4562.0,0.0,3145.0,0,0,0,1 tip,0 no foreign neighbour,250.41331481933594,0.4991658627986908,1.0,5.0
2467,0,bus,2.0,0.0,4562.0,0.0,3145.0,0,0,4,2 path,0 no foreign neighbour,92.90470123291016,0.01639505848288536,1.0,2.0
2468,0,bus,2.0,0.0,4562.0,0.0,3145.0,0,0,4,2 path,0 no foreign neighbour,92.90470123291016,0.021029476076364517,1.0,2.0
2469,0,bus,2.0,0.0,4562.0,1.0,3145.0,0,0,4,2 path,1 all neighbours foreign,92.90470123291016,0.028031587600708008,1.0,2.0
2470,0,bus,2.0,1.0,4562.0,0.0,3145.0,0,0,6,2 path,0 no foreign neighbour,731.31591796875,0.23153838515281677,1.0,11.0
2471,0,bus,1.0,0.0,4562.0,0.0,3145.0,0,0,4,1 tip,0 no foreign neighbour,92.06150817871094,0.11826478689908981,1.0,2.0
2472,0,bus,3.0,0.0,4562.0,0.0,3145.0,0,0,4,3+ branch,0 no foreign neighbour,92.06150817871094,0.11385611444711685,1.0,2.0
2473,0,bus,2.0,0.0,4562.0,0.0,3145.0,0,0,0,2 path,0 no foreign neighbour,295.957275390625,0.08158154040575027,1.0,6.0
2474,0,bus,1.0,0.0,4562.0,0.0,3145.0,0,0,4,1 tip,0 no foreign neighbour,36.73923873901367,0.05680202692747116,1.0,1.0
2475,0,bus,1.0,0.0,4562.0,1.0,3145.0,0,0,4,1 tip,1 all neighbours foreign,141.30084228515625,0.0613144226372242,1.0,3.0
2476,0,bus,1.0,0.0,4562.0,0.0,3145.0,0,0,4,1 tip,0 no foreign neighbour,36.73923873901367,0.09261240065097809,1.0,1.0
2477,0,bus,2.0,0.0,4562.0,0.0,3145.0,0,0,4,2 path,0 no foreign neighbour,30.633506774902344,0.35779014229774475,1.0,1.0
2478,0,bus,2.0,0.0,4562.0,0.0,3145.0,0,0,2,2 path,0 no foreign neighbour,252.9115447998047,0.11849544197320938,1.0,4.0
2479,0,bus,2.0,0.0,4562.0,0.0,3145.0,0,0,4,2 path,0 no foreign neighbour,30.633506774902344,0.36713525652885437,1.0,1.0
2480,0,bus,1.0,0.0,4562.0,0.0,3145.0,0,0,4,1 tip,0 no foreign neighbour,30.633506774902344,0.37508586049079895,1.0,1.0
2481,0,bus,2.0,0.0,4562.0,0.0,3145.0,0,0,4,2 path,0 no foreign neighbour,30.633506774902344,0.39180469512939453,1.0,1.0
2482,0,bus,1.0,0.0,4562.0,0.0,3145.0,0,0,4,1 tip,0 no foreign neighbour,30.633506774902344,0.4066232144832611,1.0,1.0
2483,0,bus,1.0,0.0,4562.0,0.0,3145.0,0,0,4,1 tip,0 no foreign neighbour,30.633506774902344,0.40720972418785095,1.0,1.0
2484,0,bus,1.0,0.0,4562.0,0.0,3145.0,0,0,4,1 tip,0 no foreign neighbour,62.29477310180664,0.19542796909809113,1.0,2.0
2485,0,bus,2.0,0.0,4562.0,0.0,3145.0,0,0,4,2 path,0 no foreign neighbour,30.633506774902344,0.40391606092453003,1.0,1.0
2486,0,bus,3.0,0.0,4562.0,0.0,3145.0,0,0,4,3+ branch,0 no foreign neighbour,62.29477310180664,0.1994958519935608,1.0,2.0
2487,0,bus,2.0,0.0,4562.0,0.0,3145.0,0,0,4,2 path,0 no foreign neighbour,282.81573486328125,0.2987382709980011,1.0,5.0
2488,0,bus,2.0,0.0,4562.0,0.0,3145.0,0,0,4,2 path,0 no foreign neighbour,30.633506774902344,0.40201079845428467,1.0,1.0
2489,0,bus,3.0,0.0,4562.0,0.0,3145.0,0,0,4,3+ branch,0 no foreign neighbour,137.795654296875,0.4021133482456207,1.0,2.0
2490,0,bus,2.0,0.0,4562.0,0.0,3145.0,0,0,4,2 path,0 no foreign neighbour,137.795654296875,0.4020594656467438,1.0,2.0
2491,0,bus,2.0,0.0,4562.0,0.0,3145.0,0,0,2,2 path,0 no foreign neighbour,62.29477310180664,0.194211944937706,1.0,2.0
2492,0,bus,2.0,0.0,4562.0,0.0,3145.0,0,0,4,2 path,0 no foreign neighbour,137.795654296875,0.4048296809196472,1.0,2.0
2493,0,bus,1.0,0.0,4562.0,0.0,3145.0,0,0,4,1 tip,0 no foreign neighbour,137.795654296875,0.40456077456474304,1.0,2.0
2494,0,bus,2.0,0.0,4562.0,0.0,3145.0,0,0,0,2 path,0 no foreign neighbour,201.76007080078125,0.4105531573295593,1.0,4.0
2495,0,bus,1.0,0.0,4562.0,0.0,3145.0,0,0,0,1 tip,0 no foreign neighbour,94.59791564941406,0.4060620963573456,1.0,3.0
2496,0,bus,1.0,0.0,4562.0,0.0,3145.0,0,0,4,1 tip,0 no foreign neighbour,30.633506774902344,0.35294729471206665,1.0,1.0
2497,0,bus,4.0,0.0,4562.0,0.0,3145.0,0,0,6,3+ branch,0 no foreign neighbour,212.91195678710938,0.7921522855758667,1.0,4.0
2498,0,bus,1.0,0.0,4562.0,0.0,3145.0,0,0,0,1 tip,0 no foreign neighbour,30.032442092895508,0.5925292372703552,1.0,1.0
2499,0,bus,1.0,0.0,4562.0,1.0,3145.0,0,0,3,1 tip,1 all neighbours foreign,336.98907470703125,0.20645490288734436,1.0,6.0
2500,0,bus,2.0,0.0,4562.0,0.0,3145.0,0,0,0,2 path,0 no foreign neighbour,17.334890365600586,0.5115377902984619,1.0,1.0
2501,0,bus,2.0,0.0,4562.0,0.0,3145.0,0,0,0,2 path,0 no foreign neighbour,142.93829345703125,0.25849631428718567,1.0,2.0
2502,0,bus,2.0,0.0,4562.0,0.0,3145.0,0,0,4,2 path,0 no foreign neighbour,17.334890365600586,0.5224261283874512,1.0,1.0
2503,0,bus,2.0,0.0,4562.0,0.0,3145.0,0,0,4,2 path,0 no foreign neighbour,142.93829345703125,0.263016015291214,1.0,2.0
2504,0,bus,2.0,1.0,4562.0,0.0,3145.0,0,0,4,2 path,0 no foreign neighbour,142.93829345703125,0.2661428451538086,1.0,2.0
2505,0,bus,1.0,0.0,4562.0,0.0,3145.0,0,0,4,1 tip,0 no foreign neighbour,142.93829345703125,0.26550573110580444,1.0,2.0
2506,0,bus,1.0,0.0,4562.0,0.0,3145.0,0,0,4,1 tip,0 no foreign neighbour,57.48665237426758,0.2763764262199402,1.0,1.0
2507,0,bus,2.0,0.0,4562.0,0.0,3145.0,0,0,0,2 path,0 no foreign neighbour,181.418212890625,0.42952510714530945,1.0,4.0
2508,0,bus,2.0,0.0,4562.0,0.0,3145.0,0,0,0,2 path,0 no foreign neighbour,181.418212890625,0.4347935616970062,1.0,4.0
2509,0,bus,2.0,0.0,4562.0,0.0,3145.0,0,0,0,2 path,0 no foreign neighbour,203.72459411621094,0.4549211859703064,1.0,3.0
2510,0,bus,1.0,0.0,4562.0,0.0,3145.0,0,0,0,1 tip,0 no foreign neighbour,33.92596435546875,0.4547955095767975,1.0,1.0
2511,0,bus,2.0,0.0,4562.0,0.0,3145.0,0,0,0,2 path,0 no foreign neighbour,203.72459411621094,0.449205219745636,1.0,3.0
2512,0,bus,1.0,0.0,4562.0,1.0,3145.0,0,0,0,1 tip,1 all neighbours foreign,118.1506118774414,0.12013578414916992,1.0,2.0
2513,0,bus,4.0,0.3333333432674408,4562.0,0.5,3145.0,0,0,3,3+ branch,mixed,182.63449096679688,0.12385152280330658,1.0,3.0
2514,0,bus,1.0,0.0,4562.0,0.0,3145.0,0,0,4,1 tip,0 no foreign neighbour,104.53778076171875,0.13156181573867798,1.0,2.0
2515,0,bus,1.0,0.0,4562.0,0.0,3145.0,0,0,3,1 tip,0 no foreign neighbour,107.95259857177734,0.11741308122873306,1.0,2.0
2516,0,bus,1.0,0.0,4562.0,0.0,3145.0,0,0,4,1 tip,0 no foreign neighbour,44.00054931640625,0.07232043892145157,1.0,1.0
2517,0,bus,2.0,0.0,4562.0,0.0,3145.0,0,0,4,2 path,0 no foreign neighbour,44.00054931640625,0.07862851023674011,1.0,1.0
2518,0,bus,5.0,0.0,4562.0,0.4,3145.0,0,0,0,3+ branch,mixed,269.44573974609375,0.10061759501695633,1.0,6.0
2519,0,bus,1.0,0.0,4562.0,0.0,3145.0,0,0,4,1 tip,0 no foreign neighbour,137.8640594482422,0.189116433262825,1.0,2.0
2520,0,bus,2.0,1.0,4562.0,0.5,3145.0,0,0,0,2 path,mixed,262.3951110839844,0.12152637541294098,1.0,5.0
2521,0,bus,4.0,0.0,4562.0,0.0,3145.0,0,0,3,3+ branch,0 no foreign neighbour,274.3013000488281,0.11025935411453247,1.0,5.0
2522,0,bus,1.0,0.0,4562.0,0.0,3145.0,0,0,0,1 tip,0 no foreign neighbour,397.6407470703125,0.3886736333370209,1.0,8.0
2523,0,bus,3.0,0.0,4562.0,0.0,3145.0,0,0,3,3+ branch,0 no foreign neighbour,285.2586975097656,0.1480972319841385,1.0,5.0
2524,0,bus,2.0,0.0,4562.0,0.0,3145.0,0,0,4,2 path,0 no foreign neighbour,305.4422302246094,0.03947862982749939,1.0,5.0
2525,0,bus,2.0,0.0,4562.0,0.0,3145.0,0,0,4,2 path,0 no foreign neighbour,244.94752502441406,0.1924678236246109,1.0,5.0
2526,4,tram,2.0,0.0,4562.0,0.5,296.0,1,1,4,2 path,mixed,147.57305908203125,0.0806126818060875,1.0,3.0
2527,0,bus,2.0,0.0,4562.0,0.0,3145.0,0,0,0,2 path,0 no foreign neighbour,185.92056274414062,0.25907230377197266,1.0,5.0
2528,0,bus,2.0,0.0,4562.0,0.0,3145.0,0,0,0,2 path,0 no foreign neighbour,159.0881805419922,0.25855982303619385,1.0,4.0
2529,0,bus,1.0,0.0,4562.0,0.0,3145.0,0,0,5,1 tip,0 no foreign neighbour,443.2646179199219,0.13368232548236847,1.0,9.0
2530,0,bus,2.0,0.0,7.0,0.0,3145.0,0,0,2,2 path,0 no foreign neighbour,9.682915687561035,0.34223660826683044,1.0,1.0
2531,0,bus,1.0,0.0,4562.0,1.0,3145.0,0,0,2,1 tip,1 all neighbours foreign,122.91043853759766,0.08967544138431549,1.0,2.0
2532,3,bus+trolley,4.0,0.0,4562.0,0.25,610.0,1,1,3,3+ branch,mixed,426.6995544433594,0.020764349028468132,2.0,7.0
2533,0,bus,2.0,0.0,4562.0,0.0,3145.0,0,0,2,2 path,0 no foreign neighbour,127.79696655273438,0.91627037525177,1.0,2.0
2534,0,bus,2.0,1.0,4562.0,1.0,3145.0,0,0,4,2 path,1 all neighbours foreign,133.32420349121094,0.0937211886048317,1.0,2.0
2535,0,bus,1.0,0.0,4562.0,0.0,3145.0,0,0,3,1 tip,0 no foreign neighbour,241.64947509765625,0.10327447950839996,1.0,4.0
2536,0,bus,2.0,0.0,4562.0,0.0,3145.0,0,0,2,2 path,0 no foreign neighbour,179.205810546875,0.05943724885582924,1.0,3.0
2537,0,bus,3.0,0.0,4562.0,0.0,3145.0,0,0,0,3+ branch,0 no foreign neighbour,641.2401733398438,0.123252272605896,1.0,13.0
2538,0,bus,1.0,0.0,4562.0,1.0,3145.0,0,0,4,1 tip,1 all neighbours foreign,274.8980407714844,0.1536799669265747,1.0,5.0
2539,0,bus,2.0,1.0,4562.0,0.0,3145.0,0,0,2,2 path,0 no foreign neighbour,108.8484878540039,0.18411029875278473,1.0,2.0
2540,0,bus,3.0,0.0,4562.0,0.0,3145.0,0,0,0,3+ branch,0 no foreign neighbour,444.4981994628906,0.1226058304309845,1.0,9.0
2541,1,bus+tram,2.0,0.0,4562.0,1.0,149.0,1,1,2,2 path,1 all neighbours foreign,90.16287994384766,0.08476416021585464,2.0,2.0
2542,3,bus+trolley,6.0,0.0,4562.0,0.8333333333333334,610.0,1,1,0,3+ branch,mixed,847.0232543945312,0.14600394666194916,2.0,16.0
2543,0,bus,1.0,0.0,4562.0,0.0,3145.0,0,0,0,1 tip,0 no foreign neighbour,145.57046508789062,0.07339255511760712,1.0,3.0
2544,0,bus,1.0,0.0,4562.0,0.0,3145.0,0,0,3,1 tip,0 no foreign neighbour,90.53580474853516,0.18945062160491943,1.0,1.0
2545,0,bus,1.0,0.0,4562.0,0.0,3145.0,0,0,3,1 tip,0 no foreign neighbour,269.9342346191406,0.18176287412643433,1.0,4.0
2546,0,bus,2.0,0.0,4562.0,1.0,3145.0,0,0,3,2 path,1 all neighbours foreign,269.9342346191406,0.17511145770549774,1.0,4.0
2547,0,bus,2.0,0.0,4562.0,0.5,3145.0,0,0,3,2 path,mixed,162.28199768066406,0.18601158261299133,1.0,2.0
2548,0,bus,1.0,0.0,4562.0,0.0,3145.0,0,0,3,1 tip,0 no foreign neighbour,90.53580474853516,0.18918341398239136,1.0,1.0
2549,0,bus,1.0,0.0,4562.0,0.0,3145.0,0,0,3,1 tip,0 no foreign neighbour,409.74835205078125,0.08376484364271164,1.0,6.0
2550,0,bus,2.0,1.0,4562.0,0.0,3145.0,0,0,5,2 path,0 no foreign neighbour,499.78509521484375,0.17264197766780853,1.0,9.0
2551,0,bus,2.0,0.0,4562.0,0.0,3145.0,0,0,5,2 path,0 no foreign neighbour,499.78509521484375,0.16939733922481537,1.0,9.0
2552,0,bus,1.0,0.0,4562.0,0.0,3145.0,0,0,3,1 tip,0 no foreign neighbour,229.85086059570312,0.17388403415679932,1.0,5.0
2553,0,bus,2.0,0.0,4562.0,0.5,3145.0,0,0,2,2 path,mixed,109.64762878417969,0.16323542594909668,1.0,2.0
2554,0,bus,5.0,0.20000000298023224,4562.0,0.4,3145.0,0,0,6,3+ branch,mixed,975.5476684570312,0.09130103141069412,1.0,19.0
2555,0,bus,2.0,0.0,4562.0,0.0,3145.0,0,0,4,2 path,0 no foreign neighbour,136.5379638671875,0.08225561678409576,1.0,3.0
2556,0,bus,1.0,0.0,4562.0,0.0,3145.0,0,0,4,1 tip,0 no foreign neighbour,192.892578125,0.059613946825265884,1.0,3.0
2557,0,bus,1.0,0.0,4562.0,0.0,3145.0,0,0,4,1 tip,0 no foreign neighbour,42.433528900146484,0.10455384850502014,1.0,1.0
2558,0,bus,2.0,1.0,4562.0,0.0,3145.0,0,0,6,2 path,0 no foreign neighbour,745.6651611328125,0.2758440375328064,1.0,14.0
2559,0,bus,3.0,0.3333333432674408,4562.0,0.0,3145.0,0,0,6,3+ branch,0 no foreign neighbour,824.3568115234375,0.266315221786499,1.0,17.0
2560,0,bus,1.0,0.0,4562.0,0.0,3145.0,0,0,6,1 tip,0 no foreign neighbour,833.0267333984375,0.26459068059921265,1.0,15.0
2561,0,bus,2.0,0.0,4562.0,0.0,3145.0,0,0,6,2 path,0 no foreign neighbour,732.2393188476562,0.3498762845993042,1.0,10.0
2562,0,bus,4.0,0.0,4562.0,0.5,3145.0,0,0,0,3+ branch,mixed,581.4381713867188,0.0932902842760086,1.0,8.0
2563,0,bus,1.0,0.0,4562.0,0.0,3145.0,0,0,0,1 tip,0 no foreign neighbour,11.799354553222656,0.08549190312623978,1.0,1.0
2564,0,bus,1.0,0.0,4562.0,0.0,3145.0,0,0,4,1 tip,0 no foreign neighbour,99.7987289428711,0.08484514057636261,1.0,2.0
2565,0,bus,4.0,0.0,4562.0,0.75,3145.0,0,0,3,3+ branch,mixed,481.26654052734375,0.11326247453689575,1.0,11.0
2566,0,bus,4.0,0.0,4562.0,0.0,3145.0,0,0,6,3+ branch,0 no foreign neighbour,555.3931274414062,0.34898924827575684,1.0,15.0
2567,0,bus,5.0,0.20000000298023224,4562.0,0.4,3145.0,0,0,5,3+ branch,mixed,557.0953979492188,0.12031038850545883,1.0,8.0
2568,0,bus,1.0,0.0,4562.0,1.0,3145.0,0,0,4,1 tip,1 all neighbours foreign,336.98907470703125,0.20026452839374542,1.0,6.0
2569,0,bus,1.0,0.0,4562.0,1.0,3145.0,0,0,4,1 tip,1 all neighbours foreign,181.4536590576172,0.058788467198610306,1.0,3.0
2570,0,bus,1.0,0.0,4562.0,1.0,3145.0,0,0,2,1 tip,1 all neighbours foreign,68.64012145996094,0.09579574316740036,1.0,1.0
2571,0,bus,1.0,0.0,4562.0,0.0,3145.0,0,0,4,1 tip,0 no foreign neighbour,222.6241912841797,0.16517914831638336,1.0,3.0
2572,2,bus+tram+trolley,5.0,0.0,4562.0,1.0,88.0,1,1,4,3+ branch,1 all neighbours foreign,215.2708740234375,0.05028170719742775,3.0,4.0
2573,0,bus,1.0,0.0,4562.0,0.0,3145.0,0,0,4,1 tip,0 no foreign neighbour,92.90470123291016,0.02792181633412838,1.0,2.0
2574,0,bus,1.0,0.0,4562.0,1.0,3145.0,0,0,3,1 tip,1 all neighbours foreign,431.444580078125,0.21283897757530212,1.0,7.0
2575,0,bus,5.0,0.10000000149011612,4562.0,0.0,3145.0,0,0,3,3+ branch,0 no foreign neighbour,253.80007934570312,0.04116303101181984,1.0,5.0
2576,0,bus,2.0,0.0,4562.0,0.0,3145.0,0,0,0,2 path,0 no foreign neighbour,832.3348999023438,0.06716696172952652,1.0,12.0
2577,0,bus,1.0,0.0,4562.0,0.0,3145.0,0,0,3,1 tip,0 no foreign neighbour,264.59490966796875,0.09431517869234085,1.0,4.0
2578,0,bus,2.0,1.0,4562.0,0.0,3145.0,0,0,4,2 path,0 no foreign neighbour,109.98407745361328,0.11212295293807983,1.0,3.0
2579,0,bus,1.0,0.0,4562.0,0.0,3145.0,0,0,3,1 tip,0 no foreign neighbour,349.19146728515625,0.06569722294807434,1.0,4.0
2580,0,bus,2.0,0.0,4562.0,0.0,3145.0,0,0,3,2 path,0 no foreign neighbour,256.357666015625,0.08570943027734756,1.0,4.0
2581,0,bus,1.0,0.0,4562.0,0.0,3145.0,0,0,5,1 tip,0 no foreign neighbour,752.11865234375,0.14567311108112335,1.0,14.0
2582,0,bus,3.0,0.0,4562.0,0.3333333333333333,3145.0,0,0,4,3+ branch,mixed,208.26405334472656,0.01873314566910267,1.0,4.0
2583,0,bus,2.0,1.0,4562.0,0.0,3145.0,0,0,0,2 path,0 no foreign neighbour,246.67913818359375,0.37131989002227783,1.0,5.0
2584,0,bus,2.0,0.0,4562.0,0.0,3145.0,0,0,2,2 path,0 no foreign neighbour,121.74457550048828,0.06472897529602051,1.0,2.0
2585,0,bus,1.0,0.0,4562.0,0.0,3145.0,0,0,0,1 tip,0 no foreign neighbour,641.2401733398438,0.11461182683706284,1.0,13.0
2586,0,bus,1.0,0.0,4562.0,1.0,3145.0,0,0,4,1 tip,1 all neighbours foreign,273.19989013671875,0.08057230710983276,1.0,4.0
2587,4,tram,2.0,1.0,4562.0,0.0,296.0,1,1,2,2 path,0 no foreign neighbour,85.82282257080078,0.16675086319446564,1.0,2.0
2588,0,bus,1.0,0.0,4562.0,0.0,3145.0,0,0,0,1 tip,0 no foreign neighbour,457.00750732421875,0.14971666038036346,1.0,9.0
2589,0,bus,2.0,1.0,4562.0,0.0,3145.0,0,0,6,2 path,0 no foreign neighbour,403.3559265136719,0.2629539370536804,1.0,12.0
2590,3,bus+trolley,2.0,0.0,4562.0,0.5,610.0,1,1,4,2 path,mixed,379.0754089355469,0.026224909350275993,2.0,6.0
2591,0,bus,1.0,0.0,4562.0,1.0,3145.0,0,0,3,1 tip,1 all neighbours foreign,364.6429138183594,0.1345345824956894,1.0,6.0
2592,0,bus,2.0,0.0,4562.0,0.0,3145.0,0,0,6,2 path,0 no foreign neighbour,585.1609497070312,0.36208468675613403,1.0,11.0
2593,0,bus,3.0,0.3333333432674408,4562.0,0.3333333333333333,3145.0,0,0,3,3+ branch,mixed,308.97454833984375,0.12837040424346924,1.0,6.0
2594,0,bus,2.0,0.0,4562.0,0.0,3145.0,0,0,4,2 path,0 no foreign neighbour,135.9119873046875,0.12479313462972641,1.0,3.0
2595,0,bus,1.0,0.0,4562.0,0.0,3145.0,0,0,4,1 tip,0 no foreign neighbour,33.38815689086914,0.22042830288410187,1.0,1.0
2596,0,bus,1.0,0.0,4562.0,1.0,3145.0,0,0,3,1 tip,1 all neighbours foreign,122.18499755859375,0.17393216490745544,1.0,2.0
2597,0,bus,3.0,0.0,4562.0,0.3333333333333333,3145.0,0,0,3,3+ branch,mixed,382.6723937988281,0.16952194273471832,1.0,6.0
2598,0,bus,1.0,0.0,4562.0,1.0,3145.0,0,0,0,1 tip,1 all neighbours foreign,118.97982788085938,0.14623701572418213,1.0,2.0
2599,3,bus+trolley,2.0,0.0,4562.0,1.0,610.0,1,1,0,2 path,1 all neighbours foreign,172.5277557373047,0.15090076625347137,2.0,3.0
2600,3,bus+trolley,2.0,0.0,4562.0,0.0,610.0,1,1,4,2 path,0 no foreign neighbour,232.02032470703125,0.06446945667266846,2.0,5.0
2601,0,bus,2.0,0.0,4562.0,1.0,3145.0,0,0,4,2 path,1 all neighbours foreign,175.32345581054688,0.05794242396950722,1.0,4.0
2602,0,bus,2.0,0.0,4562.0,0.0,3145.0,0,0,3,2 path,0 no foreign neighbour,412.2378234863281,0.14875274896621704,1.0,6.0
2603,0,bus,3.0,0.0,4562.0,0.0,3145.0,0,0,2,3+ branch,0 no foreign neighbour,62.342220306396484,0.1550702005624771,1.0,2.0
2604,0,bus,2.0,1.0,4562.0,0.0,3145.0,0,0,3,2 path,0 no foreign neighbour,329.99078369140625,0.0999772921204567,1.0,7.0
2605,0,bus,1.0,0.0,4562.0,0.0,3145.0,0,0,2,1 tip,0 no foreign neighbour,59.777442932128906,0.15270458161830902,1.0,1.0
2606,0,bus,1.0,0.0,4562.0,1.0,3145.0,0,0,4,1 tip,1 all neighbours foreign,114.37550354003906,0.1408012956380844,1.0,2.0
2607,3,bus+trolley,2.0,0.0,4562.0,0.5,610.0,1,1,3,2 path,mixed,289.75689697265625,0.1329675018787384,2.0,5.0
2608,0,bus,2.0,0.0,4562.0,0.5,3145.0,0,0,3,2 path,mixed,263.91412353515625,0.12455436587333679,1.0,4.0
2609,0,bus,2.0,0.0,4562.0,0.0,3145.0,0,0,2,2 path,0 no foreign neighbour,114.37550354003906,0.13372106850147247,1.0,2.0
2610,0,bus,1.0,0.0,4562.0,0.0,3145.0,0,0,4,1 tip,0 no foreign neighbour,59.777442932128906,0.1423376500606537,1.0,1.0
2611,0,bus,1.0,0.0,4562.0,0.0,3145.0,0,0,3,1 tip,0 no foreign neighbour,109.64762878417969,0.15929687023162842,1.0,2.0
2612,0,bus,1.0,0.0,4562.0,0.0,3145.0,0,0,2,1 tip,0 no foreign neighbour,104.83476257324219,0.09338441491127014,1.0,2.0
2613,0,bus,2.0,0.0,4562.0,0.0,3145.0,0,0,2,2 path,0 no foreign neighbour,104.83476257324219,0.10146667063236237,1.0,2.0
2614,0,bus,2.0,1.0,4562.0,0.0,3145.0,0,0,3,2 path,0 no foreign neighbour,255.0268096923828,0.1139969602227211,1.0,4.0
2615,0,bus,1.0,0.0,4562.0,0.0,3145.0,0,0,4,1 tip,0 no foreign neighbour,42.093685150146484,0.038008350878953934,1.0,1.0
2616,0,bus,4.0,0.1666666716337204,4562.0,0.25,3145.0,0,0,2,3+ branch,mixed,297.48114013671875,0.11803761124610901,1.0,5.0
2617,0,bus,2.0,0.0,4562.0,0.0,3145.0,0,0,3,2 path,0 no foreign neighbour,273.468505859375,0.10696817934513092,1.0,5.0
2618,0,bus,1.0,0.0,4562.0,0.0,3145.0,0,0,0,1 tip,0 no foreign neighbour,471.1671447753906,0.15514767169952393,1.0,9.0
2619,0,bus,3.0,0.3333333432674408,4562.0,0.0,3145.0,0,0,0,3+ branch,0 no foreign neighbour,517.1275634765625,0.13283127546310425,1.0,11.0
2620,0,bus,1.0,0.0,4562.0,1.0,3145.0,0,0,3,1 tip,1 all neighbours foreign,103.91529846191406,0.0765155628323555,1.0,2.0
2621,3,bus+trolley,2.0,0.0,4562.0,0.5,610.0,1,1,5,2 path,mixed,622.099853515625,0.0889766588807106,2.0,10.0
2622,0,bus,3.0,0.0,4562.0,0.0,3145.0,0,0,2,3+ branch,0 no foreign neighbour,208.44332885742188,0.10850923508405685,1.0,4.0
2623,0,bus,2.0,0.0,4562.0,0.0,3145.0,0,0,3,2 path,0 no foreign neighbour,155.36062622070312,0.1080213189125061,1.0,3.0
2624,0,bus,1.0,0.0,4562.0,0.0,3145.0,0,0,2,1 tip,0 no foreign neighbour,104.83476257324219,0.10580682009458542,1.0,2.0
2625,0,bus,1.0,0.0,4562.0,0.0,3145.0,0,0,2,1 tip,0 no foreign neighbour,104.83476257324219,0.093897745013237,1.0,2.0
2626,0,bus,3.0,0.0,4562.0,0.0,3145.0,0,0,3,3+ branch,0 no foreign neighbour,306.8814697265625,0.09126151353120804,1.0,6.0
2627,0,bus,2.0,0.0,4562.0,0.0,3145.0,0,0,0,2 path,0 no foreign neighbour,471.1671447753906,0.15325868129730225,1.0,9.0
2628,0,bus,1.0,0.0,4562.0,1.0,3145.0,0,0,3,1 tip,1 all neighbours foreign,83.94281005859375,0.09792955964803696,1.0,2.0
2629,0,bus,2.0,0.0,4562.0,0.0,3145.0,0,0,4,2 path,0 no foreign neighbour,233.00633239746094,0.0987100899219513,1.0,4.0
2630,4,tram,1.0,0.0,4562.0,1.0,296.0,1,1,4,1 tip,1 all neighbours foreign,87.36351776123047,0.11100073158740997,1.0,3.0
2631,0,bus,3.0,0.3333333432674408,4562.0,0.0,3145.0,0,0,0,3+ branch,0 no foreign neighbour,356.7364196777344,0.5388808846473694,1.0,9.0
2632,0,bus,2.0,0.0,4562.0,0.0,3145.0,0,0,6,2 path,0 no foreign neighbour,529.562744140625,0.3508639931678772,1.0,11.0
2633,3,bus+trolley,1.0,0.0,4562.0,0.0,610.0,1,1,2,1 tip,0 no foreign neighbour,211.46286010742188,0.105040542781353,2.0,4.0
2634,3,bus+trolley,2.0,0.0,4562.0,1.0,610.0,1,1,3,2 path,1 all neighbours foreign,340.77197265625,0.09920612722635269,2.0,6.0
2635,0,bus,1.0,0.0,4562.0,0.0,3145.0,0,0,3,1 tip,0 no foreign neighbour,223.91632080078125,0.09219197928905487,1.0,4.0
2636,3,bus+trolley,2.0,0.0,4562.0,0.5,610.0,1,1,3,2 path,mixed,290.0105285644531,0.08946123719215393,2.0,4.0
2637,0,bus,1.0,0.0,4562.0,0.0,3145.0,0,0,2,1 tip,0 no foreign neighbour,117.24615478515625,0.11610059440135956,1.0,2.0
2638,0,bus,1.0,0.0,4562.0,0.0,3145.0,0,0,2,1 tip,0 no foreign neighbour,181.2721710205078,0.09722265601158142,1.0,4.0
2639,1,bus+tram,4.0,0.1666666716337204,4562.0,0.5,149.0,1,1,3,3+ branch,mixed,316.37109375,0.0892384722828865,2.0,6.0
2640,0,bus,2.0,0.0,4562.0,0.0,3145.0,0,0,2,2 path,0 no foreign neighbour,67.3776626586914,0.2699343264102936,1.0,3.0
2641,0,bus,1.0,0.0,4562.0,1.0,3145.0,0,0,4,1 tip,1 all neighbours foreign,12.377492904663086,0.21354849636554718,1.0,1.0
2642,0,bus,1.0,0.0,7.0,0.0,3145.0,0,0,2,1 tip,0 no foreign neighbour,9.682915687561035,0.34766384959220886,1.0,1.0
2643,0,bus,1.0,0.0,4562.0,1.0,3145.0,0,0,2,1 tip,1 all neighbours foreign,80.64808654785156,0.08930385857820511,1.0,1.0
2644,0,bus,1.0,0.0,4562.0,1.0,3145.0,0,0,4,1 tip,1 all neighbours foreign,57.4234733581543,0.16329097747802734,1.0,1.0
2645,0,bus,1.0,0.0,4562.0,1.0,3145.0,0,0,4,1 tip,1 all neighbours foreign,404.19281005859375,0.20730619132518768,1.0,7.0
2646,0,bus,1.0,0.0,4562.0,1.0,3145.0,0,0,4,1 tip,1 all neighbours foreign,47.63915252685547,0.1139187216758728,1.0,1.0
2647,4,tram,1.0,0.0,4562.0,1.0,296.0,1,1,4,1 tip,1 all neighbours foreign,26.696962356567383,0.21278901398181915,1.0,1.0
2648,0,bus,3.0,0.0,4562.0,0.0,3145.0,0,0,0,3+ branch,0 no foreign neighbour,523.0057983398438,0.3509930968284607,1.0,10.0
2649,0,bus,1.0,0.0,4562.0,0.0,3145.0,0,0,4,1 tip,0 no foreign neighbour,235.69349670410156,0.1640504002571106,1.0,5.0
2650,0,bus,2.0,0.0,4562.0,0.0,3145.0,0,0,6,2 path,0 no foreign neighbour,787.90673828125,0.3637044429779053,1.0,15.0
2651,0,bus,2.0,0.0,4562.0,0.5,3145.0,0,0,2,2 path,mixed,94.45893096923828,0.09831088781356812,1.0,2.0
2652,0,bus,3.0,0.3333333432674408,4562.0,0.0,3145.0,0,0,0,3+ branch,0 no foreign neighbour,519.1859130859375,0.36637237668037415,1.0,11.0
2653,0,bus,3.0,0.3333333432674408,4562.0,0.3333333333333333,3145.0,0,0,3,3+ branch,mixed,289.28302001953125,0.14823873341083527,1.0,5.0
2654,0,bus,1.0,0.0,4562.0,0.0,3145.0,0,0,2,1 tip,0 no foreign neighbour,37.33736038208008,0.22977298498153687,1.0,1.0
2655,0,bus,3.0,0.0,4562.0,0.0,3145.0,0,0,3,3+ branch,0 no foreign neighbour,267.634033203125,0.15560227632522583,1.0,4.0
2656,0,bus,4.0,0.0,4562.0,0.25,3145.0,0,0,3,3+ branch,mixed,381.2239074707031,0.22513985633850098,1.0,7.0
2657,0,bus,2.0,0.0,4562.0,0.5,3145.0,0,0,3,2 path,mixed,70.94549560546875,0.1558499038219452,1.0,2.0
2658,0,bus,2.0,0.0,4562.0,0.0,3145.0,0,0,0,2 path,0 no foreign neighbour,246.3623809814453,0.360424280166626,1.0,5.0
2659,0,bus,2.0,0.0,4562.0,0.0,3145.0,0,0,2,2 path,0 no foreign neighbour,242.3182830810547,0.08927495032548904,1.0,4.0
2660,0,bus,2.0,0.0,4562.0,0.0,3145.0,0,0,2,2 path,0 no foreign neighbour,147.6329803466797,0.17219361662864685,1.0,3.0
2661,0,bus,2.0,0.0,4562.0,0.0,3145.0,0,0,4,2 path,0 no foreign neighbour,147.6329803466797,0.17469222843647003,1.0,3.0
2662,0,bus,3.0,0.0,4562.0,0.0,3145.0,0,0,6,3+ branch,0 no foreign neighbour,268.12591552734375,0.2798427641391754,1.0,5.0
2663,0,bus,1.0,0.0,4562.0,1.0,3145.0,0,0,4,1 tip,1 all neighbours foreign,70.16270446777344,0.07853763550519943,1.0,1.0
2664,0,bus,1.0,0.0,4562.0,0.0,3145.0,0,0,4,1 tip,0 no foreign neighbour,289.6695251464844,0.22552259266376495,1.0,5.0
2665,0,bus,4.0,0.0,4562.0,0.0,3145.0,0,0,0,3+ branch,0 no foreign neighbour,289.6695251464844,0.22803348302841187,1.0,5.0
2666,0,bus,1.0,0.0,4562.0,0.0,3145.0,0,0,6,1 tip,0 no foreign neighbour,581.4747314453125,0.2553122043609619,1.0,6.0
2667,0,bus,2.0,0.0,4562.0,0.0,3145.0,0,0,4,2 path,0 no foreign neighbour,98.22265625,0.13104301691055298,1.0,2.0
2668,0,bus,1.0,0.0,4562.0,0.0,3145.0,0,0,4,1 tip,0 no foreign neighbour,98.22265625,0.12396097928285599,1.0,2.0
2669,0,bus,2.0,0.0,4562.0,0.0,3145.0,0,0,3,2 path,0 no foreign neighbour,262.2278747558594,0.15134616196155548,1.0,4.0
2670,0,bus,4.0,0.3333333432674408,4562.0,0.5,3145.0,0,0,0,3+ branch,mixed,1299.8975830078125,0.051503874361515045,1.0,21.0
2671,0,bus,1.0,0.0,4562.0,1.0,3145.0,0,0,0,1 tip,1 all neighbours foreign,417.60546875,0.12989988923072815,1.0,7.0
2672,3,bus+trolley,3.0,0.0,4562.0,0.3333333333333333,610.0,1,1,0,3+ branch,mixed,471.15338134765625,0.12637771666049957,2.0,8.0
2673,3,bus+trolley,2.0,0.0,4562.0,0.0,610.0,1,1,0,2 path,0 no foreign neighbour,522.6568603515625,0.11839639395475388,2.0,9.0
2674,0,bus,1.0,0.0,4562.0,0.0,3145.0,0,0,4,1 tip,0 no foreign neighbour,214.24285888671875,0.14857208728790283,1.0,5.0
2675,0,bus,2.0,0.0,4562.0,0.0,3145.0,0,0,2,2 path,0 no foreign neighbour,123.54742431640625,0.21519699692726135,1.0,2.0
2676,3,bus+trolley,2.0,0.0,4562.0,1.0,610.0,1,1,3,2 path,1 all neighbours foreign,401.65008544921875,0.1074604019522667,2.0,6.0
2677,0,bus,1.0,0.0,4562.0,0.0,3145.0,0,0,3,1 tip,0 no foreign neighbour,174.1634979248047,0.14301246404647827,1.0,3.0
2678,0,bus,1.0,0.0,4562.0,0.0,3145.0,0,0,4,1 tip,0 no foreign neighbour,222.6241912841797,0.16592025756835938,1.0,3.0
2679,0,bus,1.0,0.0,4562.0,0.0,3145.0,0,0,4,1 tip,0 no foreign neighbour,169.51966857910156,0.19581030309200287,1.0,3.0
2680,3,bus+trolley,2.0,0.0,4562.0,1.0,610.0,1,1,3,2 path,1 all neighbours foreign,345.6893005371094,0.09840492159128189,2.0,5.0
2681,3,bus+trolley,3.0,0.0,4562.0,0.6666666666666666,610.0,1,1,3,3+ branch,mixed,375.8624267578125,0.0965069979429245,2.0,6.0
2682,3,bus+trolley,1.0,0.0,4562.0,0.0,610.0,1,1,2,1 tip,0 no foreign neighbour,197.78030395507812,0.0860072672367096,2.0,3.0
2683,0,bus,0.0,0.0,4562.0,,3145.0,0,0,2,0 isolated,,68.81928253173828,0.023939095437526703,1.0,2.0
2684,0,bus,2.0,0.0,4562.0,0.0,3145.0,0,0,4,2 path,0 no foreign neighbour,231.43756103515625,0.015553092584013939,1.0,4.0
2685,3,bus+trolley,1.0,0.0,4562.0,1.0,610.0,1,1,4,1 tip,1 all neighbours foreign,192.70692443847656,0.015044914558529854,2.0,3.0
2686,0,bus,2.0,0.0,4562.0,0.0,3145.0,0,0,3,2 path,0 no foreign neighbour,216.6690673828125,0.12066023051738739,1.0,3.0
2687,0,bus,1.0,0.0,4562.0,0.0,3145.0,0,0,2,1 tip,0 no foreign neighbour,121.43062591552734,0.17773444950580597,1.0,2.0
2688,0,bus,3.0,0.0,4562.0,0.6666666666666666,3145.0,0,0,3,3+ branch,mixed,538.6632080078125,0.045860182493925095,1.0,12.0
2689,0,bus,4.0,0.1666666716337204,4562.0,0.25,3145.0,0,0,5,3+ branch,mixed,1029.1058349609375,0.14622862637043,1.0,19.0
2690,0,bus,2.0,1.0,4562.0,0.0,3145.0,0,0,6,2 path,0 no foreign neighbour,271.7138671875,0.3062429130077362,1.0,4.0
2691,0,bus,2.0,1.0,4562.0,1.0,3145.0,0,0,3,2 path,1 all neighbours foreign,254.9161834716797,0.12256082147359848,1.0,4.0
2692,0,bus,4.0,0.0,4562.0,0.0,3145.0,0,0,3,3+ branch,0 no foreign neighbour,338.18133544921875,0.1532779037952423,1.0,6.0
2693,0,bus,2.0,0.0,4562.0,0.0,3145.0,0,0,0,2 path,0 no foreign neighbour,367.3853454589844,0.39343392848968506,1.0,7.0
2694,0,bus,2.0,0.0,4562.0,0.0,3145.0,0,0,3,2 path,0 no foreign neighbour,210.70851135253906,0.0877402052283287,1.0,4.0
2695,0,bus,2.0,0.0,4562.0,0.5,3145.0,0,0,3,2 path,mixed,227.7971954345703,0.0941176488995552,1.0,4.0
2696,3,bus+trolley,2.0,0.0,4562.0,1.0,610.0,1,1,3,2 path,1 all neighbours foreign,344.6528625488281,0.09266186505556107,2.0,6.0
2697,3,bus+trolley,2.0,0.0,4562.0,0.5,610.0,1,1,3,2 path,mixed,185.45260620117188,0.10339921712875366,2.0,3.0
2698,0,bus,2.0,0.0,4562.0,1.0,3145.0,0,0,3,2 path,1 all neighbours foreign,159.2002410888672,0.1001199409365654,1.0,3.0
2699,0,bus,1.0,0.0,4562.0,1.0,3145.0,0,0,2,1 tip,1 all neighbours foreign,136.95407104492188,0.12300682067871094,1.0,2.0
2700,0,bus,4.0,0.1666666716337204,4562.0,0.0,3145.0,0,0,0,3+ branch,0 no foreign neighbour,154.93409729003906,0.36655670404434204,1.0,4.0
2701,3,bus+trolley,3.0,0.0,4562.0,0.0,610.0,1,1,0,3+ branch,0 no foreign neighbour,477.0075988769531,0.11418220400810242,2.0,8.0
2702,3,bus+trolley,2.0,1.0,4562.0,0.5,610.0,1,1,0,2 path,mixed,389.4127197265625,0.12537287175655365,2.0,6.0
2703,0,bus,2.0,1.0,4562.0,0.5,3145.0,0,0,0,2 path,mixed,180.65443420410156,0.12796612083911896,1.0,3.0
2704,0,bus,2.0,0.0,4562.0,0.0,3145.0,0,0,6,2 path,0 no foreign neighbour,170.9433135986328,0.2604978382587433,1.0,4.0
2705,0,bus,1.0,0.0,4562.0,0.0,3145.0,0,0,4,1 tip,0 no foreign neighbour,66.6761245727539,0.05233638361096382,1.0,1.0
2706,0,bus,2.0,0.0,4562.0,0.0,3145.0,0,0,0,2 path,0 no foreign neighbour,916.2095336914062,0.05289424955844879,1.0,15.0
2707,0,bus,2.0,0.0,4562.0,0.0,3145.0,0,0,0,2 path,0 no foreign neighbour,36.377201080322266,0.1636815071105957,1.0,1.0
2708,0,bus,1.0,0.0,4562.0,0.0,3145.0,0,0,4,1 tip,0 no foreign neighbour,147.74473571777344,0.08179187774658203,1.0,3.0
2709,0,bus,2.0,0.0,4562.0,0.0,3145.0,0,0,0,2 path,0 no foreign neighbour,246.82505798339844,0.08267413079738617,1.0,6.0
2710,0,bus,1.0,0.0,4562.0,0.0,3145.0,0,0,4,1 tip,0 no foreign neighbour,95.35537719726562,0.5505395531654358,1.0,3.0
2711,0,bus,5.0,0.0,4562.0,0.0,3145.0,0,0,6,3+ branch,0 no foreign neighbour,805.000732421875,0.5011457204818726,1.0,20.0
2712,0,bus,3.0,0.0,4562.0,0.0,3145.0,0,0,0,3+ branch,0 no foreign neighbour,358.1505126953125,0.5010638236999512,1.0,8.0
2713,0,bus,1.0,0.0,4562.0,0.0,3145.0,0,0,4,1 tip,0 no foreign neighbour,79.0787353515625,0.4874389171600342,1.0,3.0
2714,0,bus,2.0,1.0,4562.0,0.0,3145.0,0,0,4,2 path,0 no foreign neighbour,77.00787353515625,0.6124109029769897,1.0,2.0
2715,0,bus,2.0,0.0,4562.0,0.0,3145.0,0,0,0,2 path,0 no foreign neighbour,805.000732421875,0.5029516816139221,1.0,20.0
2716,0,bus,2.0,1.0,4562.0,0.0,3145.0,0,0,6,2 path,0 no foreign neighbour,697.064208984375,0.2595437169075012,1.0,8.0
2717,0,bus,3.0,0.3333333432674408,4562.0,0.0,3145.0,0,0,0,3+ branch,0 no foreign neighbour,195.19168090820312,0.45040878653526306,1.0,3.0
2718,0,bus,2.0,1.0,4562.0,0.0,3145.0,0,0,6,2 path,0 no foreign neighbour,697.064208984375,0.2584554851055145,1.0,8.0
2719,0,bus,1.0,0.0,4562.0,0.0,3145.0,0,0,2,1 tip,0 no foreign neighbour,247.54299926757812,0.08407186716794968,1.0,4.0
2720,0,bus,1.0,0.0,4562.0,0.0,3145.0,0,0,0,1 tip,0 no foreign neighbour,335.9535827636719,0.14652512967586517,1.0,5.0
2721,3,bus+trolley,5.0,0.0,4562.0,0.8,610.0,1,1,5,3+ branch,mixed,430.7109069824219,0.12015768885612488,2.0,7.0
2722,0,bus,3.0,0.3333333432674408,4562.0,0.0,3145.0,0,0,0,3+ branch,0 no foreign neighbour,367.3853454589844,0.39399486780166626,1.0,7.0
2723,0,bus,1.0,0.0,4562.0,1.0,3145.0,0,0,2,1 tip,1 all neighbours foreign,103.20376586914062,0.1326024979352951,1.0,2.0
2724,0,bus,1.0,0.0,4562.0,0.0,3145.0,0,0,4,1 tip,0 no foreign neighbour,39.781009674072266,0.044643137603998184,1.0,1.0
2725,0,bus,1.0,0.0,4562.0,0.0,3145.0,0,0,2,1 tip,0 no foreign neighbour,4.9738664627075195,0.04698653519153595,1.0,1.0
2726,0,bus,1.0,0.0,4562.0,0.0,3145.0,0,0,2,1 tip,0 no foreign neighbour,164.5399932861328,0.18670754134655,1.0,3.0
2727,0,bus,1.0,0.0,4562.0,1.0,3145.0,0,0,3,1 tip,1 all neighbours foreign,230.2181396484375,0.21825076639652252,1.0,4.0
2728,0,bus,1.0,0.0,4562.0,0.0,3145.0,0,0,4,1 tip,0 no foreign neighbour,32.819950103759766,0.08211677521467209,1.0,1.0
2729,0,bus,2.0,0.0,4562.0,0.0,3145.0,0,0,4,2 path,0 no foreign neighbour,122.91043853759766,0.08319627493619919,1.0,2.0
2730,3,bus+trolley,2.0,0.0,4562.0,0.5,610.0,1,1,3,2 path,mixed,135.4048614501953,0.05451250821352005,2.0,3.0
2731,0,bus,2.0,1.0,4562.0,0.0,3145.0,0,0,3,2 path,0 no foreign neighbour,189.060546875,0.10835379362106323,1.0,4.0
2732,0,bus,2.0,1.0,4562.0,0.5,3145.0,0,0,3,2 path,mixed,207.28182983398438,0.10485712438821793,1.0,3.0
2733,0,bus,1.0,0.0,4562.0,0.0,3145.0,0,0,4,1 tip,0 no foreign neighbour,50.5258674621582,0.10560529679059982,1.0,1.0
2734,0,bus,2.0,0.0,4562.0,0.5,3145.0,0,0,2,2 path,mixed,151.3588104248047,0.10765184462070465,1.0,3.0
2735,0,bus,1.0,0.0,4562.0,1.0,3145.0,0,0,3,1 tip,1 all neighbours foreign,175.00950622558594,0.10506235808134079,1.0,3.0
2736,0,bus,2.0,0.0,4562.0,0.5,3145.0,0,0,3,2 path,mixed,327.3834533691406,0.23451578617095947,1.0,7.0
2737,0,bus,1.0,0.0,4562.0,0.0,3145.0,0,0,0,1 tip,0 no foreign neighbour,14.977242469787598,0.2550720274448395,1.0,1.0
2738,0,bus,2.0,0.0,4562.0,0.0,3145.0,0,0,6,2 path,0 no foreign neighbour,477.5664367675781,0.2554064989089966,1.0,8.0
2739,3,bus+trolley,2.0,0.0,4562.0,0.5,610.0,1,1,5,2 path,mixed,353.1092529296875,0.13828308880329132,2.0,6.0
2740,0,bus,1.0,0.0,4562.0,0.0,3145.0,0,0,0,1 tip,0 no foreign neighbour,237.6829376220703,0.38239675760269165,1.0,7.0
2741,0,bus,3.0,0.0,4562.0,0.3333333333333333,3145.0,0,0,3,3+ branch,mixed,262.7778625488281,0.08562298864126205,1.0,4.0
2742,0,bus,5.0,0.10000000149011612,4562.0,0.4,3145.0,0,0,5,3+ branch,mixed,703.1057739257812,0.14351537823677063,1.0,13.0
2743,1,bus+tram,5.0,0.20000000298023224,4562.0,0.6,149.0,1,1,3,3+ branch,mixed,314.3692932128906,0.10593494027853012,2.0,6.0
2744,0,bus,2.0,0.0,4562.0,0.0,3145.0,0,0,2,2 path,0 no foreign neighbour,129.31634521484375,0.15480443835258484,1.0,2.0
2745,0,bus,1.0,0.0,4562.0,0.0,3145.0,0,0,2,1 tip,0 no foreign neighbour,71.74620056152344,0.15727317333221436,1.0,1.0
2746,0,bus,1.0,0.0,4562.0,1.0,3145.0,0,0,4,1 tip,1 all neighbours foreign,244.39845275878906,0.05560639500617981,1.0,5.0
2747,0,bus,4.0,0.0,4562.0,0.25,3145.0,0,0,3,3+ branch,mixed,229.85086059570312,0.17056319117546082,1.0,5.0
2748,0,bus,2.0,0.0,4562.0,0.0,3145.0,0,0,5,2 path,0 no foreign neighbour,445.8670654296875,0.09941574186086655,1.0,8.0
2749,0,bus,3.0,0.0,4562.0,0.0,3145.0,0,0,5,3+ branch,0 no foreign neighbour,445.8670654296875,0.0994739979505539,1.0,8.0
2750,0,bus,1.0,0.0,4562.0,0.0,3145.0,0,0,0,1 tip,0 no foreign neighbour,14.475418090820312,0.28243115544319153,1.0,1.0
2751,0,bus,1.0,0.0,4562.0,0.0,3145.0,0,0,0,1 tip,0 no foreign neighbour,224.93946838378906,0.11952460557222366,1.0,4.0
2752,0,bus,1.0,0.0,4562.0,0.0,3145.0,0,0,0,1 tip,0 no foreign neighbour,42.46338653564453,0.6205347776412964,1.0,1.0
2753,0,bus,1.0,0.0,4562.0,0.0,3145.0,0,0,5,1 tip,0 no foreign neighbour,129.8475799560547,0.16852548718452454,1.0,2.0
2754,0,bus,1.0,0.0,4562.0,1.0,3145.0,0,0,4,1 tip,1 all neighbours foreign,57.05073165893555,0.09705293923616409,1.0,1.0
2755,0,bus,1.0,0.0,4562.0,0.0,3145.0,0,0,4,1 tip,0 no foreign neighbour,210.32080078125,0.034254565834999084,1.0,3.0
2756,0,bus,5.0,0.10000000149011612,4562.0,0.0,3145.0,0,0,6,3+ branch,0 no foreign neighbour,420.91778564453125,0.4885718524456024,1.0,11.0
2757,0,bus,2.0,0.0,4562.0,0.0,3145.0,0,0,4,2 path,0 no foreign neighbour,280.04766845703125,0.16219009459018707,1.0,4.0
2758,0,bus,1.0,0.0,4562.0,0.0,3145.0,0,0,2,1 tip,0 no foreign neighbour,26.20235824584961,0.2063969373703003,1.0,1.0
2759,0,bus,2.0,0.0,4562.0,0.0,3145.0,0,0,6,2 path,0 no foreign neighbour,697.064208984375,0.2738454043865204,1.0,8.0
2760,0,bus,2.0,0.0,4562.0,1.0,3145.0,0,0,6,2 path,1 all neighbours foreign,864.8868408203125,0.09133728593587875,1.0,17.0
2761,0,bus,2.0,0.0,4562.0,0.0,3145.0,0,0,3,2 path,0 no foreign neighbour,214.87310791015625,0.048147644847631454,1.0,4.0
2762,0,bus,4.0,0.0,4562.0,0.0,3145.0,0,0,4,3+ branch,0 no foreign neighbour,224.93946838378906,0.11528217792510986,1.0,4.0
2763,0,bus,3.0,0.0,4562.0,0.0,3145.0,0,0,6,3+ branch,0 no foreign neighbour,477.53924560546875,0.2840823531150818,1.0,9.0
2764,0,bus,1.0,0.0,4562.0,0.0,3145.0,0,0,2,1 tip,0 no foreign neighbour,31.81903839111328,0.10297531634569168,1.0,1.0
2765,0,bus,4.0,0.0,4562.0,0.25,3145.0,0,0,0,3+ branch,mixed,223.51309204101562,0.09768243134021759,1.0,5.0
2766,0,bus,1.0,0.0,4562.0,0.0,3145.0,0,0,2,1 tip,0 no foreign neighbour,31.81903839111328,0.10339110344648361,1.0,1.0
2767,0,bus,1.0,0.0,4562.0,0.0,3145.0,0,0,4,1 tip,0 no foreign neighbour,101.94214630126953,0.10260280966758728,1.0,2.0
2768,0,bus,3.0,0.0,4562.0,0.0,3145.0,0,0,2,3+ branch,0 no foreign neighbour,189.7518310546875,0.1022699624300003,1.0,3.0
2769,0,bus,1.0,0.0,4562.0,0.0,3145.0,0,0,3,1 tip,0 no foreign neighbour,189.7518310546875,0.10152294486761093,1.0,3.0
2770,0,bus,1.0,0.0,4562.0,1.0,3145.0,0,0,0,1 tip,1 all neighbours foreign,611.3783569335938,0.06001732498407364,1.0,9.0
2771,0,bus,2.0,0.0,4562.0,0.0,3145.0,0,0,2,2 path,0 no foreign neighbour,143.33355712890625,0.10217271745204926,1.0,2.0
2772,0,bus,1.0,0.0,4562.0,0.0,3145.0,0,0,2,1 tip,0 no foreign neighbour,105.14523315429688,0.24515730142593384,1.0,2.0
2773,0,bus,3.0,0.0,4562.0,0.0,3145.0,0,0,2,3+ branch,0 no foreign neighbour,83.7671127319336,0.11277125030755997,1.0,3.0
2774,0,bus,3.0,0.0,4562.0,0.0,3145.0,0,0,6,3+ branch,0 no foreign neighbour,838.5955200195312,0.25945740938186646,1.0,16.0
2775,0,bus,2.0,0.0,4562.0,0.0,3145.0,0,0,4,2 path,0 no foreign neighbour,176.37521362304688,0.05995365232229233,1.0,4.0
2776,0,bus,1.0,0.0,4562.0,1.0,3145.0,0,0,3,1 tip,1 all neighbours foreign,76.51005554199219,0.2142549455165863,1.0,2.0
2777,0,bus,2.0,0.0,4562.0,0.0,3145.0,0,0,2,2 path,0 no foreign neighbour,127.79696655273438,1.007802963256836,1.0,2.0
2778,0,bus,3.0,0.3333333432674408,4562.0,0.3333333333333333,3145.0,0,0,5,3+ branch,mixed,723.3035888671875,0.18635277450084686,1.0,14.0
2779,0,bus,2.0,0.0,4562.0,0.0,3145.0,0,0,3,2 path,0 no foreign neighbour,154.00341796875,0.11572826653718948,1.0,4.0
2780,0,bus,2.0,0.0,4562.0,0.0,3145.0,0,0,0,2 path,0 no foreign neighbour,158.7216033935547,0.15418890118598938,1.0,2.0
2781,0,bus,3.0,0.0,4562.0,0.3333333333333333,3145.0,0,0,2,3+ branch,mixed,117.56835174560547,0.21050810813903809,1.0,4.0
2782,0,bus,1.0,0.0,4562.0,0.0,3145.0,0,0,4,1 tip,0 no foreign neighbour,99.558349609375,0.07790707051753998,1.0,2.0
2783,0,bus,2.0,1.0,4562.0,0.5,3145.0,0,0,3,2 path,mixed,267.33331298828125,0.18265725672245026,1.0,5.0
2784,3,bus+trolley,3.0,0.0,4562.0,1.0,610.0,1,1,2,3+ branch,1 all neighbours foreign,217.91531372070312,0.2021407186985016,2.0,3.0
2785,0,bus,2.0,0.0,4562.0,0.0,3145.0,0,0,2,2 path,0 no foreign neighbour,101.80713653564453,0.20734572410583496,1.0,2.0
2786,0,bus,1.0,0.0,4562.0,0.0,3145.0,0,0,2,1 tip,0 no foreign neighbour,64.6655502319336,0.2140115350484848,1.0,1.0
2787,0,bus,3.0,0.0,4562.0,0.6666666666666666,3145.0,0,0,4,3+ branch,mixed,296.14080810546875,0.07729535549879074,1.0,4.0
2788,0,bus,1.0,0.0,4562.0,0.0,3145.0,0,0,3,1 tip,0 no foreign neighbour,262.5482177734375,0.22317254543304443,1.0,5.0
2789,0,bus,2.0,0.0,4562.0,0.0,3145.0,0,0,3,2 path,0 no foreign neighbour,417.93798828125,0.06765522807836533,1.0,10.0
2790,0,bus,2.0,0.0,4562.0,0.5,3145.0,0,0,4,2 path,mixed,514.8829345703125,0.16568702459335327,1.0,9.0
2791,0,bus,2.0,0.0,4562.0,0.0,3145.0,0,0,5,2 path,0 no foreign neighbour,541.44775390625,0.06715435534715652,1.0,13.0
2792,0,bus,2.0,0.0,4562.0,0.0,3145.0,0,0,3,2 path,0 no foreign neighbour,179.1131591796875,0.17364999651908875,1.0,3.0
2793,0,bus,1.0,0.0,4562.0,0.0,3145.0,0,0,0,1 tip,0 no foreign neighbour,409.6582336425781,0.13278287649154663,1.0,9.0
2794,0,bus,1.0,0.0,4562.0,0.0,3145.0,0,0,4,1 tip,0 no foreign neighbour,48.18185043334961,0.25867176055908203,1.0,2.0
2795,0,bus,1.0,0.0,4562.0,0.0,3145.0,0,0,4,1 tip,0 no foreign neighbour,142.3748016357422,0.16158242523670197,1.0,3.0
2796,0,bus,1.0,0.0,4562.0,0.0,3145.0,0,0,4,1 tip,0 no foreign neighbour,30.894052505493164,0.1642797738313675,1.0,1.0
2797,0,bus,2.0,0.0,4562.0,0.5,3145.0,0,0,2,2 path,mixed,283.5274963378906,0.10404928773641586,1.0,4.0
2798,0,bus,2.0,0.0,4562.0,0.0,3145.0,0,0,3,2 path,0 no foreign neighbour,402.55023193359375,0.10040604323148727,1.0,7.0
2799,0,bus,1.0,0.0,4562.0,0.0,3145.0,0,0,4,1 tip,0 no foreign neighbour,125.51565551757812,0.10508283227682114,1.0,2.0
2800,3,bus+trolley,2.0,0.0,4562.0,1.0,610.0,1,1,4,2 path,1 all neighbours foreign,150.3232879638672,0.08262621611356735,2.0,3.0
2801,0,bus,2.0,0.0,4562.0,1.0,3145.0,0,0,2,2 path,1 all neighbours foreign,111.86217498779297,0.10711800307035446,1.0,3.0
2802,0,bus,2.0,1.0,4562.0,0.0,3145.0,0,0,4,2 path,0 no foreign neighbour,134.90696716308594,0.12174468487501144,1.0,3.0
2803,0,bus,1.0,0.0,4562.0,0.0,3145.0,0,0,4,1 tip,0 no foreign neighbour,31.400720596313477,0.20499348640441895,1.0,1.0
2804,0,bus,1.0,0.0,4562.0,0.0,3145.0,0,0,2,1 tip,0 no foreign neighbour,40.77119064331055,0.15189826488494873,1.0,1.0
2805,0,bus,1.0,0.0,4562.0,0.0,3145.0,0,0,2,1 tip,0 no foreign neighbour,62.420169830322266,0.1537516713142395,1.0,2.0
2806,0,bus,1.0,0.0,4562.0,0.0,3145.0,0,0,0,1 tip,0 no foreign neighbour,394.6212463378906,0.13891766965389252,1.0,7.0
2807,0,bus,4.0,0.1666666716337204,4562.0,0.0,3145.0,0,0,3,3+ branch,0 no foreign neighbour,333.1900939941406,0.1433676928281784,1.0,6.0
2808,3,bus+trolley,2.0,0.0,4562.0,0.5,610.0,1,1,3,2 path,mixed,313.9251403808594,0.1547296941280365,2.0,6.0
2809,0,bus,1.0,0.0,4562.0,0.0,3145.0,0,0,0,1 tip,0 no foreign neighbour,277.02142333984375,0.13784779608249664,1.0,5.0
2810,0,bus,1.0,0.0,4562.0,1.0,3145.0,0,0,4,1 tip,1 all neighbours foreign,22.34151268005371,0.10987983644008636,1.0,1.0
2811,0,bus,1.0,0.0,4562.0,0.0,3145.0,0,0,4,1 tip,0 no foreign neighbour,214.00511169433594,0.08216728270053864,1.0,5.0
2812,0,bus,4.0,0.0,4562.0,0.25,3145.0,0,0,0,3+ branch,mixed,277.02142333984375,0.13497294485569,1.0,5.0
2813,0,bus,2.0,0.0,4562.0,0.5,3145.0,0,0,2,2 path,mixed,173.6637725830078,0.07448483258485794,1.0,3.0
2814,0,bus,1.0,0.0,4562.0,0.0,3145.0,0,0,3,1 tip,0 no foreign neighbour,52.88328552246094,0.174073725938797,1.0,1.0
2815,0,bus,1.0,0.0,4562.0,0.0,3145.0,0,0,4,1 tip,0 no foreign neighbour,89.66216278076172,0.2510678768157959,1.0,2.0
2816,0,bus,2.0,0.0,4562.0,1.0,3145.0,0,0,4,2 path,1 all neighbours foreign,110.5147705078125,0.14439783990383148,1.0,2.0
2817,0,bus,1.0,0.0,4562.0,0.0,3145.0,0,0,3,1 tip,0 no foreign neighbour,182.63449096679688,0.12364889681339264,1.0,3.0
2818,0,bus,2.0,0.0,4562.0,0.0,3145.0,0,0,3,2 path,0 no foreign neighbour,94.1065902709961,0.10353752970695496,1.0,2.0
2819,0,bus,1.0,0.0,4562.0,0.0,3145.0,0,0,4,1 tip,0 no foreign neighbour,194.39053344726562,0.1914902776479721,1.0,3.0
2820,0,bus,2.0,0.0,4562.0,0.5,3145.0,0,0,2,2 path,mixed,96.6904067993164,0.11755568534135818,1.0,2.0
2821,0,bus,3.0,0.0,4562.0,0.3333333333333333,3145.0,0,0,2,3+ branch,mixed,82.27015686035156,0.19329090416431427,1.0,2.0
2822,0,bus,1.0,0.0,4562.0,0.0,3145.0,0,0,4,1 tip,0 no foreign neighbour,135.9119873046875,0.116971954703331,1.0,3.0
2823,0,bus,2.0,0.0,4562.0,0.0,3145.0,0,0,2,2 path,0 no foreign neighbour,38.45223617553711,0.2787175178527832,1.0,1.0
2824,0,bus,1.0,0.0,4562.0,0.0,3145.0,0,0,2,1 tip,0 no foreign neighbour,38.45223617553711,0.282429963350296,1.0,1.0
2825,0,bus,1.0,0.0,4562.0,0.0,3145.0,0,0,0,1 tip,0 no foreign neighbour,387.5130310058594,0.14880214631557465,1.0,6.0
2826,0,bus,2.0,0.0,4562.0,0.0,3145.0,0,0,4,2 path,0 no foreign neighbour,135.9119873046875,0.11402004957199097,1.0,3.0
2827,0,bus,3.0,0.0,4562.0,0.0,3145.0,0,0,0,3+ branch,0 no foreign neighbour,335.9535827636719,0.14700479805469513,1.0,5.0
2828,0,bus,2.0,0.0,4562.0,0.5,3145.0,0,0,0,2 path,mixed,577.4149169921875,0.14655904471874237,1.0,7.0
2829,0,bus,2.0,0.0,4562.0,0.0,3145.0,0,0,6,2 path,0 no foreign neighbour,749.1968383789062,0.12756460905075073,1.0,15.0
2830,3,bus+trolley,1.0,0.0,4562.0,0.0,610.0,1,1,4,1 tip,0 no foreign neighbour,322.4595642089844,0.156858429312706,2.0,6.0
2831,0,bus,1.0,0.0,4562.0,0.0,3145.0,0,0,4,1 tip,0 no foreign neighbour,57.05073165893555,0.10491400957107544,1.0,1.0
2832,0,bus,2.0,0.0,4562.0,0.0,3145.0,0,0,0,2 path,0 no foreign neighbour,387.5130310058594,0.1492873579263687,1.0,6.0
2833,0,bus,4.0,0.0,4562.0,0.0,3145.0,0,0,0,3+ branch,0 no foreign neighbour,387.5130310058594,0.15079432725906372,1.0,6.0
2834,0,bus,1.0,0.0,4562.0,0.0,3145.0,0,0,2,1 tip,0 no foreign neighbour,26.20235824584961,0.182184636592865,1.0,1.0
2835,0,bus,1.0,0.0,4562.0,0.0,3145.0,0,0,0,1 tip,0 no foreign neighbour,671.2382202148438,0.3587132394313812,1.0,12.0
2836,0,bus,1.0,0.0,4562.0,0.0,3145.0,0,0,4,1 tip,0 no foreign neighbour,121.38131713867188,0.4453563392162323,1.0,2.0
2837,0,bus,3.0,0.0,4562.0,0.0,3145.0,0,0,0,3+ branch,0 no foreign neighbour,444.0797119140625,0.0845319926738739,1.0,12.0
2838,0,bus,2.0,0.0,4562.0,0.5,3145.0,0,0,3,2 path,mixed,46.41826629638672,0.10792084783315659,1.0,1.0
2839,0,bus,1.0,0.0,4562.0,0.0,3145.0,0,0,2,1 tip,0 no foreign neighbour,143.33355712890625,0.10291047394275665,1.0,2.0
2840,0,bus,5.0,0.0,4562.0,0.0,3145.0,0,0,6,3+ branch,0 no foreign neighbour,402.40814208984375,0.2522238492965698,1.0,10.0
2841,0,bus,1.0,0.0,4562.0,0.0,3145.0,0,0,6,1 tip,0 no foreign neighbour,703.5441284179688,0.24864014983177185,1.0,18.0
2842,0,bus,1.0,0.0,4562.0,1.0,3145.0,0,0,4,1 tip,1 all neighbours foreign,215.16334533691406,0.12009688466787338,1.0,4.0
2843,0,bus,2.0,0.0,4562.0,1.0,3145.0,0,0,0,2 path,1 all neighbours foreign,545.1383056640625,0.0734972283244133,1.0,9.0
2844,0,bus,2.0,0.0,4562.0,0.5,3145.0,0,0,4,2 path,mixed,219.00123596191406,0.027676410973072052,1.0,5.0
2845,0,bus,1.0,0.0,4562.0,1.0,3145.0,0,0,3,1 tip,1 all neighbours foreign,226.31326293945312,0.14278782904148102,1.0,4.0
2846,0,bus,1.0,0.0,4562.0,0.0,3145.0,0,0,3,1 tip,0 no foreign neighbour,174.31851196289062,0.16350039839744568,1.0,3.0
2847,0,bus,1.0,0.0,4562.0,1.0,3145.0,0,0,5,1 tip,1 all neighbours foreign,687.3153686523438,0.18280252814292908,1.0,12.0
2848,0,bus,4.0,0.3333333432674408,4562.0,0.25,3145.0,0,0,3,3+ branch,mixed,353.18017578125,0.09564786404371262,1.0,7.0
2849,3,bus+trolley,5.0,0.10000000149011612,4562.0,0.6,610.0,1,1,5,3+ branch,mixed,751.37744140625,0.1407598853111267,2.0,14.0
2850,0,bus,3.0,0.0,4562.0,0.3333333333333333,3145.0,0,0,5,3+ branch,mixed,564.5319213867188,0.07001811265945435,1.0,8.0
2851,0,bus,2.0,0.0,4562.0,0.0,3145.0,0,0,3,2 path,0 no foreign neighbour,181.2721710205078,0.10071790963411331,1.0,4.0
2852,0,bus,1.0,0.0,4562.0,0.0,3145.0,0,0,4,1 tip,0 no foreign neighbour,120.76793670654297,0.11498720198869705,1.0,2.0
2853,0,bus,1.0,0.0,4562.0,0.0,3145.0,0,0,2,1 tip,0 no foreign neighbour,25.30094337463379,0.19084012508392334,1.0,1.0
2854,0,bus,2.0,0.0,4562.0,0.5,3145.0,0,0,3,2 path,mixed,160.1983184814453,0.14226959645748138,1.0,3.0
2855,0,bus,4.0,0.0,4562.0,0.5,3145.0,0,0,4,3+ branch,mixed,120.76793670654297,0.11073309928178787,1.0,2.0
2856,0,bus,1.0,0.0,4562.0,1.0,3145.0,0,0,4,1 tip,1 all neighbours foreign,130.1082763671875,0.1037052720785141,1.0,2.0
2857,0,bus,3.0,0.3333333432674408,4562.0,0.0,3145.0,0,0,6,3+ branch,0 no foreign neighbour,704.33984375,0.2717560827732086,1.0,13.0
2858,0,bus,1.0,0.0,4562.0,1.0,3145.0,0,0,4,1 tip,1 all neighbours foreign,63.02680969238281,0.20423623919487,1.0,2.0
2859,0,bus,1.0,0.0,4562.0,0.0,3145.0,0,0,3,1 tip,0 no foreign neighbour,264.1379699707031,0.3632930517196655,1.0,8.0
2860,0,bus,2.0,0.0,4562.0,0.0,3145.0,0,0,3,2 path,0 no foreign neighbour,264.1379699707031,0.36388343572616577,1.0,8.0
2861,3,bus+trolley,1.0,0.0,4562.0,0.0,610.0,1,1,2,1 tip,0 no foreign neighbour,138.16018676757812,0.13281689584255219,2.0,2.0
2862,0,bus,4.0,0.3333333432674408,4562.0,0.0,3145.0,0,0,5,3+ branch,0 no foreign neighbour,781.7874145507812,0.6325618624687195,1.0,21.0
2863,0,bus,2.0,0.0,4562.0,0.5,3145.0,0,0,2,2 path,mixed,36.85954284667969,0.08387313038110733,1.0,1.0
2864,0,bus,1.0,0.0,4562.0,0.0,3145.0,0,0,4,1 tip,0 no foreign neighbour,183.4818878173828,0.07705002278089523,1.0,4.0
2865,0,bus,1.0,0.0,4562.0,0.0,3145.0,0,0,5,1 tip,0 no foreign neighbour,702.627197265625,0.6355740427970886,1.0,20.0
2866,0,bus,0.0,0.0,4562.0,,3145.0,0,0,2,0 isolated,,55.60774230957031,0.15795005857944489,1.0,1.0
2867,0,bus,2.0,0.0,4562.0,0.0,3145.0,0,0,4,2 path,0 no foreign neighbour,111.50550079345703,0.14891691505908966,1.0,2.0
2868,0,bus,1.0,0.0,4562.0,0.0,3145.0,0,0,4,1 tip,0 no foreign neighbour,55.60774230957031,0.1571597009897232,1.0,1.0
2869,0,bus,1.0,0.0,4562.0,0.0,3145.0,0,0,5,1 tip,0 no foreign neighbour,711.0980834960938,0.17210982739925385,1.0,10.0
2870,0,bus,3.0,0.0,4562.0,0.0,3145.0,0,0,4,3+ branch,0 no foreign neighbour,313.9184265136719,0.012560037896037102,1.0,6.0
2871,0,bus,1.0,0.0,4562.0,0.0,3145.0,0,0,0,1 tip,0 no foreign neighbour,597.0586547851562,0.12479164451360703,1.0,11.0
2872,0,bus,2.0,1.0,4562.0,0.0,3145.0,0,0,6,2 path,0 no foreign neighbour,353.26690673828125,0.5034643411636353,1.0,8.0
2873,0,bus,2.0,0.0,4562.0,0.0,3145.0,0,0,0,2 path,0 no foreign neighbour,394.6212463378906,0.14916667342185974,1.0,7.0
2874,0,bus,1.0,0.0,4562.0,0.0,3145.0,0,0,4,1 tip,0 no foreign neighbour,34.70537185668945,0.09171012789011002,1.0,1.0
2875,0,bus,2.0,0.0,4562.0,0.0,3145.0,0,0,4,2 path,0 no foreign neighbour,153.56390380859375,0.14052213728427887,1.0,3.0
2876,0,bus,4.0,0.0,4562.0,0.25,3145.0,0,0,0,3+ branch,mixed,189.30348205566406,0.14901919662952423,1.0,4.0
2877,0,bus,4.0,0.1666666716337204,4562.0,0.0,3145.0,0,0,0,3+ branch,0 no foreign neighbour,603.5745239257812,0.34116679430007935,1.0,12.0
2878,0,bus,1.0,0.0,4562.0,1.0,3145.0,0,0,4,1 tip,1 all neighbours foreign,156.43406677246094,0.06146979704499245,1.0,3.0
2879,0,bus,1.0,0.0,4562.0,0.0,3145.0,0,0,0,1 tip,0 no foreign neighbour,175.93356323242188,0.5069268941879272,1.0,4.0
2880,0,bus,2.0,0.0,4562.0,0.0,3145.0,0,0,5,2 path,0 no foreign neighbour,625.3658447265625,0.18136315047740936,1.0,10.0
2881,0,bus,3.0,0.0,4562.0,0.0,3145.0,0,0,0,3+ branch,0 no foreign neighbour,628.2394409179688,0.341612309217453,1.0,13.0
2882,0,bus,1.0,0.0,4562.0,0.0,3145.0,0,0,3,1 tip,0 no foreign neighbour,248.6228790283203,0.19455577433109283,1.0,3.0
2883,0,bus,2.0,0.0,4562.0,0.0,3145.0,0,0,1,2 path,0 no foreign neighbour,140.26763916015625,0.34081926941871643,1.0,2.0
2884,0,bus,2.0,0.0,4562.0,0.0,3145.0,0,0,2,2 path,0 no foreign neighbour,108.1617431640625,0.07593879103660583,1.0,3.0
2885,0,bus,1.0,0.0,4562.0,0.0,3145.0,0,0,2,1 tip,0 no foreign neighbour,111.86217498779297,0.0912165492773056,1.0,3.0
2886,0,bus,2.0,0.0,4562.0,0.0,3145.0,0,0,4,2 path,0 no foreign neighbour,207.2455291748047,0.2068593055009842,1.0,4.0
2887,0,bus,2.0,0.0,4562.0,0.0,3145.0,0,0,4,2 path,0 no foreign neighbour,68.64012145996094,0.11445889621973038,1.0,1.0
2888,0,bus,1.0,0.0,4562.0,1.0,3145.0,0,0,3,1 tip,1 all neighbours foreign,129.30911254882812,0.09724778681993484,1.0,2.0
2889,0,bus,2.0,0.0,4562.0,0.0,3145.0,0,0,2,2 path,0 no foreign neighbour,112.04261779785156,0.08560485392808914,1.0,3.0
2890,0,bus,1.0,0.0,4562.0,0.0,3145.0,0,0,2,1 tip,0 no foreign neighbour,112.04261779785156,0.0775817409157753,1.0,3.0
2891,0,bus,1.0,0.0,4562.0,0.0,3145.0,0,0,3,1 tip,0 no foreign neighbour,195.90040588378906,0.07053728401660919,1.0,4.0
2892,0,bus,1.0,0.0,4562.0,1.0,3145.0,0,0,4,1 tip,1 all neighbours foreign,169.43626403808594,0.07620889693498611,1.0,2.0
2893,0,bus,3.0,0.0,4562.0,0.6666666666666666,3145.0,0,0,3,3+ branch,mixed,263.2930908203125,0.07644523680210114,1.0,5.0
2894,0,bus,3.0,0.0,4562.0,0.0,3145.0,0,0,4,3+ branch,0 no foreign neighbour,131.49282836914062,0.09099570661783218,1.0,3.0
2895,0,bus,1.0,0.0,4562.0,0.0,3145.0,0,0,0,1 tip,0 no foreign neighbour,62.607933044433594,0.8600510358810425,1.0,1.0
2896,0,bus,1.0,0.0,4562.0,0.0,3145.0,0,0,0,1 tip,0 no foreign neighbour,78.11233520507812,0.5221943259239197,1.0,1.0
2897,0,bus,3.0,0.0,4562.0,0.0,3145.0,0,0,6,3+ branch,0 no foreign neighbour,84.23640441894531,1.2129565477371216,1.0,2.0
2898,0,bus,2.0,0.0,4562.0,0.0,3145.0,0,0,5,2 path,0 no foreign neighbour,572.23681640625,0.0822116807103157,1.0,9.0
2899,0,bus,3.0,0.0,4562.0,0.0,3145.0,0,0,6,3+ branch,0 no foreign neighbour,245.0631866455078,0.8891379237174988,1.0,5.0
2900,0,bus,1.0,0.0,4562.0,0.0,3145.0,0,0,6,1 tip,0 no foreign neighbour,245.0631866455078,0.8880274295806885,1.0,5.0
2901,0,bus,2.0,0.0,4562.0,0.5,3145.0,0,0,3,2 path,mixed,159.2790069580078,0.16748452186584473,1.0,3.0
2902,0,bus,2.0,0.0,4562.0,0.0,3145.0,0,0,0,2 path,0 no foreign neighbour,37.70901870727539,1.04204523563385,1.0,1.0
2903,0,bus,2.0,0.0,4562.0,0.0,3145.0,0,0,3,2 path,0 no foreign neighbour,141.9998016357422,0.17062553763389587,1.0,2.0
2904,0,bus,2.0,0.0,4562.0,0.0,3145.0,0,0,0,2 path,0 no foreign neighbour,130.00552368164062,0.42350834608078003,1.0,4.0
2905,0,bus,2.0,0.0,4562.0,0.0,3145.0,0,0,2,2 path,0 no foreign neighbour,112.9832763671875,0.14468854665756226,1.0,3.0
2906,0,bus,1.0,0.0,4562.0,0.0,3145.0,0,0,0,1 tip,0 no foreign neighbour,15.730132102966309,0.39450064301490784,1.0,1.0
2907,0,bus,2.0,1.0,4562.0,0.0,3145.0,0,0,2,2 path,0 no foreign neighbour,173.41958618164062,0.11928687989711761,1.0,3.0
2908,0,bus,2.0,0.0,4562.0,0.5,3145.0,0,0,4,2 path,mixed,219.8187255859375,0.11198055744171143,1.0,4.0
2909,0,bus,1.0,0.0,4562.0,1.0,3145.0,0,0,4,1 tip,1 all neighbours foreign,121.59606170654297,0.10717300325632095,1.0,2.0
2910,0,bus,1.0,0.0,4562.0,0.0,3145.0,0,0,3,1 tip,0 no foreign neighbour,257.4627685546875,0.132409006357193,1.0,4.0
2911,3,bus+trolley,2.0,1.0,4562.0,0.0,610.0,1,1,5,2 path,0 no foreign neighbour,671.9124755859375,0.13431285321712494,2.0,13.0
2912,0,bus,2.0,0.0,4562.0,0.0,3145.0,0,0,0,2 path,0 no foreign neighbour,162.7877197265625,0.28367409110069275,1.0,5.0
2913,0,bus,1.0,0.0,4562.0,1.0,3145.0,0,0,4,1 tip,1 all neighbours foreign,136.33053588867188,0.05631734058260918,1.0,2.0
2914,0,bus,1.0,0.0,4562.0,0.0,3145.0,0,0,2,1 tip,0 no foreign neighbour,144.38084411621094,0.10062038153409958,1.0,3.0
2915,0,bus,1.0,0.0,4562.0,1.0,3145.0,0,0,3,1 tip,1 all neighbours foreign,7.493507385253906,0.1419345736503601,1.0,1.0
2916,0,bus,1.0,0.0,4562.0,1.0,3145.0,0,0,4,1 tip,1 all neighbours foreign,136.33053588867188,0.05534415692090988,1.0,2.0
2917,0,bus,1.0,0.0,4562.0,1.0,3145.0,0,0,3,1 tip,1 all neighbours foreign,53.86854934692383,0.1092720478773117,1.0,1.0
2918,0,bus,2.0,1.0,4562.0,0.5,3145.0,0,0,2,2 path,mixed,122.91043853759766,0.08952818065881729,1.0,2.0
2919,0,bus,2.0,0.0,4562.0,0.0,3145.0,0,0,4,2 path,0 no foreign neighbour,94.09291076660156,0.05888349190354347,1.0,2.0
2920,3,bus+trolley,2.0,0.0,4562.0,0.5,610.0,1,1,3,2 path,mixed,411.8608703613281,0.0895179957151413,2.0,7.0
2921,0,bus,2.0,0.0,4562.0,0.5,3145.0,0,0,4,2 path,mixed,115.98221588134766,0.04755797237157822,1.0,2.0
2922,0,bus,1.0,0.0,4562.0,0.0,3145.0,0,0,4,1 tip,0 no foreign neighbour,46.895057678222656,0.06524874269962311,1.0,1.0
2923,0,bus,1.0,0.0,4562.0,1.0,3145.0,0,0,3,1 tip,1 all neighbours foreign,139.91944885253906,0.09284161776304245,1.0,2.0
2924,0,bus,1.0,0.0,4562.0,1.0,3145.0,0,0,2,1 tip,1 all neighbours foreign,217.82208251953125,0.0908031016588211,1.0,3.0
2925,0,bus,2.0,0.0,4562.0,0.0,3145.0,0,0,0,2 path,0 no foreign neighbour,266.3921203613281,0.40894851088523865,1.0,6.0
2926,0,bus,2.0,0.0,4562.0,0.0,3145.0,0,0,0,2 path,0 no foreign neighbour,354.79833984375,0.2934877872467041,1.0,8.0
2927,3,bus+trolley,3.0,0.0,4562.0,1.0,610.0,1,1,4,3+ branch,1 all neighbours foreign,217.91531372070312,0.20295552909374237,2.0,3.0
2928,0,bus,2.0,0.0,4562.0,0.0,3145.0,0,0,5,2 path,0 no foreign neighbour,264.59490966796875,0.09457498788833618,1.0,4.0
2929,0,bus,1.0,0.0,4562.0,0.0,3145.0,0,0,4,1 tip,0 no foreign neighbour,26.04949951171875,0.0832209512591362,1.0,1.0
2930,0,bus,1.0,0.0,4562.0,0.0,3145.0,0,0,4,1 tip,0 no foreign neighbour,13.754321098327637,0.22918793559074402,1.0,1.0
2931,0,bus,2.0,0.0,4562.0,0.0,3145.0,0,0,6,2 path,0 no foreign neighbour,443.2923583984375,0.257074236869812,1.0,11.0
2932,0,bus,2.0,1.0,4562.0,0.0,3145.0,0,0,4,2 path,0 no foreign neighbour,144.11093139648438,0.25848931074142456,1.0,3.0
2933,0,bus,1.0,0.0,4562.0,0.0,3145.0,0,0,4,1 tip,0 no foreign neighbour,75.93380737304688,0.16910623013973236,1.0,1.0
2934,0,bus,4.0,0.3333333432674408,4562.0,0.0,3145.0,0,0,4,3+ branch,0 no foreign neighbour,149.32815551757812,0.19810998439788818,1.0,4.0
2935,0,bus,1.0,0.0,4562.0,0.0,3145.0,0,0,4,1 tip,0 no foreign neighbour,34.16106033325195,0.130764901638031,1.0,1.0
2936,0,bus,1.0,0.0,4562.0,1.0,3145.0,0,0,3,1 tip,1 all neighbours foreign,86.06150817871094,0.0746474489569664,1.0,2.0
2937,0,bus,1.0,0.0,4562.0,0.0,3145.0,0,0,3,1 tip,0 no foreign neighbour,411.9442443847656,0.07165473699569702,1.0,6.0
2938,0,bus,1.0,0.0,4562.0,0.0,3145.0,0,0,4,1 tip,0 no foreign neighbour,149.32815551757812,0.2007012963294983,1.0,4.0
2939,0,bus,1.0,0.0,4562.0,0.0,3145.0,0,0,4,1 tip,0 no foreign neighbour,125.7292709350586,0.3557961583137512,1.0,2.0
2940,0,bus,2.0,0.0,4562.0,0.0,3145.0,0,0,0,2 path,0 no foreign neighbour,280.11468505859375,0.2317511886358261,1.0,6.0
2941,0,bus,1.0,0.0,4562.0,0.0,3145.0,0,0,4,1 tip,0 no foreign neighbour,318.9735107421875,0.8790693879127502,1.0,5.0
2942,0,bus,2.0,0.0,4562.0,0.0,3145.0,0,0,5,2 path,0 no foreign neighbour,520.6378784179688,0.14494676887989044,1.0,9.0
2943,0,bus,2.0,0.0,4562.0,0.0,3145.0,0,0,2,2 path,0 no foreign neighbour,104.43162536621094,0.14962218701839447,1.0,2.0
2944,0,bus,3.0,0.0,4562.0,0.0,3145.0,0,0,3,3+ branch,0 no foreign neighbour,62.342220306396484,0.15414240956306458,1.0,2.0
2945,0,bus,1.0,0.0,4562.0,0.0,3145.0,0,0,3,1 tip,0 no foreign neighbour,11.156821250915527,0.15414583683013916,1.0,1.0
2946,0,bus,1.0,0.0,4562.0,0.0,3145.0,0,0,4,1 tip,0 no foreign neighbour,100.72998046875,0.21138840913772583,1.0,2.0
2947,0,bus,1.0,0.0,4562.0,1.0,3145.0,0,0,4,1 tip,1 all neighbours foreign,325.5189514160156,0.15734082460403442,1.0,6.0
2948,0,bus,2.0,0.0,4562.0,0.0,3145.0,0,0,4,2 path,0 no foreign neighbour,318.9735107421875,0.9367769360542297,1.0,5.0
2949,0,bus,1.0,0.0,4562.0,0.0,3145.0,0,0,2,1 tip,0 no foreign neighbour,50.737701416015625,0.16530029475688934,1.0,2.0
2950,0,bus,1.0,0.0,4562.0,0.0,3145.0,0,0,2,1 tip,0 no foreign neighbour,34.50724411010742,0.6986325979232788,1.0,1.0
2951,0,bus,2.0,0.0,4562.0,0.0,3145.0,0,0,2,2 path,0 no foreign neighbour,63.04138946533203,0.18695306777954102,1.0,2.0
2952,0,bus,1.0,0.0,4562.0,0.0,3145.0,0,0,0,1 tip,0 no foreign neighbour,342.4253234863281,0.39712250232696533,1.0,6.0
2953,0,bus,1.0,0.0,4562.0,0.0,3145.0,0,0,2,1 tip,0 no foreign neighbour,40.892066955566406,0.8152226209640503,1.0,1.0
2954,0,bus,3.0,0.0,4562.0,0.0,3145.0,0,0,2,3+ branch,0 no foreign neighbour,78.80888366699219,0.22630144655704498,1.0,2.0
2955,0,bus,1.0,0.0,4562.0,0.0,3145.0,0,0,2,1 tip,0 no foreign neighbour,37.33736038208008,0.22977741062641144,1.0,1.0
2956,0,bus,1.0,0.0,4562.0,0.0,3145.0,0,0,3,1 tip,0 no foreign neighbour,37.33736038208008,0.23239120841026306,1.0,1.0
2957,0,bus,2.0,1.0,4562.0,0.5,3145.0,0,0,3,2 path,mixed,430.8702392578125,0.14732392132282257,1.0,7.0
2958,0,bus,2.0,0.0,4562.0,0.0,3145.0,0,0,3,2 path,0 no foreign neighbour,216.0673370361328,0.1412336379289627,1.0,4.0
2959,0,bus,1.0,0.0,4562.0,0.0,3145.0,0,0,2,1 tip,0 no foreign neighbour,65.42723846435547,1.354672908782959,1.0,1.0
2960,0,bus,2.0,1.0,4562.0,0.0,3145.0,0,0,0,2 path,0 no foreign neighbour,454.9842529296875,0.3863092064857483,1.0,9.0
2961,0,bus,2.0,0.0,4562.0,0.0,3145.0,0,0,2,2 path,0 no foreign neighbour,140.8594207763672,1.294806957244873,1.0,2.0
2962,0,bus,2.0,0.0,4562.0,0.0,3145.0,0,0,4,2 path,0 no foreign neighbour,153.3554229736328,0.24525076150894165,1.0,3.0
2963,0,bus,1.0,0.0,4562.0,0.0,3145.0,0,0,0,1 tip,0 no foreign neighbour,157.94284057617188,1.0750653743743896,1.0,3.0
2964,0,bus,1.0,0.0,4562.0,0.0,3145.0,0,0,0,1 tip,0 no foreign neighbour,157.94284057617188,1.0740901231765747,1.0,3.0
2965,0,bus,2.0,0.0,4562.0,0.0,3145.0,0,0,2,2 path,0 no foreign neighbour,51.76527404785156,0.18567655980587006,1.0,1.0
2966,0,bus,1.0,0.0,4562.0,1.0,3145.0,0,0,3,1 tip,1 all neighbours foreign,102.25276947021484,0.1652456670999527,1.0,2.0
2967,0,bus,1.0,0.0,4562.0,0.0,3145.0,0,0,3,1 tip,0 no foreign neighbour,43.26262664794922,0.355989545583725,1.0,2.0
2968,0,bus,1.0,0.0,4562.0,0.0,3145.0,0,0,2,1 tip,0 no foreign neighbour,23.68789291381836,0.13966214656829834,1.0,1.0
2969,0,bus,1.0,0.0,4562.0,0.0,3145.0,0,0,4,1 tip,0 no foreign neighbour,340.8253173828125,0.2949663996696472,1.0,7.0
2970,0,bus,1.0,0.0,4562.0,0.0,3145.0,0,0,2,1 tip,0 no foreign neighbour,59.41152572631836,0.5871714353561401,1.0,1.0
2971,0,bus,2.0,1.0,4562.0,0.0,3145.0,0,0,2,2 path,0 no foreign neighbour,188.7314910888672,0.5242998600006104,1.0,3.0
2972,0,bus,1.0,0.0,4562.0,0.0,3145.0,0,0,2,1 tip,0 no foreign neighbour,102.00386047363281,0.5448654890060425,1.0,2.0
2973,0,bus,2.0,0.0,4562.0,0.0,3145.0,0,0,2,2 path,0 no foreign neighbour,102.00386047363281,0.5595172643661499,1.0,2.0
2974,0,bus,1.0,0.0,7.0,0.0,3145.0,0,0,2,1 tip,0 no foreign neighbour,9.682915687561035,0.35422226786613464,1.0,1.0
2975,0,bus,1.0,0.0,4562.0,0.0,3145.0,0,0,2,1 tip,0 no foreign neighbour,159.34735107421875,0.5863862633705139,1.0,3.0
2976,0,bus,3.0,0.0,4562.0,1.0,3145.0,0,0,5,3+ branch,1 all neighbours foreign,558.0042114257812,0.0856783464550972,1.0,9.0
2977,0,bus,1.0,0.0,4562.0,0.0,3145.0,0,0,2,1 tip,0 no foreign neighbour,59.41152572631836,0.5883618593215942,1.0,1.0
2978,0,bus,1.0,0.0,4562.0,0.0,3145.0,0,0,2,1 tip,0 no foreign neighbour,59.41152572631836,0.5878467559814453,1.0,1.0
2979,0,bus,1.0,0.0,4562.0,0.0,3145.0,0,0,2,1 tip,0 no foreign neighbour,59.41152572631836,0.5738150477409363,1.0,1.0
2980,0,bus,2.0,1.0,4562.0,0.0,3145.0,0,0,3,2 path,0 no foreign neighbour,262.5482177734375,0.20939980447292328,1.0,5.0
2981,0,bus,1.0,0.0,4562.0,0.0,3145.0,0,0,3,1 tip,0 no foreign neighbour,262.5482177734375,0.1964854896068573,1.0,5.0
2982,0,bus,1.0,0.0,4562.0,0.0,3145.0,0,0,4,1 tip,0 no foreign neighbour,112.77025604248047,0.2641793191432953,1.0,2.0
2983,0,bus,1.0,0.0,4562.0,0.0,3145.0,0,0,2,1 tip,0 no foreign neighbour,145.7701416015625,0.17497436702251434,1.0,4.0
2984,0,bus,3.0,0.0,4562.0,0.0,3145.0,0,0,4,3+ branch,0 no foreign neighbour,228.07464599609375,0.2820509672164917,1.0,6.0
2985,0,bus,1.0,0.0,4562.0,0.0,3145.0,0,0,4,1 tip,0 no foreign neighbour,237.9315643310547,0.38255658745765686,1.0,6.0
2986,0,bus,1.0,0.0,4562.0,0.0,3145.0,0,0,4,1 tip,0 no foreign neighbour,174.96673583984375,0.38234832882881165,1.0,5.0
2987,0,bus,6.0,0.06666667014360428,4562.0,0.0,3145.0,0,0,4,3+ branch,0 no foreign neighbour,214.21739196777344,0.25911179184913635,1.0,6.0
2988,0,bus,2.0,0.0,4562.0,0.0,3145.0,0,0,2,2 path,0 no foreign neighbour,17.631868362426758,0.182816743850708,1.0,1.0
2989,0,bus,2.0,0.0,4562.0,0.5,3145.0,0,0,2,2 path,mixed,17.631868362426758,0.18616273999214172,1.0,1.0
2990,0,bus,1.0,0.0,4562.0,0.0,3145.0,0,0,2,1 tip,0 no foreign neighbour,17.631868362426758,0.18583007156848907,1.0,1.0
2991,0,bus,1.0,0.0,4562.0,0.0,3145.0,0,0,4,1 tip,0 no foreign neighbour,78.28053283691406,0.3152857720851898,1.0,1.0
2992,0,bus,3.0,0.0,4562.0,0.0,3145.0,0,0,0,3+ branch,0 no foreign neighbour,293.6287841796875,0.3554680347442627,1.0,5.0
2993,0,bus,2.0,1.0,4562.0,0.0,3145.0,0,0,0,2 path,0 no foreign neighbour,365.6008605957031,0.3672530949115753,1.0,6.0
2994,0,bus,2.0,0.0,4562.0,0.5,3145.0,0,0,3,2 path,mixed,276.9018249511719,0.10016268491744995,1.0,5.0
2995,1,bus+tram,2.0,0.0,4562.0,1.0,149.0,1,1,4,2 path,1 all neighbours foreign,169.28103637695312,0.08974642306566238,2.0,3.0
2996,0,bus,1.0,0.0,4562.0,1.0,3145.0,0,0,4,1 tip,1 all neighbours foreign,103.31656646728516,0.034863684326410294,1.0,2.0
2997,0,bus,1.0,0.0,4562.0,0.0,3145.0,0,0,2,1 tip,0 no foreign neighbour,124.29080200195312,0.3161573112010956,1.0,3.0
2998,0,bus,2.0,0.0,4562.0,0.0,3145.0,0,0,0,2 path,0 no foreign neighbour,127.41414642333984,0.14504460990428925,1.0,2.0
2999,0,bus,1.0,0.0,4562.0,1.0,3145.0,0,0,4,1 tip,1 all neighbours foreign,43.046016693115234,0.13772068917751312,1.0,1.0
3000,0,bus,1.0,0.0,4562.0,0.0,3145.0,0,0,4,1 tip,0 no foreign neighbour,43.046016693115234,0.13890919089317322,1.0,1.0
3001,0,bus,1.0,0.0,4562.0,0.0,3145.0,0,0,2,1 tip,0 no foreign neighbour,132.19015502929688,0.04103913903236389,1.0,2.0
3002,0,bus,2.0,1.0,4562.0,0.0,3145.0,0,0,2,2 path,0 no foreign neighbour,46.200069427490234,1.1527262926101685,1.0,1.0
3003,0,bus,1.0,0.0,4562.0,1.0,3145.0,0,0,4,1 tip,1 all neighbours foreign,270.32708740234375,0.08351918309926987,1.0,4.0
3004,0,bus,1.0,0.0,4562.0,0.0,3145.0,0,0,4,1 tip,0 no foreign neighbour,147.6329803466797,0.1861501783132553,1.0,3.0
3005,0,bus,1.0,0.0,4562.0,0.0,3145.0,0,0,2,1 tip,0 no foreign neighbour,116.3851318359375,0.08895853906869888,1.0,2.0
3006,0,bus,1.0,0.0,4562.0,0.0,3145.0,0,0,0,1 tip,0 no foreign neighbour,265.5286560058594,0.2799139618873596,1.0,5.0
3007,0,bus,1.0,0.0,4562.0,0.0,3145.0,0,0,0,1 tip,0 no foreign neighbour,190.01377868652344,0.2875348925590515,1.0,3.0
3008,0,bus,2.0,1.0,4562.0,0.5,3145.0,0,0,0,2 path,mixed,523.8742065429688,0.12444179505109787,1.0,6.0
3009,0,bus,2.0,0.0,4562.0,0.5,3145.0,0,0,0,2 path,mixed,420.6705627441406,0.12281668186187744,1.0,5.0
3010,0,bus,2.0,0.0,4562.0,0.0,3145.0,0,0,0,2 path,0 no foreign neighbour,456.9198913574219,0.13586118817329407,1.0,5.0
3011,4,tram,2.0,1.0,4562.0,0.0,296.0,1,1,4,2 path,0 no foreign neighbour,141.8258819580078,0.22777405381202698,1.0,3.0
3012,4,tram,2.0,0.0,4562.0,1.0,296.0,1,1,3,2 path,1 all neighbours foreign,127.60978698730469,0.1353386789560318,1.0,3.0
3013,4,tram,1.0,0.0,4562.0,0.0,296.0,1,1,4,1 tip,0 no foreign neighbour,105.99798583984375,0.04363047331571579,1.0,2.0
3014,4,tram,1.0,0.0,4562.0,1.0,296.0,1,1,4,1 tip,1 all neighbours foreign,105.99798583984375,0.043721478432416916,1.0,2.0
3015,0,bus,1.0,0.0,4562.0,1.0,3145.0,0,0,0,1 tip,1 all neighbours foreign,126.95502471923828,0.10132039338350296,1.0,2.0
3016,4,tram,1.0,0.0,4562.0,1.0,296.0,1,1,2,1 tip,1 all neighbours foreign,45.825077056884766,0.15356746315956116,1.0,1.0
3017,4,tram,1.0,0.0,4562.0,1.0,296.0,1,1,4,1 tip,1 all neighbours foreign,45.825077056884766,0.15468865633010864,1.0,1.0
3018,6,trolley,1.0,0.0,4562.0,1.0,261.0,1,1,2,1 tip,1 all neighbours foreign,51.67567825317383,0.22830866277217865,1.0,1.0
3019,1,bus+tram,5.0,0.0,4562.0,0.4,149.0,1,1,3,3+ branch,mixed,449.80035400390625,0.0606369785964489,2.0,7.0
3020,0,bus,2.0,0.0,4562.0,0.0,3145.0,0,0,3,2 path,0 no foreign neighbour,141.9998016357422,0.16731710731983185,1.0,2.0
3021,6,trolley,1.0,0.0,4562.0,1.0,261.0,1,1,3,1 tip,1 all neighbours foreign,149.69505310058594,0.22537238895893097,1.0,3.0
3022,0,bus,4.0,0.1666666716337204,4562.0,0.0,3145.0,0,0,6,3+ branch,0 no foreign neighbour,878.6644897460938,0.38337093591690063,1.0,16.0
3023,0,bus,2.0,1.0,4562.0,0.0,3145.0,0,0,3,2 path,0 no foreign neighbour,136.48072814941406,0.4686773419380188,1.0,2.0
3024,0,bus,2.0,0.0,4562.0,0.0,3145.0,0,0,3,2 path,0 no foreign neighbour,136.48072814941406,0.4696619510650635,1.0,2.0
3025,0,bus,1.0,0.0,4562.0,0.0,3145.0,0,0,4,1 tip,0 no foreign neighbour,164.64920043945312,0.047697149217128754,1.0,3.0
3026,0,bus,2.0,1.0,4562.0,0.0,3145.0,0,0,6,2 path,0 no foreign neighbour,697.064208984375,0.2453388124704361,1.0,8.0
3027,6,trolley,1.0,0.0,4562.0,1.0,261.0,1,1,0,1 tip,1 all neighbours foreign,37.15272903442383,0.08946458250284195,1.0,1.0
3028,0,bus,2.0,0.0,4562.0,0.0,3145.0,0,0,2,2 path,0 no foreign neighbour,43.01979446411133,0.2925768792629242,1.0,1.0
3029,0,bus,2.0,0.0,4562.0,0.5,3145.0,0,0,3,2 path,mixed,139.48643493652344,0.21423643827438354,1.0,2.0
3030,6,trolley,1.0,0.0,4562.0,1.0,261.0,1,1,3,1 tip,1 all neighbours foreign,25.84278678894043,0.08613064140081406,1.0,1.0
3031,0,bus,1.0,0.0,4562.0,0.0,3145.0,0,0,4,1 tip,0 no foreign neighbour,103.20376586914062,0.11707655340433121,1.0,2.0
3032,3,bus+trolley,2.0,1.0,4562.0,0.5,610.0,1,1,0,2 path,mixed,219.48374938964844,0.11196046322584152,2.0,4.0
3033,6,trolley,2.0,0.0,4562.0,0.0,261.0,1,1,2,2 path,0 no foreign neighbour,77.62226867675781,0.09856586903333664,1.0,2.0
3034,0,bus,3.0,0.6666666865348816,4562.0,0.0,3145.0,0,0,4,3+ branch,0 no foreign neighbour,98.14349365234375,0.48486635088920593,1.0,2.0
3035,0,bus,2.0,0.0,4562.0,0.0,3145.0,0,0,4,2 path,0 no foreign neighbour,210.5540313720703,0.06665737181901932,1.0,3.0
3036,0,bus,4.0,0.0,4562.0,0.0,3145.0,0,0,0,3+ branch,0 no foreign neighbour,314.6053466796875,0.17977358400821686,1.0,6.0
3037,0,bus,2.0,0.0,4562.0,0.5,3145.0,0,0,4,2 path,mixed,273.19989013671875,0.07698328047990799,1.0,4.0
3038,0,bus,3.0,0.0,4562.0,0.0,3145.0,0,0,6,3+ branch,0 no foreign neighbour,419.2131042480469,0.24238848686218262,1.0,9.0
3039,0,bus,1.0,0.0,4562.0,0.0,3145.0,0,0,0,1 tip,0 no foreign neighbour,201.76007080078125,0.4179668128490448,1.0,4.0
3040,0,bus,2.0,0.0,4562.0,0.0,3145.0,0,0,6,2 path,0 no foreign neighbour,207.3431854248047,0.6725714802742004,1.0,3.0
3041,0,bus,1.0,0.0,4562.0,0.0,3145.0,0,0,3,1 tip,0 no foreign neighbour,161.4864044189453,0.26549017429351807,1.0,3.0
3042,0,bus,1.0,0.0,4562.0,1.0,3145.0,0,0,4,1 tip,1 all neighbours foreign,118.97982788085938,0.1561071276664734,1.0,2.0
3043,3,bus+trolley,2.0,0.0,4562.0,1.0,610.0,1,1,0,2 path,1 all neighbours foreign,172.5277557373047,0.1477700173854828,2.0,3.0
3044,0,bus,2.0,0.0,4562.0,0.0,3145.0,0,0,3,2 path,0 no foreign neighbour,161.4864044189453,0.27022984623908997,1.0,3.0
3045,0,bus,4.0,0.0,4562.0,0.0,3145.0,0,0,6,3+ branch,0 no foreign neighbour,392.0635070800781,0.4426668584346771,1.0,10.0
3046,0,bus,1.0,0.0,4562.0,0.0,3145.0,0,0,0,1 tip,0 no foreign neighbour,174.11643981933594,0.4146764278411865,1.0,2.0
3047,0,bus,1.0,0.0,4562.0,0.0,3145.0,0,0,4,1 tip,0 no foreign neighbour,107.16214752197266,0.41123369336128235,1.0,1.0
3048,0,bus,2.0,0.0,4562.0,0.0,3145.0,0,0,2,2 path,0 no foreign neighbour,161.4864044189453,0.27516472339630127,1.0,3.0
3049,0,bus,1.0,0.0,4562.0,1.0,3145.0,0,0,4,1 tip,1 all neighbours foreign,36.091400146484375,0.10661512613296509,1.0,1.0
3050,0,bus,1.0,0.0,4562.0,0.0,3145.0,0,0,4,1 tip,0 no foreign neighbour,130.46774291992188,0.10551778972148895,1.0,2.0
3051,0,bus,2.0,0.0,4562.0,0.5,3145.0,0,0,4,2 path,mixed,128.2718048095703,0.10037493705749512,1.0,2.0
3052,0,bus,2.0,0.0,4562.0,0.0,3145.0,0,0,4,2 path,0 no foreign neighbour,130.46774291992188,0.10608617216348648,1.0,2.0
3053,0,bus,1.0,0.0,4562.0,0.0,3145.0,0,0,0,1 tip,0 no foreign neighbour,128.2718048095703,0.10435924679040909,1.0,2.0
3054,0,bus,1.0,0.0,4562.0,0.0,3145.0,0,0,0,1 tip,0 no foreign neighbour,258.7395324707031,0.09422816336154938,1.0,4.0
3055,0,bus,2.0,0.0,4562.0,0.0,3145.0,0,0,4,2 path,0 no foreign neighbour,258.7395324707031,0.09301167726516724,1.0,4.0
3056,0,bus,2.0,0.0,4562.0,0.0,3145.0,0,0,3,2 path,0 no foreign neighbour,337.2447814941406,0.15641973912715912,1.0,8.0
3057,0,bus,5.0,0.0,4562.0,0.2,3145.0,0,0,1,3+ branch,mixed,345.78515625,0.15646186470985413,1.0,7.0
3058,0,bus,1.0,0.0,4562.0,0.0,3145.0,0,0,4,1 tip,0 no foreign neighbour,138.36392211914062,0.39312979578971863,1.0,3.0
3059,0,bus,2.0,0.0,4562.0,0.0,3145.0,0,0,4,2 path,0 no foreign neighbour,118.22857666015625,0.39193326234817505,1.0,3.0
3060,0,bus,1.0,0.0,4562.0,0.0,3145.0,0,0,4,1 tip,0 no foreign neighbour,98.22265625,0.12446578592061996,1.0,2.0
3061,0,bus,1.0,0.0,4562.0,0.0,3145.0,0,0,2,1 tip,0 no foreign neighbour,29.233972549438477,0.38581782579421997,1.0,1.0
3062,0,bus,1.0,0.0,4562.0,1.0,3145.0,0,0,3,1 tip,1 all neighbours foreign,116.00849914550781,0.09366831183433533,1.0,2.0
3063,0,bus,2.0,0.0,4562.0,0.0,3145.0,0,0,2,2 path,0 no foreign neighbour,157.0551300048828,0.09963025897741318,1.0,3.0
3064,0,bus,1.0,0.0,4562.0,0.0,3145.0,0,0,2,1 tip,0 no foreign neighbour,252.9115447998047,0.11776232719421387,1.0,4.0
3065,0,bus,2.0,0.0,4562.0,0.0,3145.0,0,0,3,2 path,0 no foreign neighbour,117.12276458740234,0.14945851266384125,1.0,2.0
3066,0,bus,1.0,0.0,4562.0,0.0,3145.0,0,0,4,1 tip,0 no foreign neighbour,106.45765686035156,0.20181231200695038,1.0,4.0
3067,0,bus,2.0,0.0,4562.0,0.5,3145.0,0,0,2,2 path,mixed,183.16998291015625,0.1290542334318161,1.0,3.0
3068,0,bus,2.0,0.0,4562.0,0.0,3145.0,0,0,6,2 path,0 no foreign neighbour,371.313232421875,0.4541737735271454,1.0,9.0
3069,0,bus,3.0,0.0,4562.0,0.0,3145.0,0,0,6,3+ branch,0 no foreign neighbour,616.6498413085938,0.34540438652038574,1.0,8.0
3070,0,bus,1.0,0.0,4562.0,0.0,3145.0,0,0,4,1 tip,0 no foreign neighbour,73.12620544433594,0.23894377052783966,1.0,2.0
3071,0,bus,3.0,0.0,4562.0,0.0,3145.0,0,0,0,3+ branch,0 no foreign neighbour,405.45880126953125,0.2372463345527649,1.0,8.0
3072,0,bus,1.0,0.0,4562.0,0.0,3145.0,0,0,0,1 tip,0 no foreign neighbour,245.00015258789062,0.23500525951385498,1.0,5.0
3073,0,bus,2.0,0.0,4562.0,0.5,3145.0,0,0,4,2 path,mixed,361.1011962890625,0.234126016497612,1.0,6.0
3074,0,bus,1.0,0.0,4562.0,0.0,3145.0,0,0,4,1 tip,0 no foreign neighbour,282.81573486328125,0.2754422724246979,1.0,5.0
3075,0,bus,1.0,0.0,4562.0,0.0,3145.0,0,0,2,1 tip,0 no foreign neighbour,78.73870086669922,0.18970710039138794,1.0,2.0
3076,0,bus,2.0,0.0,4562.0,0.0,3145.0,0,0,2,2 path,0 no foreign neighbour,78.73870086669922,0.19866575300693512,1.0,2.0
3077,0,bus,1.0,0.0,4562.0,0.0,3145.0,0,0,2,1 tip,0 no foreign neighbour,78.73870086669922,0.20003829896450043,1.0,2.0
3078,0,bus,2.0,0.0,4562.0,0.0,3145.0,0,0,2,2 path,0 no foreign neighbour,78.73870086669922,0.20021957159042358,1.0,2.0
3079,0,bus,1.0,0.0,4562.0,0.0,3145.0,0,0,2,1 tip,0 no foreign neighbour,78.73870086669922,0.1941688060760498,1.0,2.0
3080,0,bus,2.0,0.0,4562.0,0.0,3145.0,0,0,2,2 path,0 no foreign neighbour,78.73870086669922,0.19308140873908997,1.0,2.0
3081,0,bus,1.0,0.0,4562.0,0.0,3145.0,0,0,2,1 tip,0 no foreign neighbour,78.73870086669922,0.18955357372760773,1.0,2.0
3082,0,bus,1.0,0.0,4562.0,1.0,3145.0,0,0,4,1 tip,1 all neighbours foreign,361.1011962890625,0.24332080781459808,1.0,6.0
3083,0,bus,2.0,0.0,4562.0,0.0,3145.0,0,0,4,2 path,0 no foreign neighbour,282.81573486328125,0.2609124481678009,1.0,5.0
3084,0,bus,2.0,0.0,4562.0,0.5,3145.0,0,0,5,2 path,mixed,434.8167419433594,0.16933739185333252,1.0,7.0
3085,2,bus+tram+trolley,2.0,0.0,4562.0,0.5,88.0,1,1,4,2 path,mixed,381.2903747558594,0.034395165741443634,3.0,7.0
3086,4,tram,1.0,0.0,4562.0,1.0,296.0,1,1,4,1 tip,1 all neighbours foreign,79.65267944335938,0.040347564965486526,1.0,2.0
3087,5,tram+trolley,4.0,0.0,4562.0,1.0,21.0,1,1,4,3+ branch,1 all neighbours foreign,164.14100646972656,0.04494694247841835,2.0,3.0
3088,4,tram,1.0,0.0,4562.0,1.0,296.0,1,1,2,1 tip,1 all neighbours foreign,66.1356201171875,0.023832110688090324,1.0,1.0
3089,4,tram,1.0,0.0,4562.0,1.0,296.0,1,1,4,1 tip,1 all neighbours foreign,50.65952682495117,0.04867689684033394,1.0,1.0
3090,1,bus+tram,3.0,0.0,4562.0,1.0,149.0,1,1,4,3+ branch,1 all neighbours foreign,274.399658203125,0.02096755988895893,2.0,5.0
3091,4,tram,1.0,0.0,4562.0,0.0,296.0,1,1,2,1 tip,0 no foreign neighbour,79.65267944335938,0.025795502588152885,1.0,2.0
3092,0,bus,2.0,0.0,4562.0,0.0,3145.0,0,0,4,2 path,0 no foreign neighbour,249.29217529296875,0.0256692785769701,1.0,4.0
3093,0,bus,1.0,0.0,4562.0,0.0,3145.0,0,0,0,1 tip,0 no foreign neighbour,318.7373962402344,0.14301681518554688,1.0,6.0
3094,0,bus,4.0,0.0,4562.0,0.25,3145.0,0,0,4,3+ branch,mixed,125.51565551757812,0.10141602158546448,1.0,2.0
3095,0,bus,3.0,0.0,4562.0,0.0,3145.0,0,0,4,3+ branch,0 no foreign neighbour,124.91634368896484,0.09195190668106079,1.0,2.0
3096,0,bus,1.0,0.0,4562.0,1.0,3145.0,0,0,4,1 tip,1 all neighbours foreign,102.57098388671875,0.09023816138505936,1.0,2.0
3097,0,bus,2.0,0.0,4562.0,0.5,3145.0,0,0,4,2 path,mixed,124.91634368896484,0.09583678841590881,1.0,2.0
3098,0,bus,1.0,0.0,4562.0,0.0,3145.0,0,0,4,1 tip,0 no foreign neighbour,125.51565551757812,0.09919576346874237,1.0,2.0
3099,0,bus,3.0,0.0,4562.0,0.0,3145.0,0,0,6,3+ branch,0 no foreign neighbour,804.40185546875,0.158481165766716,1.0,14.0
3100,0,bus,2.0,1.0,4562.0,0.0,3145.0,0,0,6,2 path,0 no foreign neighbour,804.40185546875,0.1567038595676422,1.0,14.0
3101,0,bus,2.0,0.0,4562.0,0.5,3145.0,0,0,3,2 path,mixed,137.45274353027344,0.19665288925170898,1.0,2.0
3102,0,bus,1.0,0.0,4562.0,0.0,3145.0,0,0,3,1 tip,0 no foreign neighbour,71.09713745117188,0.19078455865383148,1.0,3.0
3103,0,bus,5.0,0.10000000149011612,4562.0,0.2,3145.0,0,0,5,3+ branch,mixed,752.11865234375,0.144827201962471,1.0,14.0
3104,0,bus,2.0,0.0,4562.0,0.0,3145.0,0,0,4,2 path,0 no foreign neighbour,102.04198455810547,0.021345792338252068,1.0,2.0
3105,0,bus,1.0,0.0,4562.0,0.0,3145.0,0,0,3,1 tip,0 no foreign neighbour,50.5258674621582,0.0947221890091896,1.0,1.0
3106,3,bus+trolley,4.0,0.1666666716337204,4562.0,0.5,610.0,1,1,4,3+ branch,mixed,232.02032470703125,0.06707116961479187,2.0,5.0
3107,0,bus,3.0,0.3333333432674408,4562.0,0.6666666666666666,3145.0,0,0,4,3+ branch,mixed,124.26510620117188,0.07644198089838028,1.0,3.0
3108,0,bus,1.0,0.0,4562.0,0.0,3145.0,0,0,6,1 tip,0 no foreign neighbour,207.3431854248047,0.7269735336303711,1.0,3.0
3109,6,trolley,1.0,0.0,4562.0,1.0,261.0,1,1,0,1 tip,1 all neighbours foreign,44.62360763549805,0.10783694684505463,1.0,1.0
3110,3,bus+trolley,1.0,0.0,4562.0,0.0,610.0,1,1,0,1 tip,0 no foreign neighbour,65.78370666503906,0.12659063935279846,2.0,2.0
3111,0,bus,2.0,0.0,4562.0,0.0,3145.0,0,0,0,2 path,0 no foreign neighbour,438.20416259765625,0.355447381734848,1.0,11.0
3112,0,bus,1.0,0.0,4562.0,0.0,3145.0,0,0,4,1 tip,0 no foreign neighbour,40.6039924621582,0.3571513295173645,1.0,2.0
3113,0,bus,1.0,0.0,4562.0,1.0,3145.0,0,0,0,1 tip,1 all neighbours foreign,21.28982925415039,0.0744091272354126,1.0,1.0
3114,0,bus,1.0,0.0,4562.0,0.0,3145.0,0,0,3,1 tip,0 no foreign neighbour,377.53985595703125,0.1656617671251297,1.0,6.0
3115,0,bus,2.0,1.0,4562.0,0.0,3145.0,0,0,3,2 path,0 no foreign neighbour,286.16168212890625,0.16827523708343506,1.0,7.0
3116,0,bus,2.0,0.0,4562.0,1.0,3145.0,0,0,3,2 path,1 all neighbours foreign,242.57801818847656,0.19170232117176056,1.0,4.0
3117,0,bus,1.0,0.0,4562.0,0.0,3145.0,0,0,0,1 tip,0 no foreign neighbour,311.22943115234375,0.36162069439888,1.0,6.0
3118,0,bus,1.0,0.0,4562.0,0.0,3145.0,0,0,4,1 tip,0 no foreign neighbour,30.56795310974121,0.19172239303588867,1.0,1.0
3119,0,bus,1.0,0.0,4562.0,0.0,3145.0,0,0,2,1 tip,0 no foreign neighbour,84.0539321899414,0.09485948085784912,1.0,2.0
3120,0,bus,1.0,0.0,4562.0,1.0,3145.0,0,0,3,1 tip,1 all neighbours foreign,83.8577880859375,0.09853019565343857,1.0,1.0
3121,0,bus,1.0,0.0,4562.0,0.0,3145.0,0,0,0,1 tip,0 no foreign neighbour,146.70819091796875,0.2580135464668274,1.0,3.0
3122,0,bus,2.0,1.0,4562.0,0.0,3145.0,0,0,3,2 path,0 no foreign neighbour,274.64312744140625,0.08708150684833527,1.0,4.0
3123,0,bus,3.0,0.3333333432674408,4562.0,0.0,3145.0,0,0,4,3+ branch,0 no foreign neighbour,192.1537322998047,0.27813205122947693,1.0,3.0
3124,0,bus,2.0,0.0,4562.0,0.0,3145.0,0,0,4,2 path,0 no foreign neighbour,192.1537322998047,0.2708275318145752,1.0,3.0
3125,0,bus,1.0,0.0,4562.0,0.0,3145.0,0,0,4,1 tip,0 no foreign neighbour,160.38949584960938,0.27889636158943176,1.0,2.0
3126,0,bus,1.0,0.0,4562.0,0.0,3145.0,0,0,2,1 tip,0 no foreign neighbour,132.937255859375,0.27541452646255493,1.0,4.0
3127,0,bus,1.0,0.0,4562.0,0.0,3145.0,0,0,4,1 tip,0 no foreign neighbour,53.12489318847656,0.00835481658577919,1.0,1.0
3128,0,bus,2.0,0.0,4562.0,0.0,3145.0,0,0,0,2 path,0 no foreign neighbour,105.50000762939453,0.26559823751449585,1.0,2.0
3129,0,bus,1.0,0.0,4562.0,0.0,3145.0,0,0,4,1 tip,0 no foreign neighbour,78.6676254272461,0.25916001200675964,1.0,1.0
3130,0,bus,2.0,0.0,4562.0,0.0,3145.0,0,0,0,2 path,0 no foreign neighbour,102.90274810791016,0.2619505822658539,1.0,2.0
3131,0,bus,1.0,0.0,4562.0,0.0,3145.0,0,0,0,1 tip,0 no foreign neighbour,24.23512077331543,0.26633280515670776,1.0,1.0
3132,0,bus,2.0,0.0,4562.0,0.0,3145.0,0,0,6,2 path,0 no foreign neighbour,731.31591796875,0.20899292826652527,1.0,11.0
3133,0,bus,2.0,0.0,4562.0,0.0,3145.0,0,0,3,2 path,0 no foreign neighbour,187.2158660888672,0.09882811456918716,1.0,3.0
3134,0,bus,3.0,0.3333333432674408,4562.0,0.0,3145.0,0,0,5,3+ branch,0 no foreign neighbour,530.7603149414062,0.09808409214019775,1.0,9.0
3135,0,bus,3.0,0.0,4562.0,0.0,3145.0,0,0,6,3+ branch,0 no foreign neighbour,397.6572570800781,0.25675612688064575,1.0,12.0
3136,0,bus,2.0,1.0,4562.0,0.0,3145.0,0,0,4,2 path,0 no foreign neighbour,168.92742919921875,0.15964695811271667,1.0,3.0
3137,0,bus,0.0,0.0,4562.0,,3145.0,0,0,4,0 isolated,,103.20361328125,0.07257849723100662,1.0,1.0
3138,0,bus,2.0,0.0,4562.0,0.5,3145.0,0,0,3,2 path,mixed,129.37020874023438,0.15043234825134277,1.0,2.0
3139,0,bus,1.0,0.0,4562.0,0.0,3145.0,0,0,4,1 tip,0 no foreign neighbour,197.95309448242188,0.02029319480061531,1.0,4.0
3140,0,bus,1.0,0.0,4562.0,0.0,3145.0,0,0,2,1 tip,0 no foreign neighbour,35.44072723388672,0.4125509262084961,1.0,1.0
3141,3,bus+trolley,2.0,0.0,4562.0,0.5,610.0,1,1,5,2 path,mixed,480.8068542480469,0.11193838715553284,2.0,8.0
3142,0,bus,2.0,0.0,4562.0,0.0,3145.0,0,0,5,2 path,0 no foreign neighbour,444.2144775390625,0.1199101135134697,1.0,7.0
3143,0,bus,1.0,0.0,4562.0,0.0,3145.0,0,0,2,1 tip,0 no foreign neighbour,130.6781768798828,0.1265428513288498,1.0,2.0
3144,0,bus,1.0,0.0,4562.0,0.0,3145.0,0,0,2,1 tip,0 no foreign neighbour,130.6781768798828,0.12866784632205963,1.0,2.0
3145,0,bus,2.0,0.0,4562.0,0.0,3145.0,0,0,3,2 path,0 no foreign neighbour,162.49720764160156,0.12346221506595612,1.0,3.0
3146,0,bus,1.0,0.0,4562.0,1.0,3145.0,0,0,3,1 tip,1 all neighbours foreign,43.8823127746582,0.09894997626543045,1.0,1.0
3147,0,bus,2.0,0.0,4562.0,0.0,3145.0,0,0,3,2 path,0 no foreign neighbour,432.0686340332031,0.09556218236684799,1.0,7.0
3148,0,bus,2.0,0.0,4562.0,1.0,3145.0,0,0,5,2 path,1 all neighbours foreign,432.0686340332031,0.0931667909026146,1.0,7.0
3149,0,bus,1.0,0.0,4562.0,0.0,3145.0,0,0,3,1 tip,0 no foreign neighbour,43.8823127746582,0.09596514701843262,1.0,1.0
3150,0,bus,1.0,0.0,4562.0,1.0,3145.0,0,0,4,1 tip,1 all neighbours foreign,199.1723175048828,0.01578976958990097,1.0,3.0
3151,0,bus,2.0,0.0,4562.0,0.0,3145.0,0,0,2,2 path,0 no foreign neighbour,86.72763061523438,0.7135971784591675,1.0,1.0
3152,0,bus,2.0,1.0,4562.0,0.0,3145.0,0,0,3,2 path,0 no foreign neighbour,15.41181755065918,0.6305910348892212,1.0,1.0
3153,3,bus+trolley,2.0,0.0,4562.0,0.0,610.0,1,1,3,2 path,0 no foreign neighbour,206.37094116210938,0.09603109955787659,2.0,3.0
3154,0,bus,1.0,0.0,4562.0,0.0,3145.0,0,0,4,1 tip,0 no foreign neighbour,98.22265625,0.13444924354553223,1.0,2.0
3155,0,bus,1.0,0.0,4562.0,0.0,3145.0,0,0,3,1 tip,0 no foreign neighbour,161.4864044189453,0.24264073371887207,1.0,3.0
3156,0,bus,1.0,0.0,4562.0,0.0,3145.0,0,0,4,1 tip,0 no foreign neighbour,160.3005828857422,0.27753931283950806,1.0,4.0
3157,0,bus,0.0,0.0,4562.0,,3145.0,0,0,2,0 isolated,,46.18745422363281,0.24879412353038788,1.0,2.0
3158,0,bus,1.0,0.0,4562.0,0.0,3145.0,0,0,2,1 tip,0 no foreign neighbour,46.18745422363281,0.2481350302696228,1.0,2.0
3159,0,bus,1.0,0.0,4562.0,1.0,3145.0,0,0,4,1 tip,1 all neighbours foreign,59.948299407958984,0.027545694261789322,1.0,1.0
3160,0,bus,2.0,0.0,4562.0,0.0,3145.0,0,0,0,2 path,0 no foreign neighbour,47.68617248535156,0.12557831406593323,1.0,3.0
3161,0,bus,2.0,0.0,4562.0,0.0,3145.0,0,0,0,2 path,0 no foreign neighbour,182.83892822265625,0.4055292308330536,1.0,4.0
3162,0,bus,2.0,1.0,4562.0,0.0,3145.0,0,0,0,2 path,0 no foreign neighbour,219.93978881835938,0.4072789251804352,1.0,4.0
3163,0,bus,1.0,0.0,4562.0,1.0,3145.0,0,0,3,1 tip,1 all neighbours foreign,349.19146728515625,0.07100535184144974,1.0,4.0
3164,0,bus,2.0,0.0,4562.0,1.0,3145.0,0,0,3,2 path,1 all neighbours foreign,142.0267333984375,0.16500210762023926,1.0,4.0
3165,3,bus+trolley,2.0,0.0,4562.0,0.5,610.0,1,1,3,2 path,mixed,271.3734130859375,0.09138410538434982,2.0,4.0
3166,3,bus+trolley,2.0,0.0,4562.0,0.5,610.0,1,1,2,2 path,mixed,231.9403839111328,0.08529985696077347,2.0,3.0
3167,3,bus+trolley,2.0,0.0,4562.0,0.5,610.0,1,1,3,2 path,mixed,271.3734130859375,0.08544284850358963,2.0,4.0
3168,3,bus+trolley,1.0,0.0,4562.0,0.0,610.0,1,1,3,1 tip,0 no foreign neighbour,231.9403839111328,0.08171580731868744,2.0,3.0
3169,3,bus+trolley,2.0,0.0,4562.0,0.0,610.0,1,1,4,2 path,0 no foreign neighbour,139.71017456054688,0.08055714517831802,2.0,2.0
3170,3,bus+trolley,2.0,0.0,4562.0,0.5,610.0,1,1,5,2 path,mixed,206.37094116210938,0.09451480209827423,2.0,3.0
3171,0,bus,1.0,0.0,4562.0,1.0,3145.0,0,0,3,1 tip,1 all neighbours foreign,77.54837799072266,0.07774492353200912,1.0,1.0
3172,0,bus,2.0,0.0,4562.0,0.0,3145.0,0,0,6,2 path,0 no foreign neighbour,358.1375427246094,0.6727440357208252,1.0,9.0
3173,3,bus+trolley,1.0,0.0,4562.0,0.0,610.0,1,1,2,1 tip,0 no foreign neighbour,86.78345489501953,0.14186178147792816,2.0,2.0
3174,0,bus,1.0,0.0,4562.0,0.0,3145.0,0,0,4,1 tip,0 no foreign neighbour,40.71974182128906,0.11501328647136688,1.0,1.0
3175,0,bus,1.0,0.0,4562.0,1.0,3145.0,0,0,0,1 tip,1 all neighbours foreign,143.92335510253906,0.12403719127178192,1.0,2.0
3176,0,bus,1.0,0.0,4562.0,1.0,3145.0,0,0,2,1 tip,1 all neighbours foreign,36.377201080322266,0.16177056729793549,1.0,1.0
3177,0,bus,2.0,1.0,4562.0,0.0,3145.0,0,0,4,2 path,0 no foreign neighbour,136.43817138671875,0.10994461178779602,1.0,4.0
3178,0,bus,1.0,0.0,4562.0,1.0,3145.0,0,0,3,1 tip,1 all neighbours foreign,35.90158462524414,0.16920696198940277,1.0,1.0
3179,0,bus,1.0,0.0,4562.0,0.0,3145.0,0,0,4,1 tip,0 no foreign neighbour,191.57395935058594,0.038448210805654526,1.0,5.0
3180,0,bus,2.0,0.0,4562.0,0.0,3145.0,0,0,0,2 path,0 no foreign neighbour,40.6039924621582,0.37797266244888306,1.0,2.0
3181,0,bus,2.0,0.0,4562.0,0.0,3145.0,0,0,4,2 path,0 no foreign neighbour,286.5187072753906,0.32803070545196533,1.0,6.0
3182,0,bus,1.0,0.0,4562.0,0.0,3145.0,0,0,4,1 tip,0 no foreign neighbour,282.81573486328125,0.2749517261981964,1.0,5.0
3183,0,bus,2.0,0.0,4562.0,0.0,3145.0,0,0,2,2 path,0 no foreign neighbour,122.3698959350586,0.17914637923240662,1.0,4.0
3184,0,bus,3.0,0.0,4562.0,0.0,3145.0,0,0,2,3+ branch,0 no foreign neighbour,154.00341796875,0.11376585066318512,1.0,4.0
3185,0,bus,2.0,0.0,4562.0,0.0,3145.0,0,0,3,2 path,0 no foreign neighbour,196.51824951171875,0.09148388355970383,1.0,4.0
3186,3,bus+trolley,3.0,0.0,4562.0,0.3333333333333333,610.0,1,1,3,3+ branch,mixed,464.4798889160156,0.0664142519235611,2.0,8.0
3187,0,bus,5.0,0.0,4562.0,0.2,3145.0,0,0,3,3+ branch,mixed,351.7630920410156,0.1480707973241806,1.0,6.0
3188,0,bus,4.0,0.1666666716337204,4562.0,0.5,3145.0,0,0,0,3+ branch,mixed,451.80963134765625,0.08689617365598679,1.0,6.0
3189,0,bus,1.0,0.0,4562.0,0.0,3145.0,0,0,6,1 tip,0 no foreign neighbour,462.58917236328125,0.23839853703975677,1.0,7.0
3190,0,bus,1.0,0.0,4562.0,0.0,3145.0,0,0,4,1 tip,0 no foreign neighbour,140.14976501464844,0.10097308456897736,1.0,2.0
3191,0,bus,1.0,0.0,4562.0,0.0,3145.0,0,0,4,1 tip,0 no foreign neighbour,51.824920654296875,0.1307879388332367,1.0,1.0
3192,0,bus,1.0,0.0,4562.0,0.0,3145.0,0,0,3,1 tip,0 no foreign neighbour,119.60042572021484,0.23131169378757477,1.0,2.0
3193,0,bus,1.0,0.0,4562.0,0.0,3145.0,0,0,0,1 tip,0 no foreign neighbour,616.6498413085938,0.327711284160614,1.0,8.0
3194,0,bus,1.0,0.0,4562.0,0.0,3145.0,0,0,3,1 tip,0 no foreign neighbour,313.53631591796875,0.134189173579216,1.0,5.0
3195,0,bus,2.0,0.0,4562.0,0.0,3145.0,0,0,2,2 path,0 no foreign neighbour,90.64049530029297,0.1591993272304535,1.0,2.0
3196,0,bus,1.0,0.0,4562.0,0.0,3145.0,0,0,2,1 tip,0 no foreign neighbour,38.12667465209961,0.19499602913856506,1.0,1.0
3197,0,bus,1.0,0.0,4562.0,0.0,3145.0,0,0,0,1 tip,0 no foreign neighbour,78.6676254272461,1.0314029455184937,1.0,1.0
3198,3,bus+trolley,3.0,0.0,4562.0,0.6666666666666666,610.0,1,1,5,3+ branch,mixed,527.22509765625,0.10433480888605118,2.0,9.0
3199,3,bus+trolley,2.0,0.0,4562.0,0.5,610.0,1,1,5,2 path,mixed,527.22509765625,0.10110640525817871,2.0,9.0
3200,0,bus,2.0,0.0,4562.0,0.0,3145.0,0,0,2,2 path,0 no foreign neighbour,90.64049530029297,0.14687947928905487,1.0,2.0
3201,0,bus,2.0,1.0,4562.0,0.0,3145.0,0,0,6,2 path,0 no foreign neighbour,830.0564575195312,0.19728201627731323,1.0,13.0
3202,0,bus,1.0,0.0,4562.0,0.0,3145.0,0,0,4,1 tip,0 no foreign neighbour,51.98905944824219,0.08040127903223038,1.0,1.0
3203,0,bus,1.0,0.0,4562.0,1.0,3145.0,0,0,4,1 tip,1 all neighbours foreign,101.78938293457031,0.053126636892557144,1.0,2.0
3204,6,trolley,1.0,0.0,4562.0,1.0,261.0,1,1,4,1 tip,1 all neighbours foreign,53.30085754394531,0.07952383160591125,1.0,1.0
3205,4,tram,1.0,0.0,4562.0,0.0,296.0,1,1,2,1 tip,0 no foreign neighbour,85.82282257080078,0.16629768908023834,1.0,2.0
3206,3,bus+trolley,1.0,0.0,4562.0,0.0,610.0,1,1,0,1 tip,0 no foreign neighbour,334.44281005859375,0.0660235583782196,2.0,5.0
3207,0,bus,1.0,0.0,4562.0,1.0,3145.0,0,0,4,1 tip,1 all neighbours foreign,126.70452880859375,0.07888007164001465,1.0,2.0
3208,0,bus,2.0,0.0,4562.0,0.0,3145.0,0,0,4,2 path,0 no foreign neighbour,248.93406677246094,0.15113423764705658,1.0,4.0
3209,0,bus,1.0,0.0,4562.0,0.0,3145.0,0,0,4,1 tip,0 no foreign neighbour,61.15989303588867,0.269724041223526,1.0,2.0
3210,0,bus,1.0,0.0,4562.0,0.0,3145.0,0,0,5,1 tip,0 no foreign neighbour,703.4335327148438,0.09212996810674667,1.0,11.0
3211,0,bus,2.0,0.0,4562.0,0.0,3145.0,0,0,4,2 path,0 no foreign neighbour,185.55465698242188,0.031451884657144547,1.0,5.0
3212,3,bus+trolley,2.0,0.0,4562.0,1.0,610.0,1,1,4,2 path,1 all neighbours foreign,112.83890533447266,0.09551593661308289,2.0,2.0
3213,0,bus,2.0,0.0,4562.0,0.0,3145.0,0,0,6,2 path,0 no foreign neighbour,84.23640441894531,1.001806378364563,1.0,2.0
3214,0,bus,1.0,0.0,4562.0,0.0,3145.0,0,0,4,1 tip,0 no foreign neighbour,87.06156921386719,0.0300697460770607,1.0,2.0
3215,0,bus,1.0,0.0,4562.0,1.0,3145.0,0,0,0,1 tip,1 all neighbours foreign,108.00859832763672,0.09167569130659103,1.0,2.0
3216,0,bus,3.0,0.0,4562.0,0.6666666666666666,3145.0,0,0,3,3+ branch,mixed,271.0352783203125,0.10574056953191757,1.0,4.0
3217,0,bus,2.0,0.0,4562.0,1.0,3145.0,0,0,3,2 path,1 all neighbours foreign,231.9074249267578,0.14951279759407043,1.0,4.0
3218,3,bus+trolley,3.0,0.0,4562.0,0.6666666666666666,610.0,1,1,5,3+ branch,mixed,398.9784240722656,0.14297711849212646,2.0,6.0
3219,0,bus,1.0,0.0,4562.0,0.0,3145.0,0,0,3,1 tip,0 no foreign neighbour,231.9074249267578,0.14558200538158417,1.0,4.0
3220,0,bus,2.0,0.0,4562.0,0.5,3145.0,0,0,2,2 path,mixed,154.51776123046875,0.08892682194709778,1.0,2.0
3221,0,bus,2.0,0.0,4562.0,1.0,3145.0,0,0,4,2 path,1 all neighbours foreign,213.27635192871094,0.10855329781770706,1.0,3.0
3222,0,bus,2.0,0.0,4562.0,0.5,3145.0,0,0,2,2 path,mixed,154.51776123046875,0.09197089821100235,1.0,2.0
3223,0,bus,1.0,0.0,4562.0,1.0,3145.0,0,0,2,1 tip,1 all neighbours foreign,261.6235046386719,0.23089103400707245,1.0,5.0
3224,0,bus,2.0,0.0,4562.0,0.5,3145.0,0,0,4,2 path,mixed,314.950439453125,0.028377855196595192,1.0,5.0
3225,0,bus,2.0,1.0,4562.0,0.0,3145.0,0,0,2,2 path,0 no foreign neighbour,163.9249725341797,0.23268020153045654,1.0,3.0
3226,0,bus,2.0,1.0,4562.0,1.0,3145.0,0,0,3,2 path,1 all neighbours foreign,173.6637725830078,0.07305209338665009,1.0,3.0
3227,3,bus+trolley,1.0,0.0,4562.0,0.0,610.0,1,1,5,1 tip,0 no foreign neighbour,480.8068542480469,0.11589493602514267,2.0,8.0
3228,0,bus,2.0,0.0,4562.0,0.0,3145.0,0,0,5,2 path,0 no foreign neighbour,718.7747192382812,0.15092162787914276,1.0,11.0
3229,0,bus,1.0,0.0,4562.0,0.0,3145.0,0,0,4,1 tip,0 no foreign neighbour,47.63915252685547,0.10921689867973328,1.0,1.0
3230,0,bus,2.0,1.0,4562.0,1.0,3145.0,0,0,4,2 path,1 all neighbours foreign,326.0065612792969,0.09378005564212799,1.0,5.0
3231,0,bus,4.0,0.0,4562.0,0.0,3145.0,0,0,4,3+ branch,0 no foreign neighbour,256.9278259277344,0.03391707316040993,1.0,5.0
3232,0,bus,2.0,0.0,4562.0,0.0,3145.0,0,0,3,2 path,0 no foreign neighbour,107.72677612304688,0.0864078551530838,1.0,2.0
3233,0,bus,2.0,0.0,4562.0,1.0,3145.0,0,0,3,2 path,1 all neighbours foreign,365.9076843261719,0.07909513264894485,1.0,5.0
3234,0,bus,2.0,0.0,4562.0,0.0,3145.0,0,0,6,2 path,0 no foreign neighbour,700.9854736328125,0.3560684323310852,1.0,13.0
3235,0,bus,1.0,0.0,4562.0,0.0,3145.0,0,0,4,1 tip,0 no foreign neighbour,203.314453125,0.32506266236305237,1.0,4.0
3236,0,bus,2.0,0.0,4562.0,0.0,3145.0,0,0,2,2 path,0 no foreign neighbour,25.963966369628906,0.10216429829597473,1.0,1.0
3237,0,bus,1.0,0.0,4562.0,0.0,3145.0,0,0,2,1 tip,0 no foreign neighbour,63.992679595947266,0.1685727834701538,1.0,1.0
3238,0,bus,5.0,0.0,4562.0,0.2,3145.0,0,0,5,3+ branch,mixed,246.13662719726562,0.1701643168926239,1.0,5.0
3239,0,bus,1.0,0.0,4562.0,0.0,3145.0,0,0,3,1 tip,0 no foreign neighbour,194.39053344726562,0.1737338900566101,1.0,3.0
3240,3,bus+trolley,3.0,0.3333333432674408,4562.0,1.0,610.0,1,1,4,3+ branch,1 all neighbours foreign,157.72152709960938,0.025831295177340508,2.0,3.0
3241,3,bus+trolley,2.0,0.0,4562.0,0.5,610.0,1,1,4,2 path,mixed,244.45657348632812,0.016503984108567238,2.0,4.0
3242,4,tram,1.0,0.0,4562.0,1.0,296.0,1,1,4,1 tip,1 all neighbours foreign,149.826904296875,0.17070506513118744,1.0,4.0
3243,0,bus,2.0,0.0,4562.0,0.0,3145.0,0,0,2,2 path,0 no foreign neighbour,148.13946533203125,0.0886768326163292,1.0,3.0
3244,0,bus,1.0,0.0,4562.0,0.0,3145.0,0,0,2,1 tip,0 no foreign neighbour,29.891128540039062,0.10265976935625076,1.0,1.0
3245,0,bus,1.0,0.0,4562.0,0.0,3145.0,0,0,2,1 tip,0 no foreign neighbour,29.891128540039062,0.09507192671298981,1.0,1.0
3246,0,bus,1.0,0.0,4562.0,0.0,3145.0,0,0,3,1 tip,0 no foreign neighbour,155.0956573486328,0.05013388767838478,1.0,3.0
3247,0,bus,2.0,0.0,4562.0,0.0,3145.0,0,0,6,2 path,0 no foreign neighbour,772.6412963867188,0.2494966685771942,1.0,12.0
3248,0,bus,2.0,0.0,4562.0,0.0,3145.0,0,0,6,2 path,0 no foreign neighbour,626.3649291992188,0.42079898715019226,1.0,14.0
3249,0,bus,1.0,0.0,4562.0,0.0,3145.0,0,0,0,1 tip,0 no foreign neighbour,167.78456115722656,0.4483061134815216,1.0,4.0
3250,0,bus,1.0,0.0,4562.0,0.0,3145.0,0,0,4,1 tip,0 no foreign neighbour,57.05073165893555,0.09849235415458679,1.0,1.0
3251,0,bus,1.0,0.0,4562.0,1.0,3145.0,0,0,4,1 tip,1 all neighbours foreign,173.10757446289062,0.16518688201904297,1.0,3.0
3252,0,bus,2.0,0.0,4562.0,0.5,3145.0,0,0,3,2 path,mixed,208.44332885742188,0.10827741771936417,1.0,4.0
3253,0,bus,2.0,0.0,4562.0,0.0,3145.0,0,0,4,2 path,0 no foreign neighbour,205.56414794921875,0.13877661526203156,1.0,4.0
3254,0,bus,1.0,0.0,4562.0,0.0,3145.0,0,0,4,1 tip,0 no foreign neighbour,46.45233154296875,0.40199992060661316,1.0,2.0
3255,0,bus,2.0,0.0,4562.0,0.5,3145.0,0,0,4,2 path,mixed,182.19273376464844,0.18416309356689453,1.0,3.0
3256,3,bus+trolley,2.0,0.0,4562.0,1.0,610.0,1,1,3,2 path,1 all neighbours foreign,361.0718994140625,0.1582827866077423,2.0,7.0
3257,0,bus,1.0,0.0,4562.0,0.0,3145.0,0,0,2,1 tip,0 no foreign neighbour,53.86854934692383,0.12141076475381851,1.0,1.0
3258,0,bus,3.0,0.0,4562.0,0.0,3145.0,0,0,0,3+ branch,0 no foreign neighbour,446.0232238769531,0.12226295471191406,1.0,8.0
3259,0,bus,1.0,0.0,4562.0,0.0,3145.0,0,0,4,1 tip,0 no foreign neighbour,70.42781829833984,0.17223457992076874,1.0,2.0
3260,0,bus,1.0,0.0,4562.0,0.0,3145.0,0,0,3,1 tip,0 no foreign neighbour,262.7778625488281,0.08054854720830917,1.0,4.0
3261,0,bus,1.0,0.0,4562.0,0.0,3145.0,0,0,2,1 tip,0 no foreign neighbour,48.703765869140625,0.15199854969978333,1.0,1.0
3262,0,bus,1.0,0.0,4562.0,0.0,3145.0,0,0,3,1 tip,0 no foreign neighbour,48.703765869140625,0.15168996155261993,1.0,1.0
3263,0,bus,1.0,0.0,4562.0,0.0,3145.0,0,0,2,1 tip,0 no foreign neighbour,31.81903839111328,0.12161969393491745,1.0,1.0
3264,0,bus,1.0,0.0,4562.0,0.0,3145.0,0,0,3,1 tip,0 no foreign neighbour,299.6289978027344,0.09839789569377899,1.0,5.0
3265,0,bus,1.0,0.0,4562.0,0.0,3145.0,0,0,4,1 tip,0 no foreign neighbour,55.62803268432617,0.10720418393611908,1.0,1.0
3266,1,bus+tram,4.0,0.0,4562.0,1.0,149.0,1,1,4,3+ branch,1 all neighbours foreign,230.94351196289062,0.10383524000644684,2.0,5.0
3267,0,bus,2.0,0.0,4562.0,0.5,3145.0,0,0,4,2 path,mixed,199.1723175048828,0.02630404569208622,1.0,3.0
3268,0,bus,1.0,0.0,4562.0,1.0,3145.0,0,0,4,1 tip,1 all neighbours foreign,156.47454833984375,0.10802927613258362,1.0,3.0
3269,4,tram,1.0,0.0,4562.0,1.0,296.0,1,1,4,1 tip,1 all neighbours foreign,79.65267944335938,0.03560829907655716,1.0,2.0
3270,0,bus,1.0,0.0,4562.0,1.0,3145.0,0,0,2,1 tip,1 all neighbours foreign,65.15506744384766,0.10616764426231384,1.0,1.0
3271,0,bus,1.0,0.0,4562.0,0.0,3145.0,0,0,4,1 tip,0 no foreign neighbour,168.1625518798828,0.12909118831157684,1.0,4.0
3272,0,bus,1.0,0.0,4562.0,0.0,3145.0,0,0,0,1 tip,0 no foreign neighbour,303.6572265625,0.42604461312294006,1.0,5.0
3273,0,bus,1.0,0.0,4562.0,0.0,3145.0,0,0,0,1 tip,0 no foreign neighbour,207.3431854248047,0.6175405383110046,1.0,3.0
3274,0,bus,1.0,0.0,4562.0,0.0,3145.0,0,0,4,1 tip,0 no foreign neighbour,34.070716857910156,0.27941471338272095,1.0,1.0
3275,0,bus,1.0,0.0,4562.0,0.0,3145.0,0,0,2,1 tip,0 no foreign neighbour,72.32745361328125,0.179551899433136,1.0,2.0
3276,0,bus,2.0,0.0,4562.0,0.0,3145.0,0,0,0,2 path,0 no foreign neighbour,142.3748016357422,0.16151775419712067,1.0,3.0
3277,4,tram,1.0,0.0,4562.0,1.0,296.0,1,1,2,1 tip,1 all neighbours foreign,46.3705940246582,0.08959158509969711,1.0,1.0
3278,0,bus,1.0,0.0,4562.0,0.0,3145.0,0,0,0,1 tip,0 no foreign neighbour,108.51786804199219,0.23187696933746338,1.0,2.0
3279,0,bus,2.0,0.0,4562.0,0.0,3145.0,0,0,0,2 path,0 no foreign neighbour,243.97781372070312,0.5147964954376221,1.0,7.0
3280,0,bus,1.0,0.0,4562.0,0.0,3145.0,0,0,4,1 tip,0 no foreign neighbour,23.65066146850586,0.5171237587928772,1.0,1.0
3281,0,bus,2.0,1.0,4562.0,0.0,3145.0,0,0,6,2 path,0 no foreign neighbour,207.3431854248047,0.5541753172874451,1.0,3.0
3282,6,trolley,1.0,0.0,4562.0,0.0,261.0,1,1,3,1 tip,0 no foreign neighbour,131.92384338378906,0.18647637963294983,1.0,3.0
3283,0,bus,1.0,0.0,4562.0,0.0,3145.0,0,0,6,1 tip,0 no foreign neighbour,544.7400512695312,0.4123852849006653,1.0,11.0
3284,0,bus,1.0,0.0,4562.0,0.0,3145.0,0,0,3,1 tip,0 no foreign neighbour,139.18240356445312,0.10834065079689026,1.0,4.0
3285,0,bus,2.0,1.0,4562.0,0.0,3145.0,0,0,6,2 path,0 no foreign neighbour,731.31591796875,0.24359898269176483,1.0,11.0
3286,0,bus,2.0,0.0,4562.0,0.0,3145.0,0,0,3,2 path,0 no foreign neighbour,210.71331787109375,0.1319248080253601,1.0,4.0
3287,0,bus,2.0,0.0,4562.0,0.5,3145.0,0,0,2,2 path,mixed,63.992679595947266,0.19147980213165283,1.0,1.0
3288,0,bus,1.0,0.0,4562.0,0.0,3145.0,0,0,0,1 tip,0 no foreign neighbour,273.9530944824219,0.2569921612739563,1.0,5.0
3289,0,bus,3.0,0.3333333432674408,4562.0,0.6666666666666666,3145.0,0,0,3,3+ branch,mixed,123.50977325439453,0.06654563546180725,1.0,3.0
3290,0,bus,1.0,0.0,4562.0,0.0,3145.0,0,0,0,1 tip,0 no foreign neighbour,354.1955261230469,0.21638527512550354,1.0,5.0
3291,0,bus,1.0,0.0,4562.0,1.0,3145.0,0,0,2,1 tip,1 all neighbours foreign,57.461238861083984,0.10146433115005493,1.0,1.0
3292,0,bus,2.0,0.0,4562.0,0.5,3145.0,0,0,4,2 path,mixed,89.01689910888672,0.0880575105547905,1.0,2.0
3293,0,bus,1.0,0.0,4562.0,1.0,3145.0,0,0,4,1 tip,1 all neighbours foreign,66.6929931640625,0.07766739279031754,1.0,1.0
3294,0,bus,1.0,0.0,4562.0,0.0,3145.0,0,0,2,1 tip,0 no foreign neighbour,43.01979446411133,0.26955440640449524,1.0,1.0
3295,0,bus,2.0,0.0,4562.0,1.0,3145.0,0,0,3,2 path,1 all neighbours foreign,101.01754760742188,0.15826857089996338,1.0,2.0
3296,0,bus,2.0,0.0,4562.0,0.0,3145.0,0,0,2,2 path,0 no foreign neighbour,145.7701416015625,0.1737055778503418,1.0,4.0
3297,1,bus+tram,1.0,0.0,4562.0,0.0,149.0,1,1,2,1 tip,0 no foreign neighbour,218.84210205078125,0.08459385484457016,2.0,4.0
3298,4,tram,2.0,0.0,4562.0,0.5,296.0,1,1,2,2 path,mixed,53.22453308105469,0.06772420555353165,1.0,2.0
3299,0,bus,1.0,0.0,4562.0,1.0,3145.0,0,0,4,1 tip,1 all neighbours foreign,60.11814498901367,0.026548786088824272,1.0,1.0
3300,0,bus,4.0,0.1666666716337204,4562.0,0.0,3145.0,0,0,4,3+ branch,0 no foreign neighbour,331.90167236328125,0.22118936479091644,1.0,6.0
3301,0,bus,1.0,0.0,4562.0,0.0,3145.0,0,0,4,1 tip,0 no foreign neighbour,192.892578125,0.03253411874175072,1.0,3.0
3302,0,bus,1.0,0.0,4562.0,0.0,3145.0,0,0,4,1 tip,0 no foreign neighbour,132.2214813232422,0.23340894281864166,1.0,3.0
3303,0,bus,2.0,0.0,4562.0,0.0,3145.0,0,0,3,2 path,0 no foreign neighbour,119.60042572021484,0.23022344708442688,1.0,2.0
3304,0,bus,3.0,0.0,4562.0,0.3333333333333333,3145.0,0,0,3,3+ branch,mixed,191.48257446289062,0.16543824970722198,1.0,5.0
3305,0,bus,1.0,0.0,4562.0,0.0,3145.0,0,0,4,1 tip,0 no foreign neighbour,98.97975158691406,0.3274795114994049,1.0,2.0
3306,0,bus,1.0,0.0,4562.0,0.0,3145.0,0,0,4,1 tip,0 no foreign neighbour,35.44072723388672,0.4023231863975525,1.0,1.0
3307,0,bus,2.0,0.0,4562.0,0.0,3145.0,0,0,3,2 path,0 no foreign neighbour,319.7529602050781,0.1561717540025711,1.0,7.0
3308,0,bus,2.0,0.0,4562.0,0.0,3145.0,0,0,3,2 path,0 no foreign neighbour,329.79290771484375,0.15538924932479858,1.0,7.0
3309,3,bus+trolley,1.0,0.0,4562.0,0.0,610.0,1,1,3,1 tip,0 no foreign neighbour,215.43653869628906,0.1660025268793106,2.0,4.0
3310,3,bus+trolley,3.0,0.0,4562.0,1.0,610.0,1,1,3,3+ branch,1 all neighbours foreign,254.2790069580078,0.16222402453422546,2.0,5.0
3311,0,bus,1.0,0.0,4562.0,0.0,3145.0,0,0,2,1 tip,0 no foreign neighbour,43.01979446411133,0.3873777389526367,1.0,1.0
3312,3,bus+trolley,2.0,0.0,4562.0,0.5,610.0,1,1,3,2 path,mixed,236.5785369873047,0.024944810196757317,2.0,3.0
3313,6,trolley,2.0,0.0,4562.0,1.0,261.0,1,1,4,2 path,1 all neighbours foreign,286.034912109375,0.047169920057058334,1.0,5.0
3314,0,bus,3.0,0.0,4562.0,0.0,3145.0,0,0,3,3+ branch,0 no foreign neighbour,128.34698486328125,0.22673296928405762,1.0,3.0
3315,0,bus,1.0,0.0,4562.0,0.0,3145.0,0,0,4,1 tip,0 no foreign neighbour,143.5338592529297,0.03999865800142288,1.0,2.0
3316,0,bus,1.0,0.0,4562.0,0.0,3145.0,0,0,4,1 tip,0 no foreign neighbour,143.5338592529297,0.031954336911439896,1.0,2.0
3317,6,trolley,1.0,0.0,4562.0,1.0,261.0,1,1,4,1 tip,1 all neighbours foreign,67.02143859863281,0.025671256706118584,1.0,1.0
3318,0,bus,1.0,0.0,4562.0,0.0,3145.0,0,0,2,1 tip,0 no foreign neighbour,43.01979446411133,0.4175882339477539,1.0,1.0
3319,2,bus+tram+trolley,3.0,0.0,4562.0,0.0,88.0,1,1,4,3+ branch,0 no foreign neighbour,277.4908752441406,0.17698396742343903,3.0,7.0
3320,3,bus+trolley,2.0,0.0,4562.0,1.0,610.0,1,1,3,2 path,1 all neighbours foreign,277.01702880859375,0.06901159137487411,2.0,5.0
3321,0,bus,2.0,0.0,4562.0,0.0,3145.0,0,0,0,2 path,0 no foreign neighbour,677.4381713867188,0.10298670083284378,1.0,13.0
3322,0,bus,2.0,0.0,4562.0,0.0,3145.0,0,0,4,2 path,0 no foreign neighbour,180.33502197265625,0.1774129420518875,1.0,4.0
3323,0,bus,2.0,0.0,4562.0,0.0,3145.0,0,0,4,2 path,0 no foreign neighbour,86.48314666748047,0.1652086228132248,1.0,2.0
3324,0,bus,1.0,0.0,4562.0,0.0,3145.0,0,0,4,1 tip,0 no foreign neighbour,29.23248863220215,0.13770243525505066,1.0,1.0
3325,0,bus,2.0,1.0,4562.0,0.0,3145.0,0,0,4,2 path,0 no foreign neighbour,35.9183235168457,0.5785827040672302,1.0,1.0
3326,0,bus,1.0,0.0,4562.0,1.0,3145.0,0,0,0,1 tip,1 all neighbours foreign,37.77970886230469,0.18104198575019836,1.0,1.0
3327,0,bus,1.0,0.0,4562.0,0.0,3145.0,0,0,6,1 tip,0 no foreign neighbour,564.5611572265625,0.13662995398044586,1.0,10.0
3328,0,bus,2.0,0.0,4562.0,1.0,3145.0,0,0,3,2 path,1 all neighbours foreign,179.05560302734375,0.1934444010257721,1.0,4.0
3329,0,bus,1.0,0.0,4562.0,0.0,3145.0,0,0,4,1 tip,0 no foreign neighbour,101.02635955810547,0.14426158368587494,1.0,2.0
3330,0,bus,1.0,0.0,4562.0,0.0,3145.0,0,0,4,1 tip,0 no foreign neighbour,101.02635955810547,0.13819071650505066,1.0,2.0
3331,0,bus,1.0,0.0,4562.0,0.0,3145.0,0,0,4,1 tip,0 no foreign neighbour,126.0635986328125,0.11988553404808044,1.0,2.0
3332,0,bus,4.0,0.1666666716337204,4562.0,0.0,3145.0,0,0,6,3+ branch,0 no foreign neighbour,755.3853759765625,0.40874940156936646,1.0,17.0
3333,0,bus,1.0,0.0,4562.0,0.0,3145.0,0,0,2,1 tip,0 no foreign neighbour,30.894052505493164,0.22416625916957855,1.0,1.0
3334,4,tram,2.0,0.0,4562.0,0.5,296.0,1,1,4,2 path,mixed,89.32957458496094,0.22889362275600433,1.0,2.0
3335,0,bus,1.0,0.0,4562.0,0.0,3145.0,0,0,0,1 tip,0 no foreign neighbour,158.3829345703125,0.24726875126361847,1.0,3.0
3336,0,bus,1.0,0.0,4562.0,0.0,3145.0,0,0,2,1 tip,0 no foreign neighbour,124.46615600585938,0.17263340950012207,1.0,2.0
3337,0,bus,1.0,0.0,4562.0,0.0,3145.0,0,0,2,1 tip,0 no foreign neighbour,124.46615600585938,0.17421802878379822,1.0,2.0
3338,0,bus,1.0,0.0,4562.0,0.0,3145.0,0,0,4,1 tip,0 no foreign neighbour,44.73819351196289,0.9529646635055542,1.0,1.0
3339,0,bus,2.0,0.0,4562.0,0.0,3145.0,0,0,5,2 path,0 no foreign neighbour,432.8907165527344,0.15305475890636444,1.0,7.0
3340,0,bus,2.0,0.0,4562.0,0.0,3145.0,0,0,2,2 path,0 no foreign neighbour,22.749025344848633,0.6401916742324829,1.0,2.0
3341,0,bus,2.0,0.0,4562.0,0.0,3145.0,0,0,4,2 path,0 no foreign neighbour,167.00796508789062,0.2723306715488434,1.0,5.0
3342,1,bus+tram,2.0,0.0,4562.0,0.0,149.0,1,1,2,2 path,0 no foreign neighbour,120.75740051269531,0.09036576002836227,2.0,3.0
3343,0,bus,2.0,0.0,4562.0,0.5,3145.0,0,0,4,2 path,mixed,514.908447265625,0.18029750883579254,1.0,10.0
3344,0,bus,2.0,1.0,4562.0,1.0,3145.0,0,0,3,2 path,1 all neighbours foreign,544.73095703125,0.16632765531539917,1.0,10.0
3345,0,bus,2.0,0.0,4562.0,0.0,3145.0,0,0,4,2 path,0 no foreign neighbour,188.29092407226562,0.26934173703193665,1.0,3.0
3346,0,bus,1.0,0.0,4562.0,0.0,3145.0,0,0,3,1 tip,0 no foreign neighbour,63.992679595947266,0.19346727430820465,1.0,1.0
3347,0,bus,2.0,0.0,4562.0,0.5,3145.0,0,0,3,2 path,mixed,393.02508544921875,0.20599249005317688,1.0,6.0
3348,0,bus,1.0,0.0,4562.0,0.0,3145.0,0,0,4,1 tip,0 no foreign neighbour,40.0055046081543,0.16424044966697693,1.0,1.0
3349,0,bus,1.0,0.0,4562.0,0.0,3145.0,0,0,4,1 tip,0 no foreign neighbour,168.92742919921875,0.16024883091449738,1.0,3.0
3350,0,bus,2.0,0.0,4562.0,1.0,3145.0,0,0,2,2 path,1 all neighbours foreign,228.60702514648438,0.20822882652282715,1.0,4.0
3351,0,bus,1.0,0.0,4562.0,1.0,3145.0,0,0,2,1 tip,1 all neighbours foreign,100.90947723388672,0.22042720019817352,1.0,2.0
3352,0,bus,3.0,0.0,4562.0,0.0,3145.0,0,0,4,3+ branch,0 no foreign neighbour,281.9627990722656,0.03988830745220184,1.0,5.0
3353,0,bus,2.0,0.0,4562.0,0.0,3145.0,0,0,0,2 path,0 no foreign neighbour,154.607666015625,0.3803791105747223,1.0,3.0
3354,0,bus,1.0,0.0,4562.0,0.0,3145.0,0,0,4,1 tip,0 no foreign neighbour,20.268985748291016,0.398210346698761,1.0,1.0
3355,0,bus,1.0,0.0,4562.0,1.0,3145.0,0,0,4,1 tip,1 all neighbours foreign,239.24610900878906,0.024664998054504395,1.0,4.0
3356,0,bus,2.0,0.0,4562.0,0.0,3145.0,0,0,2,2 path,0 no foreign neighbour,134.43092346191406,0.20730726420879364,1.0,3.0
3357,0,bus,2.0,0.0,4562.0,0.0,3145.0,0,0,2,2 path,0 no foreign neighbour,227.3067626953125,0.21304747462272644,1.0,6.0
3358,0,bus,1.0,0.0,4562.0,0.0,3145.0,0,0,6,1 tip,0 no foreign neighbour,78.6676254272461,0.9754012823104858,1.0,1.0
3359,0,bus,2.0,0.0,4562.0,0.0,3145.0,0,0,4,2 path,0 no foreign neighbour,208.9329376220703,0.14898699522018433,1.0,4.0
3360,3,bus+trolley,6.0,0.0,4562.0,0.8333333333333334,610.0,1,1,0,3+ branch,mixed,420.3288879394531,0.13349254429340363,2.0,6.0
3361,0,bus,1.0,0.0,4562.0,0.0,3145.0,0,0,0,1 tip,0 no foreign neighbour,75.93380737304688,0.14873969554901123,1.0,1.0
3362,3,bus+trolley,1.0,0.0,4562.0,0.0,610.0,1,1,0,1 tip,0 no foreign neighbour,335.96075439453125,0.1400609314441681,2.0,5.0
3363,0,bus,2.0,0.0,4562.0,0.0,3145.0,0,0,4,2 path,0 no foreign neighbour,333.8931579589844,0.14380328357219696,1.0,5.0
3364,0,bus,1.0,0.0,4562.0,1.0,3145.0,0,0,4,1 tip,1 all neighbours foreign,206.47901916503906,0.1429356187582016,1.0,3.0
3365,0,bus,2.0,0.0,4562.0,1.0,3145.0,0,0,4,2 path,1 all neighbours foreign,118.97982788085938,0.1461535394191742,1.0,2.0
3366,0,bus,1.0,0.0,4562.0,0.0,3145.0,0,0,6,1 tip,0 no foreign neighbour,207.3431854248047,0.8202347755432129,1.0,3.0
3367,0,bus,2.0,0.0,4562.0,0.0,3145.0,0,0,2,2 path,0 no foreign neighbour,45.96323013305664,0.3327443301677704,1.0,1.0
3368,0,bus,2.0,0.0,4562.0,0.0,3145.0,0,0,4,2 path,0 no foreign neighbour,44.73819351196289,0.6897791624069214,1.0,1.0
3369,0,bus,2.0,0.0,4562.0,0.0,3145.0,0,0,4,2 path,0 no foreign neighbour,44.73819351196289,0.6699703335762024,1.0,1.0
3370,0,bus,2.0,0.0,4562.0,0.0,3145.0,0,0,4,2 path,0 no foreign neighbour,44.73819351196289,0.844240128993988,1.0,1.0
3371,0,bus,1.0,0.0,4562.0,0.0,3145.0,0,0,4,1 tip,0 no foreign neighbour,44.73819351196289,0.9612783193588257,1.0,1.0
3372,0,bus,1.0,0.0,4562.0,0.0,3145.0,0,0,4,1 tip,0 no foreign neighbour,44.73819351196289,0.9633663296699524,1.0,1.0
3373,0,bus,2.0,0.0,4562.0,0.0,3145.0,0,0,6,2 path,0 no foreign neighbour,577.7574462890625,0.2930426299571991,1.0,9.0
3374,3,bus+trolley,2.0,0.0,4562.0,0.0,610.0,1,1,5,2 path,0 no foreign neighbour,839.842041015625,0.11480171978473663,2.0,16.0
3375,0,bus,3.0,0.3333333432674408,4562.0,0.0,3145.0,0,0,4,3+ branch,0 no foreign neighbour,132.19015502929688,0.03730387985706329,1.0,2.0
3376,0,bus,1.0,0.0,4562.0,1.0,3145.0,0,0,3,1 tip,1 all neighbours foreign,112.05782318115234,0.09108638018369675,1.0,2.0
3377,0,bus,2.0,0.0,4562.0,0.0,3145.0,0,0,5,2 path,0 no foreign neighbour,542.360107421875,0.09100569039583206,1.0,9.0
3378,0,bus,1.0,0.0,4562.0,0.0,3145.0,0,0,2,1 tip,0 no foreign neighbour,57.57014465332031,0.15835662186145782,1.0,1.0
3379,0,bus,1.0,0.0,4562.0,0.0,3145.0,0,0,2,1 tip,0 no foreign neighbour,57.57014465332031,0.15643449127674103,1.0,1.0
3380,0,bus,1.0,0.0,4562.0,1.0,3145.0,0,0,3,1 tip,1 all neighbours foreign,68.8556137084961,0.10836541652679443,1.0,1.0
3381,0,bus,1.0,0.0,4562.0,0.0,3145.0,0,0,3,1 tip,0 no foreign neighbour,57.57014465332031,0.15387918055057526,1.0,1.0
3382,0,bus,1.0,0.0,4562.0,1.0,3145.0,0,0,0,1 tip,1 all neighbours foreign,262.69195556640625,0.05042949318885803,1.0,4.0
3383,0,bus,1.0,0.0,4562.0,0.0,3145.0,0,0,3,1 tip,0 no foreign neighbour,274.67724609375,0.13359947502613068,1.0,4.0
3384,3,bus+trolley,4.0,0.0,4562.0,1.0,610.0,1,1,5,3+ branch,1 all neighbours foreign,341.0912170410156,0.133219912648201,2.0,5.0
3385,0,bus,3.0,0.0,4562.0,0.0,3145.0,0,0,3,3+ branch,0 no foreign neighbour,351.6113586425781,0.1356464922428131,1.0,6.0
3386,0,bus,1.0,0.0,4562.0,1.0,3145.0,0,0,3,1 tip,1 all neighbours foreign,274.67724609375,0.13629743456840515,1.0,4.0
3387,0,bus,2.0,0.0,4562.0,0.0,3145.0,0,0,3,2 path,0 no foreign neighbour,351.6113586425781,0.134801983833313,1.0,6.0
3388,0,bus,1.0,0.0,4562.0,1.0,3145.0,0,0,3,1 tip,1 all neighbours foreign,243.90830993652344,0.11655586957931519,1.0,5.0
3389,4,tram,1.0,0.0,4562.0,1.0,296.0,1,1,2,1 tip,1 all neighbours foreign,132.79119873046875,0.0739864781498909,1.0,3.0
3390,0,bus,1.0,0.0,4562.0,0.0,3145.0,0,0,5,1 tip,0 no foreign neighbour,285.8840026855469,0.14401210844516754,1.0,4.0
3391,0,bus,3.0,0.0,4562.0,0.0,3145.0,0,0,3,3+ branch,0 no foreign neighbour,173.2828369140625,0.14242064952850342,1.0,3.0
3392,0,bus,2.0,0.0,4562.0,0.5,3145.0,0,0,4,2 path,mixed,80.04905700683594,0.01028433721512556,1.0,2.0
3393,0,bus,2.0,0.0,4562.0,0.0,3145.0,0,0,1,2 path,0 no foreign neighbour,97.29273986816406,0.4273427724838257,1.0,1.0
3394,0,bus,1.0,0.0,4562.0,0.0,3145.0,0,0,1,1 tip,0 no foreign neighbour,97.29273986816406,0.4210193157196045,1.0,1.0
3395,0,bus,1.0,0.0,4562.0,0.0,3145.0,0,0,1,1 tip,0 no foreign neighbour,97.29273986816406,0.4218418300151825,1.0,1.0
3396,0,bus,2.0,0.0,4562.0,0.0,3145.0,0,0,1,2 path,0 no foreign neighbour,97.29273986816406,0.41459226608276367,1.0,1.0
3397,0,bus,1.0,0.0,4562.0,0.0,3145.0,0,0,1,1 tip,0 no foreign neighbour,97.29273986816406,0.4094047248363495,1.0,1.0
3398,0,bus,1.0,0.0,4562.0,0.0,3145.0,0,0,1,1 tip,0 no foreign neighbour,97.29273986816406,0.40935835242271423,1.0,1.0
3399,0,bus,1.0,0.0,4562.0,0.0,3145.0,0,0,0,1 tip,0 no foreign neighbour,190.49835205078125,0.3798238933086395,1.0,4.0
3400,0,bus,3.0,0.0,4562.0,0.6666666666666666,3145.0,0,0,4,3+ branch,mixed,115.08850860595703,0.20978228747844696,1.0,3.0
3401,0,bus,3.0,1.0,4562.0,0.6666666666666666,3145.0,0,0,0,3+ branch,mixed,152.3584747314453,0.07817249000072479,1.0,3.0
3402,0,bus,1.0,0.0,4562.0,0.0,3145.0,0,0,0,1 tip,0 no foreign neighbour,66.6761245727539,0.051142022013664246,1.0,1.0
3403,0,bus,1.0,0.0,4562.0,0.0,3145.0,0,0,4,1 tip,0 no foreign neighbour,107.01109313964844,0.12031938880681992,1.0,2.0
3404,0,bus,2.0,0.0,4562.0,0.0,3145.0,0,0,4,2 path,0 no foreign neighbour,166.5591278076172,0.11383573710918427,1.0,3.0
3405,0,bus,1.0,0.0,4562.0,1.0,3145.0,0,0,4,1 tip,1 all neighbours foreign,70.91969299316406,0.11736580729484558,1.0,1.0
3406,0,bus,1.0,0.0,4562.0,0.0,3145.0,0,0,6,1 tip,0 no foreign neighbour,830.0564575195312,0.18528714776039124,1.0,13.0
3407,0,bus,1.0,0.0,4562.0,0.0,3145.0,0,0,4,1 tip,0 no foreign neighbour,104.84137725830078,0.10323582589626312,1.0,2.0
3408,0,bus,1.0,0.0,4562.0,0.0,3145.0,0,0,4,1 tip,0 no foreign neighbour,152.3584747314453,0.07225965708494186,1.0,3.0
3409,4,tram,1.0,0.0,4562.0,1.0,296.0,1,1,4,1 tip,1 all neighbours foreign,28.993154525756836,0.05587409436702728,1.0,1.0
3410,4,tram,1.0,0.0,4562.0,0.0,296.0,1,1,2,1 tip,0 no foreign neighbour,28.993154525756836,0.05885285139083862,1.0,1.0
3411,4,tram,2.0,0.0,4562.0,0.0,296.0,1,1,2,2 path,0 no foreign neighbour,28.993154525756836,0.06260790675878525,1.0,1.0
3412,4,tram,1.0,0.0,4562.0,0.0,296.0,1,1,2,1 tip,0 no foreign neighbour,28.993154525756836,0.0667230486869812,1.0,1.0
3413,4,tram,1.0,0.0,4562.0,0.0,296.0,1,1,2,1 tip,0 no foreign neighbour,28.993154525756836,0.06725109368562698,1.0,1.0
3414,4,tram,2.0,0.0,4562.0,1.0,296.0,1,1,2,2 path,1 all neighbours foreign,28.993154525756836,0.06408489495515823,1.0,1.0
3415,0,bus,1.0,0.0,4562.0,0.0,3145.0,0,0,4,1 tip,0 no foreign neighbour,154.607666015625,0.3762071430683136,1.0,3.0
3416,0,bus,1.0,0.0,4562.0,0.0,3145.0,0,0,3,1 tip,0 no foreign neighbour,65.99470520019531,0.31255581974983215,1.0,1.0
3417,0,bus,2.0,0.0,4562.0,0.0,3145.0,0,0,2,2 path,0 no foreign neighbour,104.02025604248047,0.22770164906978607,1.0,3.0
3418,6,trolley,1.0,0.0,4562.0,1.0,261.0,1,1,4,1 tip,1 all neighbours foreign,37.07956314086914,0.02468576468527317,1.0,1.0
3419,0,bus,1.0,0.0,4562.0,1.0,3145.0,0,0,4,1 tip,1 all neighbours foreign,104.53778076171875,0.13243703544139862,1.0,2.0
3420,3,bus+trolley,3.0,0.0,4562.0,0.0,610.0,1,1,3,3+ branch,0 no foreign neighbour,443.8697814941406,0.017672080546617508,2.0,8.0
3421,0,bus,1.0,0.0,4562.0,1.0,3145.0,0,0,2,1 tip,1 all neighbours foreign,26.875167846679688,0.0942116230726242,1.0,1.0
3422,0,bus,2.0,1.0,4562.0,0.0,3145.0,0,0,4,2 path,0 no foreign neighbour,244.9844970703125,0.015385194681584835,1.0,4.0
3423,3,bus+trolley,1.0,0.0,4562.0,0.0,610.0,1,1,3,1 tip,0 no foreign neighbour,430.7109069824219,0.12418653815984726,2.0,7.0
3424,0,bus,2.0,0.0,4562.0,0.0,3145.0,0,0,6,2 path,0 no foreign neighbour,426.0365295410156,0.3184279799461365,1.0,7.0
3425,0,bus,1.0,0.0,4562.0,0.0,3145.0,0,0,3,1 tip,0 no foreign neighbour,90.56210327148438,0.08120562136173248,1.0,1.0
3426,0,bus,1.0,0.0,4562.0,1.0,3145.0,0,0,0,1 tip,1 all neighbours foreign,425.26580810546875,0.09039943665266037,1.0,6.0
3427,0,bus,1.0,0.0,4562.0,1.0,3145.0,0,0,5,1 tip,1 all neighbours foreign,776.5205078125,0.1322937309741974,1.0,15.0
3428,0,bus,2.0,1.0,4562.0,1.0,3145.0,0,0,5,2 path,1 all neighbours foreign,655.73095703125,0.13197611272335052,1.0,12.0
3429,0,bus,2.0,0.0,4562.0,0.5,3145.0,0,0,0,2 path,mixed,760.6534423828125,0.07834728062152863,1.0,13.0
3430,0,bus,5.0,0.10000000149011612,4562.0,0.0,3145.0,0,0,0,3+ branch,0 no foreign neighbour,292.5115661621094,0.11449217051267624,1.0,6.0
3431,0,bus,2.0,0.0,4562.0,0.5,3145.0,0,0,0,2 path,mixed,292.5115661621094,0.1143212616443634,1.0,6.0
3432,0,bus,2.0,0.0,4562.0,0.5,3145.0,0,0,0,2 path,mixed,374.3220520019531,0.1014072448015213,1.0,5.0
3433,0,bus,1.0,0.0,4562.0,0.0,3145.0,0,0,0,1 tip,0 no foreign neighbour,369.83880615234375,0.08596456050872803,1.0,7.0
3434,0,bus,1.0,0.0,4562.0,0.0,3145.0,0,0,3,1 tip,0 no foreign neighbour,443.2065124511719,0.22006048262119293,1.0,7.0
3435,0,bus,2.0,1.0,4562.0,0.5,3145.0,0,0,2,2 path,mixed,176.70004272460938,0.23237864673137665,1.0,3.0
3436,3,bus+trolley,2.0,0.0,4562.0,0.5,610.0,1,1,3,2 path,mixed,260.9916687011719,0.11091775447130203,2.0,4.0
3437,0,bus,2.0,0.0,4562.0,0.0,3145.0,0,0,4,2 path,0 no foreign neighbour,101.78938293457031,0.019121570512652397,1.0,2.0
3438,0,bus,1.0,0.0,4562.0,0.0,3145.0,0,0,4,1 tip,0 no foreign neighbour,124.91634368896484,0.0967937782406807,1.0,2.0
3439,0,bus,1.0,0.0,4562.0,0.0,3145.0,0,0,4,1 tip,0 no foreign neighbour,83.801513671875,0.11840876936912537,1.0,2.0
3440,0,bus,2.0,0.0,4562.0,0.0,3145.0,0,0,2,2 path,0 no foreign neighbour,34.50724411010742,0.6605880260467529,1.0,1.0
3441,0,bus,4.0,0.0,4562.0,0.0,3145.0,0,0,2,3+ branch,0 no foreign neighbour,202.6142578125,0.2170509248971939,1.0,5.0
3442,0,bus,2.0,0.0,4562.0,0.0,3145.0,0,0,4,2 path,0 no foreign neighbour,58.26556396484375,0.06014992669224739,1.0,1.0
3443,0,bus,2.0,0.0,4562.0,0.0,3145.0,0,0,0,2 path,0 no foreign neighbour,160.6679229736328,0.4602420926094055,1.0,3.0
3444,0,bus,1.0,0.0,4562.0,0.0,3145.0,0,0,4,1 tip,0 no foreign neighbour,210.5540313720703,0.06178378686308861,1.0,3.0
3445,0,bus,1.0,0.0,4562.0,0.0,3145.0,0,0,4,1 tip,0 no foreign neighbour,303.5060729980469,0.020010413601994514,1.0,7.0
3446,0,bus,2.0,0.0,4562.0,0.0,3145.0,0,0,3,2 path,0 no foreign neighbour,183.499755859375,0.18217456340789795,1.0,3.0
3447,0,bus,2.0,0.0,4562.0,0.0,3145.0,0,0,4,2 path,0 no foreign neighbour,386.703857421875,0.1558486372232437,1.0,7.0
3448,0,bus,2.0,0.0,4562.0,0.0,3145.0,0,0,4,2 path,0 no foreign neighbour,181.36590576171875,0.17072778940200806,1.0,4.0
3449,0,bus,1.0,0.0,4562.0,0.0,3145.0,0,0,3,1 tip,0 no foreign neighbour,202.6142578125,0.21649707853794098,1.0,5.0
3450,0,bus,1.0,0.0,4562.0,0.0,3145.0,0,0,2,1 tip,0 no foreign neighbour,92.87584686279297,0.21445050835609436,1.0,3.0
3451,0,bus,2.0,0.0,4562.0,0.0,3145.0,0,0,6,2 path,0 no foreign neighbour,607.6011352539062,0.3771439492702484,1.0,11.0
3452,0,bus,1.0,0.0,4562.0,0.0,3145.0,0,0,2,1 tip,0 no foreign neighbour,36.85954284667969,0.0859258770942688,1.0,1.0
3453,0,bus,2.0,1.0,4562.0,0.0,3145.0,0,0,0,2 path,0 no foreign neighbour,243.82687377929688,0.4423745572566986,1.0,4.0
3454,0,bus,1.0,0.0,4562.0,0.0,3145.0,0,0,3,1 tip,0 no foreign neighbour,52.88328552246094,0.17449486255645752,1.0,1.0
3455,0,bus,3.0,0.0,4562.0,0.0,3145.0,0,0,6,3+ branch,0 no foreign neighbour,615.8089599609375,0.24786792695522308,1.0,13.0
3456,0,bus,1.0,0.0,4562.0,0.0,3145.0,0,0,4,1 tip,0 no foreign neighbour,44.00054931640625,0.04908808693289757,1.0,1.0
3457,0,bus,3.0,0.3333333432674408,4562.0,0.3333333333333333,3145.0,0,0,0,3+ branch,mixed,611.3783569335938,0.0630170926451683,1.0,9.0
3458,0,bus,2.0,1.0,4562.0,0.0,3145.0,0,0,4,2 path,0 no foreign neighbour,224.1880645751953,0.258369505405426,1.0,5.0
3459,0,bus,1.0,0.0,4562.0,0.0,3145.0,0,0,2,1 tip,0 no foreign neighbour,47.02650833129883,0.16969448328018188,1.0,1.0
3460,0,bus,1.0,0.0,4562.0,0.0,3145.0,0,0,2,1 tip,0 no foreign neighbour,47.02650833129883,0.14231988787651062,1.0,1.0
3461,0,bus,1.0,0.0,4562.0,0.0,3145.0,0,0,0,1 tip,0 no foreign neighbour,314.21337890625,0.1242208331823349,1.0,6.0
3462,0,bus,1.0,0.0,4562.0,0.0,3145.0,0,0,3,1 tip,0 no foreign neighbour,90.1964111328125,0.16614025831222534,1.0,1.0
3463,0,bus,2.0,0.0,4562.0,0.0,3145.0,0,0,0,2 path,0 no foreign neighbour,677.4381713867188,0.10320794582366943,1.0,13.0
3464,0,bus,3.0,0.0,4562.0,0.0,3145.0,0,0,0,3+ branch,0 no foreign neighbour,261.2702941894531,0.38571280241012573,1.0,5.0
3465,0,bus,1.0,0.0,4562.0,0.0,3145.0,0,0,0,1 tip,0 no foreign neighbour,581.4747314453125,0.26748472452163696,1.0,6.0
3466,3,bus+trolley,2.0,0.0,4562.0,0.0,610.0,1,1,4,2 path,0 no foreign neighbour,443.44720458984375,0.04694350063800812,2.0,8.0
3467,0,bus,2.0,0.0,4562.0,0.0,3145.0,0,0,4,2 path,0 no foreign neighbour,143.85336303710938,0.19355276226997375,1.0,4.0
3468,0,bus,1.0,0.0,4562.0,1.0,3145.0,0,0,4,1 tip,1 all neighbours foreign,339.4535217285156,0.2199077010154724,1.0,5.0
3469,0,bus,1.0,0.0,4562.0,0.0,3145.0,0,0,4,1 tip,0 no foreign neighbour,101.78938293457031,0.06446312367916107,1.0,2.0
3470,0,bus,1.0,0.0,4562.0,1.0,3145.0,0,0,3,1 tip,1 all neighbours foreign,70.2363052368164,0.12202972918748856,1.0,1.0
3471,0,bus,2.0,0.0,4562.0,0.5,3145.0,0,0,4,2 path,mixed,143.44537353515625,0.07489923387765884,1.0,3.0
3472,0,bus,1.0,0.0,4562.0,0.0,3145.0,0,0,4,1 tip,0 no foreign neighbour,202.5106964111328,0.07050678879022598,1.0,4.0
3473,0,bus,1.0,0.0,4562.0,0.0,3145.0,0,0,3,1 tip,0 no foreign neighbour,340.2626953125,0.10172589123249054,1.0,6.0
3474,0,bus,2.0,0.0,4562.0,0.5,3145.0,0,0,3,2 path,mixed,210.22886657714844,0.15720795094966888,1.0,4.0
3475,0,bus,1.0,0.0,4562.0,0.0,3145.0,0,0,3,1 tip,0 no foreign neighbour,182.3368682861328,0.16662950813770294,1.0,4.0
3476,0,bus,2.0,1.0,4562.0,0.0,3145.0,0,0,4,2 path,0 no foreign neighbour,57.10826873779297,0.2734874486923218,1.0,1.0
3477,0,bus,1.0,0.0,4562.0,0.0,3145.0,0,0,4,1 tip,0 no foreign neighbour,366.7962951660156,0.0573856495320797,1.0,7.0
3478,0,bus,4.0,0.0,4562.0,0.25,3145.0,0,0,5,3+ branch,mixed,679.7233276367188,0.14051572978496552,1.0,12.0
3479,0,bus,2.0,0.0,4562.0,0.0,3145.0,0,0,4,2 path,0 no foreign neighbour,186.6144256591797,0.2202741652727127,1.0,5.0
3480,0,bus,1.0,0.0,4562.0,0.0,3145.0,0,0,4,1 tip,0 no foreign neighbour,71.52590942382812,0.20538704097270966,1.0,2.0
3481,0,bus,1.0,0.0,4562.0,0.0,3145.0,0,0,4,1 tip,0 no foreign neighbour,204.0614013671875,0.39200735092163086,1.0,3.0
3482,0,bus,3.0,0.0,4562.0,0.0,3145.0,0,0,6,3+ branch,0 no foreign neighbour,515.2630615234375,0.24753156304359436,1.0,10.0
3483,0,bus,1.0,0.0,4562.0,0.0,3145.0,0,0,4,1 tip,0 no foreign neighbour,361.1011962890625,0.22268782556056976,1.0,6.0
3484,0,bus,1.0,0.0,4562.0,0.0,3145.0,0,0,6,1 tip,0 no foreign neighbour,419.2131042480469,0.24653463065624237,1.0,9.0
3485,0,bus,1.0,0.0,4562.0,0.0,3145.0,0,0,3,1 tip,0 no foreign neighbour,31.650245666503906,0.3467065691947937,1.0,1.0
3486,0,bus,1.0,0.0,4562.0,0.0,3145.0,0,0,3,1 tip,0 no foreign neighbour,31.650245666503906,0.35035741329193115,1.0,1.0
3487,0,bus,1.0,0.0,4562.0,0.0,3145.0,0,0,6,1 tip,0 no foreign neighbour,724.4130249023438,0.23069573938846588,1.0,8.0
3488,0,bus,3.0,0.0,4562.0,0.0,3145.0,0,0,6,3+ branch,0 no foreign neighbour,593.51025390625,0.2530469298362732,1.0,13.0
3489,3,bus+trolley,2.0,0.0,4562.0,0.5,610.0,1,1,4,2 path,mixed,301.6376953125,0.03819463402032852,2.0,5.0
3490,0,bus,1.0,0.0,4562.0,1.0,3145.0,0,0,0,1 tip,1 all neighbours foreign,617.622802734375,0.18234166502952576,1.0,7.0
3491,0,bus,2.0,0.0,4562.0,0.0,3145.0,0,0,4,2 path,0 no foreign neighbour,175.5576171875,0.11297934502363205,1.0,4.0
3492,0,bus,2.0,0.0,4562.0,0.0,3145.0,0,0,4,2 path,0 no foreign neighbour,83.801513671875,0.11393572390079498,1.0,2.0
3493,0,bus,3.0,0.3333333432674408,4562.0,0.6666666666666666,3145.0,0,0,3,3+ branch,mixed,122.63776397705078,0.11685050278902054,1.0,2.0
3494,0,bus,2.0,0.0,4562.0,0.0,3145.0,0,0,4,2 path,0 no foreign neighbour,249.24777221679688,0.03789455071091652,1.0,4.0
3495,0,bus,2.0,0.0,4562.0,0.0,3145.0,0,0,5,2 path,0 no foreign neighbour,450.5945129394531,0.15666097402572632,1.0,6.0
3496,0,bus,1.0,0.0,4562.0,1.0,3145.0,0,0,3,1 tip,1 all neighbours foreign,213.79005432128906,0.15586429834365845,1.0,4.0
3497,0,bus,1.0,0.0,4562.0,0.0,3145.0,0,0,4,1 tip,0 no foreign neighbour,155.6387176513672,0.2529630661010742,1.0,3.0
3498,0,bus,1.0,0.0,4562.0,0.0,3145.0,0,0,4,1 tip,0 no foreign neighbour,155.6387176513672,0.2544795274734497,1.0,3.0
3499,0,bus,1.0,0.0,4562.0,0.0,3145.0,0,0,2,1 tip,0 no foreign neighbour,124.46615600585938,0.16694703698158264,1.0,2.0
3500,0,bus,2.0,0.0,4562.0,0.0,3145.0,0,0,2,2 path,0 no foreign neighbour,173.3787384033203,0.08849478513002396,1.0,4.0
3501,0,bus,2.0,0.0,4562.0,0.0,3145.0,0,0,4,2 path,0 no foreign neighbour,167.00796508789062,0.27189695835113525,1.0,5.0
3502,0,bus,0.0,0.0,4562.0,,3145.0,0,0,4,0 isolated,,132.937255859375,0.2758754789829254,1.0,4.0
3503,0,bus,1.0,0.0,4562.0,0.0,3145.0,0,0,4,1 tip,0 no foreign neighbour,116.54144287109375,0.08818064630031586,1.0,2.0
3504,3,bus+trolley,1.0,0.0,4562.0,0.0,610.0,1,1,4,1 tip,0 no foreign neighbour,141.6905059814453,0.14051687717437744,2.0,3.0
3505,0,bus,2.0,0.0,4562.0,0.0,3145.0,0,0,6,2 path,0 no foreign neighbour,529.3276977539062,0.3522084057331085,1.0,11.0
3506,0,bus,1.0,0.0,4562.0,1.0,3145.0,0,0,4,1 tip,1 all neighbours foreign,176.33245849609375,0.13099758327007294,1.0,4.0
3507,6,trolley,1.0,0.0,4562.0,1.0,261.0,1,1,3,1 tip,1 all neighbours foreign,62.16179275512695,0.07773982733488083,1.0,1.0
3508,3,bus+trolley,1.0,0.0,4562.0,0.0,610.0,1,1,3,1 tip,0 no foreign neighbour,381.7861633300781,0.10910278558731079,2.0,5.0
3509,6,trolley,1.0,0.0,4562.0,1.0,261.0,1,1,3,1 tip,1 all neighbours foreign,62.16179275512695,0.10255932062864304,1.0,1.0
3510,0,bus,4.0,0.0,4562.0,0.0,3145.0,0,0,6,3+ branch,0 no foreign neighbour,973.8218994140625,0.09640531241893768,1.0,18.0
3511,0,bus,1.0,0.0,4562.0,1.0,3145.0,0,0,4,1 tip,1 all neighbours foreign,84.36813354492188,0.13630090653896332,1.0,1.0
3512,0,bus,1.0,0.0,4562.0,0.0,3145.0,0,0,4,1 tip,0 no foreign neighbour,68.46492004394531,0.10927058011293411,1.0,1.0
3513,0,bus,2.0,0.0,4562.0,0.0,3145.0,0,0,4,2 path,0 no foreign neighbour,138.16868591308594,0.19290129840373993,1.0,4.0
3514,6,trolley,1.0,0.0,4562.0,1.0,261.0,1,1,4,1 tip,1 all neighbours foreign,53.54792785644531,0.1446506679058075,1.0,1.0
3515,3,bus+trolley,2.0,0.0,4562.0,1.0,610.0,1,1,0,2 path,1 all neighbours foreign,387.44110107421875,0.1411087065935135,2.0,6.0
3516,6,trolley,1.0,0.0,4562.0,1.0,261.0,1,1,0,1 tip,1 all neighbours foreign,53.54792785644531,0.12982960045337677,1.0,1.0
3517,6,trolley,1.0,0.0,4562.0,1.0,261.0,1,1,4,1 tip,1 all neighbours foreign,53.54792785644531,0.14601817727088928,1.0,1.0
3518,6,trolley,1.0,0.0,4562.0,1.0,261.0,1,1,4,1 tip,1 all neighbours foreign,53.54792785644531,0.15615314245224,1.0,1.0
3519,0,bus,2.0,0.0,4562.0,0.0,3145.0,0,0,2,2 path,0 no foreign neighbour,38.12667465209961,0.18837043642997742,1.0,1.0
3520,0,bus,2.0,0.0,4562.0,0.0,3145.0,0,0,4,2 path,0 no foreign neighbour,123.77013397216797,0.3372655510902405,1.0,2.0
3521,0,bus,1.0,0.0,4562.0,0.0,3145.0,0,0,4,1 tip,0 no foreign neighbour,85.45164489746094,0.3045783042907715,1.0,1.0
3522,0,bus,1.0,0.0,4562.0,0.0,3145.0,0,0,4,1 tip,0 no foreign neighbour,85.45164489746094,0.3055649995803833,1.0,1.0
3523,0,bus,1.0,0.0,4562.0,0.0,3145.0,0,0,3,1 tip,0 no foreign neighbour,257.1496276855469,0.1388479620218277,1.0,5.0
3524,0,bus,3.0,0.3333333432674408,4562.0,0.0,3145.0,0,0,4,3+ branch,0 no foreign neighbour,72.2683334350586,0.20323841273784637,1.0,2.0
3525,0,bus,3.0,0.0,4562.0,0.0,3145.0,0,0,4,3+ branch,0 no foreign neighbour,245.42333984375,0.2755376994609833,1.0,6.0
3526,0,bus,2.0,0.0,4562.0,0.5,3145.0,0,0,4,2 path,mixed,63.02680969238281,0.20636525750160217,1.0,2.0
3527,0,bus,1.0,0.0,4562.0,0.0,3145.0,0,0,2,1 tip,0 no foreign neighbour,111.65837097167969,0.22655285894870758,1.0,4.0
3528,0,bus,2.0,0.0,4562.0,0.0,3145.0,0,0,0,2 path,0 no foreign neighbour,243.82687377929688,0.40866756439208984,1.0,4.0
3529,0,bus,3.0,0.3333333432674408,4562.0,0.0,3145.0,0,0,6,3+ branch,0 no foreign neighbour,864.9981079101562,0.18250355124473572,1.0,14.0
3530,0,bus,2.0,1.0,4562.0,0.0,3145.0,0,0,6,2 path,0 no foreign neighbour,830.0564575195312,0.185092955827713,1.0,13.0
3531,4,tram,2.0,0.0,4562.0,0.5,296.0,1,1,0,2 path,mixed,99.36609649658203,0.15547165274620056,1.0,3.0
3532,0,bus,1.0,0.0,4562.0,0.0,3145.0,0,0,2,1 tip,0 no foreign neighbour,43.01979446411133,0.3052237629890442,1.0,1.0
3533,0,bus,2.0,0.0,4562.0,0.0,3145.0,0,0,3,2 path,0 no foreign neighbour,313.53631591796875,0.12890881299972534,1.0,5.0
3534,0,bus,1.0,0.0,4562.0,1.0,3145.0,0,0,3,1 tip,1 all neighbours foreign,350.26739501953125,0.10253138840198517,1.0,6.0
3535,0,bus,1.0,0.0,4562.0,1.0,3145.0,0,0,5,1 tip,1 all neighbours foreign,444.2144775390625,0.12810392677783966,1.0,7.0
3536,0,bus,1.0,0.0,4562.0,0.0,3145.0,0,0,4,1 tip,0 no foreign neighbour,66.6929931640625,0.027286648750305176,1.0,1.0
3537,0,bus,1.0,0.0,4562.0,0.0,3145.0,0,0,2,1 tip,0 no foreign neighbour,47.46077346801758,0.20931576192378998,1.0,1.0
3538,3,bus+trolley,4.0,0.0,4562.0,0.0,610.0,1,1,5,3+ branch,0 no foreign neighbour,622.099853515625,0.09085381031036377,2.0,10.0
3539,6,trolley,2.0,0.0,4562.0,1.0,261.0,1,1,3,2 path,1 all neighbours foreign,31.35604476928711,0.0987592339515686,1.0,1.0
3540,3,bus+trolley,2.0,0.0,4562.0,0.5,610.0,1,1,3,2 path,mixed,389.3781433105469,0.11066959798336029,2.0,7.0
3541,0,bus,1.0,0.0,4562.0,1.0,3145.0,0,0,4,1 tip,1 all neighbours foreign,172.00050354003906,0.22258901596069336,1.0,4.0
3542,0,bus,1.0,0.0,4562.0,0.0,3145.0,0,0,4,1 tip,0 no foreign neighbour,77.36264038085938,0.2140544354915619,1.0,2.0
3543,0,bus,2.0,0.0,4562.0,0.0,3145.0,0,0,2,2 path,0 no foreign neighbour,115.08850860595703,0.2142663300037384,1.0,3.0
3544,0,bus,3.0,0.0,4562.0,0.0,3145.0,0,0,6,3+ branch,0 no foreign neighbour,733.2122802734375,0.19291970133781433,1.0,9.0
3545,0,bus,1.0,0.0,4562.0,0.0,3145.0,0,0,4,1 tip,0 no foreign neighbour,153.56390380859375,0.14604057371616364,1.0,3.0
3546,3,bus+trolley,2.0,0.0,4562.0,1.0,610.0,1,1,3,2 path,1 all neighbours foreign,240.3905029296875,0.14841468632221222,2.0,4.0
3547,0,bus,2.0,0.0,4562.0,0.0,3145.0,0,0,2,2 path,0 no foreign neighbour,173.9765167236328,0.14780424535274506,1.0,3.0
3548,0,bus,4.0,0.3333333432674408,4562.0,0.5,3145.0,0,0,6,3+ branch,mixed,539.5073852539062,0.11829400062561035,1.0,9.0
3549,0,bus,1.0,0.0,4562.0,0.0,3145.0,0,0,0,1 tip,0 no foreign neighbour,277.02142333984375,0.1326783150434494,1.0,5.0
3550,0,bus,2.0,0.0,4562.0,0.0,3145.0,0,0,0,2 path,0 no foreign neighbour,318.591552734375,0.15610377490520477,1.0,6.0
3551,0,bus,1.0,0.0,4562.0,1.0,3145.0,0,0,4,1 tip,1 all neighbours foreign,218.48716735839844,0.14827358722686768,1.0,4.0
3552,0,bus,3.0,0.0,4562.0,1.0,3145.0,0,0,5,3+ branch,1 all neighbours foreign,927.2103881835938,0.08735349774360657,1.0,14.0
3553,0,bus,3.0,0.0,4562.0,0.0,3145.0,0,0,0,3+ branch,0 no foreign neighbour,249.5741729736328,0.1305541694164276,1.0,5.0
3554,0,bus,1.0,0.0,4562.0,1.0,3145.0,0,0,0,1 tip,1 all neighbours foreign,484.8101806640625,0.10846046358346939,1.0,8.0
3555,0,bus,1.0,0.0,4562.0,0.0,3145.0,0,0,0,1 tip,0 no foreign neighbour,546.6912231445312,0.12828828394412994,1.0,12.0
3556,0,bus,2.0,0.0,4562.0,0.5,3145.0,0,0,3,2 path,mixed,345.6346130371094,0.1087612509727478,1.0,5.0
3557,0,bus,1.0,0.0,4562.0,0.0,3145.0,0,0,4,1 tip,0 no foreign neighbour,87.1963882446289,0.12812325358390808,1.0,2.0
3558,0,bus,1.0,0.0,4562.0,0.0,3145.0,0,0,2,1 tip,0 no foreign neighbour,68.64012145996094,0.09404383599758148,1.0,1.0
3559,0,bus,2.0,0.0,4562.0,0.0,3145.0,0,0,3,2 path,0 no foreign neighbour,220.9197235107422,0.2354719042778015,1.0,5.0
3560,0,bus,1.0,0.0,4562.0,1.0,3145.0,0,0,2,1 tip,1 all neighbours foreign,190.912841796875,0.22255639731884003,1.0,4.0
3561,0,bus,2.0,0.0,4562.0,0.0,3145.0,0,0,3,2 path,0 no foreign neighbour,262.2278747558594,0.14851833879947662,1.0,4.0
3562,0,bus,1.0,0.0,4562.0,1.0,3145.0,0,0,3,1 tip,1 all neighbours foreign,191.32888793945312,0.15883751213550568,1.0,4.0
3563,0,bus,3.0,0.3333333432674408,4562.0,0.0,3145.0,0,0,0,3+ branch,0 no foreign neighbour,286.5187072753906,0.3307444751262665,1.0,6.0
3564,0,bus,2.0,0.0,4562.0,0.5,3145.0,0,0,3,2 path,mixed,226.31326293945312,0.1404162496328354,1.0,4.0
3565,0,bus,2.0,0.0,4562.0,0.5,3145.0,0,0,5,2 path,mixed,460.5537109375,0.12949077785015106,1.0,8.0
3566,0,bus,3.0,0.6666666865348816,4562.0,0.6666666666666666,3145.0,0,0,3,3+ branch,mixed,196.29278564453125,0.17614981532096863,1.0,3.0
3567,0,bus,1.0,0.0,4562.0,1.0,3145.0,0,0,3,1 tip,1 all neighbours foreign,216.6690673828125,0.11376398801803589,1.0,3.0
3568,0,bus,1.0,0.0,4562.0,1.0,3145.0,0,0,3,1 tip,1 all neighbours foreign,519.2136840820312,0.11793676018714905,1.0,7.0
3569,0,bus,2.0,1.0,4562.0,0.0,3145.0,0,0,5,2 path,0 no foreign neighbour,651.3206176757812,0.17346981167793274,1.0,9.0
3570,0,bus,1.0,0.0,4562.0,0.0,3145.0,0,0,4,1 tip,0 no foreign neighbour,69.7205581665039,0.09279527515172958,1.0,2.0
3571,0,bus,1.0,0.0,4562.0,0.0,3145.0,0,0,4,1 tip,0 no foreign neighbour,31.76422691345215,0.2710748016834259,1.0,1.0
3572,0,bus,1.0,0.0,4562.0,0.0,3145.0,0,0,4,1 tip,0 no foreign neighbour,99.07412719726562,0.22294281423091888,1.0,3.0
3573,2,bus+tram+trolley,2.0,0.0,4562.0,0.0,88.0,1,1,4,2 path,0 no foreign neighbour,261.8515930175781,0.1801367551088333,3.0,6.0
3574,2,bus+tram+trolley,3.0,0.0,4562.0,0.6666666666666666,88.0,1,1,4,3+ branch,mixed,257.8216552734375,0.18227030336856842,3.0,6.0
3575,0,bus,2.0,1.0,4562.0,1.0,3145.0,0,0,6,2 path,1 all neighbours foreign,893.817626953125,0.11842433363199234,1.0,17.0
3576,0,bus,3.0,0.3333333432674408,4562.0,0.3333333333333333,3145.0,0,0,0,3+ branch,mixed,581.4381713867188,0.09253489971160889,1.0,8.0
3577,0,bus,1.0,0.0,4562.0,0.0,3145.0,0,0,4,1 tip,0 no foreign neighbour,47.02650833129883,0.14078231155872345,1.0,1.0
3578,6,trolley,1.0,0.0,4562.0,1.0,261.0,1,1,3,1 tip,1 all neighbours foreign,25.84278678894043,0.12451042979955673,1.0,1.0
3579,0,bus,2.0,0.0,4562.0,1.0,3145.0,0,0,0,2 path,1 all neighbours foreign,368.59246826171875,0.09263745695352554,1.0,7.0
3580,6,trolley,1.0,0.0,4562.0,0.0,261.0,1,1,4,1 tip,0 no foreign neighbour,62.60839080810547,0.20146752893924713,1.0,1.0
3581,0,bus,2.0,0.0,4562.0,0.0,3145.0,0,0,2,2 path,0 no foreign neighbour,41.069332122802734,0.4189533293247223,1.0,1.0
3582,0,bus,1.0,0.0,4562.0,1.0,3145.0,0,0,3,1 tip,1 all neighbours foreign,264.6781311035156,0.1546637862920761,1.0,4.0
3583,4,tram,1.0,0.0,4562.0,0.0,296.0,1,1,2,1 tip,0 no foreign neighbour,20.093374252319336,0.0854116901755333,1.0,1.0
3584,0,bus,1.0,0.0,4562.0,0.0,3145.0,0,0,2,1 tip,0 no foreign neighbour,106.0844497680664,0.2959315776824951,1.0,2.0
3585,0,bus,2.0,1.0,4562.0,0.0,3145.0,0,0,2,2 path,0 no foreign neighbour,106.0844497680664,0.29474759101867676,1.0,2.0
3586,0,bus,1.0,0.0,4562.0,1.0,3145.0,0,0,3,1 tip,1 all neighbours foreign,286.678466796875,0.2143261581659317,1.0,5.0
3587,0,bus,1.0,0.0,4562.0,0.0,3145.0,0,0,3,1 tip,0 no foreign neighbour,381.2239074707031,0.21905048191547394,1.0,7.0
3588,0,bus,2.0,0.0,4562.0,0.0,3145.0,0,0,2,2 path,0 no foreign neighbour,104.83476257324219,0.10483259707689285,1.0,2.0
3589,0,bus,1.0,0.0,4562.0,1.0,3145.0,0,0,4,1 tip,1 all neighbours foreign,100.90947723388672,0.21131259202957153,1.0,2.0
3590,6,trolley,1.0,0.0,4562.0,0.0,261.0,1,1,4,1 tip,0 no foreign neighbour,54.36271286010742,0.051367565989494324,1.0,1.0
3591,0,bus,1.0,0.0,4562.0,0.0,3145.0,0,0,3,1 tip,0 no foreign neighbour,417.6819763183594,0.16745534539222717,1.0,9.0
3592,0,bus,1.0,0.0,4562.0,0.0,3145.0,0,0,2,1 tip,0 no foreign neighbour,201.2401580810547,0.10125245898962021,1.0,4.0
3593,0,bus,1.0,0.0,4562.0,0.0,3145.0,0,0,3,1 tip,0 no foreign neighbour,246.13662719726562,0.15369057655334473,1.0,5.0
3594,0,bus,3.0,0.0,4562.0,0.6666666666666666,3145.0,0,0,5,3+ branch,mixed,557.0953979492188,0.12485990673303604,1.0,8.0
3595,3,bus+trolley,1.0,0.0,4562.0,0.0,610.0,1,1,3,1 tip,0 no foreign neighbour,320.7850646972656,0.1770119071006775,2.0,6.0
3596,3,bus+trolley,2.0,0.0,4562.0,0.5,610.0,1,1,1,2 path,mixed,378.5877685546875,0.17112170159816742,2.0,7.0
3597,3,bus+trolley,3.0,0.3333333432674408,4562.0,0.6666666666666666,610.0,1,1,3,3+ branch,mixed,330.8249816894531,0.17474356293678284,2.0,6.0
3598,0,bus,1.0,0.0,4562.0,1.0,3145.0,0,0,2,1 tip,1 all neighbours foreign,129.167724609375,0.11809048801660538,1.0,3.0
3599,3,bus+trolley,2.0,0.0,4562.0,0.0,610.0,1,1,1,2 path,0 no foreign neighbour,388.627685546875,0.16912759840488434,2.0,7.0
3600,0,bus,1.0,0.0,4562.0,0.0,3145.0,0,0,3,1 tip,0 no foreign neighbour,60.45466613769531,0.23913982510566711,1.0,1.0
3601,0,bus,1.0,0.0,4562.0,0.0,3145.0,0,0,4,1 tip,0 no foreign neighbour,423.24365234375,0.2178366482257843,1.0,8.0
3602,0,bus,1.0,0.0,4562.0,0.0,3145.0,0,0,6,1 tip,0 no foreign neighbour,251.05323791503906,0.2829514741897583,1.0,4.0
3603,0,bus,1.0,0.0,4562.0,0.0,3145.0,0,0,0,1 tip,0 no foreign neighbour,223.48068237304688,0.13803505897521973,1.0,4.0
3604,3,bus+trolley,3.0,0.0,4562.0,0.6666666666666666,610.0,1,1,3,3+ branch,mixed,319.84747314453125,0.22082844376564026,2.0,8.0
3605,0,bus,3.0,0.0,4562.0,0.6666666666666666,3145.0,0,0,5,3+ branch,mixed,474.8087158203125,0.1803203672170639,1.0,9.0
3606,3,bus+trolley,3.0,0.0,4562.0,0.3333333333333333,610.0,1,1,5,3+ branch,mixed,430.7109069824219,0.11301829665899277,2.0,7.0
3607,3,bus+trolley,3.0,0.0,4562.0,1.0,610.0,1,1,5,3+ branch,1 all neighbours foreign,897.0755004882812,0.1617516279220581,2.0,15.0
3608,0,bus,2.0,0.0,4562.0,0.0,3145.0,0,0,4,2 path,0 no foreign neighbour,247.6920166015625,0.027649350464344025,1.0,4.0
3609,0,bus,1.0,0.0,4562.0,1.0,3145.0,0,0,3,1 tip,1 all neighbours foreign,86.05089569091797,0.08748713880777359,1.0,1.0
3610,0,bus,2.0,0.0,4562.0,0.0,3145.0,0,0,4,2 path,0 no foreign neighbour,179.2270965576172,0.02328360825777054,1.0,3.0
3611,0,bus,2.0,0.0,4562.0,0.0,3145.0,0,0,2,2 path,0 no foreign neighbour,141.7532958984375,0.10050012916326523,1.0,4.0
3612,0,bus,4.0,0.0,4562.0,0.75,3145.0,0,0,3,3+ branch,mixed,309.7762451171875,0.07110152393579483,1.0,7.0
3613,0,bus,1.0,0.0,4562.0,0.0,3145.0,0,0,4,1 tip,0 no foreign neighbour,206.82763671875,0.08804374933242798,1.0,4.0
3614,0,bus,1.0,0.0,4562.0,0.0,3145.0,0,0,4,1 tip,0 no foreign neighbour,214.24285888671875,0.14028483629226685,1.0,5.0
3615,0,bus,0.0,0.0,4562.0,,3145.0,0,0,3,0 isolated,,104.81283569335938,0.22383880615234375,1.0,2.0
3616,0,bus,1.0,0.0,4562.0,1.0,3145.0,0,0,4,1 tip,1 all neighbours foreign,41.55463409423828,0.0740956962108612,1.0,1.0
3617,3,bus+trolley,2.0,0.0,4562.0,1.0,610.0,1,1,4,2 path,1 all neighbours foreign,232.02032470703125,0.06166853755712509,2.0,5.0
3618,0,bus,1.0,0.0,4562.0,0.0,3145.0,0,0,2,1 tip,0 no foreign neighbour,221.92398071289062,0.22574537992477417,1.0,5.0
3619,0,bus,1.0,0.0,4562.0,0.0,3145.0,0,0,0,1 tip,0 no foreign neighbour,145.17727661132812,0.3464602828025818,1.0,2.0
3620,0,bus,1.0,0.0,4562.0,0.0,3145.0,0,0,4,1 tip,0 no foreign neighbour,94.3992691040039,0.21331936120986938,1.0,2.0
3621,0,bus,2.0,0.0,4562.0,0.0,3145.0,0,0,2,2 path,0 no foreign neighbour,217.94517517089844,0.1575957089662552,1.0,4.0
3622,3,bus+trolley,2.0,0.0,4562.0,0.5,610.0,1,1,3,2 path,mixed,249.58396911621094,0.13172943890094757,2.0,4.0
3623,0,bus,3.0,0.3333333432674408,4562.0,0.6666666666666666,3145.0,0,0,3,3+ branch,mixed,374.6414489746094,0.11536891758441925,1.0,5.0
3624,0,bus,2.0,0.0,4562.0,1.0,3145.0,0,0,3,2 path,1 all neighbours foreign,390.8191223144531,0.1451694369316101,1.0,7.0
3625,0,bus,2.0,0.0,4562.0,0.0,3145.0,0,0,4,2 path,0 no foreign neighbour,258.3536071777344,0.3384401798248291,1.0,5.0
3626,0,bus,2.0,1.0,4562.0,1.0,3145.0,0,0,3,2 path,1 all neighbours foreign,530.1576538085938,0.13117662072181702,1.0,10.0
3627,0,bus,2.0,0.0,4562.0,0.5,3145.0,0,0,4,2 path,mixed,25.98360824584961,0.19424831867218018,1.0,1.0
3628,0,bus,1.0,0.0,4562.0,0.0,3145.0,0,0,2,1 tip,0 no foreign neighbour,41.069332122802734,1.0049145221710205,1.0,1.0
3629,0,bus,1.0,0.0,4562.0,0.0,3145.0,0,0,4,1 tip,0 no foreign neighbour,75.4937515258789,0.1675877571105957,1.0,1.0
3630,0,bus,2.0,0.0,4562.0,0.5,3145.0,0,0,5,2 path,mixed,382.6723937988281,0.17067427933216095,1.0,6.0
3631,0,bus,1.0,0.0,4562.0,0.0,3145.0,0,0,4,1 tip,0 no foreign neighbour,19.19580841064453,0.2657964527606964,1.0,1.0
3632,0,bus,1.0,0.0,4562.0,0.0,3145.0,0,0,2,1 tip,0 no foreign neighbour,25.963966369628906,0.10624473541975021,1.0,1.0
3633,0,bus,1.0,0.0,4562.0,0.0,3145.0,0,0,2,1 tip,0 no foreign neighbour,247.9075927734375,0.22904163599014282,1.0,6.0
3634,0,bus,2.0,0.0,4562.0,1.0,3145.0,0,0,4,2 path,1 all neighbours foreign,145.4599609375,0.09100700169801712,1.0,3.0
3635,0,bus,1.0,0.0,4562.0,0.0,3145.0,0,0,0,1 tip,0 no foreign neighbour,585.39599609375,0.36286261677742004,1.0,11.0
3636,0,bus,1.0,0.0,4562.0,0.0,3145.0,0,0,4,1 tip,0 no foreign neighbour,48.18185043334961,0.26812517642974854,1.0,2.0
3637,0,bus,2.0,0.0,4562.0,0.0,3145.0,0,0,2,2 path,0 no foreign neighbour,67.3776626586914,0.2693059742450714,1.0,3.0
3638,0,bus,1.0,0.0,4562.0,0.0,3145.0,0,0,4,1 tip,0 no foreign neighbour,31.76422691345215,0.2698929011821747,1.0,1.0
3639,0,bus,1.0,0.0,4562.0,1.0,3145.0,0,0,2,1 tip,1 all neighbours foreign,15.842650413513184,0.026088634505867958,1.0,1.0
3640,0,bus,2.0,1.0,4562.0,0.0,3145.0,0,0,0,2 path,0 no foreign neighbour,581.2485961914062,0.37030866742134094,1.0,11.0
3641,0,bus,2.0,0.0,4562.0,0.0,3145.0,0,0,0,2 path,0 no foreign neighbour,511.4620666503906,0.346863716840744,1.0,10.0
3642,0,bus,1.0,0.0,4562.0,0.0,3145.0,0,0,2,1 tip,0 no foreign neighbour,62.342220306396484,0.1541651338338852,1.0,2.0
3643,0,bus,1.0,0.0,4562.0,0.0,3145.0,0,0,0,1 tip,0 no foreign neighbour,28.56734275817871,0.34873121976852417,1.0,1.0
3644,0,bus,1.0,0.0,4562.0,0.0,3145.0,0,0,0,1 tip,0 no foreign neighbour,189.9147186279297,0.10048218071460724,1.0,3.0
3645,0,bus,2.0,0.0,4562.0,0.0,3145.0,0,0,4,2 path,0 no foreign neighbour,62.420169830322266,0.14867223799228668,1.0,2.0
3646,0,bus,2.0,1.0,4562.0,0.0,3145.0,0,0,6,2 path,0 no foreign neighbour,700.9854736328125,0.3689972460269928,1.0,13.0
3647,0,bus,1.0,0.0,4562.0,0.0,3145.0,0,0,4,1 tip,0 no foreign neighbour,118.82611846923828,0.27649369835853577,1.0,3.0
3648,0,bus,2.0,0.0,4562.0,0.0,3145.0,0,0,4,2 path,0 no foreign neighbour,118.82611846923828,0.2760152518749237,1.0,3.0
3649,0,bus,1.0,0.0,4562.0,0.0,3145.0,0,0,4,1 tip,0 no foreign neighbour,13.754321098327637,0.23973006010055542,1.0,1.0
3650,0,bus,2.0,1.0,4562.0,0.0,3145.0,0,0,4,2 path,0 no foreign neighbour,23.998607635498047,0.2945757210254669,1.0,1.0
3651,3,bus+trolley,1.0,0.0,4562.0,0.0,610.0,1,1,4,1 tip,0 no foreign neighbour,208.32589721679688,0.058226536959409714,2.0,4.0
3652,0,bus,1.0,0.0,4562.0,0.0,3145.0,0,0,4,1 tip,0 no foreign neighbour,271.8247375488281,0.012598051689565182,1.0,5.0
3653,0,bus,2.0,1.0,4562.0,0.0,3145.0,0,0,6,2 path,0 no foreign neighbour,616.6498413085938,0.3146699070930481,1.0,8.0
3654,3,bus+trolley,2.0,0.0,4562.0,0.5,610.0,1,1,3,2 path,mixed,230.78457641601562,0.12420843541622162,2.0,6.0
3655,3,bus+trolley,3.0,0.0,4562.0,0.6666666666666666,610.0,1,1,3,3+ branch,mixed,310.28997802734375,0.11909285187721252,2.0,7.0
3656,4,tram,2.0,0.0,4562.0,0.0,296.0,1,1,2,2 path,0 no foreign neighbour,12.437912940979004,0.19829030334949493,1.0,1.0
3657,4,tram,2.0,0.0,4562.0,0.0,296.0,1,1,2,2 path,0 no foreign neighbour,12.437912940979004,0.19700923562049866,1.0,1.0
3658,4,tram,1.0,0.0,4562.0,0.0,296.0,1,1,2,1 tip,0 no foreign neighbour,12.437912940979004,0.20074087381362915,1.0,1.0
3659,3,bus+trolley,2.0,0.0,4562.0,1.0,610.0,1,1,4,2 path,1 all neighbours foreign,99.85987854003906,0.12247499823570251,2.0,2.0
3660,6,trolley,1.0,0.0,4562.0,1.0,261.0,1,1,0,1 tip,1 all neighbours foreign,40.31183624267578,0.11738675087690353,1.0,1.0
3661,0,bus,1.0,0.0,4562.0,0.0,3145.0,0,0,3,1 tip,0 no foreign neighbour,19.54725456237793,0.766079306602478,1.0,1.0
3662,0,bus,2.0,0.0,4562.0,0.0,3145.0,0,0,2,2 path,0 no foreign neighbour,37.33736038208008,0.2316858172416687,1.0,1.0
3663,0,bus,2.0,1.0,4562.0,0.0,3145.0,0,0,6,2 path,0 no foreign neighbour,207.3431854248047,0.40013283491134644,1.0,3.0
3664,3,bus+trolley,2.0,0.0,4562.0,0.0,610.0,1,1,3,2 path,0 no foreign neighbour,306.0700988769531,0.11233357340097427,2.0,6.0
3665,0,bus,1.0,0.0,4562.0,0.0,3145.0,0,0,2,1 tip,0 no foreign neighbour,44.00054931640625,0.060507453978061676,1.0,1.0
3666,0,bus,1.0,0.0,4562.0,1.0,3145.0,0,0,4,1 tip,1 all neighbours foreign,23.694429397583008,0.061222996562719345,1.0,1.0
3667,0,bus,2.0,0.0,4562.0,0.5,3145.0,0,0,2,2 path,mixed,172.1973114013672,0.12470092624425888,1.0,3.0
3668,0,bus,1.0,0.0,4562.0,0.0,3145.0,0,0,2,1 tip,0 no foreign neighbour,79.16022491455078,0.5230912566184998,1.0,1.0
3669,0,bus,2.0,0.0,4562.0,0.0,3145.0,0,0,2,2 path,0 no foreign neighbour,78.80888366699219,0.23051616549491882,1.0,2.0
3670,0,bus,1.0,0.0,4562.0,0.0,3145.0,0,0,4,1 tip,0 no foreign neighbour,155.6387176513672,0.24442540109157562,1.0,3.0
3671,0,bus,2.0,0.0,4562.0,0.0,3145.0,0,0,0,2 path,0 no foreign neighbour,343.2427062988281,0.26013362407684326,1.0,7.0
3672,0,bus,2.0,0.0,4562.0,0.5,3145.0,0,0,0,2 path,mixed,65.38752746582031,0.10385491698980331,1.0,2.0
3673,0,bus,1.0,0.0,4562.0,1.0,3145.0,0,0,0,1 tip,1 all neighbours foreign,65.38752746582031,0.10368350893259048,1.0,2.0
3674,0,bus,1.0,0.0,4562.0,0.0,3145.0,0,0,3,1 tip,0 no foreign neighbour,182.3368682861328,0.1600237339735031,1.0,4.0
3675,3,bus+trolley,1.0,0.0,4562.0,0.0,610.0,1,1,3,1 tip,0 no foreign neighbour,225.47647094726562,0.1635029911994934,2.0,4.0
3676,0,bus,2.0,1.0,4562.0,0.5,3145.0,0,0,4,2 path,mixed,99.923583984375,0.18455065786838531,1.0,2.0
3677,0,bus,1.0,0.0,4562.0,0.0,3145.0,0,0,4,1 tip,0 no foreign neighbour,84.2093276977539,0.40222176909446716,1.0,1.0
3678,0,bus,2.0,0.0,4562.0,0.0,3145.0,0,0,3,2 path,0 no foreign neighbour,179.1131591796875,0.18037131428718567,1.0,3.0
3679,0,bus,1.0,0.0,4562.0,0.0,3145.0,0,0,4,1 tip,0 no foreign neighbour,84.2093276977539,0.40419140458106995,1.0,1.0
3680,0,bus,2.0,1.0,4562.0,0.0,3145.0,0,0,2,2 path,0 no foreign neighbour,134.43092346191406,0.21571104228496552,1.0,3.0
3681,0,bus,1.0,0.0,4562.0,0.0,3145.0,0,0,2,1 tip,0 no foreign neighbour,9.145709037780762,0.166818305850029,1.0,1.0
3682,0,bus,2.0,0.0,4562.0,0.0,3145.0,0,0,3,2 path,0 no foreign neighbour,134.59068298339844,0.24675728380680084,1.0,3.0
3683,0,bus,2.0,0.0,4562.0,1.0,3145.0,0,0,3,2 path,1 all neighbours foreign,264.555419921875,0.1293807327747345,1.0,5.0
3684,3,bus+trolley,1.0,0.0,4562.0,0.0,610.0,1,1,2,1 tip,0 no foreign neighbour,86.78345489501953,0.12970905005931854,2.0,2.0
3685,0,bus,1.0,0.0,4562.0,0.0,3145.0,0,0,3,1 tip,0 no foreign neighbour,226.8628387451172,0.15939411520957947,1.0,3.0
3686,0,bus,2.0,0.0,4562.0,0.5,3145.0,0,0,4,2 path,mixed,259.2430419921875,0.0446169339120388,1.0,5.0
3687,6,trolley,1.0,0.0,4562.0,0.0,261.0,1,1,3,1 tip,0 no foreign neighbour,218.8903045654297,0.18245676159858704,1.0,4.0
3688,0,bus,1.0,0.0,4562.0,1.0,3145.0,0,0,4,1 tip,1 all neighbours foreign,108.39042663574219,0.2488848865032196,1.0,2.0
3689,6,trolley,1.0,0.0,4562.0,1.0,261.0,1,1,4,1 tip,1 all neighbours foreign,46.54893112182617,0.13115568459033966,1.0,1.0
3690,6,trolley,1.0,0.0,4562.0,1.0,261.0,1,1,2,1 tip,1 all neighbours foreign,45.39975357055664,0.1316569596529007,1.0,1.0
3691,0,bus,1.0,0.0,4562.0,0.0,3145.0,0,0,2,1 tip,0 no foreign neighbour,21.64897918701172,0.145329087972641,1.0,1.0
3692,6,trolley,1.0,0.0,4562.0,1.0,261.0,1,1,2,1 tip,1 all neighbours foreign,40.53773880004883,0.08104134351015091,1.0,1.0
3693,6,trolley,1.0,0.0,4562.0,1.0,261.0,1,1,2,1 tip,1 all neighbours foreign,53.193878173828125,0.11531317234039307,1.0,1.0
3694,6,trolley,1.0,0.0,4562.0,1.0,261.0,1,1,3,1 tip,1 all neighbours foreign,94.56883239746094,0.1301572173833847,1.0,2.0
3695,0,bus,1.0,0.0,4562.0,1.0,3145.0,0,0,4,1 tip,1 all neighbours foreign,37.90921401977539,0.1443805694580078,1.0,1.0
3696,0,bus,1.0,0.0,4562.0,0.0,3145.0,0,0,4,1 tip,0 no foreign neighbour,40.0055046081543,0.15986628830432892,1.0,1.0
3697,6,trolley,1.0,0.0,4562.0,1.0,261.0,1,1,4,1 tip,1 all neighbours foreign,112.91936492919922,0.09112720936536789,1.0,2.0
3698,0,bus,1.0,0.0,4562.0,0.0,3145.0,0,0,4,1 tip,0 no foreign neighbour,19.19580841064453,0.27009981870651245,1.0,1.0
3699,0,bus,1.0,0.0,4562.0,0.0,3145.0,0,0,5,1 tip,0 no foreign neighbour,468.7931213378906,0.08655938506126404,1.0,7.0
3700,0,bus,1.0,0.0,4562.0,0.0,3145.0,0,0,4,1 tip,0 no foreign neighbour,66.6761245727539,0.05892626941204071,1.0,1.0
3701,0,bus,2.0,0.0,4562.0,0.0,3145.0,0,0,3,2 path,0 no foreign neighbour,350.2735290527344,0.21995890140533447,1.0,7.0
3702,0,bus,2.0,0.0,4562.0,0.0,3145.0,0,0,3,2 path,0 no foreign neighbour,198.8237762451172,0.21882253885269165,1.0,4.0
3703,0,bus,2.0,0.0,4562.0,0.0,3145.0,0,0,2,2 path,0 no foreign neighbour,197.82138061523438,0.03772450610995293,1.0,3.0
3704,0,bus,2.0,0.0,4562.0,0.5,3145.0,0,0,3,2 path,mixed,147.15980529785156,0.08287695795297623,1.0,3.0
3705,0,bus,2.0,1.0,4562.0,0.0,3145.0,0,0,6,2 path,0 no foreign neighbour,731.31591796875,0.23051761090755463,1.0,11.0
3706,0,bus,2.0,0.0,4562.0,0.0,3145.0,0,0,0,2 path,0 no foreign neighbour,281.5950012207031,0.3331325948238373,1.0,5.0
3707,0,bus,2.0,0.0,4562.0,0.0,3145.0,0,0,0,2 path,0 no foreign neighbour,281.5950012207031,0.3309045433998108,1.0,5.0
3708,0,bus,1.0,0.0,4562.0,0.0,3145.0,0,0,4,1 tip,0 no foreign neighbour,30.633506774902344,0.3744751811027527,1.0,1.0
3709,0,bus,2.0,0.0,4562.0,0.0,3145.0,0,0,4,2 path,0 no foreign neighbour,30.633506774902344,0.38329437375068665,1.0,1.0
3710,0,bus,1.0,0.0,4562.0,0.0,3145.0,0,0,4,1 tip,0 no foreign neighbour,30.633506774902344,0.4008098542690277,1.0,1.0
3711,0,bus,1.0,0.0,4562.0,0.0,3145.0,0,0,4,1 tip,0 no foreign neighbour,30.633506774902344,0.4012226164340973,1.0,1.0
3712,0,bus,2.0,0.0,4562.0,1.0,3145.0,0,0,4,2 path,1 all neighbours foreign,252.87173461914062,0.13444310426712036,1.0,4.0
3713,0,bus,2.0,0.0,4562.0,0.5,3145.0,0,0,0,2 path,mixed,107.16214752197266,0.16064561903476715,1.0,1.0
3714,0,bus,2.0,0.0,4562.0,0.0,3145.0,0,0,0,2 path,0 no foreign neighbour,158.7216033935547,0.15580430626869202,1.0,2.0
3715,0,bus,1.0,0.0,4562.0,0.0,3145.0,0,0,4,1 tip,0 no foreign neighbour,282.81573486328125,0.3060567378997803,1.0,5.0
3716,6,trolley,2.0,0.0,4562.0,0.0,261.0,1,1,4,2 path,0 no foreign neighbour,37.15272903442383,0.1277715116739273,1.0,1.0
3717,6,trolley,1.0,0.0,4562.0,0.0,261.0,1,1,4,1 tip,0 no foreign neighbour,37.15272903442383,0.12102710455656052,1.0,1.0
3718,6,trolley,1.0,0.0,4562.0,0.0,261.0,1,1,4,1 tip,0 no foreign neighbour,37.15272903442383,0.12170158326625824,1.0,1.0
3719,6,trolley,1.0,0.0,4562.0,1.0,261.0,1,1,4,1 tip,1 all neighbours foreign,37.15272903442383,0.131405308842659,1.0,1.0
3720,0,bus,2.0,0.0,4562.0,0.0,3145.0,0,0,5,2 path,0 no foreign neighbour,493.8249206542969,0.1460379809141159,1.0,8.0
3721,0,bus,2.0,0.0,4562.0,0.0,3145.0,0,0,0,2 path,0 no foreign neighbour,397.6407470703125,0.38851499557495117,1.0,8.0
3722,0,bus,2.0,0.0,4562.0,1.0,3145.0,0,0,3,2 path,1 all neighbours foreign,420.1586608886719,0.14987827837467194,1.0,7.0
3723,0,bus,1.0,0.0,4562.0,1.0,3145.0,0,0,0,1 tip,1 all neighbours foreign,46.5205192565918,0.12406330555677414,1.0,1.0
3724,0,bus,3.0,0.6666666865348816,4562.0,0.0,3145.0,0,0,0,3+ branch,0 no foreign neighbour,265.5330505371094,0.4924980700016022,1.0,4.0
3725,3,bus+trolley,2.0,0.0,4562.0,1.0,610.0,1,1,4,2 path,1 all neighbours foreign,349.14837646484375,0.030986608937382698,2.0,6.0
3726,0,bus,2.0,0.0,4562.0,0.0,3145.0,0,0,0,2 path,0 no foreign neighbour,142.3748016357422,0.1658410280942917,1.0,3.0
3727,0,bus,1.0,0.0,4562.0,0.0,3145.0,0,0,0,1 tip,0 no foreign neighbour,142.3748016357422,0.16565069556236267,1.0,3.0
3728,4,tram,2.0,0.0,4562.0,0.5,296.0,1,1,3,2 path,mixed,17.695762634277344,0.16533955931663513,1.0,1.0
3729,4,tram,2.0,0.0,4562.0,0.0,296.0,1,1,4,2 path,0 no foreign neighbour,17.695762634277344,0.16073162853717804,1.0,1.0
3730,4,tram,2.0,0.0,4562.0,0.5,296.0,1,1,4,2 path,mixed,65.81916046142578,0.15404675900936127,1.0,2.0
3731,0,bus,3.0,0.0,4562.0,0.3333333333333333,3145.0,0,0,3,3+ branch,mixed,270.0844421386719,0.18429118394851685,1.0,6.0
3732,0,bus,2.0,0.0,4562.0,0.0,3145.0,0,0,4,2 path,0 no foreign neighbour,280.04766845703125,0.15863826870918274,1.0,4.0
3733,0,bus,3.0,0.0,4562.0,0.3333333333333333,3145.0,0,0,0,3+ branch,mixed,496.0071105957031,0.12187851220369339,1.0,10.0
3734,2,bus+tram+trolley,4.0,0.1666666716337204,4562.0,0.5,88.0,1,1,4,3+ branch,mixed,270.39794921875,0.16503070294857025,3.0,6.0
3735,0,bus,2.0,1.0,4562.0,0.5,3145.0,0,0,3,2 path,mixed,265.41278076171875,0.08312356472015381,1.0,4.0
3736,0,bus,1.0,0.0,4562.0,1.0,3145.0,0,0,3,1 tip,1 all neighbours foreign,349.2951354980469,0.08220243453979492,1.0,7.0
3737,0,bus,1.0,0.0,4562.0,1.0,3145.0,0,0,0,1 tip,1 all neighbours foreign,609.9915161132812,0.07362893223762512,1.0,10.0
3738,6,trolley,1.0,0.0,4562.0,1.0,261.0,1,1,4,1 tip,1 all neighbours foreign,47.10200881958008,0.17396488785743713,1.0,1.0
3739,3,bus+trolley,2.0,0.0,4562.0,0.5,610.0,1,1,0,2 path,mixed,254.6489715576172,0.18249355256557465,2.0,5.0
3740,3,bus+trolley,2.0,1.0,4562.0,0.5,610.0,1,1,0,2 path,mixed,254.6489715576172,0.18443095684051514,2.0,5.0
3741,3,bus+trolley,3.0,0.0,4562.0,1.0,610.0,1,1,0,3+ branch,1 all neighbours foreign,227.0678253173828,0.192031130194664,2.0,4.0
3742,6,trolley,1.0,0.0,4562.0,1.0,261.0,1,1,4,1 tip,1 all neighbours foreign,47.10200881958008,0.19855095446109772,1.0,1.0
3743,3,bus+trolley,1.0,0.0,4562.0,0.0,610.0,1,1,4,1 tip,0 no foreign neighbour,227.0678253173828,0.19471830129623413,2.0,4.0
3744,3,bus+trolley,2.0,0.0,4562.0,0.5,610.0,1,1,0,2 path,mixed,325.96624755859375,0.2011963129043579,2.0,5.0
3745,0,bus,2.0,0.0,4562.0,0.5,3145.0,0,0,3,2 path,mixed,409.74835205078125,0.08424323052167892,1.0,6.0
3746,0,bus,1.0,0.0,4562.0,0.0,3145.0,0,0,4,1 tip,0 no foreign neighbour,49.87018585205078,0.02149265818297863,1.0,1.0
3747,0,bus,1.0,0.0,4562.0,1.0,3145.0,0,0,3,1 tip,1 all neighbours foreign,372.9205017089844,0.05515054613351822,1.0,6.0
3748,0,bus,1.0,0.0,4562.0,1.0,3145.0,0,0,4,1 tip,1 all neighbours foreign,87.06156921386719,0.010313861072063446,1.0,2.0
3749,0,bus,1.0,0.0,4562.0,0.0,3145.0,0,0,4,1 tip,0 no foreign neighbour,70.58390808105469,0.48757657408714294,1.0,2.0
3750,0,bus,2.0,0.0,4562.0,0.5,3145.0,0,0,0,2 path,mixed,451.80963134765625,0.07789810001850128,1.0,6.0
3751,3,bus+trolley,2.0,0.0,4562.0,0.5,610.0,1,1,3,2 path,mixed,467.4702453613281,0.057670868933200836,2.0,8.0
3752,0,bus,1.0,0.0,4562.0,1.0,3145.0,0,0,2,1 tip,1 all neighbours foreign,25.30094337463379,0.18972986936569214,1.0,1.0
3753,0,bus,1.0,0.0,4562.0,0.0,3145.0,0,0,4,1 tip,0 no foreign neighbour,62.96482467651367,0.3790563642978668,1.0,1.0
3754,0,bus,1.0,0.0,4562.0,0.0,3145.0,0,0,4,1 tip,0 no foreign neighbour,62.96482467651367,0.3778250813484192,1.0,1.0
3755,0,bus,2.0,0.0,4562.0,0.0,3145.0,0,0,2,2 path,0 no foreign neighbour,111.65837097167969,0.2310170829296112,1.0,4.0
3756,0,bus,3.0,0.0,4562.0,0.3333333333333333,3145.0,0,0,3,3+ branch,mixed,463.4190673828125,0.20118287205696106,1.0,9.0
3757,0,bus,2.0,0.0,4562.0,0.0,3145.0,0,0,4,2 path,0 no foreign neighbour,360.0987243652344,0.20828361809253693,1.0,6.0
3758,0,bus,2.0,0.0,4562.0,0.5,3145.0,0,0,4,2 path,mixed,181.4536590576172,0.05794031545519829,1.0,3.0
3759,0,bus,1.0,0.0,4562.0,1.0,3145.0,0,0,4,1 tip,1 all neighbours foreign,308.9625549316406,0.14637675881385803,1.0,6.0
3760,0,bus,1.0,0.0,4562.0,0.0,3145.0,0,0,4,1 tip,0 no foreign neighbour,68.8664321899414,0.09642265737056732,1.0,2.0
3761,0,bus,1.0,0.0,4562.0,1.0,3145.0,0,0,4,1 tip,1 all neighbours foreign,71.52590942382812,0.17514252662658691,1.0,2.0
3762,0,bus,1.0,0.0,4562.0,1.0,3145.0,0,0,3,1 tip,1 all neighbours foreign,354.5487060546875,0.21322229504585266,1.0,7.0
3763,0,bus,1.0,0.0,4562.0,1.0,3145.0,0,0,0,1 tip,1 all neighbours foreign,278.8642272949219,0.19854876399040222,1.0,4.0
3764,0,bus,2.0,0.0,4562.0,0.0,3145.0,0,0,0,2 path,0 no foreign neighbour,213.87171936035156,0.19596555829048157,1.0,3.0
3765,3,bus+trolley,2.0,0.0,4562.0,1.0,610.0,1,1,4,2 path,1 all neighbours foreign,227.0678253173828,0.17432907223701477,2.0,4.0
3766,0,bus,1.0,0.0,4562.0,1.0,3145.0,0,0,0,1 tip,1 all neighbours foreign,451.80963134765625,0.06872498989105225,1.0,6.0
3767,0,bus,2.0,0.0,4562.0,0.0,3145.0,0,0,3,2 path,0 no foreign neighbour,481.24578857421875,0.08528608828783035,1.0,9.0
3768,0,bus,2.0,0.0,4562.0,0.0,3145.0,0,0,4,2 path,0 no foreign neighbour,219.00123596191406,0.01750800758600235,1.0,5.0
3769,4,tram,1.0,0.0,4562.0,0.0,296.0,1,1,4,1 tip,0 no foreign neighbour,25.414701461791992,0.06845922023057938,1.0,1.0
3770,4,tram,1.0,0.0,4562.0,1.0,296.0,1,1,2,1 tip,1 all neighbours foreign,25.414701461791992,0.06850039213895798,1.0,1.0
3771,0,bus,1.0,0.0,4562.0,0.0,3145.0,0,0,0,1 tip,0 no foreign neighbour,246.67913818359375,0.37127748131752014,1.0,5.0
3772,0,bus,1.0,0.0,4562.0,0.0,3145.0,0,0,2,1 tip,0 no foreign neighbour,102.00386047363281,0.5345630049705505,1.0,2.0
3773,0,bus,1.0,0.0,4562.0,0.0,3145.0,0,0,2,1 tip,0 no foreign neighbour,102.00386047363281,0.5342649221420288,1.0,2.0
3774,0,bus,1.0,0.0,4562.0,0.0,3145.0,0,0,0,1 tip,0 no foreign neighbour,457.00750732421875,0.14803431928157806,1.0,9.0
3775,0,bus,1.0,0.0,4562.0,1.0,3145.0,0,0,2,1 tip,1 all neighbours foreign,42.9000358581543,0.12043054401874542,1.0,1.0
3776,0,bus,1.0,0.0,4562.0,1.0,3145.0,0,0,3,1 tip,1 all neighbours foreign,167.8130645751953,0.11943984031677246,1.0,2.0
3777,0,bus,2.0,0.0,4562.0,0.0,3145.0,0,0,0,2 path,0 no foreign neighbour,190.1260223388672,0.37074440717697144,1.0,3.0
3778,0,bus,1.0,0.0,4562.0,0.0,3145.0,0,0,0,1 tip,0 no foreign neighbour,167.23782348632812,0.12390017509460449,1.0,3.0
3779,0,bus,1.0,0.0,4562.0,0.0,3145.0,0,0,6,1 tip,0 no foreign neighbour,78.6676254272461,0.9011951684951782,1.0,1.0
3780,0,bus,1.0,0.0,4562.0,0.0,3145.0,0,0,4,1 tip,0 no foreign neighbour,31.400720596313477,0.17233364284038544,1.0,1.0
3781,0,bus,1.0,0.0,4562.0,0.0,3145.0,0,0,4,1 tip,0 no foreign neighbour,54.40258026123047,0.1748359352350235,1.0,2.0
3782,0,bus,2.0,0.0,4562.0,0.0,3145.0,0,0,4,2 path,0 no foreign neighbour,176.37521362304688,0.05431084334850311,1.0,4.0
3783,0,bus,1.0,0.0,4562.0,1.0,3145.0,0,0,2,1 tip,1 all neighbours foreign,10.149650573730469,0.030702391639351845,1.0,1.0
3784,0,bus,1.0,0.0,4562.0,1.0,3145.0,0,0,4,1 tip,1 all neighbours foreign,10.149650573730469,0.03402775526046753,1.0,1.0
3785,0,bus,1.0,0.0,4562.0,0.0,3145.0,0,0,4,1 tip,0 no foreign neighbour,179.96580505371094,0.17084601521492004,1.0,3.0
3786,0,bus,1.0,0.0,4562.0,1.0,3145.0,0,0,4,1 tip,1 all neighbours foreign,207.54696655273438,0.1768593043088913,1.0,4.0
3787,0,bus,1.0,0.0,4562.0,1.0,3145.0,0,0,4,1 tip,1 all neighbours foreign,59.54804229736328,0.13047507405281067,1.0,1.0
3788,0,bus,1.0,0.0,4562.0,0.0,3145.0,0,0,4,1 tip,0 no foreign neighbour,224.1880645751953,0.19110573828220367,1.0,5.0
3789,0,bus,1.0,0.0,4562.0,1.0,3145.0,0,0,2,1 tip,1 all neighbours foreign,59.54804229736328,0.12566368281841278,1.0,1.0
3790,0,bus,0.0,0.0,4562.0,,3145.0,0,0,4,0 isolated,,22.34151268005371,0.1115059107542038,1.0,1.0
3791,0,bus,1.0,0.0,4562.0,1.0,3145.0,0,0,0,1 tip,1 all neighbours foreign,1187.3978271484375,0.06795009970664978,1.0,19.0
3792,0,bus,2.0,0.0,4562.0,0.0,3145.0,0,0,0,2 path,0 no foreign neighbour,517.1275634765625,0.1325981616973877,1.0,11.0
3793,0,bus,1.0,0.0,4562.0,1.0,3145.0,0,0,2,1 tip,1 all neighbours foreign,25.963966369628906,0.12763553857803345,1.0,1.0
3794,0,bus,2.0,1.0,4562.0,0.0,3145.0,0,0,4,2 path,0 no foreign neighbour,208.36834716796875,0.17890125513076782,1.0,3.0
3795,0,bus,2.0,0.0,4562.0,0.0,3145.0,0,0,4,2 path,0 no foreign neighbour,232.8268280029297,0.20825251936912537,1.0,5.0
3796,0,bus,1.0,0.0,4562.0,0.0,3145.0,0,0,2,1 tip,0 no foreign neighbour,141.82919311523438,0.1810750663280487,1.0,3.0
3797,0,bus,1.0,0.0,4562.0,1.0,3145.0,0,0,4,1 tip,1 all neighbours foreign,382.9800109863281,0.1363554298877716,1.0,6.0
3798,0,bus,1.0,0.0,4562.0,0.0,3145.0,0,0,4,1 tip,0 no foreign neighbour,83.8577880859375,0.0758318305015564,1.0,1.0
3799,0,bus,2.0,0.0,4562.0,0.0,3145.0,0,0,0,2 path,0 no foreign neighbour,668.1830444335938,0.35692086815834045,1.0,12.0
3800,0,bus,1.0,0.0,4562.0,1.0,3145.0,0,0,3,1 tip,1 all neighbours foreign,210.71331787109375,0.1384422928094864,1.0,4.0
3801,0,bus,2.0,0.0,4562.0,0.0,3145.0,0,0,0,2 path,0 no foreign neighbour,848.0987548828125,0.36291661858558655,1.0,16.0
3802,0,bus,2.0,0.0,4562.0,0.0,3145.0,0,0,0,2 path,0 no foreign neighbour,753.6830444335938,0.3626224100589752,1.0,14.0
3803,0,bus,1.0,0.0,4562.0,0.0,3145.0,0,0,0,1 tip,0 no foreign neighbour,78.6676254272461,0.2834462523460388,1.0,1.0
3804,0,bus,1.0,0.0,4562.0,0.0,3145.0,0,0,3,1 tip,0 no foreign neighbour,289.28302001953125,0.15443281829357147,1.0,5.0
3805,0,bus,1.0,0.0,4562.0,0.0,3145.0,0,0,0,1 tip,0 no foreign neighbour,78.6676254272461,0.2872024178504944,1.0,1.0
3806,6,trolley,1.0,0.0,4562.0,1.0,261.0,1,1,2,1 tip,1 all neighbours foreign,62.16179275512695,0.11650697886943817,1.0,1.0
3807,0,bus,2.0,0.0,4562.0,0.0,3145.0,0,0,2,2 path,0 no foreign neighbour,111.65837097167969,0.2383415251970291,1.0,4.0
3808,6,trolley,1.0,0.0,4562.0,1.0,261.0,1,1,2,1 tip,1 all neighbours foreign,62.16179275512695,0.10411691665649414,1.0,1.0
3809,3,bus+trolley,2.0,0.0,4562.0,1.0,610.0,1,1,3,2 path,1 all neighbours foreign,407.79638671875,0.10810220241546631,2.0,6.0
3810,6,trolley,1.0,0.0,4562.0,1.0,261.0,1,1,2,1 tip,1 all neighbours foreign,62.16179275512695,0.10881409049034119,1.0,1.0
3811,3,bus+trolley,2.0,0.0,4562.0,0.5,610.0,1,1,3,2 path,mixed,265.9609375,0.08051419258117676,2.0,4.0
3812,3,bus+trolley,2.0,1.0,4562.0,0.5,610.0,1,1,3,2 path,mixed,200.1691131591797,0.0740646943449974,2.0,4.0
3813,0,bus,1.0,0.0,4562.0,0.0,3145.0,0,0,4,1 tip,0 no foreign neighbour,78.28053283691406,0.31756269931793213,1.0,1.0
3814,0,bus,1.0,0.0,4562.0,0.0,3145.0,0,0,6,1 tip,0 no foreign neighbour,245.0631866455078,0.7356805205345154,1.0,5.0
3815,0,bus,2.0,0.0,4562.0,0.0,3145.0,0,0,6,2 path,0 no foreign neighbour,245.0631866455078,0.734606921672821,1.0,5.0
3816,0,bus,1.0,0.0,4562.0,0.0,3145.0,0,0,4,1 tip,0 no foreign neighbour,26.454097747802734,0.11904583126306534,1.0,1.0
3817,0,bus,2.0,0.0,4562.0,0.0,3145.0,0,0,6,2 path,0 no foreign neighbour,724.4130249023438,0.20842649042606354,1.0,8.0
3818,0,bus,1.0,0.0,4562.0,0.0,3145.0,0,0,6,1 tip,0 no foreign neighbour,581.4747314453125,0.25410616397857666,1.0,6.0
3819,0,bus,1.0,0.0,4562.0,1.0,3145.0,0,0,2,1 tip,1 all neighbours foreign,61.9589958190918,0.10479670017957687,1.0,1.0
3820,3,bus+trolley,3.0,0.0,4562.0,0.3333333333333333,610.0,1,1,5,3+ branch,mixed,352.682373046875,0.07440749555826187,2.0,5.0
3821,0,bus,1.0,0.0,4562.0,0.0,3145.0,0,0,2,1 tip,0 no foreign neighbour,57.34348678588867,0.4612039029598236,1.0,1.0
3822,0,bus,1.0,0.0,4562.0,0.0,3145.0,0,0,2,1 tip,0 no foreign neighbour,57.34348678588867,0.4583236277103424,1.0,1.0
3823,0,bus,2.0,0.0,4562.0,0.0,3145.0,0,0,2,2 path,0 no foreign neighbour,57.34348678588867,0.4939708709716797,1.0,1.0
3824,0,bus,1.0,0.0,4562.0,0.0,3145.0,0,0,2,1 tip,0 no foreign neighbour,57.34348678588867,0.5154922008514404,1.0,1.0
3825,0,bus,1.0,0.0,4562.0,0.0,3145.0,0,0,2,1 tip,0 no foreign neighbour,57.34348678588867,0.5165429711341858,1.0,1.0
3826,0,bus,2.0,0.0,4562.0,0.0,3145.0,0,0,2,2 path,0 no foreign neighbour,57.34348678588867,0.5383210778236389,1.0,1.0
3827,0,bus,1.0,0.0,4562.0,0.0,3145.0,0,0,2,1 tip,0 no foreign neighbour,59.41152572631836,0.5901092886924744,1.0,1.0
3828,0,bus,1.0,0.0,4562.0,0.0,3145.0,0,0,2,1 tip,0 no foreign neighbour,59.41152572631836,0.5911723971366882,1.0,1.0
3829,0,bus,1.0,0.0,4562.0,0.0,3145.0,0,0,4,1 tip,0 no foreign neighbour,129.5747528076172,0.14940378069877625,1.0,3.0
3830,0,bus,1.0,0.0,4562.0,0.0,3145.0,0,0,2,1 tip,0 no foreign neighbour,86.72763061523438,0.5410465598106384,1.0,1.0
3831,0,bus,2.0,0.0,4562.0,0.0,3145.0,0,0,2,2 path,0 no foreign neighbour,86.72763061523438,0.5434466600418091,1.0,1.0
3832,0,bus,1.0,0.0,4562.0,0.0,3145.0,0,0,2,1 tip,0 no foreign neighbour,86.72763061523438,0.5881668925285339,1.0,1.0
3833,0,bus,2.0,0.0,4562.0,0.0,3145.0,0,0,4,2 path,0 no foreign neighbour,202.265869140625,0.20370250940322876,1.0,4.0
3834,0,bus,1.0,0.0,4562.0,0.0,3145.0,0,0,2,1 tip,0 no foreign neighbour,86.72763061523438,0.5863256454467773,1.0,1.0
3835,0,bus,2.0,0.0,4562.0,0.0,3145.0,0,0,2,2 path,0 no foreign neighbour,86.72763061523438,0.6455142498016357,1.0,1.0
3836,0,bus,1.0,0.0,4562.0,0.0,3145.0,0,0,2,1 tip,0 no foreign neighbour,86.72763061523438,0.668330729007721,1.0,1.0
3837,0,bus,1.0,0.0,4562.0,0.0,3145.0,0,0,2,1 tip,0 no foreign neighbour,57.57014465332031,0.1538057029247284,1.0,1.0
3838,0,bus,1.0,0.0,4562.0,0.0,3145.0,0,0,2,1 tip,0 no foreign neighbour,86.72763061523438,0.6663229465484619,1.0,1.0
3839,0,bus,2.0,0.0,4562.0,0.0,3145.0,0,0,2,2 path,0 no foreign neighbour,86.72763061523438,0.6835761666297913,1.0,1.0
3840,0,bus,2.0,0.0,4562.0,0.0,3145.0,0,0,2,2 path,0 no foreign neighbour,86.72763061523438,0.6901203989982605,1.0,1.0
3841,0,bus,1.0,0.0,4562.0,0.0,3145.0,0,0,2,1 tip,0 no foreign neighbour,86.72763061523438,0.6918447613716125,1.0,1.0
3842,0,bus,1.0,0.0,4562.0,0.0,3145.0,0,0,2,1 tip,0 no foreign neighbour,86.72763061523438,0.6913391351699829,1.0,1.0
3843,0,bus,2.0,0.0,4562.0,0.0,3145.0,0,0,2,2 path,0 no foreign neighbour,86.72763061523438,0.6924538612365723,1.0,1.0
3844,0,bus,1.0,0.0,4562.0,0.0,3145.0,0,0,2,1 tip,0 no foreign neighbour,86.72763061523438,0.7062313556671143,1.0,1.0
3845,0,bus,1.0,0.0,4562.0,0.0,3145.0,0,0,3,1 tip,0 no foreign neighbour,183.16998291015625,0.12440119683742523,1.0,3.0
3846,0,bus,1.0,0.0,4562.0,0.0,3145.0,0,0,3,1 tip,0 no foreign neighbour,166.34869384765625,0.12148626148700714,1.0,3.0
3847,0,bus,2.0,0.0,4562.0,0.0,3145.0,0,0,2,2 path,0 no foreign neighbour,62.0919303894043,0.11731784790754318,1.0,3.0
3848,0,bus,1.0,0.0,4562.0,0.0,3145.0,0,0,3,1 tip,0 no foreign neighbour,65.99470520019531,0.31288185715675354,1.0,1.0
3849,4,tram,1.0,0.0,4562.0,0.0,296.0,1,1,4,1 tip,0 no foreign neighbour,48.1234016418457,0.15491528809070587,1.0,1.0
3850,0,bus,2.0,0.0,4562.0,0.0,3145.0,0,0,4,2 path,0 no foreign neighbour,160.76904296875,0.05379127711057663,1.0,3.0
3851,0,bus,1.0,0.0,4562.0,0.0,3145.0,0,0,0,1 tip,0 no foreign neighbour,54.14945983886719,0.07920264452695847,1.0,1.0
3852,0,bus,2.0,0.0,4562.0,0.5,3145.0,0,0,3,2 path,mixed,98.32270812988281,0.14501962065696716,1.0,2.0
3853,0,bus,2.0,1.0,4562.0,0.0,3145.0,0,0,0,2 path,0 no foreign neighbour,623.9107666015625,0.3675435781478882,1.0,11.0
3854,0,bus,2.0,0.0,4562.0,0.0,3145.0,0,0,2,2 path,0 no foreign neighbour,182.1934051513672,0.08445084095001221,1.0,4.0
3855,0,bus,2.0,0.0,4562.0,0.0,3145.0,0,0,5,2 path,0 no foreign neighbour,845.1285400390625,0.1578698456287384,1.0,13.0
3856,0,bus,1.0,0.0,4562.0,1.0,3145.0,0,0,4,1 tip,1 all neighbours foreign,178.32147216796875,0.18726249039173126,1.0,4.0
3857,6,trolley,1.0,0.0,4562.0,1.0,261.0,1,1,3,1 tip,1 all neighbours foreign,136.83505249023438,0.14913766086101532,1.0,3.0
3858,0,bus,1.0,0.0,4562.0,0.0,3145.0,0,0,3,1 tip,0 no foreign neighbour,237.86415100097656,0.2193177342414856,1.0,4.0
3859,0,bus,2.0,1.0,4562.0,0.0,3145.0,0,0,2,2 path,0 no foreign neighbour,171.6692352294922,0.21650712192058563,1.0,3.0
3860,0,bus,1.0,0.0,4562.0,0.0,3145.0,0,0,0,1 tip,0 no foreign neighbour,358.1375427246094,0.49079588055610657,1.0,9.0
3861,0,bus,1.0,0.0,4562.0,0.0,3145.0,0,0,4,1 tip,0 no foreign neighbour,61.039466857910156,0.28419509530067444,1.0,1.0
3862,0,bus,1.0,0.0,4562.0,1.0,3145.0,0,0,2,1 tip,1 all neighbours foreign,20.398571014404297,0.2086980640888214,1.0,1.0
3863,0,bus,1.0,0.0,4562.0,0.0,3145.0,0,0,5,1 tip,0 no foreign neighbour,418.230224609375,0.14681988954544067,1.0,7.0
3864,0,bus,2.0,0.0,4562.0,0.0,3145.0,0,0,2,2 path,0 no foreign neighbour,61.9589958190918,0.10483723133802414,1.0,1.0
3865,0,bus,2.0,0.0,4562.0,0.5,3145.0,0,0,4,2 path,mixed,175.9364471435547,0.05447261035442352,1.0,4.0
3866,0,bus,2.0,0.0,4562.0,0.5,3145.0,0,0,5,2 path,mixed,498.1464538574219,0.14144277572631836,1.0,7.0
3867,0,bus,2.0,0.0,4562.0,0.5,3145.0,0,0,3,2 path,mixed,217.82191467285156,0.13193956017494202,1.0,3.0
3868,0,bus,2.0,0.0,4562.0,0.0,3145.0,0,0,3,2 path,0 no foreign neighbour,217.82191467285156,0.13087743520736694,1.0,3.0
3869,0,bus,1.0,0.0,4562.0,0.0,3145.0,0,0,4,1 tip,0 no foreign neighbour,33.15400314331055,0.004889027215540409,1.0,1.0
3870,0,bus,1.0,0.0,4562.0,0.0,3145.0,0,0,3,1 tip,0 no foreign neighbour,5.2572197914123535,0.6464865207672119,1.0,1.0
3871,0,bus,2.0,0.0,4562.0,1.0,3145.0,0,0,4,2 path,1 all neighbours foreign,210.32080078125,0.03642621263861656,1.0,3.0
3872,0,bus,1.0,0.0,4562.0,0.0,3145.0,0,0,4,1 tip,0 no foreign neighbour,65.6312255859375,0.07781887799501419,1.0,1.0
3873,0,bus,1.0,0.0,4562.0,0.0,3145.0,0,0,2,1 tip,0 no foreign neighbour,44.00054931640625,0.0487218014895916,1.0,1.0
3874,0,bus,1.0,0.0,4562.0,0.0,3145.0,0,0,4,1 tip,0 no foreign neighbour,65.30159759521484,0.048071641474962234,1.0,1.0
3875,0,bus,2.0,1.0,4562.0,0.0,3145.0,0,0,6,2 path,0 no foreign neighbour,697.064208984375,0.2710818350315094,1.0,8.0
3876,0,bus,2.0,0.0,4562.0,0.5,3145.0,0,0,3,2 path,mixed,293.0685119628906,0.11755596101284027,1.0,4.0
3877,0,bus,2.0,1.0,4562.0,0.5,3145.0,0,0,6,2 path,mixed,994.4432983398438,0.09049994498491287,1.0,19.0
3878,0,bus,1.0,0.0,4562.0,0.0,3145.0,0,0,0,1 tip,0 no foreign neighbour,357.70391845703125,0.09785637259483337,1.0,5.0
3879,0,bus,2.0,0.0,4562.0,0.0,3145.0,0,0,2,2 path,0 no foreign neighbour,124.46615600585938,0.17084816098213196,1.0,2.0
3880,0,bus,1.0,0.0,4562.0,0.0,3145.0,0,0,4,1 tip,0 no foreign neighbour,224.93946838378906,0.10943654924631119,1.0,4.0
3881,0,bus,1.0,0.0,4562.0,0.0,3145.0,0,0,2,1 tip,0 no foreign neighbour,103.18426513671875,0.16893437504768372,1.0,3.0
3882,0,bus,3.0,0.0,4562.0,0.3333333333333333,3145.0,0,0,3,3+ branch,mixed,112.32997131347656,0.17224904894828796,1.0,4.0
3883,3,bus+trolley,2.0,0.0,4562.0,0.5,610.0,1,1,3,2 path,mixed,265.9609375,0.07930377125740051,2.0,4.0
3884,0,bus,1.0,0.0,4562.0,0.0,3145.0,0,0,2,1 tip,0 no foreign neighbour,53.86854934692383,0.12375687062740326,1.0,1.0
3885,0,bus,2.0,1.0,4562.0,0.0,3145.0,0,0,6,2 path,0 no foreign neighbour,480.13653564453125,0.2832728624343872,1.0,9.0
3886,0,bus,1.0,0.0,4562.0,0.0,3145.0,0,0,2,1 tip,0 no foreign neighbour,30.894052505493164,0.22232909500598907,1.0,1.0
3887,0,bus,1.0,0.0,4562.0,0.0,3145.0,0,0,4,1 tip,0 no foreign neighbour,223.51309204101562,0.10166603326797485,1.0,5.0
3888,0,bus,2.0,0.0,4562.0,0.0,3145.0,0,0,3,2 path,0 no foreign neighbour,136.5036163330078,0.17798489332199097,1.0,2.0
3889,0,bus,3.0,0.0,4562.0,0.0,3145.0,0,0,4,3+ branch,0 no foreign neighbour,143.5338592529297,0.037857282906770706,1.0,2.0
3890,0,bus,1.0,0.0,4562.0,0.0,3145.0,0,0,2,1 tip,0 no foreign neighbour,65.6312255859375,0.04222659021615982,1.0,1.0
3891,0,bus,1.0,0.0,4562.0,0.0,3145.0,0,0,2,1 tip,0 no foreign neighbour,65.6312255859375,0.04287425056099892,1.0,1.0
3892,0,bus,1.0,0.0,4562.0,1.0,3145.0,0,0,0,1 tip,1 all neighbours foreign,85.45164489746094,0.08984852582216263,1.0,1.0
3893,0,bus,1.0,0.0,4562.0,0.0,3145.0,0,0,0,1 tip,0 no foreign neighbour,85.45164489746094,0.08898863196372986,1.0,1.0
3894,3,bus+trolley,2.0,1.0,4562.0,0.5,610.0,1,1,2,2 path,mixed,91.8969955444336,0.11783674359321594,2.0,2.0
3895,0,bus,2.0,0.0,4562.0,0.0,3145.0,0,0,2,2 path,0 no foreign neighbour,69.77520751953125,0.12164252251386642,1.0,2.0
3896,0,bus,1.0,0.0,4562.0,1.0,3145.0,0,0,2,1 tip,1 all neighbours foreign,26.875167846679688,0.11783027648925781,1.0,1.0
3897,0,bus,4.0,0.1666666716337204,4562.0,0.0,3145.0,0,0,6,3+ branch,0 no foreign neighbour,838.5955200195312,0.25814932584762573,1.0,16.0
3898,0,bus,2.0,0.0,4562.0,0.0,3145.0,0,0,4,2 path,0 no foreign neighbour,143.5338592529297,0.03174126520752907,1.0,2.0
3899,0,bus,1.0,0.0,4562.0,0.0,3145.0,0,0,4,1 tip,0 no foreign neighbour,102.661865234375,0.10421350598335266,1.0,3.0
3900,0,bus,1.0,0.0,4562.0,0.0,3145.0,0,0,0,1 tip,0 no foreign neighbour,34.941673278808594,0.17363038659095764,1.0,1.0
3901,0,bus,2.0,0.0,4562.0,0.0,3145.0,0,0,6,2 path,0 no foreign neighbour,627.6783447265625,0.12936215102672577,1.0,11.0
3902,0,bus,1.0,0.0,4562.0,0.0,3145.0,0,0,4,1 tip,0 no foreign neighbour,112.05782318115234,0.09079110622406006,1.0,2.0
3903,0,bus,1.0,0.0,4562.0,0.0,3145.0,0,0,6,1 tip,0 no foreign neighbour,462.58917236328125,0.2539922893047333,1.0,7.0
3904,0,bus,1.0,0.0,4562.0,1.0,3145.0,0,0,4,1 tip,1 all neighbours foreign,353.7162780761719,0.09945720434188843,1.0,4.0
3905,0,bus,2.0,0.0,4562.0,0.0,3145.0,0,0,4,2 path,0 no foreign neighbour,153.56390380859375,0.14264392852783203,1.0,3.0
3906,0,bus,2.0,1.0,4562.0,0.0,3145.0,0,0,0,2 path,0 no foreign neighbour,169.7986297607422,0.45637214183807373,1.0,2.0
3907,0,bus,2.0,0.0,4562.0,0.0,3145.0,0,0,4,2 path,0 no foreign neighbour,80.76595306396484,0.08507277816534042,1.0,2.0
3908,0,bus,4.0,0.0,4562.0,0.0,3145.0,0,0,3,3+ branch,0 no foreign neighbour,424.5663757324219,0.16528156399726868,1.0,7.0
3909,0,bus,2.0,1.0,4562.0,0.0,3145.0,0,0,4,2 path,0 no foreign neighbour,282.81573486328125,0.3067646622657776,1.0,5.0
3910,0,bus,1.0,0.0,4562.0,0.0,3145.0,0,0,2,1 tip,0 no foreign neighbour,79.81317901611328,0.1626048982143402,1.0,1.0
3911,0,bus,2.0,0.0,4562.0,1.0,3145.0,0,0,3,2 path,1 all neighbours foreign,79.81317901611328,0.16483108699321747,1.0,1.0
3912,0,bus,1.0,0.0,4562.0,0.0,3145.0,0,0,3,1 tip,0 no foreign neighbour,79.81317901611328,0.16485929489135742,1.0,1.0
3913,3,bus+trolley,2.0,0.0,4562.0,0.0,610.0,1,1,3,2 path,0 no foreign neighbour,335.9142150878906,0.11327481269836426,2.0,5.0
3914,0,bus,1.0,0.0,4562.0,0.0,3145.0,0,0,4,1 tip,0 no foreign neighbour,258.2669372558594,0.03318564221262932,1.0,6.0
3915,0,bus,1.0,0.0,4562.0,0.0,3145.0,0,0,4,1 tip,0 no foreign neighbour,29.53705596923828,0.16418741643428802,1.0,1.0
3916,0,bus,1.0,0.0,4562.0,0.0,3145.0,0,0,0,1 tip,0 no foreign neighbour,303.6572265625,0.4481056332588196,1.0,5.0
3917,0,bus,2.0,0.0,4562.0,0.0,3145.0,0,0,6,2 path,0 no foreign neighbour,303.6572265625,0.4289950728416443,1.0,5.0
3918,0,bus,3.0,0.0,4562.0,0.0,3145.0,0,0,3,3+ branch,0 no foreign neighbour,300.3881530761719,0.18590953946113586,1.0,4.0
3919,0,bus,2.0,0.0,4562.0,0.0,3145.0,0,0,0,2 path,0 no foreign neighbour,258.3536071777344,0.3403160274028778,1.0,5.0
3920,3,bus+trolley,3.0,0.0,4562.0,1.0,610.0,1,1,0,3+ branch,1 all neighbours foreign,430.4784240722656,0.06901289522647858,2.0,8.0
3921,3,bus+trolley,1.0,0.0,4562.0,1.0,610.0,1,1,3,1 tip,1 all neighbours foreign,237.1668243408203,0.13725945353507996,2.0,5.0
3922,0,bus,1.0,0.0,4562.0,0.0,3145.0,0,0,0,1 tip,0 no foreign neighbour,63.11714553833008,0.13031983375549316,1.0,1.0
3923,0,bus,1.0,0.0,4562.0,1.0,3145.0,0,0,0,1 tip,1 all neighbours foreign,63.11714553833008,0.13136154413223267,1.0,1.0
3924,0,bus,1.0,0.0,4562.0,0.0,3145.0,0,0,0,1 tip,0 no foreign neighbour,158.5986785888672,0.5092712044715881,1.0,3.0
3925,0,bus,1.0,0.0,4562.0,0.0,3145.0,0,0,0,1 tip,0 no foreign neighbour,218.43380737304688,0.49644652009010315,1.0,3.0
3926,0,bus,2.0,0.0,4562.0,0.5,3145.0,0,0,3,2 path,mixed,339.48828125,0.1026579737663269,1.0,5.0
3927,0,bus,1.0,0.0,4562.0,0.0,3145.0,0,0,4,1 tip,0 no foreign neighbour,151.47950744628906,0.49346593022346497,1.0,2.0
3928,0,bus,1.0,0.0,4562.0,1.0,3145.0,0,0,3,1 tip,1 all neighbours foreign,141.8730926513672,0.19157446920871735,1.0,2.0
3929,0,bus,1.0,0.0,4562.0,0.0,3145.0,0,0,4,1 tip,0 no foreign neighbour,224.1880645751953,0.20093922317028046,1.0,5.0
3930,3,bus+trolley,1.0,0.0,4562.0,0.0,610.0,1,1,3,1 tip,0 no foreign neighbour,215.51783752441406,0.13649135828018188,2.0,4.0
3931,0,bus,1.0,0.0,4562.0,0.0,3145.0,0,0,2,1 tip,0 no foreign neighbour,124.46615600585938,0.18712060153484344,1.0,2.0
3932,0,bus,2.0,0.0,4562.0,0.0,3145.0,0,0,2,2 path,0 no foreign neighbour,24.401880264282227,0.14983557164669037,1.0,1.0
3933,0,bus,2.0,0.0,4562.0,0.0,3145.0,0,0,3,2 path,0 no foreign neighbour,370.731201171875,0.09886574745178223,1.0,6.0
3934,0,bus,2.0,0.0,4562.0,0.0,3145.0,0,0,0,2 path,0 no foreign neighbour,306.5681457519531,0.12958109378814697,1.0,7.0
3935,0,bus,1.0,0.0,4562.0,0.0,3145.0,0,0,4,1 tip,0 no foreign neighbour,68.46492004394531,0.10567178577184677,1.0,1.0
3936,0,bus,2.0,1.0,4562.0,0.0,3145.0,0,0,3,2 path,0 no foreign neighbour,60.45466613769531,0.21036027371883392,1.0,1.0
3937,0,bus,1.0,0.0,4562.0,0.0,3145.0,0,0,3,1 tip,0 no foreign neighbour,89.6871566772461,0.13810117542743683,1.0,2.0
3938,0,bus,1.0,0.0,4562.0,0.0,3145.0,0,0,5,1 tip,0 no foreign neighbour,29.23248863220215,0.13896287977695465,1.0,1.0
3939,0,bus,1.0,0.0,4562.0,0.0,3145.0,0,0,3,1 tip,0 no foreign neighbour,29.23248863220215,0.14189425110816956,1.0,1.0
3940,0,bus,1.0,0.0,4562.0,0.0,3145.0,0,0,3,1 tip,0 no foreign neighbour,29.23248863220215,0.14382560551166534,1.0,1.0
3941,0,bus,1.0,0.0,4562.0,0.0,3145.0,0,0,4,1 tip,0 no foreign neighbour,140.5613250732422,0.11976597458124161,1.0,3.0
3942,0,bus,1.0,0.0,4562.0,0.0,3145.0,0,0,4,1 tip,0 no foreign neighbour,208.9329376220703,0.15249872207641602,1.0,4.0
3943,0,bus,2.0,0.0,4562.0,0.0,3145.0,0,0,2,2 path,0 no foreign neighbour,46.18745422363281,0.26036083698272705,1.0,2.0
3944,0,bus,1.0,0.0,4562.0,1.0,3145.0,0,0,4,1 tip,1 all neighbours foreign,20.398571014404297,0.21141745150089264,1.0,1.0
3945,0,bus,2.0,0.0,4562.0,0.0,3145.0,0,0,4,2 path,0 no foreign neighbour,108.51786804199219,0.20400561392307281,1.0,2.0
3946,0,bus,1.0,0.0,4562.0,1.0,3145.0,0,0,4,1 tip,1 all neighbours foreign,15.842650413513184,0.029632145538926125,1.0,1.0
3947,0,bus,1.0,0.0,4562.0,0.0,3145.0,0,0,3,1 tip,0 no foreign neighbour,57.0694694519043,0.12766563892364502,1.0,1.0
3948,0,bus,1.0,0.0,4562.0,0.0,3145.0,0,0,4,1 tip,0 no foreign neighbour,44.10477828979492,0.09342986345291138,1.0,1.0
3949,0,bus,1.0,0.0,4562.0,0.0,3145.0,0,0,0,1 tip,0 no foreign neighbour,44.10477828979492,0.09266195446252823,1.0,1.0
3950,0,bus,1.0,0.0,4562.0,0.0,3145.0,0,0,2,1 tip,0 no foreign neighbour,46.18745422363281,0.27024275064468384,1.0,2.0
3951,0,bus,1.0,0.0,4562.0,0.0,3145.0,0,0,2,1 tip,0 no foreign neighbour,46.18745422363281,0.26676085591316223,1.0,2.0
3952,0,bus,2.0,0.0,4562.0,0.0,3145.0,0,0,2,2 path,0 no foreign neighbour,46.18745422363281,0.30048859119415283,1.0,2.0
3953,4,tram,1.0,0.0,4562.0,1.0,296.0,1,1,4,1 tip,1 all neighbours foreign,36.29432678222656,0.08966250717639923,1.0,1.0
3954,0,bus,1.0,0.0,4562.0,0.0,3145.0,0,0,4,1 tip,0 no foreign neighbour,95.25752258300781,0.3516727387905121,1.0,3.0
3955,0,bus,1.0,0.0,4562.0,0.0,3145.0,0,0,4,1 tip,0 no foreign neighbour,101.38569641113281,0.34999439120292664,1.0,3.0
3956,0,bus,3.0,0.0,4562.0,0.0,3145.0,0,0,4,3+ branch,0 no foreign neighbour,284.93145751953125,0.32868802547454834,1.0,6.0
3957,0,bus,4.0,0.0,4562.0,0.25,3145.0,0,0,3,3+ branch,mixed,86.23220825195312,0.19733352959156036,1.0,3.0
3958,0,bus,1.0,0.0,4562.0,0.0,3145.0,0,0,4,1 tip,0 no foreign neighbour,135.9119873046875,0.11836555600166321,1.0,3.0
3959,0,bus,1.0,0.0,4562.0,0.0,3145.0,0,0,4,1 tip,0 no foreign neighbour,37.09770202636719,0.14707566797733307,1.0,1.0
3960,0,bus,2.0,1.0,4562.0,0.0,3145.0,0,0,0,2 path,0 no foreign neighbour,523.8742065429688,0.1454295516014099,1.0,6.0
3961,0,bus,1.0,0.0,4562.0,0.0,3145.0,0,0,4,1 tip,0 no foreign neighbour,164.5399932861328,0.19441424310207367,1.0,3.0
3962,2,bus+tram+trolley,4.0,0.0,4562.0,0.75,88.0,1,1,5,3+ branch,mixed,383.83642578125,0.14042545855045319,3.0,8.0
3963,0,bus,2.0,0.0,4562.0,0.0,3145.0,0,0,4,2 path,0 no foreign neighbour,160.38949584960938,0.2612040340900421,1.0,2.0
3964,0,bus,1.0,0.0,4562.0,1.0,3145.0,0,0,2,1 tip,1 all neighbours foreign,52.51382064819336,0.15102671086788177,1.0,1.0
3965,0,bus,3.0,0.0,4562.0,0.0,3145.0,0,0,0,3+ branch,0 no foreign neighbour,186.26112365722656,0.36184078454971313,1.0,5.0
3966,0,bus,1.0,0.0,4562.0,1.0,3145.0,0,0,4,1 tip,1 all neighbours foreign,52.51382064819336,0.14966556429862976,1.0,1.0
3967,0,bus,2.0,0.0,4562.0,0.5,3145.0,0,0,3,2 path,mixed,81.74630737304688,0.14760832488536835,1.0,2.0
3968,0,bus,0.0,0.0,4562.0,,3145.0,0,0,4,0 isolated,,27.581153869628906,0.18616646528244019,1.0,1.0
3969,0,bus,1.0,0.0,4562.0,1.0,3145.0,0,0,4,1 tip,1 all neighbours foreign,27.581153869628906,0.18576295673847198,1.0,1.0
3970,0,bus,2.0,0.0,4562.0,0.0,3145.0,0,0,2,2 path,0 no foreign neighbour,73.40130615234375,0.3062068223953247,1.0,2.0
3971,0,bus,1.0,0.0,4562.0,0.0,3145.0,0,0,2,1 tip,0 no foreign neighbour,157.4796600341797,0.20007109642028809,1.0,4.0
3972,0,bus,2.0,0.0,4562.0,0.0,3145.0,0,0,3,2 path,0 no foreign neighbour,289.6913757324219,0.16273219883441925,1.0,5.0
3973,0,bus,3.0,1.0,4562.0,0.0,3145.0,0,0,5,3+ branch,0 no foreign neighbour,712.8148803710938,0.18343785405158997,1.0,13.0
3974,0,bus,1.0,0.0,4562.0,0.0,3145.0,0,0,2,1 tip,0 no foreign neighbour,77.90262603759766,0.1040368378162384,1.0,1.0
3975,0,bus,1.0,0.0,4562.0,0.0,3145.0,0,0,2,1 tip,0 no foreign neighbour,25.30094337463379,0.18728268146514893,1.0,1.0
3976,0,bus,1.0,0.0,4562.0,1.0,3145.0,0,0,2,1 tip,1 all neighbours foreign,25.30094337463379,0.18777380883693695,1.0,1.0
3977,0,bus,1.0,0.0,4562.0,0.0,3145.0,0,0,3,1 tip,0 no foreign neighbour,191.2743377685547,0.07033851742744446,1.0,4.0
3978,0,bus,1.0,0.0,4562.0,1.0,3145.0,0,0,4,1 tip,1 all neighbours foreign,133.32420349121094,0.09277082979679108,1.0,2.0
3979,0,bus,2.0,0.0,4562.0,0.0,3145.0,0,0,4,2 path,0 no foreign neighbour,123.44181823730469,0.1116604208946228,1.0,2.0
3980,0,bus,1.0,0.0,4562.0,0.0,3145.0,0,0,4,1 tip,0 no foreign neighbour,43.132354736328125,0.03862552344799042,1.0,1.0
3981,0,bus,2.0,0.0,4562.0,0.0,3145.0,0,0,2,2 path,0 no foreign neighbour,43.132354736328125,0.04133439064025879,1.0,1.0
3982,0,bus,1.0,0.0,4562.0,0.0,3145.0,0,0,2,1 tip,0 no foreign neighbour,43.132354736328125,0.048117052763700485,1.0,1.0
3983,0,bus,1.0,0.0,4562.0,0.0,3145.0,0,0,2,1 tip,0 no foreign neighbour,43.132354736328125,0.047803133726119995,1.0,1.0
3984,0,bus,1.0,0.0,4562.0,0.0,3145.0,0,0,2,1 tip,0 no foreign neighbour,43.132354736328125,0.03824136406183243,1.0,1.0
3985,3,bus+trolley,2.0,0.0,4562.0,0.5,610.0,1,1,4,2 path,mixed,173.47706604003906,0.029117878526449203,2.0,3.0
3986,0,bus,2.0,0.0,4562.0,0.0,3145.0,0,0,4,2 path,0 no foreign neighbour,222.6241912841797,0.16828985512256622,1.0,3.0
3987,0,bus,1.0,0.0,4562.0,0.0,3145.0,0,0,2,1 tip,0 no foreign neighbour,86.72763061523438,0.7052885890007019,1.0,1.0
3988,0,bus,1.0,0.0,4562.0,0.0,3145.0,0,0,2,1 tip,0 no foreign neighbour,86.72763061523438,0.723788321018219,1.0,1.0
3989,0,bus,1.0,0.0,4562.0,0.0,3145.0,0,0,2,1 tip,0 no foreign neighbour,86.72763061523438,0.7241509556770325,1.0,1.0
3990,0,bus,2.0,0.0,4562.0,0.0,3145.0,0,0,4,2 path,0 no foreign neighbour,123.44181823730469,0.10928609222173691,1.0,2.0
3991,0,bus,2.0,0.0,4562.0,0.0,3145.0,0,0,6,2 path,0 no foreign neighbour,704.33984375,0.2704242467880249,1.0,13.0
3992,0,bus,2.0,0.0,4562.0,0.0,3145.0,0,0,4,2 path,0 no foreign neighbour,259.7059326171875,0.148529514670372,1.0,5.0
3993,6,trolley,1.0,0.0,4562.0,1.0,261.0,1,1,4,1 tip,1 all neighbours foreign,56.69687271118164,0.058055393397808075,1.0,1.0
3994,0,bus,1.0,0.0,4562.0,0.0,3145.0,0,0,3,1 tip,0 no foreign neighbour,183.16998291015625,0.12548598647117615,1.0,3.0
3995,0,bus,2.0,0.0,4562.0,0.0,3145.0,0,0,2,2 path,0 no foreign neighbour,112.28285217285156,0.5219959020614624,1.0,1.0
3996,0,bus,1.0,0.0,4562.0,0.0,3145.0,0,0,3,1 tip,0 no foreign neighbour,418.230224609375,0.14737610518932343,1.0,7.0
3997,0,bus,1.0,0.0,4562.0,1.0,3145.0,0,0,4,1 tip,1 all neighbours foreign,65.15506744384766,0.16470272839069366,1.0,1.0
3998,0,bus,2.0,0.0,4562.0,0.5,3145.0,0,0,2,2 path,mixed,77.90262603759766,0.09226420521736145,1.0,1.0
3999,0,bus,2.0,0.0,4562.0,0.0,3145.0,0,0,4,2 path,0 no foreign neighbour,44.73819351196289,0.9682772159576416,1.0,1.0
4000,0,bus,2.0,0.0,4562.0,0.0,3145.0,0,0,4,2 path,0 no foreign neighbour,44.73819351196289,0.9315206408500671,1.0,1.0
4001,0,bus,2.0,0.0,4562.0,0.0,3145.0,0,0,4,2 path,0 no foreign neighbour,44.73819351196289,0.9006540775299072,1.0,1.0
4002,0,bus,1.0,0.0,4562.0,0.0,3145.0,0,0,4,1 tip,0 no foreign neighbour,44.73819351196289,0.8634278178215027,1.0,1.0
4003,0,bus,1.0,0.0,4562.0,0.0,3145.0,0,0,4,1 tip,0 no foreign neighbour,44.73819351196289,0.8647409081459045,1.0,1.0
4004,0,bus,1.0,0.0,4562.0,0.0,3145.0,0,0,4,1 tip,0 no foreign neighbour,44.73819351196289,0.7556785345077515,1.0,1.0
4005,0,bus,1.0,0.0,4562.0,0.0,3145.0,0,0,4,1 tip,0 no foreign neighbour,44.73819351196289,0.756546139717102,1.0,1.0
4006,0,bus,1.0,0.0,4562.0,0.0,3145.0,0,0,4,1 tip,0 no foreign neighbour,44.272300720214844,0.36086100339889526,1.0,1.0
4007,0,bus,2.0,0.0,4562.0,0.5,3145.0,0,0,3,2 path,mixed,61.14065170288086,0.14659182727336884,1.0,2.0
4008,0,bus,1.0,0.0,4562.0,0.0,3145.0,0,0,5,1 tip,0 no foreign neighbour,760.96826171875,0.17263858020305634,1.0,11.0
4009,0,bus,1.0,0.0,4562.0,0.0,3145.0,0,0,2,1 tip,0 no foreign neighbour,19.18563461303711,0.16834235191345215,1.0,1.0
4010,0,bus,3.0,0.0,4562.0,0.0,3145.0,0,0,6,3+ branch,0 no foreign neighbour,597.0586547851562,0.12676063179969788,1.0,11.0
4011,0,bus,2.0,0.0,4562.0,0.5,3145.0,0,0,0,2 path,mixed,334.098388671875,0.15571297705173492,1.0,6.0
4012,0,bus,1.0,0.0,4562.0,0.0,3145.0,0,0,5,1 tip,0 no foreign neighbour,418.230224609375,0.14280502498149872,1.0,7.0
4013,0,bus,2.0,0.0,4562.0,0.5,3145.0,0,0,3,2 path,mixed,124.07620239257812,0.14525051414966583,1.0,2.0
4014,0,bus,2.0,0.0,4562.0,0.5,3145.0,0,0,3,2 path,mixed,124.07620239257812,0.14581432938575745,1.0,2.0
4015,0,bus,1.0,0.0,4562.0,0.0,3145.0,0,0,0,1 tip,0 no foreign neighbour,189.30348205566406,0.1516813039779663,1.0,4.0
4016,0,bus,1.0,0.0,4562.0,1.0,3145.0,0,0,3,1 tip,1 all neighbours foreign,145.15646362304688,0.1352919489145279,1.0,3.0
4017,0,bus,2.0,0.0,4562.0,0.5,3145.0,0,0,3,2 path,mixed,66.50605773925781,0.13975156843662262,1.0,1.0
4018,0,bus,1.0,0.0,4562.0,0.0,3145.0,0,0,0,1 tip,0 no foreign neighbour,523.0057983398438,0.3439100384712219,1.0,10.0
4019,0,bus,0.0,0.0,4562.0,,3145.0,0,0,3,0 isolated,,129.93321228027344,0.13480417430400848,1.0,2.0
4020,0,bus,1.0,0.0,4562.0,0.0,3145.0,0,0,3,1 tip,0 no foreign neighbour,129.93321228027344,0.13591934740543365,1.0,2.0
4021,0,bus,1.0,0.0,4562.0,0.0,3145.0,0,0,2,1 tip,0 no foreign neighbour,31.81903839111328,0.10369741171598434,1.0,1.0
4022,0,bus,1.0,0.0,4562.0,0.0,3145.0,0,0,4,1 tip,0 no foreign neighbour,24.789413452148438,0.19746775925159454,1.0,1.0
4023,0,bus,1.0,0.0,4562.0,0.0,3145.0,0,0,4,1 tip,0 no foreign neighbour,29.76908302307129,0.19813521206378937,1.0,1.0
4024,0,bus,1.0,0.0,4562.0,0.0,3145.0,0,0,2,1 tip,0 no foreign neighbour,104.43162536621094,0.15447276830673218,1.0,2.0
4025,0,bus,1.0,0.0,4562.0,0.0,3145.0,0,0,4,1 tip,0 no foreign neighbour,95.73442077636719,0.47280728816986084,1.0,2.0
4026,0,bus,2.0,1.0,4562.0,0.0,3145.0,0,0,4,2 path,0 no foreign neighbour,95.73442077636719,0.4748794734477997,1.0,2.0
4027,0,bus,2.0,0.0,4562.0,0.0,3145.0,0,0,0,2 path,0 no foreign neighbour,169.7986297607422,0.47871264815330505,1.0,2.0
4028,0,bus,2.0,1.0,4562.0,0.0,3145.0,0,0,0,2 path,0 no foreign neighbour,169.7986297607422,0.47919997572898865,1.0,2.0
4029,0,bus,1.0,0.0,4562.0,0.0,3145.0,0,0,4,1 tip,0 no foreign neighbour,75.38276672363281,0.25575849413871765,1.0,1.0
4030,0,bus,1.0,0.0,4562.0,0.0,3145.0,0,0,4,1 tip,0 no foreign neighbour,75.38276672363281,0.24836485087871552,1.0,1.0
4031,0,bus,2.0,0.0,4562.0,0.0,3145.0,0,0,2,2 path,0 no foreign neighbour,35.44072723388672,0.4243141710758209,1.0,1.0
4032,0,bus,2.0,0.0,4562.0,0.5,3145.0,0,0,3,2 path,mixed,76.26721954345703,0.16832919418811798,1.0,2.0
4033,0,bus,1.0,0.0,4562.0,0.0,3145.0,0,0,4,1 tip,0 no foreign neighbour,210.5540313720703,0.07390794157981873,1.0,3.0
4034,0,bus,1.0,0.0,4562.0,0.0,3145.0,0,0,2,1 tip,0 no foreign neighbour,46.471214294433594,0.21238264441490173,1.0,1.0
4035,0,bus,2.0,0.0,4562.0,0.0,3145.0,0,0,4,2 path,0 no foreign neighbour,67.86561584472656,0.15209819376468658,1.0,1.0
4036,0,bus,2.0,0.0,4562.0,0.5,3145.0,0,0,4,2 path,mixed,67.86561584472656,0.16149866580963135,1.0,1.0
4037,0,bus,1.0,0.0,4562.0,0.0,3145.0,0,0,4,1 tip,0 no foreign neighbour,67.86561584472656,0.17056706547737122,1.0,1.0
4038,0,bus,2.0,0.0,4562.0,0.5,3145.0,0,0,3,2 path,mixed,282.4910583496094,0.09639390558004379,1.0,5.0
4039,0,bus,2.0,0.0,4562.0,0.5,3145.0,0,0,3,2 path,mixed,278.61016845703125,0.09565188735723495,1.0,5.0
4040,0,bus,1.0,0.0,4562.0,0.0,3145.0,0,0,4,1 tip,0 no foreign neighbour,361.1011962890625,0.24356132745742798,1.0,6.0
4041,0,bus,1.0,0.0,4562.0,0.0,3145.0,0,0,3,1 tip,0 no foreign neighbour,38.77998352050781,0.16175995767116547,1.0,1.0
4042,0,bus,1.0,0.0,4562.0,1.0,3145.0,0,0,2,1 tip,1 all neighbours foreign,38.77998352050781,0.15974150598049164,1.0,1.0
4043,0,bus,2.0,1.0,4562.0,0.0,3145.0,0,0,3,2 path,0 no foreign neighbour,281.86102294921875,0.32957202196121216,1.0,5.0
4044,0,bus,1.0,0.0,4562.0,0.0,3145.0,0,0,4,1 tip,0 no foreign neighbour,112.77025604248047,0.2756548821926117,1.0,2.0
4045,0,bus,2.0,0.0,4562.0,0.0,3145.0,0,0,4,2 path,0 no foreign neighbour,72.2683334350586,0.19466963410377502,1.0,2.0
4046,0,bus,1.0,0.0,4562.0,0.0,3145.0,0,0,4,1 tip,0 no foreign neighbour,72.2683334350586,0.20350149273872375,1.0,2.0
4047,4,tram,1.0,0.0,4562.0,0.0,296.0,1,1,2,1 tip,0 no foreign neighbour,60.70517349243164,0.10710195451974869,1.0,2.0
4048,0,bus,2.0,0.0,4562.0,0.0,3145.0,0,0,3,2 path,0 no foreign neighbour,197.90277099609375,0.18531176447868347,1.0,3.0
4049,0,bus,1.0,0.0,4562.0,0.0,3145.0,0,0,3,1 tip,0 no foreign neighbour,166.02955627441406,0.1721487194299698,1.0,2.0
4050,0,bus,1.0,0.0,4562.0,0.0,3145.0,0,0,2,1 tip,0 no foreign neighbour,63.992679595947266,0.19582125544548035,1.0,1.0
4051,0,bus,1.0,0.0,4562.0,0.0,3145.0,0,0,4,1 tip,0 no foreign neighbour,135.9119873046875,0.12449321895837784,1.0,3.0
4052,0,bus,1.0,0.0,4562.0,0.0,3145.0,0,0,4,1 tip,0 no foreign neighbour,135.9119873046875,0.12497824430465698,1.0,3.0
4053,6,trolley,1.0,0.0,4562.0,1.0,261.0,1,1,2,1 tip,1 all neighbours foreign,62.16179275512695,0.09551317244768143,1.0,1.0
4054,6,trolley,1.0,0.0,4562.0,1.0,261.0,1,1,3,1 tip,1 all neighbours foreign,62.16179275512695,0.0966002568602562,1.0,1.0
4055,0,bus,1.0,0.0,4562.0,0.0,3145.0,0,0,4,1 tip,0 no foreign neighbour,18.065948486328125,0.10866886377334595,1.0,1.0
4056,0,bus,1.0,0.0,4562.0,0.0,3145.0,0,0,0,1 tip,0 no foreign neighbour,40.71974182128906,0.11137028783559799,1.0,1.0
4057,3,bus+trolley,2.0,0.0,4562.0,0.5,610.0,1,1,5,2 path,mixed,445.3394470214844,0.13457070291042328,2.0,7.0
4058,0,bus,1.0,0.0,4562.0,0.0,3145.0,0,0,4,1 tip,0 no foreign neighbour,51.55946350097656,0.1490272730588913,1.0,1.0
4059,0,bus,1.0,0.0,4562.0,0.0,3145.0,0,0,3,1 tip,0 no foreign neighbour,102.40763854980469,0.1465838998556137,1.0,2.0
4060,0,bus,1.0,0.0,4562.0,0.0,3145.0,0,0,3,1 tip,0 no foreign neighbour,66.50605773925781,0.14555980265140533,1.0,1.0
4061,0,bus,2.0,0.0,4562.0,0.5,3145.0,0,0,3,2 path,mixed,104.38526916503906,0.13530367612838745,1.0,2.0
4062,0,bus,1.0,0.0,4562.0,0.0,3145.0,0,0,3,1 tip,0 no foreign neighbour,66.50605773925781,0.14195621013641357,1.0,1.0
4063,0,bus,1.0,0.0,4562.0,1.0,3145.0,0,0,4,1 tip,1 all neighbours foreign,50.943748474121094,0.12897369265556335,1.0,1.0
4064,0,bus,1.0,0.0,4562.0,1.0,3145.0,0,0,4,1 tip,1 all neighbours foreign,137.66583251953125,0.08218225091695786,1.0,2.0
4065,0,bus,1.0,0.0,4562.0,0.0,3145.0,0,0,2,1 tip,0 no foreign neighbour,77.90262603759766,0.09890501201152802,1.0,1.0
4066,0,bus,2.0,0.0,4562.0,0.0,3145.0,0,0,4,2 path,0 no foreign neighbour,219.00123596191406,0.024065885692834854,1.0,5.0
4067,0,bus,1.0,0.0,4562.0,0.0,3145.0,0,0,1,1 tip,0 no foreign neighbour,97.29273986816406,0.43509307503700256,1.0,1.0
4068,0,bus,1.0,0.0,4562.0,0.0,3145.0,0,0,4,1 tip,0 no foreign neighbour,30.19308090209961,0.1958753764629364,1.0,1.0
4069,0,bus,2.0,0.0,4562.0,0.0,3145.0,0,0,5,2 path,0 no foreign neighbour,520.6378784179688,0.14119914174079895,1.0,9.0
4070,0,bus,3.0,0.3333333432674408,4562.0,1.0,3145.0,0,0,3,3+ branch,1 all neighbours foreign,379.73052978515625,0.09875336289405823,1.0,6.0
4071,0,bus,1.0,0.0,4562.0,0.0,3145.0,0,0,3,1 tip,0 no foreign neighbour,149.71023559570312,0.18575143814086914,1.0,2.0
4072,0,bus,2.0,0.0,4562.0,0.5,3145.0,0,0,4,2 path,mixed,43.132354736328125,0.03529658541083336,1.0,1.0
4073,0,bus,3.0,0.0,4562.0,0.3333333333333333,3145.0,0,0,3,3+ branch,mixed,182.63449096679688,0.12384103983640671,1.0,3.0
4074,0,bus,1.0,0.0,4562.0,0.0,3145.0,0,0,4,1 tip,0 no foreign neighbour,246.07989501953125,0.20619645714759827,1.0,5.0
4075,0,bus,1.0,0.0,4562.0,0.0,3145.0,0,0,3,1 tip,0 no foreign neighbour,116.3851318359375,0.054945845156908035,1.0,2.0
4076,0,bus,1.0,0.0,4562.0,0.0,3145.0,0,0,4,1 tip,0 no foreign neighbour,105.23406219482422,0.19254492223262787,1.0,3.0
4077,0,bus,1.0,0.0,4562.0,0.0,3145.0,0,0,2,1 tip,0 no foreign neighbour,130.4088134765625,0.1456688642501831,1.0,3.0
4078,0,bus,2.0,0.0,4562.0,0.5,3145.0,0,0,4,2 path,mixed,105.23406219482422,0.2029457539319992,1.0,3.0
4079,0,bus,1.0,0.0,4562.0,0.0,3145.0,0,0,4,1 tip,0 no foreign neighbour,289.6695251464844,0.23080633580684662,1.0,5.0
4080,0,bus,1.0,0.0,4562.0,0.0,3145.0,0,0,4,1 tip,0 no foreign neighbour,214.21739196777344,0.2599312365055084,1.0,6.0
4081,0,bus,1.0,0.0,4562.0,0.0,3145.0,0,0,4,1 tip,0 no foreign neighbour,98.24063110351562,0.34265872836112976,1.0,2.0
4082,0,bus,1.0,0.0,4562.0,0.0,3145.0,0,0,2,1 tip,0 no foreign neighbour,17.491806030273438,0.6406068801879883,1.0,1.0
4083,0,bus,2.0,0.0,4562.0,0.0,3145.0,0,0,2,2 path,0 no foreign neighbour,78.73870086669922,0.1875775009393692,1.0,2.0
4084,0,bus,2.0,0.0,4562.0,0.0,3145.0,0,0,4,2 path,0 no foreign neighbour,237.72410583496094,0.08732835203409195,1.0,7.0
4085,0,bus,2.0,0.0,4562.0,0.0,3145.0,0,0,2,2 path,0 no foreign neighbour,94.14958953857422,1.0633881092071533,1.0,2.0
4086,0,bus,2.0,1.0,4562.0,0.0,3145.0,0,0,2,2 path,0 no foreign neighbour,111.65837097167969,0.22496211528778076,1.0,4.0
4087,0,bus,1.0,0.0,4562.0,0.0,3145.0,0,0,4,1 tip,0 no foreign neighbour,36.377201080322266,0.16543957591056824,1.0,1.0
4088,0,bus,1.0,0.0,4562.0,0.0,3145.0,0,0,1,1 tip,0 no foreign neighbour,210.09426879882812,0.3033949136734009,1.0,3.0
4089,0,bus,1.0,0.0,4562.0,0.0,3145.0,0,0,4,1 tip,0 no foreign neighbour,173.10757446289062,0.15861119329929352,1.0,3.0
4090,0,bus,4.0,0.0,4562.0,0.0,3145.0,0,0,6,3+ branch,0 no foreign neighbour,347.3689270019531,0.36364999413490295,1.0,6.0
4091,0,bus,1.0,0.0,4562.0,0.0,3145.0,0,0,0,1 tip,0 no foreign neighbour,207.3431854248047,0.3980967700481415,1.0,3.0
4092,0,bus,0.0,0.0,4562.0,,3145.0,0,0,2,0 isolated,,40.892066955566406,0.8180399537086487,1.0,1.0
4093,0,bus,1.0,0.0,4562.0,0.0,3145.0,0,0,2,1 tip,0 no foreign neighbour,35.44072723388672,0.4080626368522644,1.0,1.0
4094,0,bus,2.0,0.0,4562.0,0.0,3145.0,0,0,0,2 path,0 no foreign neighbour,342.4253234863281,0.3963492810726166,1.0,6.0
4095,0,bus,2.0,1.0,4562.0,0.0,3145.0,0,0,0,2 path,0 no foreign neighbour,247.8418426513672,0.3854365944862366,1.0,5.0
4096,0,bus,1.0,0.0,4562.0,1.0,3145.0,0,0,4,1 tip,1 all neighbours foreign,80.04905700683594,0.012139925733208656,1.0,2.0
4097,0,bus,1.0,0.0,4562.0,0.0,3145.0,0,0,2,1 tip,0 no foreign neighbour,30.19308090209961,0.20044586062431335,1.0,1.0
4098,0,bus,1.0,0.0,4562.0,0.0,3145.0,0,0,4,1 tip,0 no foreign neighbour,9.673864364624023,0.1236942932009697,1.0,1.0
4099,0,bus,2.0,0.0,4562.0,0.0,3145.0,0,0,3,2 path,0 no foreign neighbour,342.38446044921875,0.09954315423965454,1.0,6.0
4100,0,bus,1.0,0.0,4562.0,0.0,3145.0,0,0,1,1 tip,0 no foreign neighbour,97.29273986816406,0.39195603132247925,1.0,1.0
4101,0,bus,1.0,0.0,4562.0,0.0,3145.0,0,0,1,1 tip,0 no foreign neighbour,97.29273986816406,0.3926848769187927,1.0,1.0
4102,0,bus,2.0,0.0,4562.0,0.0,3145.0,0,0,1,2 path,0 no foreign neighbour,97.29273986816406,0.37977737188339233,1.0,1.0
4103,0,bus,2.0,0.0,4562.0,0.0,3145.0,0,0,1,2 path,0 no foreign neighbour,171.565673828125,0.3252050578594208,1.0,2.0
4104,0,bus,0.0,0.0,4562.0,,3145.0,0,0,2,0 isolated,,24.401880264282227,0.16655266284942627,1.0,1.0
4105,0,bus,1.0,0.0,4562.0,1.0,3145.0,0,0,3,1 tip,1 all neighbours foreign,65.15506744384766,0.108184814453125,1.0,1.0
4106,0,bus,1.0,0.0,4562.0,1.0,3145.0,0,0,2,1 tip,1 all neighbours foreign,65.30159759521484,0.04721061885356903,1.0,1.0
4107,3,bus+trolley,1.0,0.0,4562.0,0.0,610.0,1,1,3,1 tip,0 no foreign neighbour,259.87408447265625,0.182785302400589,2.0,4.0
4108,0,bus,1.0,0.0,4562.0,0.0,3145.0,0,0,2,1 tip,0 no foreign neighbour,98.21560668945312,0.0785374641418457,1.0,2.0
4109,0,bus,2.0,0.0,4562.0,0.0,3145.0,0,0,2,2 path,0 no foreign neighbour,88.28502655029297,0.1569090187549591,1.0,2.0
4110,0,bus,2.0,0.0,4562.0,0.0,3145.0,0,0,3,2 path,0 no foreign neighbour,157.04185485839844,0.1733437031507492,1.0,2.0
4111,0,bus,2.0,0.0,4562.0,0.5,3145.0,0,0,3,2 path,mixed,260.0465087890625,0.16547346115112305,1.0,4.0
4112,0,bus,3.0,0.3333333432674408,4562.0,0.0,3145.0,0,0,6,3+ branch,0 no foreign neighbour,878.6644897460938,0.38261955976486206,1.0,16.0
4113,3,bus+trolley,2.0,0.0,4562.0,0.0,610.0,1,1,4,2 path,0 no foreign neighbour,251.4498291015625,0.016947530210018158,2.0,4.0
4114,0,bus,2.0,0.0,4562.0,0.0,3145.0,0,0,6,2 path,0 no foreign neighbour,840.0025024414062,0.24374525249004364,1.0,10.0
4115,0,bus,2.0,0.0,4562.0,0.0,3145.0,0,0,6,2 path,0 no foreign neighbour,358.1375427246094,0.6014899015426636,1.0,9.0
4116,0,bus,2.0,0.0,4562.0,0.0,3145.0,0,0,4,2 path,0 no foreign neighbour,208.9329376220703,0.1505661904811859,1.0,4.0
4117,0,bus,2.0,0.0,4562.0,0.0,3145.0,0,0,3,2 path,0 no foreign neighbour,449.7379455566406,0.21850717067718506,1.0,7.0
4118,3,bus+trolley,1.0,0.0,4562.0,0.0,610.0,1,1,4,1 tip,0 no foreign neighbour,218.72557067871094,0.02727314829826355,2.0,5.0
4119,3,bus+trolley,2.0,0.0,4562.0,0.5,610.0,1,1,4,2 path,mixed,224.41856384277344,0.028268609195947647,2.0,5.0
4120,0,bus,1.0,0.0,4562.0,0.0,3145.0,0,0,0,1 tip,0 no foreign neighbour,195.19168090820312,0.43177270889282227,1.0,3.0
4121,0,bus,1.0,0.0,4562.0,0.0,3145.0,0,0,0,1 tip,0 no foreign neighbour,78.40216064453125,0.7051602005958557,1.0,2.0
4122,0,bus,1.0,0.0,4562.0,0.0,3145.0,0,0,0,1 tip,0 no foreign neighbour,78.40216064453125,0.7039187550544739,1.0,2.0
4123,0,bus,1.0,0.0,4562.0,0.0,3145.0,0,0,4,1 tip,0 no foreign neighbour,314.6053466796875,0.17858098447322845,1.0,6.0
4124,0,bus,2.0,0.0,4562.0,0.0,3145.0,0,0,0,2 path,0 no foreign neighbour,140.8594207763672,1.1220780611038208,1.0,2.0
4125,0,bus,1.0,0.0,4562.0,0.0,3145.0,0,0,0,1 tip,0 no foreign neighbour,130.918701171875,0.4187978208065033,1.0,3.0
4126,0,bus,2.0,0.0,4562.0,0.0,3145.0,0,0,0,2 path,0 no foreign neighbour,268.71435546875,0.41606560349464417,1.0,5.0
4127,0,bus,1.0,0.0,4562.0,0.0,3145.0,0,0,4,1 tip,0 no foreign neighbour,85.0067367553711,0.3054967522621155,1.0,1.0
4128,0,bus,1.0,0.0,4562.0,0.0,3145.0,0,0,2,1 tip,0 no foreign neighbour,78.73870086669922,0.2000034749507904,1.0,2.0
4129,0,bus,1.0,0.0,4562.0,0.0,3145.0,0,0,3,1 tip,0 no foreign neighbour,161.4864044189453,0.2645294964313507,1.0,3.0
4130,0,bus,1.0,0.0,4562.0,1.0,3145.0,0,0,4,1 tip,1 all neighbours foreign,37.09770202636719,0.08294006437063217,1.0,1.0
4131,0,bus,1.0,0.0,4562.0,0.0,3145.0,0,0,2,1 tip,0 no foreign neighbour,25.963966369628906,0.1136382445693016,1.0,1.0
4132,0,bus,1.0,0.0,4562.0,0.0,3145.0,0,0,6,1 tip,0 no foreign neighbour,78.6676254272461,1.1380116939544678,1.0,1.0
4133,0,bus,2.0,0.0,4562.0,0.0,3145.0,0,0,6,2 path,0 no foreign neighbour,504.3221740722656,0.4224141538143158,1.0,12.0
4134,0,bus,2.0,0.0,4562.0,0.0,3145.0,0,0,2,2 path,0 no foreign neighbour,190.9525604248047,0.11522985994815826,1.0,3.0
4135,3,bus+trolley,2.0,0.0,4562.0,0.5,610.0,1,1,3,2 path,mixed,552.7071533203125,0.02594177983701229,2.0,9.0
4136,0,bus,2.0,0.0,4562.0,0.0,3145.0,0,0,2,2 path,0 no foreign neighbour,45.96323013305664,0.34399956464767456,1.0,1.0
4137,0,bus,1.0,0.0,4562.0,0.0,3145.0,0,0,4,1 tip,0 no foreign neighbour,48.18185043334961,0.2623318135738373,1.0,2.0
4138,0,bus,1.0,0.0,4562.0,0.0,3145.0,0,0,4,1 tip,0 no foreign neighbour,12.575470924377441,0.4562138617038727,1.0,1.0
4139,0,bus,5.0,0.10000000149011612,4562.0,0.0,3145.0,0,0,6,3+ branch,0 no foreign neighbour,397.4692077636719,0.4887561500072479,1.0,6.0
4140,0,bus,1.0,0.0,4562.0,0.0,3145.0,0,0,2,1 tip,0 no foreign neighbour,40.77119064331055,0.14212243258953094,1.0,1.0
4141,0,bus,1.0,0.0,4562.0,0.0,3145.0,0,0,4,1 tip,0 no foreign neighbour,73.12620544433594,0.23738831281661987,1.0,2.0
4142,0,bus,1.0,0.0,4562.0,0.0,3145.0,0,0,0,1 tip,0 no foreign neighbour,405.45880126953125,0.2371290922164917,1.0,8.0
4143,0,bus,1.0,0.0,4562.0,0.0,3145.0,0,0,4,1 tip,0 no foreign neighbour,42.46338653564453,0.46950262784957886,1.0,1.0
4144,0,bus,2.0,0.0,4562.0,0.0,3145.0,0,0,0,2 path,0 no foreign neighbour,280.11468505859375,0.23402634263038635,1.0,6.0
4145,0,bus,1.0,0.0,4562.0,0.0,3145.0,0,0,0,1 tip,0 no foreign neighbour,76.01128387451172,0.09309463202953339,1.0,1.0
4146,0,bus,2.0,0.0,4562.0,0.0,3145.0,0,0,0,2 path,0 no foreign neighbour,245.00015258789062,0.2369140237569809,1.0,5.0
4147,0,bus,1.0,0.0,4562.0,0.0,3145.0,0,0,4,1 tip,0 no foreign neighbour,61.9589958190918,0.10505442321300507,1.0,1.0
4148,0,bus,3.0,0.0,4562.0,0.0,3145.0,0,0,2,3+ branch,0 no foreign neighbour,55.90814971923828,0.19676344096660614,1.0,2.0
4149,0,bus,2.0,1.0,4562.0,0.5,3145.0,0,0,4,2 path,mixed,282.81573486328125,0.25416022539138794,1.0,5.0
4150,6,trolley,1.0,0.0,4562.0,0.0,261.0,1,1,4,1 tip,0 no foreign neighbour,44.69582748413086,0.14090269804000854,1.0,1.0
4151,0,bus,2.0,0.0,4562.0,0.0,3145.0,0,0,2,2 path,0 no foreign neighbour,25.98360824584961,0.2234574854373932,1.0,1.0
4152,0,bus,2.0,0.0,4562.0,0.5,3145.0,0,0,2,2 path,mixed,247.9075927734375,0.23339442908763885,1.0,6.0
4153,0,bus,1.0,0.0,4562.0,0.0,3145.0,0,0,0,1 tip,0 no foreign neighbour,37.70901870727539,1.0744317770004272,1.0,1.0
4154,0,bus,2.0,0.0,4562.0,0.0,3145.0,0,0,3,2 path,0 no foreign neighbour,281.50323486328125,0.04820838198065758,1.0,6.0
4155,0,bus,1.0,0.0,4562.0,0.0,3145.0,0,0,5,1 tip,0 no foreign neighbour,711.0980834960938,0.17162756621837616,1.0,10.0
4156,0,bus,1.0,0.0,4562.0,0.0,3145.0,0,0,0,1 tip,0 no foreign neighbour,37.70901870727539,0.9588752388954163,1.0,1.0
4157,0,bus,1.0,0.0,4562.0,1.0,3145.0,0,0,3,1 tip,1 all neighbours foreign,77.90262603759766,0.054114989936351776,1.0,1.0
4158,0,bus,1.0,0.0,4562.0,0.0,3145.0,0,0,3,1 tip,0 no foreign neighbour,57.0694694519043,0.12793196737766266,1.0,1.0
4159,0,bus,1.0,0.0,4562.0,0.0,3145.0,0,0,2,1 tip,0 no foreign neighbour,171.6692352294922,0.21327710151672363,1.0,3.0
4160,0,bus,3.0,0.0,4562.0,0.0,3145.0,0,0,6,3+ branch,0 no foreign neighbour,268.71435546875,0.4124221205711365,1.0,5.0
4161,0,bus,1.0,0.0,4562.0,0.0,3145.0,0,0,4,1 tip,0 no foreign neighbour,38.31848907470703,0.33723214268684387,1.0,1.0
4162,0,bus,1.0,0.0,4562.0,0.0,3145.0,0,0,4,1 tip,0 no foreign neighbour,65.8349380493164,0.13617783784866333,1.0,2.0
4163,0,bus,1.0,0.0,4562.0,0.0,3145.0,0,0,6,1 tip,0 no foreign neighbour,581.4747314453125,0.2920704483985901,1.0,6.0
4164,0,bus,1.0,0.0,4562.0,0.0,3145.0,0,0,6,1 tip,0 no foreign neighbour,207.3431854248047,0.724612295627594,1.0,3.0
4165,0,bus,1.0,0.0,4562.0,0.0,3145.0,0,0,3,1 tip,0 no foreign neighbour,312.3847961425781,0.16612064838409424,1.0,5.0
4166,0,bus,2.0,0.0,4562.0,0.0,3145.0,0,0,3,2 path,0 no foreign neighbour,307.9702453613281,0.09356764703989029,1.0,6.0
4167,0,bus,1.0,0.0,4562.0,0.0,3145.0,0,0,3,1 tip,0 no foreign neighbour,180.02792358398438,0.058592621237039566,1.0,3.0
4168,0,bus,2.0,0.0,4562.0,0.0,3145.0,0,0,0,2 path,0 no foreign neighbour,35.886817932128906,0.09163080900907516,1.0,2.0
4169,0,bus,1.0,0.0,4562.0,0.0,3145.0,0,0,4,1 tip,0 no foreign neighbour,37.1415901184082,0.2150193452835083,1.0,1.0
4170,0,bus,1.0,0.0,4562.0,0.0,3145.0,0,0,4,1 tip,0 no foreign neighbour,66.6761245727539,0.0162862129509449,1.0,1.0
4171,0,bus,1.0,0.0,4562.0,1.0,3145.0,0,0,2,1 tip,1 all neighbours foreign,227.87680053710938,0.09105205535888672,1.0,5.0
4172,0,bus,1.0,0.0,4562.0,0.0,3145.0,0,0,2,1 tip,0 no foreign neighbour,50.5258674621582,0.105989471077919,1.0,1.0
4173,0,bus,1.0,0.0,4562.0,1.0,3145.0,0,0,4,1 tip,1 all neighbours foreign,167.8130645751953,0.0702703595161438,1.0,2.0
4174,0,bus,2.0,0.0,4562.0,0.5,3145.0,0,0,3,2 path,mixed,73.12550354003906,0.19989453256130219,1.0,2.0
4175,0,bus,1.0,0.0,4562.0,0.0,3145.0,0,0,3,1 tip,0 no foreign neighbour,301.8929138183594,0.14877644181251526,1.0,5.0
4176,0,bus,2.0,0.0,4562.0,0.0,3145.0,0,0,5,2 path,0 no foreign neighbour,112.82489013671875,0.17678821086883545,1.0,2.0
4177,0,bus,1.0,0.0,4562.0,1.0,3145.0,0,0,2,1 tip,1 all neighbours foreign,86.05089569091797,0.0912008285522461,1.0,1.0
4178,0,bus,1.0,0.0,4562.0,0.0,3145.0,0,0,0,1 tip,0 no foreign neighbour,365.1571350097656,0.12466491013765335,1.0,7.0
4179,0,bus,1.0,0.0,4562.0,0.0,3145.0,0,0,5,1 tip,0 no foreign neighbour,257.9515380859375,0.16720043122768402,1.0,5.0
4180,0,bus,2.0,0.0,4562.0,0.0,3145.0,0,0,0,2 path,0 no foreign neighbour,54.89096450805664,0.08550389856100082,1.0,2.0
4181,0,bus,1.0,0.0,4562.0,0.0,3145.0,0,0,4,1 tip,0 no foreign neighbour,238.6331024169922,0.01654728688299656,1.0,4.0
4182,0,bus,1.0,0.0,4562.0,0.0,3145.0,0,0,3,1 tip,0 no foreign neighbour,325.3085632324219,0.16810862720012665,1.0,5.0
4183,0,bus,1.0,0.0,4562.0,0.0,3145.0,0,0,4,1 tip,0 no foreign neighbour,205.14862060546875,0.02068363130092621,1.0,4.0
4184,0,bus,4.0,0.1666666716337204,4562.0,0.0,3145.0,0,0,3,3+ branch,0 no foreign neighbour,174.59432983398438,0.20088030397891998,1.0,3.0
4185,0,bus,1.0,0.0,4562.0,1.0,3145.0,0,0,4,1 tip,1 all neighbours foreign,46.58255386352539,0.18641769886016846,1.0,1.0
4186,0,bus,1.0,0.0,4562.0,0.0,3145.0,0,0,2,1 tip,0 no foreign neighbour,61.9589958190918,0.1115383505821228,1.0,1.0
4187,0,bus,1.0,0.0,4562.0,0.0,3145.0,0,0,2,1 tip,0 no foreign neighbour,61.9589958190918,0.11250648647546768,1.0,1.0
4188,0,bus,1.0,0.0,4562.0,0.0,3145.0,0,0,3,1 tip,0 no foreign neighbour,62.9547004699707,0.0848400667309761,1.0,1.0
4189,0,bus,1.0,0.0,4562.0,1.0,3145.0,0,0,3,1 tip,1 all neighbours foreign,48.703765869140625,0.16008825600147247,1.0,1.0
4190,0,bus,1.0,0.0,4562.0,0.0,3145.0,0,0,3,1 tip,0 no foreign neighbour,147.45602416992188,0.15810461342334747,1.0,3.0
4191,0,bus,2.0,0.0,4562.0,0.0,3145.0,0,0,4,2 path,0 no foreign neighbour,17.334890365600586,0.5267670750617981,1.0,1.0
4192,0,bus,2.0,0.0,4562.0,0.0,3145.0,0,0,1,2 path,0 no foreign neighbour,97.29273986816406,0.41839295625686646,1.0,1.0
4193,0,bus,1.0,0.0,4562.0,0.0,3145.0,0,0,3,1 tip,0 no foreign neighbour,319.30157470703125,0.23308324813842773,1.0,6.0
4194,0,bus,1.0,0.0,4562.0,0.0,3145.0,0,0,2,1 tip,0 no foreign neighbour,25.98360824584961,0.22792312502861023,1.0,1.0
4195,0,bus,1.0,0.0,4562.0,0.0,3145.0,0,0,4,1 tip,0 no foreign neighbour,25.98360824584961,0.20526307821273804,1.0,1.0
4196,0,bus,2.0,0.0,4562.0,0.5,3145.0,0,0,3,2 path,mixed,228.85723876953125,0.21001216769218445,1.0,4.0
4197,0,bus,1.0,0.0,4562.0,0.0,3145.0,0,0,4,1 tip,0 no foreign neighbour,25.98360824584961,0.21856467425823212,1.0,1.0
4198,0,bus,2.0,0.0,4562.0,0.0,3145.0,0,0,2,2 path,0 no foreign neighbour,73.45907592773438,0.25382372736930847,1.0,2.0
4199,3,bus+trolley,3.0,0.0,4562.0,1.0,610.0,1,1,3,3+ branch,1 all neighbours foreign,374.52508544921875,0.15886574983596802,2.0,6.0
4200,6,trolley,1.0,0.0,4562.0,1.0,261.0,1,1,3,1 tip,1 all neighbours foreign,54.09006881713867,0.15652987360954285,1.0,1.0
4201,6,trolley,1.0,0.0,4562.0,1.0,261.0,1,1,3,1 tip,1 all neighbours foreign,54.09006881713867,0.15720665454864502,1.0,1.0
4202,0,bus,2.0,0.0,4562.0,0.0,3145.0,0,0,0,2 path,0 no foreign neighbour,167.23782348632812,0.13535450398921967,1.0,3.0
4203,0,bus,1.0,0.0,4562.0,1.0,3145.0,0,0,4,1 tip,1 all neighbours foreign,167.23782348632812,0.12268102914094925,1.0,3.0
4204,0,bus,2.0,0.0,4562.0,0.0,3145.0,0,0,0,2 path,0 no foreign neighbour,167.23782348632812,0.13260462880134583,1.0,3.0
4205,0,bus,1.0,0.0,4562.0,0.0,3145.0,0,0,4,1 tip,0 no foreign neighbour,60.19198226928711,0.3276785612106323,1.0,1.0
4206,0,bus,1.0,0.0,4562.0,0.0,3145.0,0,0,4,1 tip,0 no foreign neighbour,60.19198226928711,0.3276168704032898,1.0,1.0
4207,0,bus,2.0,0.0,4562.0,0.5,3145.0,0,0,4,2 path,mixed,141.78366088867188,0.034069061279296875,1.0,4.0
4208,0,bus,1.0,0.0,4562.0,1.0,3145.0,0,0,0,1 tip,1 all neighbours foreign,36.73923873901367,0.05176808685064316,1.0,1.0
4209,0,bus,1.0,0.0,4562.0,0.0,3145.0,0,0,4,1 tip,0 no foreign neighbour,38.926979064941406,0.04205978661775589,1.0,1.0
4210,0,bus,1.0,0.0,4562.0,0.0,3145.0,0,0,4,1 tip,0 no foreign neighbour,107.16214752197266,0.37217265367507935,1.0,1.0
4211,0,bus,2.0,0.0,4562.0,0.0,3145.0,0,0,4,2 path,0 no foreign neighbour,341.7706604003906,0.034815192222595215,1.0,7.0
4212,0,bus,2.0,1.0,4562.0,0.5,3145.0,0,0,4,2 path,mixed,463.0726318359375,0.17871813476085663,1.0,8.0
4213,0,bus,2.0,0.0,4562.0,0.0,3145.0,0,0,4,2 path,0 no foreign neighbour,181.95814514160156,0.19027867913246155,1.0,3.0
4214,0,bus,1.0,0.0,4562.0,0.0,3145.0,0,0,2,1 tip,0 no foreign neighbour,4.9738664627075195,0.06232735142111778,1.0,1.0
4215,0,bus,1.0,0.0,4562.0,0.0,3145.0,0,0,2,1 tip,0 no foreign neighbour,46.99614334106445,0.19008995592594147,1.0,1.0
4216,0,bus,1.0,0.0,4562.0,1.0,3145.0,0,0,3,1 tip,1 all neighbours foreign,21.64897918701172,0.1394338756799698,1.0,1.0
4217,0,bus,1.0,0.0,4562.0,1.0,3145.0,0,0,2,1 tip,1 all neighbours foreign,66.50605773925781,0.15220129489898682,1.0,1.0
4218,0,bus,1.0,0.0,4562.0,0.0,3145.0,0,0,4,1 tip,0 no foreign neighbour,51.55946350097656,0.15014374256134033,1.0,1.0
4219,0,bus,1.0,0.0,4562.0,0.0,3145.0,0,0,0,1 tip,0 no foreign neighbour,44.272300720214844,0.36050596833229065,1.0,1.0
4220,0,bus,1.0,0.0,4562.0,0.0,3145.0,0,0,2,1 tip,0 no foreign neighbour,39.781009674072266,0.042954061180353165,1.0,1.0
4221,0,bus,2.0,0.0,4562.0,0.5,3145.0,0,0,4,2 path,mixed,93.2914047241211,0.007563157007098198,1.0,2.0
4222,0,bus,4.0,0.0,4562.0,0.0,3145.0,0,0,3,3+ branch,0 no foreign neighbour,425.7652893066406,0.23207926750183105,1.0,8.0
4223,0,bus,1.0,0.0,4562.0,0.0,3145.0,0,0,0,1 tip,0 no foreign neighbour,138.07643127441406,0.386328786611557,1.0,3.0
4224,0,bus,1.0,0.0,4562.0,0.0,3145.0,0,0,0,1 tip,0 no foreign neighbour,314.21337890625,0.11989045888185501,1.0,6.0
4225,0,bus,2.0,0.0,4562.0,0.0,3145.0,0,0,0,2 path,0 no foreign neighbour,138.31146240234375,0.38538846373558044,1.0,3.0
4226,0,bus,1.0,0.0,4562.0,0.0,3145.0,0,0,0,1 tip,0 no foreign neighbour,182.83892822265625,0.4166392683982849,1.0,4.0
4227,0,bus,1.0,0.0,4562.0,1.0,3145.0,0,0,3,1 tip,1 all neighbours foreign,152.5650634765625,0.13129465281963348,1.0,3.0
4228,0,bus,1.0,0.0,4562.0,0.0,3145.0,0,0,0,1 tip,0 no foreign neighbour,35.73957824707031,0.14310713112354279,1.0,1.0
4229,3,bus+trolley,3.0,0.0,4562.0,1.0,610.0,1,1,0,3+ branch,1 all neighbours foreign,338.5793762207031,0.0945054292678833,2.0,6.0
4230,0,bus,1.0,0.0,4562.0,0.0,3145.0,0,0,4,1 tip,0 no foreign neighbour,83.55319213867188,0.402912437915802,1.0,2.0
4231,0,bus,2.0,0.0,4562.0,0.0,3145.0,0,0,4,2 path,0 no foreign neighbour,243.2991180419922,0.18143056333065033,1.0,4.0
4232,0,bus,3.0,0.0,4562.0,0.0,3145.0,0,0,4,3+ branch,0 no foreign neighbour,134.90696716308594,0.1251678317785263,1.0,3.0
4233,0,bus,0.0,0.0,4562.0,,3145.0,0,0,0,0 isolated,,62.607933044433594,0.8619725704193115,1.0,1.0
4234,0,bus,1.0,0.0,4562.0,0.0,3145.0,0,0,3,1 tip,0 no foreign neighbour,172.29693603515625,0.1603800356388092,1.0,4.0
4235,0,bus,2.0,0.0,4562.0,0.0,3145.0,0,0,4,2 path,0 no foreign neighbour,120.76793670654297,0.10592272132635117,1.0,2.0
4236,0,bus,3.0,0.0,4562.0,0.0,3145.0,0,0,4,3+ branch,0 no foreign neighbour,99.07412719726562,0.22394123673439026,1.0,3.0
4237,0,bus,3.0,0.0,4562.0,0.0,3145.0,0,0,0,3+ branch,0 no foreign neighbour,303.82989501953125,0.4454857110977173,1.0,6.0
4238,0,bus,1.0,0.0,4562.0,0.0,3145.0,0,0,4,1 tip,0 no foreign neighbour,39.43302917480469,0.1109447106719017,1.0,1.0
4239,0,bus,1.0,0.0,4562.0,0.0,3145.0,0,0,2,1 tip,0 no foreign neighbour,39.43302917480469,0.1106235682964325,1.0,1.0
4240,0,bus,1.0,0.0,4562.0,0.0,3145.0,0,0,4,1 tip,0 no foreign neighbour,226.22752380371094,0.26893457770347595,1.0,5.0
4241,0,bus,1.0,0.0,4562.0,0.0,3145.0,0,0,2,1 tip,0 no foreign neighbour,181.2721710205078,0.09809662401676178,1.0,4.0
4242,0,bus,1.0,0.0,4562.0,0.0,3145.0,0,0,2,1 tip,0 no foreign neighbour,66.50605773925781,0.15940624475479126,1.0,1.0
4243,0,bus,3.0,0.0,4562.0,0.0,3145.0,0,0,2,3+ branch,0 no foreign neighbour,79.42172241210938,0.14665547013282776,1.0,2.0
4244,3,bus+trolley,3.0,0.0,4562.0,0.3333333333333333,610.0,1,1,2,3+ branch,mixed,86.78345489501953,0.13555626571178436,2.0,2.0
4245,0,bus,2.0,0.0,4562.0,0.0,3145.0,0,0,2,2 path,0 no foreign neighbour,21.880651473999023,0.5707146525382996,1.0,1.0
4246,0,bus,1.0,0.0,4562.0,0.0,3145.0,0,0,4,1 tip,0 no foreign neighbour,191.57395935058594,0.04142903536558151,1.0,5.0
4247,0,bus,2.0,0.0,4562.0,0.0,3145.0,0,0,2,2 path,0 no foreign neighbour,70.16227722167969,0.3826138377189636,1.0,2.0
4248,0,bus,1.0,0.0,4562.0,0.0,3145.0,0,0,2,1 tip,0 no foreign neighbour,45.96323013305664,0.3767363429069519,1.0,1.0
4249,0,bus,2.0,0.0,4562.0,0.0,3145.0,0,0,4,2 path,0 no foreign neighbour,111.55653381347656,0.14699923992156982,1.0,2.0
4250,0,bus,1.0,0.0,4562.0,0.0,3145.0,0,0,2,1 tip,0 no foreign neighbour,39.195228576660156,0.19423845410346985,1.0,1.0
4251,0,bus,2.0,0.0,4562.0,0.0,3145.0,0,0,2,2 path,0 no foreign neighbour,109.3021469116211,0.04201526939868927,1.0,2.0
4252,0,bus,1.0,0.0,4562.0,1.0,3145.0,0,0,4,1 tip,1 all neighbours foreign,190.1514434814453,0.2061404138803482,1.0,3.0
4253,0,bus,1.0,0.0,4562.0,0.0,3145.0,0,0,2,1 tip,0 no foreign neighbour,139.48643493652344,0.20684519410133362,1.0,2.0
4254,3,bus+trolley,2.0,0.0,4562.0,0.0,610.0,1,1,3,2 path,0 no foreign neighbour,446.462646484375,0.10800594836473465,2.0,8.0
4255,0,bus,1.0,0.0,4562.0,0.0,3145.0,0,0,4,1 tip,0 no foreign neighbour,23.00185775756836,0.1675277054309845,1.0,1.0
4256,6,trolley,1.0,0.0,4562.0,1.0,261.0,1,1,2,1 tip,1 all neighbours foreign,66.41399383544922,0.14777615666389465,1.0,1.0
4257,6,trolley,1.0,0.0,4562.0,1.0,261.0,1,1,3,1 tip,1 all neighbours foreign,66.41399383544922,0.14762745797634125,1.0,1.0
4258,0,bus,1.0,0.0,4562.0,0.0,3145.0,0,0,3,1 tip,0 no foreign neighbour,113.0499267578125,0.1069202646613121,1.0,2.0
4259,0,bus,1.0,0.0,4562.0,1.0,3145.0,0,0,0,1 tip,1 all neighbours foreign,617.3768920898438,0.09196420013904572,1.0,12.0
4260,0,bus,1.0,0.0,4562.0,1.0,3145.0,0,0,2,1 tip,1 all neighbours foreign,66.6761245727539,0.057883135974407196,1.0,1.0
4261,3,bus+trolley,1.0,0.0,4562.0,0.0,610.0,1,1,4,1 tip,0 no foreign neighbour,159.18226623535156,0.08168035000562668,2.0,3.0
4262,0,bus,4.0,0.0,4562.0,0.0,3145.0,0,0,4,3+ branch,0 no foreign neighbour,125.70552062988281,0.1890202760696411,1.0,2.0
4263,0,bus,1.0,0.0,4562.0,0.0,3145.0,0,0,3,1 tip,0 no foreign neighbour,79.16022491455078,0.4652389883995056,1.0,1.0
4264,0,bus,1.0,0.0,4562.0,0.0,3145.0,0,0,2,1 tip,0 no foreign neighbour,79.16022491455078,0.41601869463920593,1.0,1.0
4265,0,bus,2.0,0.0,4562.0,0.0,3145.0,0,0,2,2 path,0 no foreign neighbour,46.41826629638672,0.10428919643163681,1.0,1.0
4266,0,bus,2.0,0.0,4562.0,0.0,3145.0,0,0,2,2 path,0 no foreign neighbour,65.99470520019531,0.2950029969215393,1.0,1.0
4267,0,bus,3.0,0.0,4562.0,0.0,3145.0,0,0,2,3+ branch,0 no foreign neighbour,107.34369659423828,0.3232043981552124,1.0,3.0
4268,6,trolley,1.0,0.0,4562.0,1.0,261.0,1,1,2,1 tip,1 all neighbours foreign,65.0218276977539,0.12115086615085602,1.0,1.0
4269,3,bus+trolley,2.0,0.0,4562.0,1.0,610.0,1,1,2,2 path,1 all neighbours foreign,107.92186737060547,0.13013409078121185,2.0,2.0
4270,0,bus,1.0,0.0,4562.0,0.0,3145.0,0,0,0,1 tip,0 no foreign neighbour,532.3949584960938,0.13633239269256592,1.0,10.0
4271,0,bus,2.0,0.0,4562.0,0.5,3145.0,0,0,0,2 path,mixed,365.1571350097656,0.13500098884105682,1.0,7.0
4272,0,bus,1.0,0.0,4562.0,0.0,3145.0,0,0,2,1 tip,0 no foreign neighbour,29.233972549438477,0.33777493238449097,1.0,1.0
4273,0,bus,0.0,0.0,4562.0,,3145.0,0,0,2,0 isolated,,29.233972549438477,0.38598790764808655,1.0,1.0
4274,0,bus,2.0,0.0,4562.0,0.0,3145.0,0,0,0,2 path,0 no foreign neighbour,62.607933044433594,0.8284836411476135,1.0,1.0
4275,0,bus,1.0,0.0,4562.0,1.0,3145.0,0,0,2,1 tip,1 all neighbours foreign,46.895057678222656,0.06729989498853683,1.0,1.0
4276,0,bus,1.0,0.0,4562.0,1.0,3145.0,0,0,3,1 tip,1 all neighbours foreign,134.3709259033203,0.07625660300254822,1.0,3.0
4277,0,bus,2.0,0.0,4562.0,0.0,3145.0,0,0,2,2 path,0 no foreign neighbour,82.1812744140625,0.40314316749572754,1.0,2.0
4278,0,bus,1.0,0.0,4562.0,0.0,3145.0,0,0,2,1 tip,0 no foreign neighbour,82.1812744140625,0.4035537540912628,1.0,2.0
4279,0,bus,2.0,0.0,4562.0,0.0,3145.0,0,0,5,2 path,0 no foreign neighbour,403.0538330078125,0.09255512803792953,1.0,7.0
4280,0,bus,1.0,0.0,4562.0,0.0,3145.0,0,0,4,1 tip,0 no foreign neighbour,20.398571014404297,0.17072510719299316,1.0,1.0
4281,0,bus,1.0,0.0,4562.0,0.0,3145.0,0,0,2,1 tip,0 no foreign neighbour,60.834129333496094,0.20593670010566711,1.0,2.0
4282,0,bus,2.0,1.0,4562.0,0.0,3145.0,0,0,4,2 path,0 no foreign neighbour,208.10894775390625,0.41470274329185486,1.0,3.0
4283,0,bus,1.0,0.0,4562.0,0.0,3145.0,0,0,2,1 tip,0 no foreign neighbour,43.01979446411133,0.4496249854564667,1.0,1.0
4284,3,bus+trolley,1.0,0.0,4562.0,0.0,610.0,1,1,3,1 tip,0 no foreign neighbour,215.51783752441406,0.13530424237251282,2.0,4.0
4285,0,bus,1.0,0.0,4562.0,0.0,3145.0,0,0,4,1 tip,0 no foreign neighbour,68.18063354492188,0.526016891002655,1.0,1.0
4286,0,bus,1.0,0.0,4562.0,0.0,3145.0,0,0,4,1 tip,0 no foreign neighbour,224.1880645751953,0.2574223279953003,1.0,5.0
4287,0,bus,2.0,1.0,4562.0,0.0,3145.0,0,0,4,2 path,0 no foreign neighbour,299.5516357421875,0.327082097530365,1.0,7.0
4288,0,bus,2.0,0.0,4562.0,0.0,3145.0,0,0,4,2 path,0 no foreign neighbour,145.17727661132812,0.3508645296096802,1.0,2.0
4289,0,bus,3.0,0.0,4562.0,0.0,3145.0,0,0,0,3+ branch,0 no foreign neighbour,189.9147186279297,0.09774114936590195,1.0,3.0
4290,0,bus,1.0,0.0,4562.0,0.0,3145.0,0,0,3,1 tip,0 no foreign neighbour,217.5007781982422,0.15368467569351196,1.0,4.0
4291,0,bus,2.0,0.0,4562.0,0.0,3145.0,0,0,6,2 path,0 no foreign neighbour,309.03070068359375,0.3012923002243042,1.0,5.0
4292,0,bus,2.0,0.0,4562.0,0.0,3145.0,0,0,2,2 path,0 no foreign neighbour,88.28502655029297,0.15394170582294464,1.0,2.0
4293,0,bus,1.0,0.0,4562.0,0.0,3145.0,0,0,3,1 tip,0 no foreign neighbour,38.842464447021484,0.1638396680355072,1.0,1.0
4294,0,bus,1.0,0.0,4562.0,1.0,3145.0,0,0,3,1 tip,1 all neighbours foreign,38.842464447021484,0.16469784080982208,1.0,1.0
4295,0,bus,2.0,0.0,4562.0,0.5,3145.0,0,0,0,2 path,mixed,220.95655822753906,0.06414638459682465,1.0,3.0
4296,0,bus,1.0,0.0,4562.0,0.0,3145.0,0,0,3,1 tip,0 no foreign neighbour,308.8277893066406,0.0919916108250618,1.0,6.0
4297,0,bus,2.0,0.0,4562.0,0.0,3145.0,0,0,2,2 path,0 no foreign neighbour,64.4030532836914,0.1613728553056717,1.0,2.0
4298,0,bus,1.0,0.0,4562.0,0.0,3145.0,0,0,2,1 tip,0 no foreign neighbour,57.34348678588867,0.54942786693573,1.0,1.0
4299,0,bus,1.0,0.0,4562.0,0.0,3145.0,0,0,2,1 tip,0 no foreign neighbour,57.34348678588867,0.5484402775764465,1.0,1.0
4300,4,tram,1.0,0.0,4562.0,1.0,296.0,1,1,2,1 tip,1 all neighbours foreign,44.68915939331055,0.1730135977268219,1.0,2.0
4301,4,tram,1.0,0.0,4562.0,1.0,296.0,1,1,3,1 tip,1 all neighbours foreign,69.31886291503906,0.169150710105896,1.0,2.0
4302,0,bus,1.0,0.0,4562.0,0.0,3145.0,0,0,2,1 tip,0 no foreign neighbour,62.342220306396484,0.1548171043395996,1.0,2.0
4303,0,bus,0.0,0.0,4562.0,,3145.0,0,0,2,0 isolated,,64.4030532836914,0.15872976183891296,1.0,2.0
4304,0,bus,1.0,0.0,4562.0,0.0,3145.0,0,0,2,1 tip,0 no foreign neighbour,43.01979446411133,0.23972611129283905,1.0,1.0
4305,0,bus,1.0,0.0,4562.0,1.0,3145.0,0,0,4,1 tip,1 all neighbours foreign,51.91919708251953,0.012739833444356918,1.0,1.0
4306,0,bus,2.0,0.0,4562.0,0.0,3145.0,0,0,3,2 path,0 no foreign neighbour,127.2851791381836,0.15566304326057434,1.0,4.0
4307,0,bus,1.0,0.0,4562.0,0.0,3145.0,0,0,4,1 tip,0 no foreign neighbour,49.10312271118164,0.09317747503519058,1.0,1.0
4308,3,bus+trolley,2.0,1.0,4562.0,0.0,610.0,1,1,4,2 path,0 no foreign neighbour,403.2759094238281,0.020453989505767822,2.0,7.0
4309,3,bus+trolley,4.0,0.0,4562.0,1.0,610.0,1,1,4,3+ branch,1 all neighbours foreign,336.48577880859375,0.018661679700016975,2.0,6.0
4310,0,bus,2.0,0.0,4562.0,0.5,3145.0,0,0,4,2 path,mixed,233.74195861816406,0.1549038290977478,1.0,4.0
4311,0,bus,1.0,0.0,4562.0,0.0,3145.0,0,0,3,1 tip,0 no foreign neighbour,42.138404846191406,0.1968075931072235,1.0,2.0
4312,4,tram,1.0,0.0,4562.0,1.0,296.0,1,1,3,1 tip,1 all neighbours foreign,47.95895004272461,0.17281828820705414,1.0,2.0
4313,0,bus,1.0,0.0,4562.0,0.0,3145.0,0,0,4,1 tip,0 no foreign neighbour,187.63262939453125,0.17214131355285645,1.0,3.0
4314,6,trolley,1.0,0.0,4562.0,1.0,261.0,1,1,0,1 tip,1 all neighbours foreign,87.41384887695312,0.07123209536075592,1.0,2.0
4315,0,bus,3.0,0.0,4562.0,0.0,3145.0,0,0,4,3+ branch,0 no foreign neighbour,253.41702270507812,0.20449663698673248,1.0,4.0
4316,0,bus,1.0,0.0,4562.0,0.0,3145.0,0,0,0,1 tip,0 no foreign neighbour,181.07955932617188,0.0949154943227768,1.0,4.0
4317,0,bus,5.0,0.0,4562.0,0.0,3145.0,0,0,4,3+ branch,0 no foreign neighbour,290.1739807128906,0.19728298485279083,1.0,6.0
4318,0,bus,1.0,0.0,4562.0,1.0,3145.0,0,0,4,1 tip,1 all neighbours foreign,107.37840270996094,0.08583378791809082,1.0,2.0
4319,0,bus,1.0,0.0,4562.0,0.0,3145.0,0,0,2,1 tip,0 no foreign neighbour,65.42723846435547,1.3431777954101562,1.0,1.0
4320,0,bus,1.0,0.0,4562.0,0.0,3145.0,0,0,2,1 tip,0 no foreign neighbour,65.42723846435547,1.3434785604476929,1.0,1.0
4321,0,bus,1.0,0.0,4562.0,0.0,3145.0,0,0,4,1 tip,0 no foreign neighbour,99.6201400756836,0.24368716776371002,1.0,3.0
4322,0,bus,0.0,0.0,4562.0,,3145.0,0,0,2,0 isolated,,99.6201400756836,0.24526746571063995,1.0,3.0
4323,0,bus,1.0,0.0,4562.0,0.0,3145.0,0,0,2,1 tip,0 no foreign neighbour,17.491806030273438,1.2901808023452759,1.0,1.0
4324,0,bus,1.0,0.0,4562.0,0.0,3145.0,0,0,2,1 tip,0 no foreign neighbour,17.491806030273438,1.2890952825546265,1.0,1.0
4325,0,bus,2.0,0.0,4562.0,0.0,3145.0,0,0,4,2 path,0 no foreign neighbour,17.491806030273438,1.5770483016967773,1.0,1.0
4326,0,bus,1.0,0.0,4562.0,0.0,3145.0,0,0,2,1 tip,0 no foreign neighbour,17.491806030273438,1.7185955047607422,1.0,1.0
4327,0,bus,2.0,0.0,4562.0,0.0,3145.0,0,0,0,2 path,0 no foreign neighbour,15.493753433227539,0.0878186896443367,1.0,2.0
4328,0,bus,2.0,0.0,4562.0,0.0,3145.0,0,0,6,2 path,0 no foreign neighbour,5.568779945373535,1.7476195096969604,1.0,1.0
4329,0,bus,1.0,0.0,4562.0,0.0,3145.0,0,0,0,1 tip,0 no foreign neighbour,5.568779945373535,2.1229279041290283,1.0,1.0
4330,0,bus,2.0,0.0,4562.0,0.0,3145.0,0,0,1,2 path,0 no foreign neighbour,9.924973487854004,1.8718510866165161,1.0,1.0
4331,0,bus,1.0,0.0,4562.0,0.0,3145.0,0,0,1,1 tip,0 no foreign neighbour,9.924973487854004,2.327540159225464,1.0,1.0
4332,0,bus,3.0,0.0,4562.0,0.3333333333333333,3145.0,0,0,3,3+ branch,mixed,101.78938293457031,0.05913581699132919,1.0,2.0
4333,0,bus,2.0,0.0,4562.0,0.0,3145.0,0,0,1,2 path,0 no foreign neighbour,9.924973487854004,2.7883083820343018,1.0,1.0
4334,0,bus,1.0,0.0,4562.0,0.0,3145.0,0,0,1,1 tip,0 no foreign neighbour,9.924973487854004,3.12972092628479,1.0,1.0
4335,0,bus,1.0,0.0,4562.0,0.0,3145.0,0,0,1,1 tip,0 no foreign neighbour,9.924973487854004,2.3252041339874268,1.0,1.0
4336,0,bus,1.0,0.0,4562.0,1.0,3145.0,0,0,2,1 tip,1 all neighbours foreign,38.926979064941406,0.037612054497003555,1.0,1.0
4337,0,bus,3.0,0.0,4562.0,0.3333333333333333,3145.0,0,0,3,3+ branch,mixed,166.58421325683594,0.16270533204078674,1.0,3.0
4338,0,bus,1.0,0.0,4562.0,0.0,3145.0,0,0,4,1 tip,0 no foreign neighbour,82.27015686035156,0.19280734658241272,1.0,2.0
4339,0,bus,1.0,0.0,4562.0,0.0,3145.0,0,0,4,1 tip,0 no foreign neighbour,107.16214752197266,0.373514324426651,1.0,1.0
4340,0,bus,1.0,0.0,4562.0,1.0,3145.0,0,0,2,1 tip,1 all neighbours foreign,82.27015686035156,0.1918470561504364,1.0,2.0
4341,0,bus,2.0,0.0,4562.0,0.0,3145.0,0,0,2,2 path,0 no foreign neighbour,5.629388332366943,0.895341157913208,1.0,1.0
4342,0,bus,2.0,0.0,4562.0,0.0,3145.0,0,0,1,2 path,0 no foreign neighbour,5.629388332366943,0.8053784966468811,1.0,1.0
4343,0,bus,1.0,0.0,4562.0,0.0,3145.0,0,0,1,1 tip,0 no foreign neighbour,5.629388332366943,0.7566282153129578,1.0,1.0
4344,0,bus,2.0,0.0,4562.0,0.0,3145.0,0,0,1,2 path,0 no foreign neighbour,19.720767974853516,0.5907618403434753,1.0,1.0
4345,0,bus,2.0,0.0,4562.0,0.0,3145.0,0,0,3,2 path,0 no foreign neighbour,19.720767974853516,0.31810638308525085,1.0,1.0
4346,0,bus,2.0,0.0,4562.0,0.0,3145.0,0,0,3,2 path,0 no foreign neighbour,19.720767974853516,0.4599885940551758,1.0,1.0
4347,0,bus,2.0,0.0,4562.0,0.0,3145.0,0,0,1,2 path,0 no foreign neighbour,19.720767974853516,0.6261584758758545,1.0,1.0
4348,0,bus,1.0,0.0,4562.0,0.0,3145.0,0,0,1,1 tip,0 no foreign neighbour,19.720767974853516,0.6657403707504272,1.0,1.0
4349,0,bus,1.0,0.0,4562.0,0.0,3145.0,0,0,1,1 tip,0 no foreign neighbour,19.720767974853516,0.6681343913078308,1.0,1.0
4350,0,bus,2.0,0.0,4562.0,0.0,3145.0,0,0,1,2 path,0 no foreign neighbour,19.720767974853516,0.7176980972290039,1.0,1.0
4351,0,bus,2.0,0.0,4562.0,0.0,3145.0,0,0,1,2 path,0 no foreign neighbour,19.720767974853516,0.8032699823379517,1.0,1.0
4352,0,bus,2.0,0.0,4562.0,0.0,3145.0,0,0,1,2 path,0 no foreign neighbour,19.720767974853516,0.8420566916465759,1.0,1.0
4353,0,bus,1.0,0.0,4562.0,0.0,3145.0,0,0,1,1 tip,0 no foreign neighbour,19.720767974853516,0.9119187593460083,1.0,1.0
4354,6,trolley,1.0,0.0,4562.0,1.0,261.0,1,1,4,1 tip,1 all neighbours foreign,37.07956314086914,0.034825973212718964,1.0,1.0
4355,0,bus,2.0,0.0,4562.0,0.5,3145.0,0,0,3,2 path,mixed,337.4179992675781,0.09394509345293045,1.0,6.0
4356,0,bus,1.0,0.0,4562.0,0.0,3145.0,0,0,4,1 tip,0 no foreign neighbour,125.70552062988281,0.1912679374217987,1.0,2.0
4357,0,bus,1.0,0.0,4562.0,1.0,3145.0,0,0,4,1 tip,1 all neighbours foreign,42.093685150146484,0.02492675371468067,1.0,1.0
4358,0,bus,2.0,0.0,4562.0,0.5,3145.0,0,0,3,2 path,mixed,232.52903747558594,0.09019571542739868,1.0,4.0
4359,0,bus,1.0,0.0,4562.0,0.0,3145.0,0,0,4,1 tip,0 no foreign neighbour,58.64577865600586,0.23405155539512634,1.0,1.0
4360,0,bus,2.0,0.0,4562.0,0.0,3145.0,0,0,4,2 path,0 no foreign neighbour,58.64577865600586,0.236726313829422,1.0,1.0
4361,0,bus,1.0,0.0,4562.0,0.0,3145.0,0,0,4,1 tip,0 no foreign neighbour,190.86724853515625,0.25868818163871765,1.0,4.0
4362,0,bus,1.0,0.0,4562.0,0.0,3145.0,0,0,4,1 tip,0 no foreign neighbour,135.07875061035156,0.3230975270271301,1.0,4.0
4363,4,tram,1.0,0.0,4562.0,1.0,296.0,1,1,2,1 tip,1 all neighbours foreign,46.3705940246582,0.09016624093055725,1.0,1.0
4364,0,bus,1.0,0.0,4562.0,1.0,3145.0,0,0,4,1 tip,1 all neighbours foreign,226.0964813232422,0.036243852227926254,1.0,4.0
4365,0,bus,1.0,0.0,4562.0,0.0,3145.0,0,0,4,1 tip,0 no foreign neighbour,228.07464599609375,0.2818928062915802,1.0,6.0
4366,0,bus,3.0,0.3333333432674408,4562.0,0.0,3145.0,0,0,4,3+ branch,0 no foreign neighbour,245.9342803955078,0.301666796207428,1.0,5.0
4367,0,bus,1.0,0.0,4562.0,0.0,3145.0,0,0,4,1 tip,0 no foreign neighbour,245.9342803955078,0.304360568523407,1.0,5.0
4368,0,bus,1.0,0.0,4562.0,0.0,3145.0,0,0,0,1 tip,0 no foreign neighbour,293.6287841796875,0.3553573787212372,1.0,5.0
4369,0,bus,1.0,0.0,4562.0,0.0,3145.0,0,0,4,1 tip,0 no foreign neighbour,68.18063354492188,0.5254488587379456,1.0,1.0
4370,0,bus,4.0,0.0,4562.0,0.0,3145.0,0,0,0,3+ branch,0 no foreign neighbour,333.62933349609375,0.11947725713253021,1.0,7.0
4371,0,bus,2.0,0.0,4562.0,0.0,3145.0,0,0,5,2 path,0 no foreign neighbour,401.03125,0.168214350938797,1.0,7.0
4372,0,bus,3.0,0.3333333432674408,4562.0,0.0,3145.0,0,0,5,3+ branch,0 no foreign neighbour,401.03125,0.16708582639694214,1.0,7.0
4373,0,bus,1.0,0.0,4562.0,0.0,3145.0,0,0,5,1 tip,0 no foreign neighbour,382.6723937988281,0.170785591006279,1.0,6.0
4374,0,bus,2.0,0.0,4562.0,0.0,3145.0,0,0,4,2 path,0 no foreign neighbour,189.9147186279297,0.10377045720815659,1.0,3.0
4375,0,bus,1.0,0.0,4562.0,0.0,3145.0,0,0,3,1 tip,0 no foreign neighbour,443.9547424316406,0.1469556838274002,1.0,7.0
4376,3,bus+trolley,2.0,0.0,4562.0,1.0,610.0,1,1,5,2 path,1 all neighbours foreign,520.2998046875,0.09578952193260193,2.0,8.0
4377,0,bus,2.0,1.0,4562.0,1.0,3145.0,0,0,2,2 path,1 all neighbours foreign,167.8130645751953,0.11938881129026413,1.0,2.0
4378,3,bus+trolley,2.0,1.0,4562.0,0.5,610.0,1,1,3,2 path,mixed,260.9916687011719,0.111658476293087,2.0,4.0
4379,0,bus,2.0,1.0,4562.0,0.0,3145.0,0,0,0,2 path,0 no foreign neighbour,454.8501281738281,0.08219622075557709,1.0,11.0
4380,0,bus,1.0,0.0,4562.0,0.0,3145.0,0,0,4,1 tip,0 no foreign neighbour,58.26556396484375,0.06730213761329651,1.0,1.0
4381,0,bus,2.0,0.0,4562.0,0.0,3145.0,0,0,4,2 path,0 no foreign neighbour,126.0635986328125,0.12253197282552719,1.0,2.0
4382,0,bus,2.0,0.0,4562.0,0.0,3145.0,0,0,4,2 path,0 no foreign neighbour,111.71691131591797,0.16453054547309875,1.0,2.0
4383,0,bus,1.0,0.0,4562.0,0.0,3145.0,0,0,3,1 tip,0 no foreign neighbour,349.960205078125,0.14407332241535187,1.0,5.0
4384,0,bus,2.0,0.0,4562.0,0.0,3145.0,0,0,3,2 path,0 no foreign neighbour,301.49871826171875,0.12103316932916641,1.0,5.0
4385,0,bus,2.0,0.0,4562.0,0.0,3145.0,0,0,2,2 path,0 no foreign neighbour,121.68596649169922,0.1777060180902481,1.0,3.0
4386,0,bus,1.0,0.0,4562.0,0.0,3145.0,0,0,2,1 tip,0 no foreign neighbour,162.80052185058594,0.12883466482162476,1.0,2.0
4387,0,bus,1.0,0.0,4562.0,0.0,3145.0,0,0,2,1 tip,0 no foreign neighbour,35.44072723388672,0.4463217854499817,1.0,1.0
4388,0,bus,1.0,0.0,4562.0,1.0,3145.0,0,0,0,1 tip,1 all neighbours foreign,46.5205192565918,0.12353964895009995,1.0,1.0
4389,0,bus,2.0,0.0,4562.0,0.0,3145.0,0,0,0,2 path,0 no foreign neighbour,641.2401733398438,0.1140681803226471,1.0,13.0
4390,0,bus,2.0,0.0,4562.0,0.0,3145.0,0,0,3,2 path,0 no foreign neighbour,130.4088134765625,0.14737468957901,1.0,3.0
4391,0,bus,1.0,0.0,4562.0,0.0,3145.0,0,0,0,1 tip,0 no foreign neighbour,267.8987121582031,0.5223954916000366,1.0,7.0
4392,0,bus,1.0,0.0,4562.0,0.0,3145.0,0,0,0,1 tip,0 no foreign neighbour,336.079345703125,0.5240579843521118,1.0,8.0
4393,0,bus,1.0,0.0,4562.0,0.0,3145.0,0,0,4,1 tip,0 no foreign neighbour,51.824920654296875,0.1310984492301941,1.0,1.0
4394,0,bus,4.0,0.0,4562.0,0.25,3145.0,0,0,3,3+ branch,mixed,252.9115447998047,0.12255971133708954,1.0,4.0
4395,0,bus,1.0,0.0,4562.0,0.0,3145.0,0,0,4,1 tip,0 no foreign neighbour,208.9329376220703,0.14668896794319153,1.0,4.0
4396,0,bus,0.0,0.0,4562.0,,3145.0,0,0,4,0 isolated,,208.9329376220703,0.14566926658153534,1.0,4.0
4397,0,bus,1.0,0.0,4562.0,0.0,3145.0,0,0,4,1 tip,0 no foreign neighbour,70.2363052368164,0.08592631667852402,1.0,1.0
4398,0,bus,1.0,0.0,4562.0,0.0,3145.0,0,0,2,1 tip,0 no foreign neighbour,51.91919708251953,0.06685738265514374,1.0,1.0
4399,4,tram,0.0,0.0,1.0,,296.0,1,1,2,0 isolated,,11.872157096862793,0.14762024581432343,1.0,1.0
4400,0,bus,1.0,0.0,4562.0,1.0,3145.0,0,0,4,1 tip,1 all neighbours foreign,70.2363052368164,0.10386155545711517,1.0,1.0
4401,0,bus,1.0,0.0,4562.0,0.0,3145.0,0,0,3,1 tip,0 no foreign neighbour,385.7452697753906,0.22084200382232666,1.0,6.0
4402,0,bus,2.0,0.0,4562.0,0.0,3145.0,0,0,2,2 path,0 no foreign neighbour,135.49542236328125,0.14638562500476837,1.0,3.0
4403,0,bus,1.0,0.0,4562.0,0.0,3145.0,0,0,2,1 tip,0 no foreign neighbour,49.52846908569336,0.29273301362991333,1.0,1.0
4404,0,bus,1.0,0.0,4562.0,0.0,3145.0,0,0,4,1 tip,0 no foreign neighbour,17.334890365600586,0.5350591540336609,1.0,1.0
4405,0,bus,1.0,0.0,4562.0,0.0,3145.0,0,0,3,1 tip,0 no foreign neighbour,61.225006103515625,0.10735101997852325,1.0,1.0
4406,0,bus,1.0,0.0,4562.0,0.0,3145.0,0,0,2,1 tip,0 no foreign neighbour,71.74620056152344,0.13365145027637482,1.0,1.0
4407,0,bus,2.0,0.0,4562.0,1.0,3145.0,0,0,2,2 path,1 all neighbours foreign,71.74620056152344,0.13156431913375854,1.0,1.0
4408,0,bus,1.0,0.0,4562.0,0.0,3145.0,0,0,3,1 tip,0 no foreign neighbour,100.70700073242188,0.07464570552110672,1.0,2.0
4409,0,bus,1.0,0.0,4562.0,0.0,3145.0,0,0,4,1 tip,0 no foreign neighbour,31.56728172302246,0.3294910192489624,1.0,1.0
4410,0,bus,1.0,0.0,4562.0,0.0,3145.0,0,0,4,1 tip,0 no foreign neighbour,31.56728172302246,0.3311166763305664,1.0,1.0
4411,3,bus+trolley,2.0,0.0,4562.0,0.5,610.0,1,1,3,2 path,mixed,273.1539306640625,0.15642324090003967,2.0,5.0
4412,6,trolley,1.0,0.0,4562.0,1.0,261.0,1,1,4,1 tip,1 all neighbours foreign,44.19878005981445,0.0854930430650711,1.0,1.0
4413,6,trolley,1.0,0.0,4562.0,0.0,261.0,1,1,4,1 tip,0 no foreign neighbour,44.19878005981445,0.09033463150262833,1.0,1.0
4414,0,bus,1.0,0.0,4562.0,0.0,3145.0,0,0,4,1 tip,0 no foreign neighbour,192.892578125,0.047668952494859695,1.0,3.0
4415,0,bus,1.0,0.0,4562.0,0.0,3145.0,0,0,2,1 tip,0 no foreign neighbour,94.3992691040039,0.20378829538822174,1.0,2.0
4416,0,bus,1.0,0.0,4562.0,0.0,3145.0,0,0,4,1 tip,0 no foreign neighbour,142.93829345703125,0.2785382568836212,1.0,2.0
4417,0,bus,1.0,0.0,4562.0,0.0,3145.0,0,0,0,1 tip,0 no foreign neighbour,102.84432983398438,0.47234463691711426,1.0,1.0
4418,0,bus,1.0,0.0,4562.0,0.0,3145.0,0,0,4,1 tip,0 no foreign neighbour,102.84432983398438,0.47255489230155945,1.0,1.0
4419,0,bus,1.0,0.0,4562.0,0.0,3145.0,0,0,0,1 tip,0 no foreign neighbour,107.16214752197266,0.41339409351348877,1.0,1.0
4420,0,bus,2.0,0.0,4562.0,0.0,3145.0,0,0,4,2 path,0 no foreign neighbour,149.9435577392578,0.47906428575515747,1.0,2.0
4421,0,bus,2.0,0.0,4562.0,0.0,3145.0,0,0,4,2 path,0 no foreign neighbour,149.9435577392578,0.4795253574848175,1.0,2.0
4422,0,bus,1.0,0.0,4562.0,0.0,3145.0,0,0,4,1 tip,0 no foreign neighbour,98.32270812988281,0.1455325186252594,1.0,2.0
4423,0,bus,1.0,0.0,4562.0,0.0,3145.0,0,0,4,1 tip,0 no foreign neighbour,102.84432983398438,0.3530031442642212,1.0,1.0
4424,0,bus,2.0,0.0,4562.0,0.0,3145.0,0,0,0,2 path,0 no foreign neighbour,102.84432983398438,0.35689035058021545,1.0,1.0
4425,4,tram,1.0,0.0,4562.0,0.0,296.0,1,1,2,1 tip,0 no foreign neighbour,129.06800842285156,0.13700494170188904,1.0,3.0
4426,0,bus,3.0,0.3333333432674408,4562.0,0.0,3145.0,0,0,4,3+ branch,0 no foreign neighbour,67.32627868652344,0.32707375288009644,1.0,2.0
4427,0,bus,1.0,0.0,4562.0,0.0,3145.0,0,0,4,1 tip,0 no foreign neighbour,107.60073852539062,0.19845114648342133,1.0,3.0
4428,0,bus,1.0,0.0,4562.0,0.0,3145.0,0,0,4,1 tip,0 no foreign neighbour,166.03553771972656,0.26931288838386536,1.0,4.0
4429,0,bus,3.0,0.3333333432674408,4562.0,0.0,3145.0,0,0,2,3+ branch,0 no foreign neighbour,98.21560668945312,0.07968413084745407,1.0,2.0
4430,0,bus,1.0,0.0,4562.0,0.0,3145.0,0,0,4,1 tip,0 no foreign neighbour,98.21560668945312,0.08036982268095016,1.0,2.0
4431,0,bus,0.0,0.0,4562.0,,3145.0,0,0,4,0 isolated,,98.21560668945312,0.07205867767333984,1.0,2.0
4432,0,bus,1.0,0.0,4562.0,0.0,3145.0,0,0,4,1 tip,0 no foreign neighbour,98.21560668945312,0.07107926160097122,1.0,2.0
4433,0,bus,1.0,0.0,4562.0,0.0,3145.0,0,0,4,1 tip,0 no foreign neighbour,65.6312255859375,0.07667212933301926,1.0,1.0
4434,0,bus,2.0,1.0,4562.0,0.0,3145.0,0,0,0,2 path,0 no foreign neighbour,169.2283172607422,0.4174228310585022,1.0,3.0
4435,0,bus,1.0,0.0,4562.0,0.0,3145.0,0,0,0,1 tip,0 no foreign neighbour,24.664941787719727,0.3673880696296692,1.0,1.0
4436,0,bus,1.0,0.0,4562.0,0.0,3145.0,0,0,0,1 tip,0 no foreign neighbour,18.53676986694336,0.36785876750946045,1.0,1.0
4437,3,bus+trolley,3.0,0.3333333432674408,4562.0,0.6666666666666666,610.0,1,1,3,3+ branch,mixed,306.0700988769531,0.11387582123279572,2.0,6.0
4438,0,bus,1.0,0.0,4562.0,0.0,3145.0,0,0,0,1 tip,0 no foreign neighbour,39.195228576660156,0.19237446784973145,1.0,1.0
4439,0,bus,1.0,0.0,4562.0,0.0,3145.0,0,0,2,1 tip,0 no foreign neighbour,59.78916931152344,0.17973552644252777,1.0,1.0
4440,3,bus+trolley,2.0,0.0,4562.0,0.5,610.0,1,1,3,2 path,mixed,377.6070251464844,0.10845066606998444,2.0,7.0
4441,0,bus,1.0,0.0,4562.0,0.0,3145.0,0,0,0,1 tip,0 no foreign neighbour,49.60456848144531,0.48702454566955566,1.0,2.0
4442,0,bus,1.0,0.0,4562.0,0.0,3145.0,0,0,0,1 tip,0 no foreign neighbour,49.60456848144531,0.4863600432872772,1.0,2.0
4443,0,bus,2.0,0.0,4562.0,0.0,3145.0,0,0,4,2 path,0 no foreign neighbour,210.5540313720703,0.06936828792095184,1.0,3.0
4444,3,bus+trolley,2.0,0.0,4562.0,0.0,610.0,1,1,5,2 path,0 no foreign neighbour,377.01409912109375,0.13871029019355774,2.0,6.0
4445,0,bus,1.0,0.0,4562.0,0.0,3145.0,0,0,4,1 tip,0 no foreign neighbour,41.11776351928711,0.07938913255929947,1.0,1.0
4446,0,bus,2.0,0.0,4562.0,1.0,3145.0,0,0,3,2 path,1 all neighbours foreign,122.6163101196289,0.13476206362247467,1.0,2.0
4447,0,bus,1.0,0.0,4562.0,0.0,3145.0,0,0,4,1 tip,0 no foreign neighbour,40.1665153503418,0.006575240287929773,1.0,1.0
4448,0,bus,2.0,0.0,4562.0,0.0,3145.0,0,0,2,2 path,0 no foreign neighbour,41.069332122802734,0.6518829464912415,1.0,1.0
4449,0,bus,2.0,0.0,4562.0,0.0,3145.0,0,0,3,2 path,0 no foreign neighbour,433.40716552734375,0.13645555078983307,1.0,7.0
4450,0,bus,1.0,0.0,4562.0,1.0,3145.0,0,0,2,1 tip,1 all neighbours foreign,42.9000358581543,0.12033901363611221,1.0,1.0
4451,0,bus,2.0,0.0,4562.0,0.0,3145.0,0,0,2,2 path,0 no foreign neighbour,124.46615600585938,0.17751342058181763,1.0,2.0
4452,4,tram,1.0,0.0,4562.0,0.0,296.0,1,1,2,1 tip,0 no foreign neighbour,35.290470123291016,0.07863271981477737,1.0,1.0
4453,0,bus,2.0,0.0,4562.0,0.0,3145.0,0,0,4,2 path,0 no foreign neighbour,44.73819351196289,0.6231662631034851,1.0,1.0
4454,0,bus,2.0,0.0,4562.0,0.0,3145.0,0,0,4,2 path,0 no foreign neighbour,44.73819351196289,0.6515609622001648,1.0,1.0
4455,6,trolley,1.0,0.0,4562.0,1.0,261.0,1,1,0,1 tip,1 all neighbours foreign,89.64450073242188,0.12647831439971924,1.0,2.0
4456,0,bus,2.0,0.0,4562.0,0.0,3145.0,0,0,4,2 path,0 no foreign neighbour,158.82754516601562,0.22829891741275787,1.0,4.0
4457,0,bus,1.0,0.0,4562.0,0.0,3145.0,0,0,4,1 tip,0 no foreign neighbour,35.44072723388672,0.4028071463108063,1.0,1.0
4458,0,bus,2.0,0.0,4562.0,0.0,3145.0,0,0,2,2 path,0 no foreign neighbour,79.42172241210938,0.14478346705436707,1.0,2.0
4459,0,bus,2.0,0.0,4562.0,0.0,3145.0,0,0,2,2 path,0 no foreign neighbour,35.44072723388672,0.4088343679904938,1.0,1.0
4460,0,bus,2.0,0.0,4562.0,0.0,3145.0,0,0,0,2 path,0 no foreign neighbour,73.36575317382812,0.721416711807251,1.0,2.0
4461,0,bus,1.0,0.0,4562.0,0.0,3145.0,0,0,2,1 tip,0 no foreign neighbour,26.175491333007812,0.14746908843517303,1.0,1.0
4462,0,bus,1.0,0.0,4562.0,0.0,3145.0,0,0,4,1 tip,0 no foreign neighbour,43.79601287841797,0.1279314011335373,1.0,1.0
4463,0,bus,2.0,0.0,4562.0,0.5,3145.0,0,0,4,2 path,mixed,107.37840270996094,0.09416718780994415,1.0,2.0
4464,0,bus,1.0,0.0,4562.0,0.0,3145.0,0,0,4,1 tip,0 no foreign neighbour,128.41322326660156,0.023459427058696747,1.0,2.0
4465,0,bus,1.0,0.0,4562.0,0.0,3145.0,0,0,5,1 tip,0 no foreign neighbour,733.8246459960938,0.1460696905851364,1.0,14.0
4466,0,bus,2.0,1.0,4562.0,0.0,3145.0,0,0,4,2 path,0 no foreign neighbour,98.21560668945312,0.07846733927726746,1.0,2.0
4467,6,trolley,2.0,0.0,4562.0,1.0,261.0,1,1,3,2 path,1 all neighbours foreign,82.74087524414062,0.05635043978691101,1.0,2.0
4468,0,bus,1.0,0.0,4562.0,0.0,3145.0,0,0,3,1 tip,0 no foreign neighbour,161.4864044189453,0.2818944752216339,1.0,3.0
4469,0,bus,4.0,0.3333333432674408,4562.0,0.0,3145.0,0,0,5,3+ branch,0 no foreign neighbour,702.2552490234375,0.15058033168315887,1.0,12.0
4470,0,bus,1.0,0.0,4562.0,0.0,3145.0,0,0,2,1 tip,0 no foreign neighbour,71.35807037353516,0.21164697408676147,1.0,2.0
4471,0,bus,1.0,0.0,4562.0,0.0,3145.0,0,0,2,1 tip,0 no foreign neighbour,37.1415901184082,0.20431019365787506,1.0,1.0
4472,0,bus,2.0,0.0,4562.0,0.0,3145.0,0,0,2,2 path,0 no foreign neighbour,95.69075775146484,0.18248659372329712,1.0,2.0
4473,0,bus,1.0,0.0,4562.0,0.0,3145.0,0,0,2,1 tip,0 no foreign neighbour,34.21648406982422,0.21113155782222748,1.0,1.0
4474,0,bus,1.0,0.0,4562.0,0.0,3145.0,0,0,2,1 tip,0 no foreign neighbour,95.69075775146484,0.18179380893707275,1.0,2.0
4475,0,bus,2.0,0.0,4562.0,0.0,3145.0,0,0,2,2 path,0 no foreign neighbour,122.3698959350586,0.17369471490383148,1.0,4.0
4476,0,bus,2.0,0.0,4562.0,0.0,3145.0,0,0,4,2 path,0 no foreign neighbour,156.4414520263672,0.02842111699283123,1.0,3.0
4477,0,bus,1.0,0.0,4562.0,0.0,3145.0,0,0,4,1 tip,0 no foreign neighbour,95.5821304321289,0.2621980309486389,1.0,2.0
4478,0,bus,4.0,0.0,4562.0,0.0,3145.0,0,0,5,3+ branch,0 no foreign neighbour,740.9976196289062,0.09234904497861862,1.0,12.0
4479,0,bus,0.0,0.0,4562.0,,3145.0,0,0,2,0 isolated,,46.5205192565918,0.15579621493816376,1.0,1.0
4480,0,bus,1.0,0.0,4562.0,0.0,3145.0,0,0,4,1 tip,0 no foreign neighbour,62.90807342529297,0.3281041979789734,1.0,1.0
4481,0,bus,1.0,0.0,4562.0,0.0,3145.0,0,0,2,1 tip,0 no foreign neighbour,35.90158462524414,0.16505706310272217,1.0,1.0
4482,0,bus,1.0,0.0,4562.0,0.0,3145.0,0,0,2,1 tip,0 no foreign neighbour,71.74620056152344,0.12982222437858582,1.0,1.0
4483,0,bus,1.0,0.0,4562.0,0.0,3145.0,0,0,4,1 tip,0 no foreign neighbour,61.225006103515625,0.1441931426525116,1.0,1.0
4484,0,bus,1.0,0.0,4562.0,1.0,3145.0,0,0,3,1 tip,1 all neighbours foreign,22.241724014282227,0.12997740507125854,1.0,1.0
4485,0,bus,1.0,0.0,4562.0,0.0,3145.0,0,0,2,1 tip,0 no foreign neighbour,28.934720993041992,0.19734804332256317,1.0,1.0
4486,0,bus,1.0,0.0,4562.0,0.0,3145.0,0,0,3,1 tip,0 no foreign neighbour,177.80630493164062,0.15307992696762085,1.0,3.0
4487,0,bus,1.0,0.0,4562.0,0.0,3145.0,0,0,2,1 tip,0 no foreign neighbour,30.19308090209961,0.19638900458812714,1.0,1.0
4488,0,bus,3.0,0.0,4562.0,0.6666666666666666,3145.0,0,0,5,3+ branch,mixed,554.1514282226562,0.09061719477176666,1.0,8.0
4489,0,bus,1.0,0.0,4562.0,0.0,3145.0,0,0,3,1 tip,0 no foreign neighbour,297.48114013671875,0.11707963794469833,1.0,5.0
4490,0,bus,1.0,0.0,4562.0,1.0,3145.0,0,0,3,1 tip,1 all neighbours foreign,226.37596130371094,0.0865568071603775,1.0,4.0
4491,0,bus,2.0,0.0,4562.0,0.0,3145.0,0,0,3,2 path,0 no foreign neighbour,355.2976989746094,0.1040133535861969,1.0,7.0
4492,0,bus,2.0,0.0,4562.0,0.0,3145.0,0,0,3,2 path,0 no foreign neighbour,174.50491333007812,0.0840025395154953,1.0,3.0
4493,0,bus,3.0,0.0,4562.0,0.0,3145.0,0,0,2,3+ branch,0 no foreign neighbour,84.0539321899414,0.1054123118519783,1.0,2.0
4494,0,bus,2.0,0.0,4562.0,1.0,3145.0,0,0,3,2 path,1 all neighbours foreign,275.1995849609375,0.10891733318567276,1.0,4.0
4495,0,bus,1.0,0.0,4562.0,0.0,3145.0,0,0,3,1 tip,0 no foreign neighbour,29.891128540039062,0.10778958350419998,1.0,1.0
4496,0,bus,2.0,0.0,4562.0,0.0,3145.0,0,0,2,2 path,0 no foreign neighbour,141.7532958984375,0.10512878745794296,1.0,4.0
4497,0,bus,1.0,0.0,4562.0,0.0,3145.0,0,0,2,1 tip,0 no foreign neighbour,111.86217498779297,0.1036408469080925,1.0,3.0
4498,0,bus,3.0,0.6666666865348816,4562.0,1.0,3145.0,0,0,5,3+ branch,1 all neighbours foreign,934.5053100585938,0.14008018374443054,1.0,18.0
4499,0,bus,1.0,0.0,4562.0,0.0,3145.0,0,0,4,1 tip,0 no foreign neighbour,180.7048797607422,0.2611479163169861,1.0,4.0
4500,0,bus,2.0,0.0,4562.0,0.0,3145.0,0,0,3,2 path,0 no foreign neighbour,275.1995849609375,0.10854472219944,1.0,4.0
4501,0,bus,1.0,0.0,4562.0,0.0,3145.0,0,0,2,1 tip,0 no foreign neighbour,235.76657104492188,0.10829659551382065,1.0,3.0
4502,0,bus,1.0,0.0,4562.0,0.0,3145.0,0,0,4,1 tip,0 no foreign neighbour,84.0539321899414,0.10119322687387466,1.0,2.0
4503,0,bus,1.0,0.0,4562.0,0.0,3145.0,0,0,3,1 tip,0 no foreign neighbour,89.92105865478516,0.17172740399837494,1.0,1.0
4504,3,bus+trolley,2.0,0.0,4562.0,1.0,610.0,1,1,3,2 path,1 all neighbours foreign,379.75750732421875,0.10376188904047012,2.0,7.0
4505,0,bus,1.0,0.0,4562.0,1.0,3145.0,0,0,3,1 tip,1 all neighbours foreign,295.7449645996094,0.07349968701601028,1.0,4.0
4506,0,bus,1.0,0.0,4562.0,0.0,3145.0,0,0,3,1 tip,0 no foreign neighbour,145.7701416015625,0.15931151807308197,1.0,4.0
4507,0,bus,1.0,0.0,4562.0,0.0,3145.0,0,0,3,1 tip,0 no foreign neighbour,159.2790069580078,0.16102485358715057,1.0,3.0
4508,0,bus,1.0,0.0,4562.0,0.0,3145.0,0,0,2,1 tip,0 no foreign neighbour,112.9832763671875,0.15465553104877472,1.0,3.0
4509,0,bus,2.0,0.0,4562.0,0.0,3145.0,0,0,3,2 path,0 no foreign neighbour,127.4851303100586,0.0864517018198967,1.0,2.0
4510,0,bus,2.0,0.0,4562.0,0.5,3145.0,0,0,3,2 path,mixed,235.3071746826172,0.15076185762882233,1.0,4.0
4511,0,bus,1.0,0.0,4562.0,0.0,3145.0,0,0,2,1 tip,0 no foreign neighbour,66.50605773925781,0.16214872896671295,1.0,1.0
4512,0,bus,1.0,0.0,4562.0,0.0,3145.0,0,0,3,1 tip,0 no foreign neighbour,220.28761291503906,0.1680443286895752,1.0,5.0
4513,0,bus,1.0,0.0,4562.0,0.0,3145.0,0,0,3,1 tip,0 no foreign neighbour,21.778972625732422,0.16418863832950592,1.0,1.0
4514,0,bus,1.0,0.0,4562.0,0.0,3145.0,0,0,2,1 tip,0 no foreign neighbour,21.778972625732422,0.15786942839622498,1.0,1.0
4515,0,bus,2.0,0.0,4562.0,0.5,3145.0,0,0,3,2 path,mixed,220.28761291503906,0.16976477205753326,1.0,5.0
4516,0,bus,1.0,0.0,4562.0,0.0,3145.0,0,0,2,1 tip,0 no foreign neighbour,136.91720581054688,0.18421810865402222,1.0,2.0
4517,0,bus,1.0,0.0,4562.0,0.0,3145.0,0,0,3,1 tip,0 no foreign neighbour,179.1131591796875,0.18151237070560455,1.0,3.0
4518,0,bus,2.0,1.0,4562.0,0.5,3145.0,0,0,5,2 path,mixed,542.5680541992188,0.14928144216537476,1.0,9.0
4519,0,bus,1.0,0.0,4562.0,0.0,3145.0,0,0,4,1 tip,0 no foreign neighbour,68.18063354492188,0.07482410967350006,1.0,1.0
4520,0,bus,2.0,0.0,4562.0,0.0,3145.0,0,0,3,2 path,0 no foreign neighbour,157.04185485839844,0.17932209372520447,1.0,2.0
4521,0,bus,1.0,0.0,4562.0,0.0,3145.0,0,0,3,1 tip,0 no foreign neighbour,155.97447204589844,0.08401266485452652,1.0,3.0
4522,0,bus,1.0,0.0,4562.0,1.0,3145.0,0,0,3,1 tip,1 all neighbours foreign,156.11444091796875,0.12623776495456696,1.0,2.0
4523,0,bus,2.0,0.0,4562.0,0.5,3145.0,0,0,4,2 path,mixed,226.0964813232422,0.010157229378819466,1.0,4.0
4524,0,bus,1.0,0.0,4562.0,0.0,3145.0,0,0,2,1 tip,0 no foreign neighbour,17.631868362426758,0.18521741032600403,1.0,1.0
4525,0,bus,1.0,0.0,4562.0,0.0,3145.0,0,0,2,1 tip,0 no foreign neighbour,38.45223617553711,0.23788094520568848,1.0,1.0
4526,0,bus,2.0,0.0,4562.0,0.0,3145.0,0,0,2,2 path,0 no foreign neighbour,38.45223617553711,0.2482273429632187,1.0,1.0
4527,0,bus,1.0,0.0,4562.0,0.0,3145.0,0,0,2,1 tip,0 no foreign neighbour,38.45223617553711,0.2551176846027374,1.0,1.0
4528,0,bus,2.0,0.0,4562.0,0.0,3145.0,0,0,2,2 path,0 no foreign neighbour,38.45223617553711,0.25961703062057495,1.0,1.0
4529,0,bus,1.0,0.0,4562.0,0.0,3145.0,0,0,2,1 tip,0 no foreign neighbour,38.45223617553711,0.2696954905986786,1.0,1.0
4530,0,bus,1.0,0.0,4562.0,0.0,3145.0,0,0,2,1 tip,0 no foreign neighbour,38.45223617553711,0.26720061898231506,1.0,1.0
4531,0,bus,1.0,0.0,4562.0,0.0,3145.0,0,0,2,1 tip,0 no foreign neighbour,38.45223617553711,0.25405800342559814,1.0,1.0
4532,0,bus,1.0,0.0,4562.0,0.0,3145.0,0,0,2,1 tip,0 no foreign neighbour,38.45223617553711,0.23907099664211273,1.0,1.0
4533,0,bus,1.0,0.0,4562.0,0.0,3145.0,0,0,2,1 tip,0 no foreign neighbour,96.74169158935547,0.12022615224123001,1.0,2.0
4534,0,bus,2.0,0.0,4562.0,0.5,3145.0,0,0,4,2 path,mixed,109.25177764892578,0.20727814733982086,1.0,3.0
4535,0,bus,1.0,0.0,4562.0,0.0,3145.0,0,0,4,1 tip,0 no foreign neighbour,210.6662139892578,0.10596957057714462,1.0,4.0
4536,0,bus,2.0,0.0,4562.0,0.0,3145.0,0,0,2,2 path,0 no foreign neighbour,44.00054931640625,0.06778357923030853,1.0,1.0
4537,0,bus,1.0,0.0,4562.0,0.0,3145.0,0,0,4,1 tip,0 no foreign neighbour,151.3958282470703,0.03903453052043915,1.0,3.0
4538,0,bus,1.0,0.0,4562.0,0.0,3145.0,0,0,4,1 tip,0 no foreign neighbour,62.142452239990234,0.2181774228811264,1.0,2.0
4539,0,bus,2.0,0.0,4562.0,0.0,3145.0,0,0,3,2 path,0 no foreign neighbour,316.6269836425781,0.22589324414730072,1.0,7.0
4540,0,bus,2.0,0.0,4562.0,0.0,3145.0,0,0,2,2 path,0 no foreign neighbour,95.48360443115234,0.18295344710350037,1.0,2.0
4541,0,bus,1.0,0.0,4562.0,0.0,3145.0,0,0,4,1 tip,0 no foreign neighbour,253.41702270507812,0.2098393440246582,1.0,4.0
4542,0,bus,3.0,0.0,4562.0,0.0,3145.0,0,0,2,3+ branch,0 no foreign neighbour,223.12673950195312,0.19545477628707886,1.0,4.0
4543,0,bus,2.0,0.0,4562.0,0.0,3145.0,0,0,4,2 path,0 no foreign neighbour,279.0506286621094,0.183089941740036,1.0,5.0
4544,0,bus,2.0,0.0,4562.0,0.5,3145.0,0,0,4,2 path,mixed,378.5589904785156,0.17810513079166412,1.0,7.0
4545,0,bus,2.0,0.0,4562.0,1.0,3145.0,0,0,3,2 path,1 all neighbours foreign,295.18115234375,0.19721077382564545,1.0,6.0
4546,0,bus,1.0,0.0,4562.0,0.0,3145.0,0,0,2,1 tip,0 no foreign neighbour,43.01979446411133,0.23891225457191467,1.0,1.0
4547,0,bus,3.0,0.0,4562.0,0.0,3145.0,0,0,4,3+ branch,0 no foreign neighbour,419.56878662109375,0.17537067830562592,1.0,7.0
4548,0,bus,3.0,0.0,4562.0,0.0,3145.0,0,0,4,3+ branch,0 no foreign neighbour,279.0506286621094,0.18238936364650726,1.0,5.0
4549,0,bus,1.0,0.0,4562.0,0.0,3145.0,0,0,2,1 tip,0 no foreign neighbour,84.0539321899414,0.10249438881874084,1.0,2.0
4550,0,bus,2.0,0.0,4562.0,0.0,3145.0,0,0,5,2 path,0 no foreign neighbour,685.516845703125,0.13847611844539642,1.0,14.0
4551,0,bus,2.0,0.0,4562.0,0.0,3145.0,0,0,5,2 path,0 no foreign neighbour,656.2843627929688,0.141462504863739,1.0,13.0
4552,0,bus,1.0,0.0,4562.0,0.0,3145.0,0,0,5,1 tip,0 no foreign neighbour,582.0191040039062,0.14807046949863434,1.0,10.0
4553,0,bus,3.0,0.3333333432674408,4562.0,0.0,3145.0,0,0,5,3+ branch,0 no foreign neighbour,656.2919921875,0.15233251452445984,1.0,11.0
4554,0,bus,3.0,0.0,4562.0,0.0,3145.0,0,0,2,3+ branch,0 no foreign neighbour,104.43162536621094,0.15364345908164978,1.0,2.0
4555,0,bus,2.0,0.0,4562.0,0.0,3145.0,0,0,2,2 path,0 no foreign neighbour,104.43162536621094,0.15251748263835907,1.0,2.0
4556,0,bus,1.0,0.0,4562.0,0.0,3145.0,0,0,2,1 tip,0 no foreign neighbour,104.43162536621094,0.15018755197525024,1.0,2.0
4557,0,bus,1.0,0.0,4562.0,0.0,3145.0,0,0,2,1 tip,0 no foreign neighbour,104.43162536621094,0.15065698325634003,1.0,2.0
4558,0,bus,1.0,0.0,4562.0,0.0,3145.0,0,0,5,1 tip,0 no foreign neighbour,631.8824462890625,0.14695455133914948,1.0,12.0
4559,0,bus,2.0,0.0,4562.0,0.0,3145.0,0,0,5,2 path,0 no foreign neighbour,777.7470703125,0.14031028747558594,1.0,15.0
4560,0,bus,1.0,0.0,4562.0,1.0,3145.0,0,0,5,1 tip,1 all neighbours foreign,688.0598754882812,0.13726688921451569,1.0,13.0
4561,0,bus,1.0,0.0,4562.0,0.0,3145.0,0,0,3,1 tip,0 no foreign neighbour,255.37986755371094,0.2153603881597519,1.0,5.0
4562,0,bus,2.0,0.0,4562.0,0.0,3145.0,0,0,4,2 path,0 no foreign neighbour,149.83201599121094,0.02358897030353546,1.0,3.0
4563,0,bus,2.0,0.0,4562.0,0.0,3145.0,0,0,4,2 path,0 no foreign neighbour,71.92938232421875,0.034918610006570816,1.0,2.0
4564,0,bus,2.0,0.0,4562.0,0.5,3145.0,0,0,4,2 path,mixed,256.9278259277344,0.037492379546165466,1.0,5.0
4565,0,bus,2.0,0.0,4562.0,0.0,3145.0,0,0,3,2 path,0 no foreign neighbour,255.28060913085938,0.04496379941701889,1.0,4.0
4566,0,bus,2.0,0.0,4562.0,0.0,3145.0,0,0,4,2 path,0 no foreign neighbour,243.0092010498047,0.04028885439038277,1.0,4.0
4567,0,bus,1.0,0.0,4562.0,1.0,3145.0,0,0,4,1 tip,1 all neighbours foreign,126.36637115478516,0.02468137815594673,1.0,3.0
4568,0,bus,2.0,1.0,4562.0,1.0,3145.0,0,0,4,2 path,1 all neighbours foreign,112.54965209960938,0.04028671979904175,1.0,2.0
4569,0,bus,2.0,0.0,4562.0,0.0,3145.0,0,0,3,2 path,0 no foreign neighbour,184.55276489257812,0.16415908932685852,1.0,3.0
